"id","name","weight","height","reach","stance","date_of_birth","gender"
146,"Daichi Abe",170,71,71,"Orthodox","1991-11-27","male"
152,"Israel Adesanya",185,76,80,"Switch","1989-07-22","male"
154,"Jessica Aguilar",115,63,63,"Orthodox","1982-05-08","female"
156,"Jesus Aguilar",125,64,62,"Orthodox","1996-03-13","male"
158,"Nick Aguirre",145,69,74,"Southpaw","1996-01-15","male"
160,"Omari Akhmedov",185,72,73,"Orthodox","1987-10-12","male"
162,"Rostem Akman",170,70,72,"Switch","1991-12-19","male"
166,"Amir Albazi",125,65,68,"Orthodox","1993-10-27","male"
168,"Junior Albini",264,75,74,"Orthodox","1991-03-15","male"
170,"Iuri Alcantara",135,69,71,"Southpaw","1980-08-04","male"
172,"Irene Aldana",135,69,68,"Orthodox","1988-03-26","female"
176,"JJ Aldrich",125,65,67,"Southpaw","1992-09-29","female"
178,"Jim Alers",145,69,71,"Orthodox","1986-10-14","male"
180,"Houston Alexander",205,72,72,"Orthodox","1972-03-22","male"
182,"Marcio Alexandre Junior",185,72,75,"Southpaw","1989-05-05","male"
184,"Sultan Aliev",170,71,74,"Orthodox","1984-09-17","male"
186,"Ikram Aliskerov",185,72,76,"Southpaw","1992-12-07","male"
188,"John Allan",205,73,75,"Orthodox","1993-02-22","male"
190,"Brendan Allen",185,74,75,"Orthodox","1995-12-28","male"
192,"Ricardo Almeida",170,72,74,"Orthodox","1976-11-29","male"
194,"Jailton Almeida",205,75,79,"Orthodox","1991-06-26","male"
196,"Sarah Alpar",135,64,63,"Southpaw","1991-06-01","female"
198,"Victor Altamirano",125,68,70,"Switch","1991-01-23","male"
202,"Thiago Alves",170,69,70,"Orthodox","1983-10-03","male"
204,"Rafael Alves",155,68,68,"Orthodox","1990-11-14","male"
206,"Adlan Amagov",170,74,76,"Orthodox","1986-10-30","male"
208,"Alen Amedovski",185,70,74,"Orthodox","1988-04-06","male"
210,"Jaqueline Amorim",115,63,68,"Orthodox","1995-06-24","female"
212,"Corey Anderson",205,75,79,"Orthodox","1989-09-22","male"
214,"Jessica Andrade",115,61,62,"Orthodox","1991-09-25","female"
220,"Chad Anheliger",135,66,64,"Orthodox","1986-12-01","male"
222,"Gadzhimurad Antigulov",205,71,70,"Orthodox","1987-02-09","male"
224,"Shinsho Anzai",170,67,70,"Orthodox","1985-12-01","male"
226,"Felipe Arantes",135,68,73,"Orthodox","1988-02-09","male"
228,"Viviane Araujo",125,64,68,"Orthodox","1986-11-21","female"
230,"Dan Argueta",135,67,68,"Southpaw","1993-08-13","male"
232,"Andrei Arlovski",240,75,77,"Orthodox","1979-02-04","male"
234,"Austin Arnett",145,72,72,"Orthodox","1991-10-22","male"
236,"Matt Arroyo",170,70,72,"Orthodox","1982-09-01","male"
240,"Askar Askarov",125,66,67,"Orthodox","1992-10-09","male"
242,"Khusein Askhabov",145,68,69,"Orthodox","1995-02-13","male"
244,"Ben Askren",170,71,73,"Orthodox","1984-07-18","male"
246,"Junior Assuncao",145,69,72,"Orthodox","1981-06-24","male"
248,"Rich Attonito",170,70,72,"Orthodox","1977-06-16","male"
250,"Marcus Aurelio",155,70,74,"Orthodox","1973-08-18","male"
252,"Julia Avila",135,67,68,"Orthodox","1988-05-11","female"
254,"Abu Azaitar",185,69,76,"Orthodox","1986-03-10","male"
256,"Hunter Azure",145,68,69,"Orthodox","1992-03-02","male"
258,"Ryan Bader",205,74,74,"Orthodox","1983-06-07","male"
260,"Ali Bagautinov",125,64,65,"Orthodox","1985-06-10","male"
262,"Siyar Bahadurzada",170,71,73,"Orthodox","1984-04-17","male"
268,"Humberto Bandenay",145,71,71,"Southpaw","1994-09-04","male"
270,"Shauna Bannon",115,65,65,"Switch","1993-10-23","female"
272,"Renan Barao",145,66,70,"Orthodox","1987-01-31","male"
274,"Bryan Barberena",170,72,72,"Southpaw","1989-05-03","male"
276,"Raoni Barcelos",135,67,67,"Orthodox","1987-05-01","male"
278,"Luke Barnatt",185,78,77,"Orthodox","1988-04-13","male"
282,"Chris Barnett",265,69,75,"Orthodox","1986-06-14","male"
284,"Peter Barrett",145,70,73,"Southpaw","1986-08-10","male"
286,"Francimar Barroso",205,73,75,"Orthodox","1980-02-28","male"
288,"Dean Barry",170,70,72,"Orthodox","1992-07-03","male"
290,"Javid Basharat",135,69,69,"Orthodox","1995-09-07","male"
292,"Bryan Battle",170,73,77,"Orthodox","1994-09-21","male"
294,"Mario Bautista",135,69,69,"Switch","1993-07-01","male"
298,"Johnny Bedford",135,70,71,"Orthodox","1983-01-06","male"
302,"Mirsad Bektic",145,68,70,"Orthodox","1991-02-16","male"
304,"Alan Belcher",185,74,75,"Orthodox","1984-04-24","male"
308,"Joey Beltran",185,73,75,"Orthodox","1981-12-08","male"
310,"Joseph Benavidez",125,64,65,"Southpaw","1984-07-31","male"
312,"DeAnna Bennett",125,64,68,"Orthodox","1984-11-18","female"
314,"Ryan Benoit",125,65,68,"Orthodox","1989-08-25","male"
316,"Dennis Bermudez",155,66,66,"Orthodox","1986-12-13","male"
318,"Talita Bernardo",135,64,68,"Orthodox","1987-03-04","female"
320,"Arjan Bhullar",245,73,75,"Orthodox","1986-05-13","male"
322,"Bibulatov Magomed",125,65,65,"Orthodox","1988-08-22","male"
324,"Blake Bilder",145,68,68,"Switch","1990-07-12","male"
326,"Anthony Birchak",135,68,69,"Orthodox","1986-05-16","male"
330,"Brad Blackburn",170,70,73,"Orthodox","1977-05-25","male"
332,"Da'Mon Blackshear",135,70,72,"Switch","1994-08-12","male"
333,"Erin Blanchfield",125,64,66,"Orthodox","1999-05-04","female"
147,"Klidson Abreu",205,72,74,"Orthodox","1992-12-24","male"
149,"Juan Adams",265,77,80,"Orthodox","1992-01-16","male"
151,"Zarrukh Adashev",125,65,65,"Southpaw","1992-07-29","male"
153,"Mariya Agapova",125,66,68,"Southpaw","1997-04-07","female"
155,"Kevin Aguilar",155,67,73,"Orthodox","1988-09-07","male"
157,"Christian Aguilera",170,69,72,"Switch","1991-11-25","male"
161,"Yoshihiro Akiyama",170,70,75,"Orthodox","1975-07-29","male"
163,"Mostapha Al-Turk",245,74,77,"Orthodox","1973-07-14","male"
165,"Alatengheili",135,65,66,"Orthodox","1991-12-14","male"
167,"John Albert",135,68,68,"Orthodox","1986-10-13","male"
169,"Aleksandra Albu",115,62,63,"Orthodox","1990-07-14","female"
171,"Ildemar Alcantara",185,74,78,"Orthodox","1982-11-18","male"
173,"Hector Aldana",170,71,72,"Orthodox","1988-08-17","male"
175,"Jose Aldo",135,67,70,"Orthodox","1986-09-09","male"
177,"Irina Alekseeva",135,68,67,"Orthodox","1990-06-27","female"
179,"John Alessio",155,70,72,"Orthodox","1979-07-05","male"
181,"Lucas Alexander",145,71,73,"Orthodox","1995-07-28","male"
183,"Bill Algeo",145,72,73,"Switch","1989-06-09","male"
185,"Nurullo Aliev",155,70,72,"Orthodox","2000-12-08","male"
189,"Arnold Allen",145,68,70,"Southpaw","1994-01-22","male"
191,"Ben Alloway",170,71,76,"Orthodox","1981-02-19","male"
193,"Thomas Almeida",145,67,70,"Southpaw","1991-07-31","male"
195,"Lucas Almeida",145,71,71,"Orthodox","1991-01-31","male"
197,"Ali AlQaisi",135,66,68,"Orthodox","1990-09-23","male"
199,"Eddie Alvarez",155,69,69,"Orthodox","1984-01-11","male"
201,"Joel Alvarez",155,75,77,"Orthodox","1993-03-02","male"
203,"Warlley Alves",170,71,72,"Orthodox","1991-01-04","male"
205,"Sam Alvey",185,74,75,"Southpaw","1986-05-06","male"
209,"Makwan Amirkhani",145,70,72,"Southpaw","1988-11-08","male"
211,"Eryk Anders",185,73,75,"Southpaw","1987-04-21","male"
213,"Megan Anderson",145,72,72,"Orthodox","1990-02-11","female"
215,"Viscardi Andrade",170,71,75,"Orthodox","1984-03-08","male"
217,"Dylan Andrews",185,73,74,"Switch","1979-11-15","male"
219,"Collin Anglin",145,69,71,"Orthodox","1993-02-20","male"
221,"Magomed Ankalaev",205,75,75,"Orthodox","1992-06-02","male"
225,"Aoriqileng",135,67,69,"Orthodox","1993-06-25","male"
227,"Igor Araujo",170,73,77,"Orthodox","1980-12-06","male"
229,"Julio Arce",135,67,70,"Southpaw","1989-10-27","male"
233,"Garrett Armfield",135,66,70,"Orthodox","1996-10-09","male"
235,"Akbarh Arreola",155,70,71,"Southpaw","1983-01-14","male"
237,"Antonio Arroyo",185,75,73,"Orthodox","1989-07-01","male"
239,"Yanal Ashmouz",155,69,68,"Orthodox","1995-03-31","male"
144,"Hamdy Abdelwahab",264,74,72,"Southpaw","1993-01-22","male"
145,"Shamil Abdurakhimov",235,75,76,"Orthodox","1981-09-02","male"
241,"Cyril Asker",247,72,74,"Orthodox","1985-12-24","male"
243,"Scott Askham",185,75,75,"Southpaw","1988-05-20","male"
245,"Tom Aspinall",256,77,78,"Orthodox","1993-04-11","male"
247,"Raphael Assuncao",135,65,66,"Orthodox","1982-07-19","male"
249,"Olivier Aubin-Mercier",155,69,70,"Southpaw","1989-02-23","male"
253,"Jessin Ayari",155,72,73,"Orthodox","1992-05-31","male"
255,"Ottman Azaitar",155,68,71,"Switch","1990-02-20","male"
257,"Seth Baczynski",170,75,75,"Orthodox","1981-10-26","male"
259,"Miguel Baeza",170,74,74,"Orthodox","1992-08-23","male"
261,"Melsik Baghdasaryan",145,69,70,"Southpaw","1992-01-28","male"
263,"Ignacio Bahamondes",155,75,75,"Orthodox","1997-08-27","male"
265,"Shamar Bailey",155,69,75,"Southpaw","1982-09-22","male"
267,"Oluwale Bamgbose",185,71,78,"Switch","1987-08-04","male"
269,"Tae Hyun Bang",155,69,71,"Switch","1983-04-15","male"
271,"Antonio Banuelos",135,65,63,"Orthodox","1979-09-23","male"
273,"Maycee Barber",125,65,65,"Switch","1998-05-18","female"
275,"Edson Barboza",145,71,75,"Orthodox","1986-01-21","male"
277,"Daniel Barez",125,66,66,"Orthodox","1988-12-10","male"
281,"Josh Barnett",250,75,78,"Orthodox","1977-11-10","male"
283,"Phil Baroni",170,69,72,"Orthodox","1976-04-16","male"
285,"Marc-Andre Barriault",185,73,74,"Orthodox","1990-02-18","male"
287,"Pat Barry",235,71,74,"Orthodox","1979-07-07","male"
289,"Enrique Barzola",145,67,70,"Orthodox","1989-04-28","male"
291,"Farid Basharat",135,68,71,"Orthodox","1997-08-02","male"
293,"Alan Baudot",243,75,79,"Orthodox","1988-02-01","male"
295,"Chris Beal",125,67,69,"Orthodox","1985-08-06","male"
297,"Ariel Beck",125,66,66,"Southpaw","1990-09-16","female"
299,"Rolando Bedoya",170,71,74,"Orthodox","1997-01-13","male"
303,"Diana Belbita",115,67,68,"Orthodox","1996-06-26","female"
305,"Vitor Belfort",185,72,74,"Southpaw","1977-04-01","male"
307,"Danilo Belluardo",155,72,74,"Southpaw","1994-07-21","male"
309,"Marco Beltran",125,68,69,"Orthodox","1986-05-18","male"
311,"Gabriel Benitez",155,68,71,"Southpaw","1988-06-15","male"
313,"Lance Benoist",170,71,72,"Southpaw","1988-08-26","male"
317,"Manny Bermudez",145,70,71,"Orthodox","1994-07-16","male"
319,"Matt Bessette",145,70,70,"Orthodox","1984-12-28","male"
321,"KB Bhullar",185,76,78,"Switch","1991-10-12","male"
323,"David Bielkheden",155,70,71,"Orthodox","1979-06-06","male"
327,"Michael Bisping",185,73,75,"Orthodox","1979-02-28","male"
329,"Jan Blachowicz",205,74,78,"Orthodox","1983-02-24","male"
334,"Maximo Blanco",145,68,71,"Orthodox","1983-10-16","male"
335,"Curtis Blaydes",265,76,80,"Orthodox","1991-02-18","male"
336,"Tereza Bleda",125,69,71,"Orthodox","2001-11-30","female"
337,"Mark Bocek",155,68,75,"Orthodox","1981-10-24","male"
338,"Kyle Bochniak",145,67,70,"Orthodox","1987-02-05","male"
339,"James Bochnovic",205,76,81,"Orthodox","1989-02-13","male"
340,"Tim Boetsch",185,72,74,"Orthodox","1981-01-28","male"
341,"Galore Bofando",170,71,72,"Switch","1982-05-22","male"
342,"Roman Bogatov",155,68,73,"Orthodox","1990-12-15","male"
343,"Mandy Bohm",125,67,71,"Orthodox","1989-07-30","female"
344,"Gaston Bolanos",135,67,69,"Orthodox","1992-09-14","male"
345,"Denys Bondar",125,66,69,"Orthodox","1992-06-27","male"
346,"Gabriel Bonfim",170,73,72,"Orthodox","1997-08-20","male"
347,"Ismael Bonfim",155,68,71,"Orthodox","1995-12-28","male"
348,"Stephan Bonnar",205,76,79,"Orthodox","1977-04-04","male"
349,"Rogerio Bontorin",125,65,67,"Orthodox","1992-04-25","male"
350,"Ray Borg",135,64,63,"Orthodox","1993-08-04","male"
351,"Caio Borralho",185,70,75,"Southpaw","1993-01-16","male"
353,"Viacheslav Borshchev",155,71,69,"Orthodox","1992-01-08","male"
354,"Tanner Boser",205,74,75,"Orthodox","1991-08-02","male"
355,"Steve Bosse",205,71,72,"Orthodox","1981-07-29","male"
356,"Poliana Botelho",125,68,67,"Orthodox","1988-12-15","female"
358,"Brian Bowles",135,67,70,"Orthodox","1980-06-22","male"
359,"Roger Bowling",155,69,68,"Orthodox","1982-12-05","male"
360,"Kyle Bradley",155,69,71,"Orthodox","1982-08-19","male"
361,"Sean Brady",170,70,72,"Orthodox","1992-11-23","male"
362,"Ramiz Brahimaj",170,70,72,"Orthodox","1992-11-17","male"
363,"David Branch",185,73,78,"Orthodox","1981-09-26","male"
364,"Diego Brandao",145,67,64,"Orthodox","1987-05-27","male"
365,"Bruna Brasil",115,66,65,"Orthodox","1993-09-07","female"
366,"Martin Bravo",145,68,71,"Southpaw","1993-09-21","male"
367,"Mike Breeden",155,70,70,"Orthodox","1989-04-21","male"
368,"Tom Breese",185,75,73,"Southpaw","1991-09-26","male"
369,"Elves Brener",155,70,72,"Orthodox","1997-09-27","male"
370,"Charlie Brenneman",155,70,70,"Orthodox","1981-02-09","male"
372,"Jason Brilz",205,71,71,"Orthodox","1975-07-07","male"
373,"Marcus Brimage",135,64,71,"Southpaw","1985-04-06","male"
374,"Henry Briones",135,68,69,"Orthodox","1980-10-22","male"
375,"Joanderson Brito",145,68,72,"Orthodox","1995-02-11","male"
376,"Jonathan Brookins",145,72,74,"Southpaw","1985-08-13","male"
377,"Will Brooks",155,70,72,"Orthodox","1986-10-08","male"
378,"Jarred Brooks",125,63,62,"Switch","1993-05-02","male"
379,"Rob Broughton",265,74,74,"Orthodox","1983-03-03","male"
380,"Matt Brown",170,72,75,"Orthodox","1981-01-10","male"
381,"Mike Brown",145,66,70,"Orthodox","1975-09-08","male"
382,"Randy Brown",170,75,78,"Orthodox","1990-07-08","male"
383,"Damien Brown",155,70,68,"Orthodox","1984-12-25","male"
384,"TJ Brown",145,69,72,"Switch","1990-05-22","male"
385,"Travis Browne",255,78,79,"Orthodox","1982-07-17","male"
386,"Cody Brundage",185,72,72,"Orthodox","1994-05-16","male"
387,"Derek Brunson",185,73,77,"Southpaw","1984-01-04","male"
388,"Lukasz Brzeski",236,76,78,"Orthodox","1992-05-17","male"
389,"Justin Buchholz",155,72,73,"Orthodox","1983-08-22","male"
390,"Joaquin Buckley",170,70,76,"Southpaw","1994-04-27","male"
391,"Martin Buday",265,76,77,"Orthodox","1991-11-11","male"
393,"Mayra Bueno Silva",135,66,66,"Orthodox","1991-08-22","female"
394,"Paul Buentello",245,74,77,"Orthodox","1974-01-16","male"
395,"Modestas Bukauskas",205,75,78,"Switch","1994-02-10","male"
396,"Shane Burgos",145,71,75,"Orthodox","1991-03-19","male"
397,"Joshua Burkman",170,70,72,"Orthodox","1980-04-10","male"
399,"Mads Burnell",145,68,69,"Orthodox","1994-03-06","male"
400,"Kevin Burns",170,70,74,"Orthodox","1980-03-03","male"
401,"Gilbert Burns",170,70,71,"Orthodox","1986-07-20","male"
402,"Herbert Burns",145,69,73,"Orthodox","1988-02-02","male"
403,"Dakota Bush",155,70,73,"Orthodox","1994-06-09","male"
404,"Jesse Butler",145,70,73,"Orthodox","1992-05-24","male"
405,"JP Buys",135,65,67,"Orthodox","1996-04-30","male"
406,"Dennis Buzukja",145,69,70,"Switch","1997-10-01","male"
407,"Charles Byrd",185,70,73,"Orthodox","1983-10-11","male"
408,"Yan Cabral",155,71,73,"Orthodox","1983-05-13","male"
409,"Alex Caceres",145,70,73,"Southpaw","1988-06-20","male"
410,"Vince Cachero",145,66,68,"Orthodox","1989-11-07","male"
411,"Priscila Cachoeira",125,67,65,"Orthodox","1988-08-19","female"
412,"Cynthia Calvillo",115,64,64,"Orthodox","1987-07-13","female"
413,"Frank Camacho",155,70,73,"Orthodox","1989-05-18","male"
414,"Fabricio Camoes",155,70,71,"Orthodox","1978-12-23","male"
415,"Chris Camozzi",185,74,75,"Orthodox","1986-11-20","male"
416,"Brian Camozzi",170,74,78,"Orthodox","1991-06-24","male"
417,"Shane Campbell",155,72,71,"Orthodox","1987-01-21","male"
418,"Will Campuzano",125,69,70,"Orthodox","1986-05-27","male"
419,"Aleksa Camur",205,73,74,"Orthodox","1995-09-25","male"
420,"Chico Camus",125,66,66,"Orthodox","1985-01-26","male"
421,"Carlos Candelario",125,68,68,"Southpaw","1991-06-04","male"
422,"Luiz Cane",185,74,77,"Southpaw","1981-04-24","male"
423,"Guido Cannetti",135,66,68,"Southpaw","1979-12-19","male"
424,"Jared Cannonier",185,71,77,"Switch","1984-03-16","male"
425,"Steve Cantwell",185,74,75,"Orthodox","1986-12-08","male"
427,"Bryan Caraway",135,68,68,"Orthodox","1984-08-04","male"
428,"Chris Cariaso",125,63,64,"Southpaw","1981-05-27","male"
429,"Antonio Carlos Junior",185,74,79,"Orthodox","1990-03-16","male"
430,"Spike Carlyle",145,68,71,"Switch","1993-05-06","male"
431,"Francis Carmont",205,75,78,"Orthodox","1981-10-11","male"
432,"Liz Carmouche",125,66,66,"Orthodox","1984-02-19","female"
433,"Roan Carneiro",170,71,76,"Orthodox","1978-06-02","male"
434,"Ariane Carnelossi",115,62,61,"Orthodox","1992-11-17","female"
435,"Luana Carolina",125,66,69,"Orthodox","1993-06-11","female"
436,"Clayton Carpenter",125,66,66,"Orthodox","1996-06-09","male"
438,"Antonio Carvalho",145,69,70,"Orthodox","1979-05-30","male"
439,"Shane Carwin",265,74,80,"Orthodox","1975-01-04","male"
440,"Johnny Case",155,70,72,"Orthodox","1989-06-28","male"
441,"Kevin Casey",185,71,77,"Southpaw","1981-06-15","male"
442,"Cortney Casey",125,67,67,"Orthodox","1987-05-05","female"
443,"John Castaneda",135,66,71,"Switch","1991-12-18","male"
444,"Danny Castillo",155,69,71,"Orthodox","1979-08-25","male"
445,"Nick Catone",185,72,72,"Southpaw","1981-09-01","male"
447,"Rafael Cavalcante",205,73,74,"Orthodox","1980-04-14","male"
448,"Magnus Cedenblad",185,77,79,"Orthodox","1982-04-10","male"
449,"Yosdenis Cedeno",155,68,69,"Orthodox","1985-02-12","male"
450,"Henry Cejudo",135,64,64,"Orthodox","1987-02-09","male"
452,"Donald Cerrone",155,73,73,"Orthodox","1983-03-29","male"
453,"Luan Chagas",170,72,75,"Orthodox","1993-06-17","male"
454,"Edgar Chairez",125,67,71,"Orthodox","1996-01-27","male"
455,"Alex Chambers",115,63,63,"Southpaw","1978-10-25","female"
456,"Michael Chandler",155,68,71,"Orthodox","1986-04-24","male"
457,"Chelsea Chandler",145,68,68,"Southpaw","1990-11-23","female"
458,"Ernest Chavez",145,68,70,"Orthodox","1983-06-27","male"
459,"Danny Chavez",145,68,67,"Orthodox","1987-03-14","male"
460,"Fabio Cherant",205,73,74,"Southpaw","1994-11-25","male"
462,"Macy Chiasson",135,71,72,"Orthodox","1991-07-27","male"
463,"Michael Chiesa",170,73,75,"Southpaw","1987-12-07","male"
464,"Giga Chikadze",145,72,74,"Orthodox","1988-08-25","male"
465,"Khamzat Chimaev",185,74,75,"Orthodox","1994-05-01","male"
466,"Dooho Choi",145,70,70,"Orthodox","1991-04-10","male"
467,"SeungWoo Choi",145,72,74,"Orthodox","1992-11-03","male"
468,"SeungGuk Choi",125,66,64,"Orthodox","1996-12-26","male"
469,"John Cholish",155,71,74,"Orthodox","1983-12-17","male"
470,"Ryo Chonan",170,69,70,"Orthodox","1976-10-08","male"
471,"Katlyn Chookagian",125,69,68,"Orthodox","1988-12-28","female"
472,"Joachim Christensen",205,75,76,"Orthodox","1978-11-07","male"
474,"Hannah Cifers",115,61,62,"Orthodox","1992-06-26","female"
475,"Misha Cirkunov",205,75,77,"Orthodox","1987-02-27","male"
476,"Heather Clark",115,66,64,"Orthodox","1980-09-19","female"
477,"Devin Clark",205,72,75,"Orthodox","1990-04-12","male"
478,"Jessica-Rose Clark",135,65,64,"Orthodox","1987-11-28","female"
479,"Mitch Clarke",155,70,73,"Orthodox","1985-11-24","male"
480,"Rich Clementi",155,69,72,"Southpaw","1976-03-31","male"
481,"Chris Clements",170,70,70,"Orthodox","1976-02-09","male"
483,"Felipe Colares",145,68,69,"Orthodox","1994-03-31","male"
484,"Mark Coleman",205,73,75,"Orthodox","1964-12-20","male"
485,"Clay Collard",145,71,73,"Orthodox","1993-03-10","male"
487,"Jake Collier",230,75,78,"Orthodox","1988-10-25","male"
488,"Carlos Condit",170,74,75,"Orthodox","1984-04-26","male"
489,"Montserrat Conejo",115,60,61,"Southpaw","1993-02-03","female"
490,"Tristan Connelly",145,70,68,"Orthodox","1985-12-12","male"
491,"Amanda Cooper",115,63,64,"Switch","1991-10-22","female"
492,"Chris Cope",170,72,72,"Orthodox","1983-03-05","male"
494,"Akira Corassani",145,68,68,"Orthodox","1982-08-27","male"
495,"Daniel Cormier",235,71,72,"Orthodox","1979-03-20","male"
496,"Bethe Correia",135,65,64,"Orthodox","1983-06-22","female"
497,"Waldo Cortes-Acosta",260,76,78,"Orthodox","1991-10-03","male"
498,"Tracy Cortez",125,65,65,"Orthodox","1993-12-10","female"
500,"Louis Cosce",170,69,71,"Orthodox","1995-08-27","male"
501,"Orion Cosce",170,71,71,"Switch","1994-07-15","male"
502,"Paulo Costa",185,73,72,"Orthodox","1991-04-21","male"
503,"Randy Costa",135,69,73,"Switch","1994-07-06","male"
504,"Alessandro Costa",125,64,67,"Orthodox","1996-01-28","male"
505,"Melquizael Costa",145,70,71,"Southpaw","1996-09-14","male"
507,"Patrick Cote",170,71,75,"Orthodox","1980-02-29","male"
508,"Rashad Coulter",205,71,76,"Orthodox","1981-11-27","male"
509,"Randy Couture",205,73,75,"Orthodox","1963-06-22","male"
510,"Ryan Couture",155,70,73,"Orthodox","1982-08-27","male"
511,"Colby Covington",170,71,72,"Orthodox","1988-02-22","male"
512,"Hailey Cowan",135,68,67,"Southpaw","1992-02-12","female"
513,"Nathan Coy",170,70,69,"Southpaw","1978-07-24","male"
514,"Andrew Craig",170,73,76,"Orthodox","1986-01-15","male"
515,"Paul Craig",185,75,76,"Orthodox","1987-11-27","male"
516,"Tim Credeur",185,75,75,"Orthodox","1977-07-09","male"
517,"Kevin Croom",135,71,73,"Orthodox","1987-07-15","male"
519,"Allen Crowder",245,75,76,"Orthodox","1989-11-08","male"
520,"Daron Cruickshank",155,68,72,"Switch","1985-06-11","male"
521,"Jimmy Crute",205,74,74,"Orthodox","1996-03-04","male"
522,"Dominick Cruz",135,68,68,"Orthodox","1985-03-09","male"
523,"Aalon Cruz",145,72,78,"Switch","1989-09-20","male"
524,"Josh Culibao",145,70,73,"Orthodox","1994-05-24","male"
525,"Zak Cummings",205,72,75,"Southpaw","1984-08-02","male"
526,"Patrick Cummins",205,74,76,"Orthodox","1980-11-16","male"
527,"Luke Cummo",170,72,74,"Orthodox","1980-04-27","male"
530,"Jeff Curran",135,66,69,"Orthodox","1977-09-02","male"
531,"Kailin Curran",115,64,65,"Orthodox","1991-04-11","female"
532,"Chris Curtis",185,70,75,"Orthodox","1987-07-15","male"
533,"Ion Cutelaba",205,73,75,"Southpaw","1993-12-14","male"
534,"Henrique da Silva",205,75,76,"Orthodox","1989-09-01","male"
535,"Alex Da Silva",155,68,73,"Orthodox","1996-02-04","male"
537,"Nicolas Dalby",170,71,74,"Orthodox","1984-11-16","male"
538,"Paul Daley",170,69,76,"Orthodox","1983-02-21","male"
539,"Aisling Daly",115,62,64,"Orthodox","1987-12-24","female"
541,"Rodrigo Damm",155,67,71,"Orthodox","1980-02-03","male"
542,"Batgerel Danaa",135,67,70,"Orthodox","1989-07-04","male"
544,"Jarjis Danho",265,75,74,"Orthodox","1983-10-15","male"
545,"Mac Danzig",155,68,70,"Orthodox","1980-01-02","male"
547,"Beneil Dariush",155,70,72,"Southpaw","1989-05-06","male"
548,"Kyle Daukaus",185,75,76,"Southpaw","1993-02-27","male"
549,"Chris Daukaus",205,75,76,"Orthodox","1989-09-25","male"
550,"Marcus Davis",170,70,70,"Southpaw","1973-08-24","male"
552,"Phil Davis",205,74,79,"Orthodox","1984-09-25","male"
553,"Alexis Davis",135,66,68,"Orthodox","1984-10-04","female"
554,"Brandon Davis",135,70,72,"Orthodox","1990-05-08","male"
555,"Mike Davis",155,72,72,"Orthodox","1992-10-07","male"
556,"Hakeem Dawodu",145,68,73,"Orthodox","1991-07-02","male"
557,"Grant Dawson",155,70,72,"Switch","1994-02-20","male"
558,"Jason Day",185,72,72,"Orthodox","1981-05-19","male"
559,"Martin Day",145,70,73,"Orthodox","1988-11-10","male"
560,"Yorgan De Castro",250,72,74,"Orthodox","1986-12-19","male"
561,"Geraldo de Freitas",135,67,72,"Orthodox","1991-09-30","male"
562,"Philip De Fries",250,77,79,"Orthodox","1986-04-21","male"
563,"Chris de la Rocha",250,75,80,"Orthodox","1979-05-15","male"
564,"Montana De La Rosa",125,67,68,"Orthodox","1995-02-14","female"
565,"Mark De La Rosa",135,66,65,"Orthodox","1994-08-31","male"
566,"Mike de la Torre",145,71,71,"Orthodox","1986-09-22","male"
567,"Isabela de Padua",125,63,64,"Orthodox","1991-09-04","female"
568,"Gloria de Paula",115,65,67,"Orthodox","1995-06-10","female"
569,"Germaine de Randamie",135,69,71,"Orthodox","1984-04-24","female"
570,"Carl Deaton",155,67,69,"Orthodox","1989-11-24","male"
572,"Rolando Delgado",155,75,77,"Orthodox","1981-11-22","male"
573,"Jack Della Maddalena",170,71,73,"Switch","1996-09-10","male"
574,"Roland Delorme",135,69,71,"Orthodox","1983-12-18","male"
575,"Jon Delos Reyes",125,66,67,"Orthodox","1987-08-19","male"
576,"Vanessa Demopoulos",115,62,59,"Orthodox","1988-09-22","female"
577,"Chris Dempsey",185,70,72,"Orthodox","1987-09-08","male"
578,"Jason Dent",155,70,71,"Orthodox","1980-06-12","male"
579,"Mackenzie Dern",115,64,63,"Orthodox","1993-03-24","female"
580,"Tony DeSouza",170,72,70,"Southpaw","1974-07-26","male"
581,"Alessio Di Chirico",185,72,74,"Orthodox","1989-12-12","male"
583,"Cyrille Diabate",205,78,81,"Southpaw","1973-10-06","male"
584,"Marc Diakiese",155,70,73,"Orthodox","1993-03-16","male"
585,"Tyler Diamond",145,67,69,"Orthodox","1991-03-18","male"
586,"Blood Diamond",170,71,76,"Switch","1988-07-10","male"
587,"Hacran Dias",155,68,69,"Orthodox","1984-06-16","male"
588,"Nick Diaz",170,73,76,"Southpaw","1983-08-02","male"
589,"Nate Diaz",170,72,76,"Southpaw","1985-04-16","male"
592,"TJ Dillashaw",135,66,67,"Orthodox","1986-02-07","male"
594,"Russell Doane",135,67,70,"Orthodox","1986-08-13","male"
595,"Drew Dober",155,68,70,"Southpaw","1988-10-19","male"
596,"Shana Dobson",125,66,69,"Orthodox","1989-03-30","female"
597,"AJ Dobson",185,73,76,"Orthodox","1992-01-18","male"
598,"John Dodson",135,63,66,"Orthodox","1984-09-26","male"
599,"Joe Doerksen",185,72,75,"Orthodox","1977-10-09","male"
600,"Roman Dolidze",185,74,76,"Orthodox","1988-07-15","male"
601,"CB Dollaway",185,74,76,"Orthodox","1983-08-10","male"
602,"Cody Donovan",205,75,74,"Orthodox","1981-02-20","male"
603,"Rafael Dos Anjos",170,68,70,"Southpaw","1984-10-26","male"
604,"Junior Dos Santos",238,76,77,"Orthodox","1984-01-30","male"
605,"Anderson Dos Santos",135,65,70,"Orthodox","1985-07-24","male"
607,"Tiago dos Santos e Silva",145,69,70,"Orthodox","1987-04-12","male"
608,"Danny Downes",155,72,72,"Orthodox","1986-04-08","male"
610,"Tomasz Drwal",205,73,76,"Orthodox","1982-01-22","male"
611,"Dricus Du Plessis",185,73,76,"Switch","1994-01-14","male"
612,"Emily Ducote",115,62,63,"Orthodox","1994-01-01","male"
613,"Viktoriia Dudakova",115,65,67,"Orthodox","1999-01-26","female"
614,"Todd Duffee",260,75,78,"Orthodox","1985-12-06","male"
615,"Joe Duffy",155,70,73,"Orthodox","1988-02-18","male"
616,"Jessamyn Duke",135,71,73,"Orthodox","1986-06-24","female"
617,"Sedriques Dumas",185,74,79,"Orthodox","1995-08-06","male"
618,"Norma Dumont",145,67,67,"Orthodox","1990-10-01","female"
619,"Chris Duncan",155,70,71,"Orthodox","1993-05-10","male"
620,"Christian Leroy Duncan",185,74,79,"Switch","1995-07-24","male"
621,"Evan Dunham",155,70,70,"Southpaw","1981-12-18","male"
622,"Tom Duquesnoy",135,67,68,"Orthodox","1993-06-21","male"
623,"Albert Duraev",185,71,75,"Orthodox","1989-01-05","male"
624,"Reuben Duran",135,67,71,"Orthodox","1983-07-02","male"
625,"Cody Durden",125,67,67,"Southpaw","1991-03-29","male"
626,"Merab Dvalishvili",135,66,68,"Orthodox","1991-01-10","male"
627,"David Dvorak",125,65,68,"Orthodox","1992-06-05","male"
628,"Matt Dwyer",170,76,76,"Orthodox","1989-12-17","male"
629,"Rolando Dy",145,68,69,"Orthodox","1990-08-11","male"
630,"Marvin Eastman",185,69,73,"Orthodox","1971-06-08","male"
631,"Mike Easton",135,66,70,"Southpaw","1984-01-25","male"
632,"Brian Ebersole",170,72,73,"Southpaw","1980-11-27","male"
634,"Mark Eddiva",145,68,68,"Orthodox","1986-02-16","male"
635,"Frankie Edgar",135,66,68,"Orthodox","1981-10-16","male"
636,"Johnny Eduardo",135,67,71,"Orthodox","1978-08-03","male"
637,"Yves Edwards",155,69,73,"Southpaw","1976-09-30","male"
638,"Justin Edwards",155,70,70,"Orthodox","1983-01-26","male"
639,"Leon Edwards",170,74,74,"Southpaw","1991-08-25","male"
640,"Te Edwards",155,68,72,"Orthodox","1990-09-11","male"
641,"Joselyne Edwards",135,68,70,"Orthodox","1995-09-29","female"
642,"Stephanie Egger",135,66,68,"Orthodox","1988-08-12","female"
643,"Evan Elder",155,70,72,"Switch","1997-04-11","male"
645,"Darren Elkins",145,70,71,"Orthodox","1984-05-16","male"
646,"Jake Ellenberger",170,69,71,"Orthodox","1985-03-28","male"
647,"Joe Ellenberger",155,69,72,"Orthodox","1985-03-28","male"
648,"Tim Elliott",125,67,66,"Southpaw","1986-12-24","male"
649,"Cameron Else",135,69,71,"Switch","1987-04-27","male"
650,"Ramazan Emeev",170,70,76,"Southpaw","1987-05-23","male"
652,"Rob Emerson",155,69,70,"Orthodox","1981-07-30","male"
653,"Jamall Emmers",145,70,74,"Orthodox","1989-07-24","male"
654,"Josh Emmett",145,66,70,"Orthodox","1985-03-04","male"
656,"Oliver Enkamp",170,72,77,"Switch","1991-08-10","male"
657,"Andy Enz",185,75,78,"Orthodox","1991-08-15","male"
658,"Steve Erceg",125,68,68,"Orthodox","1995-07-27","male"
659,"Julian Erosa",145,73,74,"Southpaw","1989-07-31","male"
660,"Jarno Errens",145,71,73,"Orthodox","1994-11-17","male"
661,"Cole Escovedo",135,67,72,"Orthodox","1981-08-30","male"
662,"Efrain Escudero",155,69,71,"Orthodox","1986-01-15","male"
663,"Carla Esparza",115,61,63,"Orthodox","1987-10-10","female"
664,"Jordan Espinosa",125,66,69,"Orthodox","1989-11-08","male"
665,"Jodie Esquibel",115,61,64,"Orthodox","1986-05-07","female"
669,"Terry Etim",155,73,73,"Orthodox","1986-01-11","male"
670,"Sijara Eubanks",125,64,67,"Orthodox","1985-04-27","female"
672,"Rashad Evans",205,72,75,"Orthodox","1979-09-25","male"
673,"Ashlee Evans-Smith",135,68,67,"Orthodox","1987-07-09","female"
674,"Tonya Evinger",135,67,70,"Orthodox","1981-06-04","female"
675,"Movsar Evloev",145,67,72,"Orthodox","1994-02-11","male"
676,"Andre Ewell",145,68,75,"Southpaw","1988-01-21","male"
677,"Jessica Eye",125,66,66,"Orthodox","1986-07-27","female"
678,"Urijah Faber",135,66,67,"Orthodox","1979-05-14","male"
680,"Bartosz Fabinski",170,72,75,"Orthodox","1986-04-26","male"
681,"Zarah Fairn",135,68,72,"Orthodox","1983-12-10","female"
682,"Rinat Fakhretdinov",170,72,74,"Orthodox","1991-09-28","male"
685,"Paul Felder",155,71,70,"Orthodox","1984-04-25","male"
686,"Carlos Felipe",245,72,75,"Orthodox","1995-01-12","male"
687,"Kevin Ferguson",235,74,77,"Orthodox","1974-02-08","male"
688,"Tony Ferguson",155,71,76,"Orthodox","1984-02-12","male"
689,"Gabriella Fernandes",125,66,66,"Southpaw","1993-08-13","female"
690,"Cezar Ferreira",185,73,78,"Southpaw","1985-02-15","male"
691,"Diego Ferreira",155,69,74,"Orthodox","1985-01-18","male"
693,"Brunno Ferreira",185,70,72,"Orthodox","1992-11-04","male"
694,"Andre Fialho",170,72,74,"Orthodox","1994-04-07","male"
695,"Drew Fickett",155,70,70,"Orthodox","1979-12-14","male"
696,"Michal Figlak",155,70,70,"Orthodox","1996-08-15","male"
697,"Deiveson Figueiredo",125,65,68,"Orthodox","1987-12-18","male"
698,"Francisco Figueiredo",125,66,68,"Southpaw","1989-10-23","male"
699,"Edwin Figueroa",135,67,69,"Orthodox","1984-07-31","male"
700,"Jafel Filho",125,67,68,"Orthodox","1993-05-05","male"
701,"Andre Fili",145,71,74,"Orthodox","1990-06-25","male"
702,"Mirko Filipovic",230,74,73,"Southpaw","1974-09-10","male"
703,"Luigi Fioravanti",170,68,70,"Orthodox","1981-01-22","male"
704,"Nick Fiore",155,70,72,"Orthodox","1997-12-10","male"
705,"Manon Fiorot",125,67,65,"Orthodox","1990-02-17","female"
706,"Spencer Fisher",155,67,68,"Southpaw","1976-05-09","male"
707,"Chris Fishgold",145,68,68,"Orthodox","1992-06-06","male"
708,"Jon Fitch",170,72,74,"Orthodox","1978-02-24","male"
709,"Rafael Fiziev",155,68,71,"Switch","1993-03-05","male"
710,"AJ Fletcher",170,70,67,"Switch","1997-02-18","male"
711,"Jimmy Flick",125,67,68,"Orthodox","1990-09-07","male"
715,"Kenny Florian",145,70,74,"Southpaw","1976-05-26","male"
716,"Darrius Flowers",170,69,71,"Orthodox","1994-08-25","male"
717,"Caros Fodor",155,69,74,"Orthodox","1984-01-07","male"
718,"Rob Font",135,68,71,"Orthodox","1987-06-25","male"
719,"Jesse Forbes",185,74,75,"Southpaw","1984-10-24","male"
720,"Jussier Formiga",125,65,67,"Orthodox","1985-04-14","male"
721,"Renee Forte",155,67,71,"Orthodox","1987-03-27","male"
722,"Brianna Fortino",115,60,62,"Southpaw","1993-08-04","female"
723,"Marcel Fortuna",205,73,74,"Orthodox","1985-10-22","male"
724,"Brian Foster",170,69,71,"Orthodox","1984-04-03","male"
725,"Hermes Franca",155,66,71,"Orthodox","1974-08-26","male"
726,"Glaico Franca Moreira",155,72,77,"Orthodox","1991-02-28","male"
728,"Rich Franklin",185,73,76,"Southpaw","1974-10-05","male"
730,"Justin Frazier",265,72,75,"Southpaw","1989-06-15","male"
731,"Josh Fremd",185,76,76,"Orthodox","1994-01-15","male"
732,"Matt Frevola",155,69,71,"Orthodox","1990-06-11","male"
733,"Jinh Yu Frey",115,63,65,"Southpaw","1985-05-20","female"
734,"Sarah Frota",125,66,69,"Southpaw","1987-04-14","female"
735,"Adam Fugitt",170,73,77,"Southpaw","1989-01-12","male"
736,"Riki Fukuda",185,72,73,"Southpaw","1981-01-06","male"
737,"Masio Fullen",145,70,70,"Orthodox","1986-10-06","male"
738,"Ricardo Funch",170,70,74,"Southpaw","1980-08-14","male"
739,"Claudia Gadelha",115,64,63,"Orthodox","1988-12-07","female"
740,"Justin Gaethje",155,71,70,"Orthodox","1988-11-14","male"
741,"Muin Gafurov",135,67,68,"Southpaw","1996-05-17","male"
742,"Mitch Gagnon",135,65,65,"Southpaw","1984-10-10","male"
743,"Mickey Gall",170,74,74,"Switch","1992-01-22","male"
744,"Manvel Gamburyan",135,65,67,"Orthodox","1981-05-08","male"
745,"Mateusz Gamrot",155,70,70,"Southpaw","1990-12-11","male"
746,"Shamil Gamzatov",205,74,76,"Orthodox","1990-08-09","male"
747,"Ciryl Gane",245,76,81,"Orthodox","1990-04-12","male"
748,"Eduardo Garagorri",145,69,70,"Orthodox","1989-05-28","male"
749,"Cody Garbrandt",135,68,65,"Orthodox","1991-07-07","male"
750,"Leonard Garcia",145,70,68,"Orthodox","1979-07-14","male"
751,"Edgar Garcia",170,70,71,"Orthodox","1984-02-22","male"
752,"Alex Garcia",170,69,72,"Orthodox","1987-07-14","male"
753,"Steve Garcia",145,72,75,"Southpaw","1992-05-22","male"
754,"Elias Garcia",125,65,67,"Southpaw","1992-09-13","male"
755,"Rafa Garcia",155,67,70,"Orthodox","1994-08-05","male"
756,"Fernie Garcia",135,67,67,"Orthodox","1992-04-12","male"
758,"Pablo Garza",145,73,73,"Orthodox","1983-09-16","male"
759,"Kelvin Gastelum",170,69,71,"Southpaw","1991-10-24","male"
760,"Willie Gates",125,68,72,"Orthodox","1987-01-21","male"
761,"Melissa Gatto",125,65,69,"Orthodox","1996-05-02","female"
762,"Louis Gaudinot",125,63,63,"Orthodox","1984-08-28","male"
764,"Christos Giagos",155,70,71,"Orthodox","1990-01-23","male"
765,"Joe Giannetti",155,72,74,"Southpaw","1995-07-05","male"
766,"Cody Gibson",135,70,71,"Orthodox","1987-09-11","male"
768,"Thomas Gifford",155,73,75,"Orthodox","1992-07-26","male"
769,"Trevin Giles",170,72,74,"Orthodox","1992-08-06","male"
770,"Gregor Gillespie",155,67,71,"Orthodox","1986-11-13","male"
771,"Micheal Gillmore",170,71,72,"Orthodox","1987-03-28","male"
773,"Ricky Glenn",155,72,70,"Southpaw","1989-04-12","male"
774,"Mark Godbeer",240,76,77,"Orthodox","1983-11-22","male"
775,"Loopy Godinez",115,62,61,"Orthodox","1993-09-06","male"
777,"Hannah Goldy",115,64,61,"Orthodox","1992-05-18","female"
778,"Marcelo Golm",249,75,75,"Orthodox","1992-09-15","male"
779,"Denise Gomes",115,62,63,"Orthodox","1999-12-30","female"
781,"Joey Gomez",135,70,73,"Orthodox","1986-07-21","male"
785,"Silvana Gomez Juarez",115,63,65,"Orthodox","1984-12-06","female"
786,"Takanori Gomi",155,67,70,"Southpaw","1978-09-22","male"
787,"William Gomis",145,72,73,"Southpaw","1997-06-13","male"
788,"Akihiro Gono",170,67,68,"Switch","1974-10-07","male"
789,"Gabriel Gonzaga",242,74,76,"Orthodox","1979-05-18","male"
792,"Jason Gonzalez",155,74,74,"Southpaw","1990-02-28","male"
794,"Erick Gonzalez",155,71,75,"Orthodox","1992-01-20","male"
795,"Lyman Good",170,72,74,"Orthodox","1985-05-26","male"
796,"Jared Gooden",170,72,77,"Orthodox","1993-12-05","male"
797,"Eddie Gordon",185,72,76,"Orthodox","1983-07-22","male"
798,"Jared Gordon",155,69,68,"Orthodox","1988-09-06","male"
799,"Malcolm Gordon",125,67,71,"Switch","1990-05-19","male"
800,"Tresean Gore",185,72,75,"Switch","1994-06-21","male"
801,"Alex Gorgees",155,74,74,"Switch","1995-08-11","male"
802,"Themba Gorimbo",170,73,77,"Orthodox","1991-01-23","male"
803,"Jonathan Goulet",170,72,73,"Orthodox","1979-07-13","male"
804,"Thibault Gouti",155,70,72,"Orthodox","1987-02-27","male"
805,"Wilson Gouveia",185,73,76,"Orthodox","1978-10-03","male"
806,"Damian Grabowski",241,73,75,"Orthodox","1980-05-12","male"
807,"Roger Gracie",185,76,79,"Orthodox","1981-09-26","male"
808,"Kron Gracie",145,69,70,"Southpaw","1988-07-11","male"
809,"Miranda Granger",115,67,68,"Orthodox","1992-04-13","female"
810,"TJ Grant",155,70,72,"Orthodox","1984-02-26","male"
811,"Davey Grant",135,68,69,"Orthodox","1985-12-18","male"
812,"Dwight Grant",185,73,76,"Switch","1984-09-14","male"
813,"Alexa Grasso",125,65,66,"Orthodox","1993-08-09","female"
757,"Ian Machado Garry",170,75,74,"Orthodox","1997-11-17","male"
814,"Tony Gravely",135,65,69,"Orthodox","1991-09-28","male"
815,"Michael Graves",170,70,71,"Orthodox","1991-01-08","male"
818,"Bobby Green",155,70,71,"Orthodox","1986-09-09","male"
819,"Desmond Green",155,70,73,"Southpaw","1989-10-11","male"
820,"Gabe Green",170,70,73,"Switch","1993-05-02","male"
821,"Maurice Greene",258,79,80,"Orthodox","1986-07-05","male"
822,"Matt Grice",145,68,70,"Orthodox","1981-07-29","male"
823,"Forrest Griffin",205,75,77,"Orthodox","1979-03-16","male"
824,"Tyson Griffin",145,66,68,"Orthodox","1984-04-20","male"
825,"Max Griffin",170,71,76,"Orthodox","1985-11-29","male"
826,"Jordan Griffin",145,70,73,"Southpaw","1990-02-28","male"
827,"Chad Griggs",205,73,73,"Orthodox","1978-05-15","male"
828,"Maxim Grishin",205,75,78,"Orthodox","1984-05-02","male"
829,"Josh Grispi",145,71,74,"Orthodox","1988-10-14","male"
830,"Kendall Grove",185,78,79,"Orthodox","1982-11-12","male"
831,"Chris Gruetzemacher",155,68,68,"Orthodox","1986-06-16","male"
832,"Vik Grujic",170,71,73,"Orthodox","1977-02-06","male"
833,"Mike Grundy",145,67,72,"Orthodox","1987-01-03","male"
834,"Wang Guan",145,69,71,"Orthodox","1986-03-14","male"
835,"Shannon Gugerty",155,70,71,"Orthodox","1981-12-30","male"
836,"Clay Guida",155,67,70,"Orthodox","1981-12-08","male"
837,"Melvin Guillard",155,69,71,"Orthodox","1983-03-30","male"
838,"Marcelo Guimaraes",185,72,73,"Orthodox","1983-06-25","male"
839,"John Gunderson",155,69,69,"Orthodox","1979-01-05","male"
840,"John Gunther",155,69,72,"Orthodox","1985-11-24","male"
841,"Jorge Gurgel",155,67,69,"Orthodox","1977-01-25","male"
843,"Alexander Gustafsson",205,77,79,"Orthodox","1987-01-15","male"
844,"Chris Gutierrez",135,69,67,"Orthodox","1991-04-22","male"
846,"Mike Guymon",170,72,74,"Orthodox","1974-09-17","male"
848,"Jake Hadley",125,67,70,"Southpaw","1996-08-03","male"
849,"Damir Hadzovic",155,69,70,"Orthodox","1986-08-08","male"
850,"Bassil Hafez",170,71,72,"Orthodox","1992-01-31","male"
851,"Tim Hague",260,76,76,"Orthodox","1983-05-09","male"
852,"Uriah Hall",185,72,79,"Orthodox","1984-07-31","male"
853,"Ryan Hall",145,70,70,"Southpaw","1985-02-22","male"
854,"Dennis Hallman",155,69,72,"Orthodox","1975-12-02","male"
855,"Piotr Hallmann",155,69,71,"Orthodox","1987-08-25","male"
856,"Seo Hee Ham",115,62,62,"Southpaw","1987-03-08","female"
857,"Matt Hamill",205,73,76,"Orthodox","1976-10-05","male"
858,"Anthony Hamilton",260,77,76,"Orthodox","1980-04-14","male"
860,"Jared Hamman",185,75,75,"Orthodox","1982-03-07","male"
861,"Kay Hansen",115,62,63,"Orthodox","1999-08-14","female"
862,"Nasrat Haqparast",155,70,72,"Southpaw","1995-08-22","male"
864,"Antoni Hardonk",245,76,78,"Orthodox","1976-02-05","male"
865,"Dan Hardy",170,72,74,"Orthodox","1982-05-17","male"
866,"Veronica Hardy",125,64,64,"Southpaw","1995-10-30","female"
867,"Greg Hardy",265,77,80,"Orthodox","1988-07-28","male"
868,"Gerald Harris",185,71,77,"Southpaw","1979-11-19","male"
869,"Phil Harris",125,64,65,"Orthodox","1983-09-04","male"
870,"Walt Harris",250,77,77,"Southpaw","1983-06-10","male"
871,"Carlston Harris",170,72,76,"Orthodox","1987-07-09","male"
872,"Dale Hartt",155,70,69,"Orthodox","1979-04-04","male"
873,"Clay Harvison",170,73,74,"Orthodox","1980-09-25","male"
875,"John Hathaway",170,73,75,"Orthodox","1987-07-23","male"
876,"Phil Hawes",185,72,77,"Orthodox","1989-01-08","male"
877,"Dustin Hazelett",170,73,76,"Orthodox","1986-04-29","male"
878,"James Head",170,73,73,"Orthodox","1984-02-09","male"
879,"Pat Healy",155,72,72,"Orthodox","1983-07-20","male"
880,"David Heath",205,71,72,"Orthodox","1976-02-10","male"
881,"Jake Hecht",170,72,73,"Orthodox","1984-02-09","male"
882,"Nick Hein",155,66,66,"Southpaw","1984-04-24","male"
883,"Ian Heinisch",185,71,72,"Orthodox","1988-08-05","male"
884,"Marcin Held",155,69,71,"Orthodox","1992-01-18","male"
885,"Dan Henderson",185,71,74,"Orthodox","1970-08-24","male"
886,"Benson Henderson",170,69,70,"Southpaw","1983-11-16","male"
887,"Johny Hendricks",185,69,69,"Southpaw","1983-09-12","male"
888,"Luis Henrique",243,74,74,"Orthodox","1993-08-21","male"
890,"Danny Henry",145,72,73,"Orthodox","1988-07-17","male"
891,"Victor Henry",135,67,68,"Switch","1987-05-04","male"
892,"Jai Herbert",155,73,77,"Orthodox","1988-05-13","male"
893,"Ed Herman",205,73,77,"Orthodox","1980-10-02","male"
894,"Dave Herman",242,76,77,"Orthodox","1984-10-03","male"
895,"Jack Hermansson",185,73,77,"Orthodox","1988-06-10","male"
896,"Alexander Hernandez",155,69,72,"Orthodox","1992-10-01","male"
897,"Anthony Hernandez",185,72,75,"Orthodox","1993-10-18","male"
898,"Nohelin Hernandez",135,70,71,"Orthodox","1994-03-01","male"
899,"Carlos Hernandez",125,68,67,"Orthodox","1993-10-25","male"
900,"Geane Herrera",125,65,66,"Orthodox","1990-05-27","male"
901,"Alvaro Herrera Mendoza",155,72,74,"Orthodox","1990-05-14","male"
902,"Felice Herrig",115,64,65,"Orthodox","1984-09-18","female"
903,"Heath Herring",250,76,78,"Orthodox","1978-03-02","male"
904,"Clint Hester",205,74,77,"Orthodox","1986-11-21","male"
905,"Jimy Hettes",145,69,71,"Southpaw","1987-06-09","male"
907,"Jay Hieron",170,72,75,"Orthodox","1976-07-29","male"
908,"Brady Hiestand",135,68,71,"Orthodox","1999-04-30","male"
909,"Jason High",155,68,73,"Southpaw","1981-10-12","male"
910,"Corey Hill",155,76,80,"Orthodox","1978-10-03","male"
911,"Angela Hill",115,63,64,"Orthodox","1985-01-12","female"
912,"Jamahal Hill",205,76,79,"Southpaw","1991-05-19","male"
914,"Hatsu Hioki",145,71,73,"Orthodox","1983-07-18","male"
915,"Kuniyoshi Hironaka",168,70,70,"Orthodox","1976-06-17","male"
916,"Mizuto Hirota",155,67,67,"Orthodox","1981-05-05","male"
917,"Matt Hobar",135,70,70,"Southpaw","1987-01-07","male"
919,"Andrew Holbrook",155,71,70,"Southpaw","1986-02-06","male"
920,"Kevin Holland",170,75,81,"Orthodox","1992-11-05","male"
921,"Max Holloway",145,71,69,"Orthodox","1991-12-04","male"
922,"Holly Holm",135,68,69,"Southpaw","1981-10-17","female"
923,"Joseph Holmes",185,76,80,"Orthodox","1995-07-04","male"
924,"Kurt Holobaugh",155,71,70,"Orthodox","1986-09-08","male"
925,"Paddy Holohan",125,70,69,"Orthodox","1988-05-03","male"
926,"Scott Holtzman",155,69,69,"Orthodox","1983-09-30","male"
927,"Sabah Homasi",170,72,72,"Orthodox","1988-10-19","male"
928,"Mark Hominick",145,68,68,"Orthodox","1982-07-22","male"
929,"Barb Honchak",125,64,65,"Orthodox","1979-08-30","female"
933,"Dan Hooker",155,72,75,"Switch","1990-02-13","male"
934,"Chase Hooper",155,73,74,"Southpaw","1999-09-13","male"
935,"Darrell Horcher",155,70,70,"Southpaw","1987-07-28","male"
936,"Yoshinori Horie",145,68,70,"Orthodox","1995-05-10","male"
937,"Kyoji Horiguchi",125,65,66,"Orthodox","1990-10-12","male"
939,"Jeremy Horn",185,73,74,"Orthodox","1975-08-25","male"
941,"Jamey-Lyn Horth",135,67,66,"Orthodox","1990-03-30","female"
942,"Jeff Hougland",135,67,68,"Orthodox","1978-08-02","male"
943,"John Howard",170,67,72,"Orthodox","1983-03-01","male"
944,"Hu Yaozong",185,75,72,"Orthodox","1995-04-07","male"
945,"Carlos Huachin",135,64,67,"Southpaw","1996-06-04","male"
947,"Austin Hubbard",155,70,71,"Orthodox","1991-12-22","male"
949,"Roger Huerta",155,69,70,"Orthodox","1983-05-20","male"
950,"Matt Hughes",170,69,73,"Switch","1973-10-13","male"
951,"Jeff Hughes",250,74,77,"Orthodox","1988-05-17","male"
952,"Sam Hughes",115,65,64,"Orthodox","1992-06-28","female"
953,"Harry Hunsucker",205,74,75,"Orthodox","1989-01-03","male"
954,"Mark Hunt",265,70,72,"Orthodox","1974-03-23","male"
955,"Al Iaquinta",155,70,70,"Orthodox","1987-04-30","male"
956,"Khadis Ibragimov",205,75,78,"Orthodox","1995-05-21","male"
957,"Dan Ige",145,67,71,"Orthodox","1991-08-06","male"
958,"Zelim Imadaev",170,72,76,"Orthodox","1995-01-25","male"
959,"Nassourdine Imavov",185,75,75,"Orthodox","1995-03-01","male"
960,"Naoki Inoue",125,69,71,"Orthodox","1997-06-14","male"
961,"Inoue Mizuki",125,63,65,"Orthodox","1994-08-19","female"
962,"James Irvin",205,74,75,"Orthodox","1978-09-12","male"
963,"Teruto Ishihara",135,67,69,"Southpaw","1991-07-23","male"
964,"Damir Ismagulov",155,70,74,"Orthodox","1991-02-03","male"
965,"Leandro Issa",135,67,69,"Orthodox","1983-09-19","male"
966,"Blagoy Ivanov",250,71,73,"Southpaw","1986-10-09","male"
967,"Anthony Ivy",185,74,74,"Orthodox","1990-01-23","male"
968,"Yves Jabouin",135,67,68,"Orthodox","1979-05-30","male"
969,"Quinton Jackson",205,73,73,"Orthodox","1978-06-20","male"
970,"Damon Jackson",145,71,71,"Switch","1988-08-08","male"
971,"Mike Jackson",170,74,74,"Orthodox","1985-03-22","male"
973,"Montel Jackson",135,70,75,"Southpaw","1992-04-24","male"
975,"Dustin Jacoby",205,75,76,"Orthodox","1988-04-04","male"
976,"Virna Jandiroba",115,63,64,"Orthodox","1988-05-30","female"
977,"Ryan Janes",185,75,76,"Orthodox","1981-08-22","male"
979,"Keith Jardine",185,74,76,"Orthodox","1975-10-31","male"
980,"Rony Jason",145,67,73,"Orthodox","1984-03-21","male"
981,"Jasmine Jasudavicius",125,67,68,"Orthodox","1989-03-01","female"
982,"Yazmin Jauregui",115,63,64,"Orthodox","1999-02-28","female"
983,"Justin Jaynes",145,67,68,"Orthodox","1989-08-10","male"
984,"Joanna Jedrzejczyk",115,66,65,"Orthodox","1987-08-18","female"
986,"Brandon Jenkins",155,72,71,"Switch","1991-09-30","male"
987,"Jack Jenkins",145,67,68,"Switch","1993-11-03","male"
988,"Ryan Jensen",185,73,76,"Orthodox","1977-09-20","male"
990,"Ryan Jimmo",205,73,73,"Orthodox","1981-11-27","male"
993,"Sung Bin Jo",145,72,72,"Orthodox","1992-07-17","male"
994,"Carls John De Tomas",125,65,71,"Southpaw","1996-08-28","male"
995,"Brett Johns",135,67,71,"Orthodox","1992-02-21","male"
996,"Miles Johns",135,67,66,"Orthodox","1994-03-30","male"
997,"Anthony Johnson",205,74,78,"Orthodox","1984-03-06","male"
998,"DaMarques Johnson",170,73,75,"Orthodox","1982-06-28","male"
1000,"Lavar Johnson",240,76,82,"Orthodox","1977-06-11","male"
1001,"Demetrious Johnson",125,63,66,"Orthodox","1986-08-13","male"
1002,"Michael Johnson",155,70,73,"Southpaw","1986-06-04","male"
1003,"Kajan Johnson",155,71,75,"Orthodox","1984-04-21","male"
1004,"Timothy Johnson",265,75,77,"Southpaw","1985-03-13","male"
1005,"Jordan Johnson",205,74,79,"Orthodox","1988-11-18","male"
1008,"Jose Johnson",135,72,71,"Orthodox","1995-05-20","male"
1009,"Charles Johnson",125,69,70,"Switch","1991-01-10","male"
1010,"Liana Jojua",125,64,62,"Orthodox","1995-03-22","female"
1011,"Daniel Jolly",205,73,75,"Orthodox","1984-09-03","male"
1012,"Jon Jones",248,76,84,"Orthodox","1987-07-19","male"
1014,"Trevin Jones",135,67,70,"Southpaw","1990-08-04","male"
1015,"Mason Jones",155,70,74,"Orthodox","1995-04-26","male"
1016,"Jocelyn Jones-Lybarger",115,67,64,"Orthodox","1985-10-04","female"
1017,"Shawn Jordan",260,72,75,"Southpaw","1984-10-21","male"
1018,"Ivan Jorge",155,69,73,"Orthodox","1980-11-07","male"
1019,"Scott Jorgensen",135,65,66,"Orthodox","1982-09-17","male"
1020,"Krzysztof Jotko",185,73,77,"Southpaw","1989-08-19","male"
1021,"Alan Jouban",170,72,73,"Southpaw","1981-11-25","male"
1022,"Charles Jourdain",145,69,69,"Switch","1995-11-27","male"
1024,"Anshul Jubli",155,72,69,"Switch","1995-01-13","male"
1025,"Luke Jumeau",170,71,72,"Orthodox","1988-02-12","male"
1026,"Chan Sung Jung",145,67,72,"Orthodox","1987-03-17","male"
1027,"Da Woon Jung",205,76,78,"Orthodox","1993-12-07","male"
1028,"Myles Jury",145,70,73,"Orthodox","1988-10-31","male"
1029,"Cristiane Justino",145,68,68,"Orthodox","1985-07-09","female"
1031,"Saidyokub Kakhramonov",135,68,69,"Orthodox","1995-11-14","male"
1032,"Kai Kamaka",145,67,69,"Orthodox","1995-01-05","male"
1034,"Martin Kampmann",170,72,72,"Orthodox","1982-04-17","male"
1036,"Bharat Kandare",135,67,72,"Orthodox","1987-06-20","male"
1037,"Masanori Kanehara",135,67,67,"Orthodox","1982-11-19","male"
1038,"Denis Kang",185,71,77,"Orthodox","1977-09-17","male"
1039,"Kyung Ho Kang",135,69,73,"Orthodox","1987-09-09","male"
1040,"Manel Kape",125,65,68,"Southpaw","1993-11-14","male"
1041,"Kai Kara-France",125,64,69,"Orthodox","1993-03-26","male"
1042,"Alex Karalexis",155,68,66,"Orthodox","1977-09-20","male"
1043,"Impa Kasanganay",170,71,75,"Orthodox","1994-01-17","male"
1045,"Nadia Kassem",125,65,66,"Southpaw","1995-11-15","female"
1046,"Brad Katona",135,66,64,"Orthodox","1991-12-19","male"
1047,"Calvin Kattar",145,71,72,"Orthodox","1988-03-26","male"
1048,"Sarah Kaufman",135,65,66,"Orthodox","1985-09-20","female"
1050,"Tatsuya Kawajiri",145,67,69,"Orthodox","1978-05-08","male"
1051,"Toshiomi Kazama",135,67,69,"Orthodox","1997-05-15","male"
1052,"Chris Kelades",125,67,68,"Orthodox","1981-02-21","male"
1053,"Brian Kelleher",135,66,66,"Switch","1986-08-19","male"
1054,"Tony Kelley",135,69,70,"Switch","1987-01-21","male"
1055,"Paul Kelly",155,69,70,"Orthodox","1984-09-12","male"
1056,"Daniel Kelly",185,72,70,"Southpaw","1977-10-31","male"
1057,"Tim Kennedy",185,71,74,"Orthodox","1979-09-01","male"
1058,"Jeremy Kennedy",145,71,71,"Orthodox","1992-09-16","male"
1059,"Casey Kenney",135,67,68,"Southpaw","1991-03-20","male"
1062,"Rustam Khabilov",155,68,73,"Orthodox","1986-11-04","male"
1063,"Sergey Khandozhko",170,73,74,"Orthodox","1992-05-19","male"
1065,"Aliaskhab Khizriev",185,69,74,"Southpaw","1990-08-24","male"
1067,"Pannie Kianzad",135,67,66,"Orthodox","1991-12-08","female"
1068,"Katsunori Kikuno",145,68,66,"Orthodox","1981-10-31","male"
1069,"Jacob Kilburn",145,69,72,"Orthodox","1995-06-28","male"
1070,"Dong Hyun Kim",170,74,76,"Southpaw","1981-11-17","male"
1071,"Ji Yeon Kim",125,67,72,"Orthodox","1989-10-18","female"
1076,"Jeremy Kimball",205,72,72,"Switch","1991-01-03","male"
1077,"Rob Kimmons",185,70,73,"Orthodox","1981-01-30","male"
1078,"Dustin Kimura",135,67,71,"Orthodox","1989-05-21","male"
1079,"Kyle Kingsbury",205,76,79,"Orthodox","1982-03-22","male"
1080,"Yusaku Kinoshita",170,72,71,"Southpaw","2000-08-21","male"
1081,"Kamuela Kirk",155,70,75,"Switch","1994-04-13","male"
1082,"Justine Kish",125,65,64,"Orthodox","1988-04-13","female"
1084,"Ludovit Klein",155,67,72,"Southpaw","1995-02-22","male"
1085,"Drakkar Klose",155,69,70,"Orthodox","1988-03-09","male"
1086,"Jason Knight",145,70,71,"Orthodox","1992-07-14","male"
1087,"William Knight",205,70,73,"Orthodox","1988-04-03","male"
1088,"Josefine Knutsson",115,63,61,"Orthodox","1996-01-16","female"
1089,"Erik Koch",170,70,71,"Southpaw","1988-10-04","male"
1091,"Syuri Kondo",115,64,66,"Orthodox","1989-02-08","female"
1092,"Cheick Kongo",240,76,82,"Orthodox","1975-05-17","male"
1093,"Roman Kopylov",185,72,75,"Southpaw","1991-05-04","male"
1094,"Josh Koscheck",170,70,73,"Orthodox","1977-11-30","male"
1095,"Steven Koslow",125,67,69,"Switch","1997-01-22","male"
1096,"Naoyuki Kotani",155,68,66,"Southpaw","1981-12-08","male"
1097,"Karolina Kowalkiewicz",115,63,64,"Orthodox","1985-10-15","female"
1098,"Derrick Krantz",170,70,72,"Orthodox","1988-01-13","male"
1099,"James Krause",170,74,73,"Orthodox","1986-06-04","male"
1100,"Nikita Krylov",205,75,77,"Orthodox","1992-03-07","male"
1102,"Michael Kuiper",185,72,73,"Orthodox","1989-06-07","male"
1103,"Anton Kuivanen",155,68,72,"Orthodox","1984-05-01","male"
1105,"Aleksei Kunchenko",170,68,70,"Orthodox","1984-05-02","male"
1107,"Kiichi Kunimoto",170,70,71,"Orthodox","1981-05-01","male"
1110,"Guram Kutateladze",155,71,72,"Orthodox","1992-01-08","male"
1111,"Mike Kyle",205,76,77,"Orthodox","1980-03-31","male"
1112,"Daniel Lacerda",125,66,70,"Switch","1996-06-05","male"
1113,"Luan Lacerda",135,67,71,"Orthodox","1993-01-07","male"
1114,"Aspen Ladd",135,66,66,"Orthodox","1995-03-01","female"
1115,"Ryan LaFlare",170,73,74,"Southpaw","1983-10-01","male"
1116,"Noad Lahat",145,69,69,"Orthodox","1984-06-08","male"
1117,"Yohan Lainesse",170,73,76,"Orthodox","1992-08-14","male"
1118,"Ricardo Lamas",145,68,71,"Orthodox","1982-05-21","male"
1119,"Jason Lambert",185,75,75,"Orthodox","1975-06-03","male"
1120,"Nate Landwehr",145,69,72,"Orthodox","1988-06-06","male"
1121,"Austen Lane",245,78,80,"Orthodox","1987-11-09","male"
1122,"Lina Lansberg",135,67,65,"Orthodox","1982-03-13","female"
1123,"Taylor Lapilus",135,66,73,"Southpaw","1992-04-08","male"
1124,"Chad Laprise",170,70,71,"Orthodox","1986-07-23","male"
1125,"TJ Laramie",145,66,66,"Orthodox","1997-10-15","male"
1126,"Lorenz Larkin",170,71,72,"Orthodox","1986-09-03","male"
1127,"Jeremy Larsen",145,70,70,"Orthodox","1984-05-18","male"
1128,"Brock Larson",170,71,71,"Southpaw","1977-08-23","male"
1130,"Ilir Latifi",230,70,73,"Orthodox","1982-07-28","male"
1131,"Jenel Lausa",125,65,68,"Orthodox","1988-08-01","male"
1132,"Joe Lauzon",155,70,71,"Orthodox","1984-05-22","male"
1135,"Robbie Lawler",170,71,74,"Southpaw","1982-03-20","male"
1136,"Tom Lawlor",205,72,74,"Southpaw","1983-05-15","male"
1137,"Justin Lawrence",145,68,67,"Orthodox","1990-05-15","male"
1139,"Ronnie Lawrence",135,68,68,"Switch","1992-06-13","male"
1141,"Valmir Lazaro",155,72,73,"Orthodox","1985-08-15","male"
1142,"Zviad Lazishvili",135,66,69,"Orthodox","1991-10-25","male"
1143,"Mounir Lazzez",170,73,76,"Orthodox","1987-11-16","male"
1144,"Cung Le",185,69,70,"Southpaw","1972-05-25","male"
1146,"Jordan Leavitt",155,69,71,"Southpaw","1995-06-02","male"
1147,"Chris Leben",185,71,73,"Southpaw","1980-07-21","male"
1148,"Mickael Lebout",155,71,73,"Orthodox","1987-08-16","male"
1149,"Justin Ledet",205,76,80,"Orthodox","1988-09-28","male"
1150,"Vaughan Lee",125,66,66,"Orthodox","1982-10-15","male"
1151,"Kevin Lee",170,69,77,"Orthodox","1992-09-04","male"
1152,"Andrea Lee",125,66,69,"Orthodox","1989-02-11","female"
1153,"JeongYeong Lee",145,70,73,"Orthodox","1995-11-13","male"
1158,"Thales Leites",185,73,78,"Orthodox","1981-09-06","male"
1159,"Amanda Lemos",115,64,65,"Southpaw","1987-05-22","female"
1160,"Jesse Lennox",170,69,72,"Orthodox","1982-03-10","male"
1161,"Nik Lentz",145,68,68,"Orthodox","1984-08-13","male"
1162,"Victoria Leonardo",125,65,64,"Orthodox","1990-02-16","female"
1163,"Brock Lesnar",265,75,81,"Orthodox","1977-07-12","male"
1164,"Valerie Letourneau",115,67,68,"Orthodox","1983-04-29","female"
1165,"Marcus LeVesseur",155,69,70,"Southpaw","1982-07-17","male"
1166,"Natan Levy",155,69,71,"Southpaw","1991-09-30","male"
1167,"Derrick Lewis",260,75,79,"Orthodox","1985-02-07","male"
1168,"Bevon Lewis",185,75,79,"Orthodox","1991-05-05","male"
1171,"Li Jingliang",170,72,71,"Orthodox","1988-03-20","male"
1173,"Liang Na",125,65,67,"Orthodox","1996-07-27","female"
1174,"Chuck Liddell",205,74,76,"Orthodox","1969-12-17","male"
1176,"Hyun Gyu Lim",170,75,77,"Orthodox","1985-01-16","male"
1177,"Juliana Lima",115,65,65,"Orthodox","1982-03-15","female"
1178,"Dhiego Lima",170,74,75,"Orthodox","1989-01-31","male"
1180,"Matt Lindland",185,72,74,"Southpaw","1970-05-17","male"
1181,"John Lineker",135,63,67,"Orthodox","1990-06-12","male"
1182,"Austin Lingo",145,70,70,"Orthodox","1994-07-10","male"
1183,"Philipe Lins",205,74,78,"Orthodox","1985-08-17","male"
1184,"Ariane Lipski",125,66,67,"Orthodox","1994-01-26","female"
1185,"Tainara Lisboa",135,67,67,"Orthodox","1991-03-02","female"
1186,"Dean Lister",185,73,75,"Orthodox","1976-02-13","male"
1187,"Artem Lobov",145,69,65,"Southpaw","1986-08-11","male"
1190,"David Loiseau",185,72,76,"Orthodox","1979-12-17","male"
1191,"Hector Lombard",185,69,71,"Southpaw","1978-02-02","male"
1193,"Loma Lookboonmee",115,61,61,"Orthodox","1996-01-18","female"
1194,"Ange Loosa",170,70,74,"Orthodox","1993-03-18","male"
1195,"Diego Lopes",145,71,72,"Orthodox","1994-12-30","male"
1196,"Matthew Lopez",135,67,69,"Southpaw","1987-01-21","male"
1197,"Benito Lopez",135,70,73,"Switch","1994-04-06","male"
1198,"Gustavo Lopez",135,65,67,"Orthodox","1989-06-27","male"
1199,"Brendan Loughnane",145,70,70,"Switch","1989-12-05","male"
1202,"Iasmin Lucindo",115,63,66,"Orthodox","2002-01-08","female"
1203,"Duane Ludwig",170,70,70,"Orthodox","1978-08-04","male"
1204,"Dalcha Lungiambula",185,68,76,"Orthodox","1987-07-31","male"
1205,"Vicente Luque",170,71,76,"Orthodox","1991-11-27","male"
1206,"Travis Lutter",185,71,75,"Orthodox","1973-05-12","male"
1207,"Tucker Lutz",145,68,72,"Orthodox","1994-07-12","male"
1208,"Chris Lytle",170,71,68,"Orthodox","1974-08-18","male"
1209,"Dong Hyun Ma",155,71,70,"Orthodox","1988-09-09","male"
1211,"William Macario",170,71,75,"Orthodox","1991-07-01","male"
1212,"Jason MacDonald",185,75,80,"Orthodox","1975-06-03","male"
1213,"Rob MacDonald",205,75,78,"Orthodox","1978-09-05","male"
1214,"Rory MacDonald",170,72,76,"Orthodox","1989-07-22","male"
1215,"Ryan MacDonald",135,71,71,"Switch","1993-03-18","male"
1217,"Lyoto Machida",185,73,74,"Southpaw","1978-05-30","male"
1219,"Reza Madadi",155,71,73,"Orthodox","1978-06-20","male"
1220,"Don Madge",155,72,72,"Southpaw","1990-11-12","male"
1221,"Jon Madsen",240,72,72,"Orthodox","1980-02-12","male"
1222,"Mark Madsen",155,68,72,"Orthodox","1984-09-23","male"
1224,"Leonardo Mafra",155,70,70,"Orthodox","1989-04-25","male"
1225,"Vinny Magalhaes",205,75,75,"Orthodox","1984-07-02","male"
1226,"Caio Magalhaes",185,73,73,"Orthodox","1987-12-14","male"
1227,"Angela Magana",115,61,65,"Orthodox","1983-08-02","female"
1228,"Neil Magny",170,75,80,"Orthodox","1987-08-03","male"
1229,"Rashid Magomedov",155,69,70,"Orthodox","1984-11-29","male"
1230,"Ruslan Magomedov",242,75,78,"Orthodox","1986-11-26","male"
1231,"Abus Magomedov",185,74,78,"Orthodox","1990-09-02","male"
1232,"Zabit Magomedsharipov",145,73,73,"Orthodox","1991-03-01","male"
1233,"John Maguire",155,69,69,"Southpaw","1983-05-19","male"
1234,"Maheshate",155,72,71,"Orthodox","1999-12-01","male"
1235,"Demian Maia",170,73,72,"Southpaw","1977-11-06","male"
1236,"Jennifer Maia",125,64,64,"Orthodox","1988-10-06","female"
1238,"Levan Makashvili",145,68,68,"Orthodox","1989-01-07","male"
1239,"John Makdessi",155,68,68,"Orthodox","1985-05-03","male"
1240,"Islam Makhachev",155,70,70,"Southpaw","1991-10-27","male"
1241,"Zach Makovsky",125,64,64,"Southpaw","1983-04-19","male"
1242,"Azat Maksum",125,67,70,"Southpaw","1995-02-02","male"
1243,"Fabio Maldonado",205,73,75,"Orthodox","1980-03-17","male"
1244,"Bea Malecki",135,69,74,"Orthodox","1991-08-23","female"
1245,"Jacob Malkoun",185,69,73,"Orthodox","1995-08-26","male"
1246,"Mike Malott",170,73,73,"Orthodox","1991-11-07","male"
1247,"Nate Maness",125,70,72,"Orthodox","1991-06-27","male"
1248,"Marnic Mann",115,60,64,"Southpaw","1993-03-05","female"
1249,"Jimi Manuwa",205,73,79,"Orthodox","1980-02-18","male"
1250,"Cristiano Marcello",155,69,72,"Orthodox","1977-12-03","male"
1251,"Daniel Marcos",135,67,69,"Orthodox","1993-03-07","male"
1252,"Marcos Mariano",155,73,76,"Switch","1986-10-12","male"
1253,"Chepe Mariscal",145,67,69,"Orthodox","1992-10-27","male"
1254,"Ronny Markes",185,73,75,"Orthodox","1988-04-21","male"
1255,"Rory Markham",170,72,71,"Orthodox","1982-03-25","male"
1256,"Randa Markos",115,64,63,"Orthodox","1985-08-10","female"
1257,"Christina Marks",125,67,69,"Orthodox","1985-11-08","female"
1258,"Nate Marquardt",185,72,74,"Orthodox","1979-04-20","male"
1259,"Danilo Marques",205,78,77,"Orthodox","1985-12-26","male"
1260,"Julian Marquez",185,74,72,"Orthodox","1990-05-08","male"
1261,"Carmelo Marrero",205,72,73,"Orthodox","1981-01-26","male"
1262,"Eliot Marshall",205,74,77,"Orthodox","1980-07-07","male"
1263,"Francis Marshall",145,69,72,"Orthodox","1999-03-03","male"
1264,"Jack Marshman",185,72,73,"Orthodox","1989-12-19","male"
1265,"Terry Martin",185,68,71,"Orthodox","1980-10-10","male"
1266,"Anthony Rocco Martin",170,72,73,"Orthodox","1989-12-11","male"
1267,"Mallory Martin",115,64,63,"Orthodox","1994-01-29","female"
1268,"Danny Martinez",125,66,67,"Orthodox","1985-06-14","male"
1269,"Henry Martinez",155,67,69,"Southpaw","1983-08-07","male"
1270,"Jonathan Martinez",135,68,70,"Southpaw","1994-04-20","male"
1271,"Mana Martinez",135,70,70,"Orthodox","1996-03-25","male"
1272,"Victor Martinez",155,68,70,"Orthodox","1991-07-17","male"
1273,"Roque Martinez",250,70,72,"Orthodox","1986-03-04","male"
1274,"Melissa Martinez",115,62,66,"Southpaw","1997-08-18","female"
1275,"Adriano Martins",155,70,72,"Southpaw","1982-12-16","male"
1276,"Lucas Martins",145,72,72,"Southpaw","1988-11-11","male"
1277,"Bristol Marunde",170,73,75,"Orthodox","1982-04-20","male"
1279,"Mike Massenzio",185,74,73,"Southpaw","1982-11-01","male"
1282,"Jorge Masvidal",170,71,74,"Orthodox","1984-11-12","male"
1285,"Jake Matthews",170,71,73,"Orthodox","1994-08-19","male"
1286,"Vladimir Matyushenko",205,72,74,"Orthodox","1971-01-04","male"
1287,"Miranda Maverick",125,63,65,"Southpaw","1997-07-01","female"
1288,"Nick Maximov",185,72,76,"Southpaw","1997-12-23","male"
1289,"Don'Tale Mayes",260,78,81,"Orthodox","1992-01-16","male"
1290,"Gray Maynard",155,69,70,"Orthodox","1979-05-09","male"
1291,"Gina Mazany",125,66,68,"Southpaw","1988-08-19","female"
1292,"Sabina Mazo",125,67,70,"Orthodox","1997-03-25","female"
1293,"Ian McCall",125,65,64,"Orthodox","1984-05-07","male"
1294,"Molly McCann",125,64,62,"Orthodox","1990-05-04","female"
1295,"Charles McCarthy",185,70,71,"Orthodox","1980-08-06","male"
1296,"Sean McCorkle",265,79,81,"Orthodox","1976-07-17","male"
1297,"Kris McCray",170,72,76,"Orthodox","1981-09-24","male"
1298,"Tamdan McCrory",185,76,76,"Switch","1986-11-05","male"
1300,"Justin McCully",225,73,73,"Orthodox","1976-02-18","male"
1301,"Robert McDaniel",185,75,75,"Southpaw","1983-05-03","male"
1302,"Michael McDonald",135,69,70,"Orthodox","1991-01-15","male"
1303,"Drew McFedries",185,72,72,"Southpaw","1978-07-27","male"
1304,"Court McGee",170,71,75,"Orthodox","1984-12-12","male"
1305,"Marcus McGhee",135,68,69,"Orthodox","1990-05-07","male"
1306,"Conor McGregor",155,69,74,"Southpaw","1988-07-14","male"
1307,"Rhys McKee",170,74,78,"Orthodox","1995-09-10","male"
1308,"Cory McKenna",115,63,58,"Orthodox","1999-07-11","female"
1309,"Tim McKenzie",185,72,74,"Orthodox","1982-07-21","male"
1310,"Cody McKenzie",155,72,72,"Switch","1987-12-16","male"
1311,"Terrance McKinney",155,70,73,"Switch","1994-09-15","male"
1312,"Garreth McLellan",185,73,72,"Southpaw","1982-09-01","male"
1313,"Sara McMann",135,66,66,"Orthodox","1980-09-24","female"
1314,"James McSweeney",230,76,77,"Switch","1980-10-24","male"
1315,"Tim Means",170,74,75,"Orthodox","1984-02-20","male"
1316,"Yancy Medeiros",155,70,75,"Orthodox","1987-09-07","male"
1317,"Uros Medic",170,73,71,"Southpaw","1993-04-25","male"
1318,"Emil Meek",170,71,74,"Switch","1988-08-20","male"
1320,"Gerald Meerschaert",185,73,77,"Southpaw","1987-12-18","male"
1321,"Jordan Mein",170,72,73,"Orthodox","1989-10-10","male"
1322,"Gilbert Melendez",145,69,73,"Orthodox","1982-04-12","male"
1323,"Vanessa Melo",135,65,65,"Orthodox","1988-03-27","female"
1324,"Antonio Mendes",205,75,77,"Southpaw","1981-04-19","male"
1325,"Chad Mendes",145,66,66,"Orthodox","1985-05-01","male"
1326,"Augusto Mendes",135,66,65,"Orthodox","1983-03-03","male"
1327,"Mateus Mendonca",135,66,71,"Orthodox","1999-01-17","male"
1328,"Alonzo Menifield",205,72,76,"Orthodox","1987-10-18","male"
1329,"Ivan Menjivar",145,66,64,"Orthodox","1982-05-30","male"
1330,"Yaotzin Meza",145,69,71,"Orthodox","1981-02-04","male"
1331,"Andreas Michailidis",170,72,76,"Orthodox","1988-07-18","male"
1333,"Bojan Mihajlovic",205,71,73,"Orthodox","1980-03-30","male"
1334,"Curtis Millender",170,74,76,"Orthodox","1987-12-01","male"
1335,"Dan Miller",185,73,74,"Orthodox","1981-06-30","male"
1336,"Jim Miller",155,68,71,"Southpaw","1983-08-30","male"
1337,"Cole Miller",145,73,73,"Orthodox","1984-04-26","male"
1339,"Juliana Miller",125,67,66,"Orthodox","1996-05-07","female"
1340,"Che Mills",170,73,76,"Orthodox","1982-09-29","male"
1341,"Adam Milstead",205,75,76,"Orthodox","1987-07-03","male"
1342,"Alberto Mina",170,72,77,"Orthodox","1982-05-02","male"
1343,"Darrick Minner",145,67,69,"Orthodox","1990-04-28","male"
1344,"Carlton Minus",170,70,75,"Orthodox","1993-04-26","male"
1345,"Stipe Miocic",240,76,80,"Orthodox","1982-08-19","male"
1346,"Frank Mir",264,75,79,"Southpaw","1979-05-24","male"
1347,"Mario Miranda",185,75,74,"Orthodox","1979-07-12","male"
1348,"Vitor Miranda",185,73,77,"Orthodox","1979-03-10","male"
1349,"Gabriel Miranda",145,71,71,"Orthodox","1990-03-25","male"
1350,"David Mitchell",170,72,75,"Orthodox","1979-10-24","male"
1351,"Bryce Mitchell",145,70,70,"Southpaw","1994-10-04","male"
1352,"Terrence Mitchell",135,70,74,"Orthodox","1989-12-30","male"
1353,"Matt Mitrione",265,75,82,"Switch","1978-07-15","male"
1355,"Takeya Mizugaki",135,67,69,"Orthodox","1983-12-16","male"
1356,"Roxanne Modafferi",125,67,69,"Orthodox","1982-09-24","female"
1357,"Bobby Moffett",145,70,73,"Orthodox","1990-06-01","male"
1358,"Nate Mohr",155,69,72,"Orthodox","1983-03-03","male"
1359,"Renato Moicano",155,71,72,"Orthodox","1989-05-21","male"
1360,"Thiago Moises",155,69,70,"Orthodox","1995-03-23","male"
1361,"Muhammad Mokaev",125,67,70,"Orthodox","2000-07-30","male"
1362,"Ashkan Mokhtarian",125,66,67,"Southpaw","1985-09-15","male"
1363,"Suman Mokhtarian",145,68,72,"Orthodox","1992-06-13","male"
1364,"Jeff Molina",125,66,69,"Orthodox","1997-07-17","male"
1365,"Jeff Monson",247,69,74,"Orthodox","1971-01-18","male"
1366,"Darrell Montague",125,66,67,"Southpaw","1987-11-03","male"
1367,"Augusto Montano",170,73,73,"Orthodox","1984-10-25","male"
1368,"Erick Montano",170,72,73,"Orthodox","1985-11-19","male"
1369,"Nicco Montano",135,65,65,"Southpaw","1988-12-16","female"
1370,"James Moontasri",170,70,71,"Switch","1988-04-10","male"
1373,"Sergio Moraes",170,72,72,"Orthodox","1982-07-23","male"
1374,"Marlon Moraes",135,66,67,"Orthodox","1988-04-26","male"
1375,"Sheymon Moraes",145,68,72,"Orthodox","1990-10-11","male"
1376,"John Moraga",125,66,66,"Orthodox","1984-03-20","male"
1377,"Albert Morales",135,69,72,"Orthodox","1991-05-25","male"
1378,"Joseph Morales",125,66,69,"Switch","1994-08-22","male"
1379,"Vince Morales",135,69,70,"Orthodox","1990-11-12","male"
1380,"Omar Morales",155,71,73,"Orthodox","1985-10-17","male"
1381,"Michael Morales",170,72,79,"Orthodox","1999-06-24","male"
1382,"Sarah Moras",135,67,67,"Orthodox","1988-04-30","female"
1383,"Christian Morecraft",260,78,81,"Orthodox","1986-09-08","male"
1384,"Vinicius Moreira",205,76,76,"Orthodox","1989-02-28","male"
1385,"Brandon Moreno",125,67,70,"Orthodox","1993-12-07","male"
1386,"Dan Moret",155,72,73,"Southpaw","1986-11-21","male"
1388,"Alex Morono",170,71,72,"Orthodox","1990-08-16","male"
1389,"Maryna Moroz",125,67,67,"Orthodox","1991-09-08","female"
1390,"Sergey Morozov",135,66,67,"Orthodox","1989-06-14","male"
1391,"Carlos Mota",125,64,69,"Orthodox","1995-04-15","male"
1392,"Nikolas Motta",155,69,70,"Orthodox","1993-02-08","male"
1393,"Gegard Mousasi",185,74,76,"Orthodox","1985-08-01","male"
1394,"Kris Moutinho",135,67,68,"Southpaw","1992-08-09","male"
1395,"Jamie Moyle",115,61,65,"Orthodox","1989-03-17","female"
1396,"Askar Mozharov",205,75,74,"Orthodox","1994-10-26","male"
1397,"Lauren Mueller",125,65,67,"Orthodox","1991-11-15","female"
1398,"Belal Muhammad",170,71,72,"Orthodox","1988-07-09","male"
1399,"James Mulheron",243,70,73,"Orthodox","1988-02-20","male"
1400,"Jamie Mullarkey",155,72,74,"Orthodox","1994-08-17","male"
1401,"Pedro Munhoz",135,66,65,"Orthodox","1986-09-07","male"
1402,"Andre Muniz",185,73,78,"Southpaw","1990-02-17","male"
1403,"Mark Munoz",185,72,71,"Orthodox","1978-02-09","male"
1404,"Alexander Munoz",155,69,72,"Switch","1990-02-27","male"
1405,"Johnny Munoz",135,69,71,"Orthodox","1993-02-16","male"
1407,"Makhmud Muradov",185,74,75,"Orthodox","1990-02-08","male"
1408,"Kanako Murata",115,61,62,"Orthodox","1993-08-10","female"
1411,"Lauren Murphy",125,65,67,"Orthodox","1983-07-27","female"
1412,"Lerone Murphy",145,69,73,"Orthodox","1991-07-22","male"
1414,"Khalid Murtazaliev",185,72,76,"Orthodox","1993-07-15","male"
1415,"Azamat Murzakanov",205,70,71,"Southpaw","1989-04-12","male"
1416,"Nicholas Musoke",170,72,75,"Orthodox","1986-04-05","male"
1417,"Magomed Mustafaev",155,68,71,"Orthodox","1988-08-02","male"
1418,"Elvis Mutapcic",185,72,72,"Orthodox","1986-07-19","male"
1419,"Muhammad Naimov",155,69,70,"Orthodox","1994-08-07","male"
1420,"Kazuhiro Nakamura",205,71,70,"Orthodox","1979-07-16","male"
1421,"Keita Nakamura",170,71,73,"Southpaw","1984-05-22","male"
1422,"Rinya Nakamura",135,67,68,"Southpaw","1995-03-23","male"
1423,"Tyson Nam",125,67,68,"Orthodox","1983-10-06","male"
1424,"Rose Namajunas",115,65,65,"Orthodox","1992-06-29","female"
1425,"Nad Narimani",145,68,70,"Orthodox","1987-04-14","male"
1426,"Allan Nascimento",125,68,69,"Orthodox","1991-09-11","male"
1427,"Rodrigo Nascimento",246,74,80,"Orthodox","1992-11-26","male"
1428,"Bobby Nash",170,72,74,"Orthodox","1990-03-26","male"
1430,"Rafael Natal",185,72,77,"Orthodox","1982-12-25","male"
1431,"Kevin Natividad",135,66,70,"Orthodox","1993-04-02","male"
1432,"Ismail Naurdiev",170,70,74,"Orthodox","1996-08-18","male"
1433,"Tafon Nchukwi",185,72,77,"Orthodox","1994-10-14","male"
1434,"Geoff Neal",170,71,75,"Southpaw","1990-08-28","male"
1435,"Stanislav Nedkov",205,71,71,"Orthodox","1981-12-09","male"
1436,"Josh Neer",170,71,72,"Orthodox","1983-03-24","male"
1437,"Nicolae Negumereanu",205,72,78,"Orthodox","1994-09-04","male"
1438,"Shane Nelson",155,69,70,"Southpaw","1984-11-29","male"
1439,"Roy Nelson",263,72,73,"Orthodox","1976-06-20","male"
1440,"Gunnar Nelson",170,71,72,"Switch","1988-07-28","male"
1441,"Kyle Nelson",145,71,71,"Switch","1991-04-20","male"
1442,"Antonio Braga Neto",185,75,77,"Orthodox","1987-10-29","male"
1444,"Journey Newson",135,65,67,"Orthodox","1989-03-07","male"
1445,"Francis Ngannou",250,76,83,"Orthodox","1986-09-05","male"
1446,"Ben Nguyen",125,65,65,"Switch","1988-08-03","male"
1448,"Alex Nicholson",185,76,77,"Orthodox","1990-05-02","male"
1449,"Bo Nickal",185,73,76,"Southpaw","1996-01-14","male"
1450,"Matheus Nicolau",125,66,66,"Orthodox","1993-01-06","male"
1451,"Tom Niinimaki",145,69,69,"Orthodox","1982-07-25","male"
1452,"Ramsey Nijem",155,71,75,"Orthodox","1988-04-01","male"
1453,"Guangyou Ning",145,64,64,"Southpaw","1981-12-15","male"
1454,"Anthony Njokuani",155,73,75,"Orthodox","1980-03-01","male"
1455,"Chidi Njokuani",185,75,80,"Orthodox","1988-12-31","male"
1456,"Antonio Rodrigo Nogueira",240,75,77,"Orthodox","1976-06-02","male"
1457,"Rogerio Nogueira",205,74,75,"Southpaw","1976-06-02","male"
1458,"Kyle Noke",170,73,76,"Southpaw","1980-03-18","male"
1459,"KJ Noons",155,70,70,"Orthodox","1982-12-07","male"
1460,"Sage Northcutt",170,72,71,"Orthodox","1996-03-01","male"
1462,"Phillipe Nover",145,69,72,"Orthodox","1984-02-03","male"
1464,"Shayilan Nuerdanbieke",145,68,69,"Orthodox","1994-05-04","male"
1465,"Diego Nunes",145,66,67,"Orthodox","1982-11-30","male"
1466,"Amanda Nunes",135,68,69,"Orthodox","1988-05-30","female"
1467,"Nina Nunes",125,65,64,"Orthodox","1985-12-03","female"
1468,"Istela Nunes",115,64,66,"Orthodox","1992-07-23","female"
1469,"Josiane Nunes",145,62,67,"Southpaw","1993-12-23","female"
1470,"Khabib Nurmagomedov",155,70,70,"Orthodox","1988-09-20","male"
1471,"Said Nurmagomedov",135,68,70,"Orthodox","1992-04-05","male"
1472,"Abubakar Nurmagomedov",170,71,72,"Orthodox","1989-11-13","male"
1473,"Umar Nurmagomedov",135,68,69,"Orthodox","1996-01-03","male"
1474,"Kennedy Nzechukwu",205,77,83,"Southpaw","1992-06-13","male"
1475,"Jake O'Brien",205,75,76,"Orthodox","1984-09-25","male"
1476,"Sean O'Connell",205,73,74,"Orthodox","1983-09-02","male"
1477,"Sean O'Malley",135,71,72,"Switch","1994-10-24","male"
1478,"Casey O'Neill",125,66,69,"Orthodox","1997-10-07","female"
1479,"Brendan O'Reilly",170,67,69,"Orthodox","1987-06-24","male"
1481,"Volkan Oezdemir",205,74,75,"Orthodox","1989-09-19","male"
1482,"Trey Ogden",155,71,72,"Orthodox","1989-11-14","male"
1483,"Andy Ogle",145,68,69,"Orthodox","1989-02-16","male"
1484,"Yushin Okami",170,74,75,"Southpaw","1981-07-21","male"
1486,"Aleksei Oleinik",240,74,80,"Orthodox","1977-06-20","male"
1487,"Michal Oleksiejczuk",185,72,74,"Southpaw","1995-02-22","male"
1488,"Rafaello Oliveira",155,68,71,"Orthodox","1982-01-26","male"
1489,"Charles Oliveira",155,70,74,"Orthodox","1989-10-17","male"
1490,"Alex Oliveira",170,71,76,"Orthodox","1988-02-21","male"
1491,"Maria Oliveira",115,66,69,"Orthodox","1996-12-12","female"
1493,"Saimon Oliveira",135,64,72,"Orthodox","1991-04-21","male"
1495,"Gadzhi Omargadzhiev",170,73,71,"Switch","1993-02-24","male"
1496,"Daniel Omielanczuk",247,72,74,"Southpaw","1982-08-31","male"
1497,"Michihiro Omigawa",145,66,68,"Orthodox","1975-12-19","male"
1498,"David Onama",145,71,74,"Orthodox","1994-06-07","male"
1499,"Charlie Ontiveros",155,74,74,"Switch","1991-07-04","male"
1500,"Brian Ortega",145,68,69,"Switch","1991-02-21","male"
1501,"Tito Ortiz",205,75,74,"Orthodox","1975-01-23","male"
1502,"Dustin Ortiz",125,65,65,"Orthodox","1988-12-25","male"
1504,"Ode Osbourne",125,67,73,"Southpaw","1992-01-09","male"
1505,"Nick Osipczak",170,74,76,"Orthodox","1984-12-30","male"
1506,"Rachael Ostovich",125,63,62,"Orthodox","1991-02-25","female"
1507,"Zak Ottow",170,71,72,"Orthodox","1986-12-22","male"
1509,"Alistair Overeem",265,76,80,"Orthodox","1980-05-17","male"
1510,"Alptekin Ozkilic",125,65,65,"Orthodox","1986-03-27","male"
1511,"Nick Pace",135,67,68,"Orthodox","1987-04-17","male"
1512,"Teemu Packalen",155,73,75,"Orthodox","1987-05-22","male"
1513,"Fernando Padilla",145,73,76,"Orthodox","1996-12-15","male"
1514,"Damacio Page",135,66,66,"Orthodox","1982-09-30","male"
1515,"Dustin Pague",135,69,74,"Orthodox","1987-08-05","male"
1516,"Raulian Paiva",135,68,69,"Orthodox","1995-10-17","male"
1518,"Fredson Paixao",145,66,66,"Orthodox","1979-05-13","male"
1519,"Bart Palaszewski",145,69,70,"Orthodox","1983-05-30","male"
1520,"Sasha Palatnikov",170,73,72,"Switch","1989-03-15","male"
1521,"Soa Palelei",265,76,81,"Orthodox","1977-07-12","male"
1522,"Rousimar Palhares",170,68,71,"Orthodox","1980-02-26","male"
1523,"Alexandre Pantoja",125,65,67,"Orthodox","1990-04-16","male"
1524,"Jared Papazian",135,68,67,"Southpaw","1988-02-01","male"
1526,"Josh Parisian",265,76,79,"Orthodox","1989-06-28","male"
1527,"Karo Parisyan",170,70,72,"Orthodox","1982-08-28","male"
1528,"JunYong Park",185,70,73,"Orthodox","1991-02-27","male"
1530,"HyunSung Park",125,67,66,"Orthodox","1995-11-04","male"
1531,"Norman Parke",155,71,70,"Southpaw","1986-12-22","male"
1532,"Mick Parkin",265,76,79,"Orthodox","1995-10-02","male"
1533,"Preston Parsons",170,71,71,"Orthodox","1995-07-15","male"
1534,"Jonny Parsons",170,69,69,"Orthodox","1991-09-06","male"
1535,"Ramona Pascual",135,67,66,"Southpaw","1988-09-23","female"
1539,"Claude Patrick",170,71,75,"Orthodox","1980-06-14","male"
1540,"Alan Patrick",155,71,74,"Southpaw","1983-07-19","male"
1541,"Sam Patterson",155,75,78,"Orthodox","1996-04-30","male"
1542,"Zac Pauga",205,74,76,"Orthodox","1988-02-25","male"
1544,"Sergei Pavlovich",257,75,84,"Southpaw","1992-05-13","male"
1545,"Pawel Pawlak",170,72,73,"Orthodox","1989-02-08","male"
1546,"Jonathan Pearce",145,72,71,"Switch","1992-05-01","male"
1547,"Ross Pearson",155,68,69,"Orthodox","1984-09-26","male"
1548,"Carlo Pedersoli Jr.",170,71,75,"Southpaw","1993-06-08","male"
1549,"Tyson Pedro",205,75,79,"Orthodox","1991-09-17","male"
1550,"Trevor Peek",155,69,70,"Switch","1995-01-09","male"
1551,"Kurt Pellegrino",155,68,70,"Orthodox","1979-05-07","male"
1552,"Julianna Pena",135,66,69,"Orthodox","1989-08-19","female"
1553,"Luis Pena",155,75,75,"Southpaw","1993-07-05","male"
1555,"Cathal Pendred",170,73,75,"Orthodox","1987-09-02","male"
1556,"BJ Penn",155,69,70,"Orthodox","1978-12-13","male"
1557,"Jessica Penne",115,65,67,"Orthodox","1983-01-30","female"
1558,"Raquel Pennington",135,67,67,"Orthodox","1988-09-05","female"
1559,"Godofredo Pepey",145,67,73,"Orthodox","1987-07-02","male"
1560,"Robert Peralta",145,68,71,"Orthodox","1986-03-14","male"
1561,"Viviane Pereira",115,61,63,"Orthodox","1993-08-28","female"
1562,"Michel Pereira",170,73,73,"Orthodox","1993-10-06","male"
1563,"Alex Pereira",205,76,79,"Orthodox","1987-07-07","male"
1564,"Erik Perez",135,68,68,"Orthodox","1989-11-19","male"
1565,"Alejandro Perez",135,66,67,"Orthodox","1989-09-02","male"
1566,"Frankie Perez",155,71,73,"Orthodox","1989-05-11","male"
1567,"Alex Perez",125,66,65,"Orthodox","1992-03-21","male"
1568,"Markus Perez",185,73,73,"Orthodox","1988-06-22","male"
1569,"Ailin Perez",135,65,66,"Switch","1994-10-05","female"
1570,"Anthony Perosh",205,75,75,"Orthodox","1972-10-05","male"
1571,"Jay Perrin",135,67,67,"Switch","1993-06-15","male"
1572,"Mike Perry",170,70,71,"Orthodox","1991-09-15","male"
1573,"Raphael Pessoa",262,75,78,"Orthodox","1989-03-09","male"
1574,"Viktor Pesta",240,75,77,"Orthodox","1990-07-15","male"
1575,"Steven Peterson",145,70,70,"Orthodox","1990-05-29","male"
1576,"Vitor Petrino",205,74,77,"Orthodox","1997-08-28","male"
1577,"Andre Petroski",185,72,73,"Switch","1991-06-12","male"
1578,"Armen Petrosyan",185,75,71,"Orthodox","1990-11-02","male"
1579,"Ivana Petrovic",125,68,70,"Southpaw","1994-06-11","female"
1580,"Seth Petruzelli",205,72,76,"Orthodox","1979-12-03","male"
1582,"Anthony Pettis",155,70,72,"Orthodox","1987-01-27","male"
1583,"Sergio Pettis",125,66,69,"Orthodox","1993-08-18","male"
1584,"Forrest Petz",170,69,71,"Orthodox","1975-09-22","male"
1585,"Cody Pfister",155,70,73,"Orthodox","1990-07-12","male"
1586,"Nam Phan",135,66,70,"Orthodox","1983-03-13","male"
1587,"Constantinos Philippou",185,71,73,"Orthodox","1979-11-29","male"
1588,"Aaron Phillips",135,69,71,"Southpaw","1989-08-05","male"
1589,"Elizabeth Phillips",135,66,65,"Orthodox","1986-08-20","female"
1590,"John Phillips",185,71,75,"Southpaw","1985-06-09","male"
1591,"Kyler Phillips",135,68,72,"Orthodox","1995-06-12","male"
1592,"Vinc Pichel",155,70,72,"Orthodox","1982-11-23","male"
1593,"Brad Pickett",135,66,68,"Orthodox","1978-09-24","male"
1594,"Jamie Pickett",185,74,80,"Orthodox","1988-08-29","male"
1595,"Oskar Piechota",185,72,76,"Southpaw","1990-01-24","male"
1596,"Mike Pierce",170,68,71,"Orthodox","1980-09-01","male"
1597,"Sean Pierson",170,72,76,"Southpaw","1976-03-10","male"
1598,"Domingo Pilarte",135,72,73,"Southpaw","1990-01-05","male"
1599,"Paddy Pimblett",155,70,73,"Orthodox","1995-01-03","male"
1600,"Daniel Pineda",145,67,69,"Orthodox","1985-08-06","male"
1601,"Pingyuan Liu",135,66,72,"Orthodox","1993-02-13","male"
1602,"Luana Pinheiro",115,62,62,"Orthodox","1992-11-18","female"
1603,"Gaetano Pirrello",135,67,65,"Orthodox","1992-04-29","male"
1604,"Maki Pitolo",185,70,75,"Orthodox","1990-11-24","male"
1605,"Jamal Pogues",205,75,77,"Orthodox","1995-12-01","male"
1606,"Dustin Poirier",155,69,72,"Southpaw","1989-01-19","male"
1607,"Igor Pokrajac",205,72,74,"Orthodox","1979-01-02","male"
1609,"Santiago Ponzinibbio",170,72,73,"Orthodox","1986-09-26","male"
1610,"Grigory Popov",135,67,68,"Switch","1984-04-18","male"
1611,"Parker Porter",265,72,75,"Orthodox","1985-04-22","male"
1612,"Ihor Potieria",205,75,75,"Southpaw","1996-05-29","male"
1613,"Callan Potter",170,72,72,"Orthodox","1984-06-09","male"
1615,"Ruan Potts",247,74,75,"Orthodox","1978-02-23","male"
1616,"Devin Powell",155,72,73,"Orthodox","1988-03-01","male"
1617,"Marcin Prachnio",205,75,74,"Orthodox","1988-07-14","male"
1618,"Wagner Prado",205,72,74,"Southpaw","1986-12-30","male"
1619,"Francisco Prado",155,70,69,"Orthodox","2002-06-16","male"
1620,"Trevor Prangley",185,73,75,"Orthodox","1972-08-24","male"
1622,"Carlo Prater",155,71,72,"Switch","1981-06-25","male"
1623,"Michel Prazeres",170,66,67,"Orthodox","1981-07-25","male"
1624,"Kyle Prepolec",170,70,70,"Southpaw","1989-08-30","male"
1625,"Niko Price",170,72,76,"Orthodox","1989-09-29","male"
1626,"Jiri Prochazka",205,75,80,"Orthodox","1992-10-14","male"
1627,"Lara Procopio",125,64,67,"Orthodox","1995-11-14","female"
1628,"Joe Proctor",155,70,72,"Orthodox","1985-08-10","male"
1630,"Lucie Pudilova",135,68,67,"Orthodox","1994-06-13","female"
1631,"Claudio Puelles",155,70,72,"Southpaw","1996-04-21","male"
1633,"Jens Pulver",145,67,70,"Southpaw","1974-12-06","male"
1634,"CM Punk",170,73,73,"Orthodox","1978-10-26","male"
1635,"Joe Pyfer",185,74,75,"Orthodox","1996-09-17","male"
1636,"Mike Pyle",170,72,74,"Orthodox","1975-09-18","male"
1638,"Billy Quarantillo",145,70,70,"Orthodox","1988-12-08","male"
1639,"Nate Quarry",185,72,72,"Open Stance","1972-03-18","male"
1640,"Josh Quinlan",170,72,72,"Orthodox","1993-02-06","male"
1641,"Michel Quinones",155,70,73,"Orthodox","1984-12-22","male"
1642,"Jose Quinonez",135,68,69,"Southpaw","1990-07-28","male"
1643,"Cristian Quinonez",135,68,70,"Orthodox","1996-04-26","male"
1644,"Loik Radzhabov",155,71,69,"Orthodox","1990-09-17","male"
1645,"Ricky Rainey",170,73,77,"Switch","1983-06-29","male"
1646,"Shavkat Rakhmonov",170,73,77,"Orthodox","1994-10-23","male"
1647,"Aleksandar Rakic",205,76,78,"Orthodox","1992-02-06","male"
1648,"Ricardo Ramos",145,69,72,"Orthodox","1995-08-01","male"
1649,"Davi Ramos",155,66,70,"Orthodox","1986-11-05","male"
1652,"Bec Rawlings",125,66,64,"Orthodox","1989-02-11","female"
1653,"Stevie Ray",155,70,70,"Southpaw","1990-03-25","male"
1654,"Abdul Razak Alhassan",185,70,73,"Orthodox","1985-08-11","male"
1655,"Mateusz Rebecki",155,67,66,"Southpaw","1992-11-03","male"
1659,"Elise Reed",115,63,63,"Orthodox","1992-12-05","female"
1661,"Wilson Reis",125,64,65,"Southpaw","1985-01-06","male"
1662,"Goran Reljic",205,75,81,"Southpaw","1984-03-20","male"
1663,"Chance Rencountre",170,74,75,"Southpaw","1986-12-31","male"
1664,"Marion Reneau",135,66,68,"Orthodox","1977-06-20","female"
1666,"Marco Polo Reyes",155,71,71,"Orthodox","1984-11-07","male"
1667,"Dominick Reyes",205,76,77,"Southpaw","1989-12-26","male"
1668,"Alex Reyes",170,71,73,"Orthodox","1986-10-02","male"
1670,"Mike Rhodes",170,73,74,"Orthodox","1989-12-04","male"
1671,"Amanda Ribas",125,63,66,"Orthodox","1993-08-26","female"
1672,"Claudio Ribeiro",185,73,77,"Orthodox","1992-07-17","male"
1673,"Esteban Ribovics",155,70,69,"Orthodox","1996-04-27","male"
1674,"Mike Ricci",155,72,76,"Southpaw","1986-03-18","male"
1675,"Tabatha Ricci",115,61,61,"Orthodox","1995-02-21","female"
1676,"Brad Riddell",155,67,71,"Orthodox","1991-09-30","male"
1677,"Matthew Riddle",170,73,76,"Southpaw","1986-01-14","male"
1678,"Joe Riggs",185,72,70,"Southpaw","1982-09-23","male"
1679,"Aaron Riley",155,68,69,"Southpaw","1980-12-09","male"
1680,"Jordan Rinaldi",145,70,72,"Orthodox","1987-09-25","male"
1681,"Nick Ring",185,72,74,"Southpaw","1979-02-10","male"
1682,"Mike Rio",155,70,70,"Orthodox","1981-07-06","male"
1683,"Diego Rivas",145,68,69,"Orthodox","1991-11-11","male"
1684,"Jorge Rivera",185,73,73,"Orthodox","1972-02-28","male"
1685,"Francisco Rivera",135,68,70,"Orthodox","1981-10-08","male"
1686,"Jimmie Rivera",135,64,68,"Orthodox","1989-06-29","male"
1687,"Irwin Rivera",135,66,67,"Southpaw","1989-02-14","male"
1688,"Jerome Rivera",125,70,72,"Southpaw","1995-04-22","male"
1691,"Karl Roberson",205,73,74,"Southpaw","1990-10-04","male"
1692,"Daniel Roberts",170,70,74,"Southpaw","1980-08-05","male"
1693,"Danny Roberts",170,73,74,"Southpaw","1987-07-14","male"
1694,"Roosevelt Roberts",155,74,73,"Orthodox","1994-02-11","male"
1695,"Kenny Robertson",170,70,74,"Orthodox","1984-02-14","male"
1696,"Gillian Robertson",115,65,63,"Orthodox","1995-05-17","female"
1697,"Alvin Robinson",155,69,68,"Southpaw","1982-07-16","male"
1698,"Vagner Rocha",155,70,73,"Orthodox","1982-06-06","male"
1699,"Carlos Eduardo Rocha",170,70,73,"Orthodox","1981-07-12","male"
1700,"Luke Rockhold",185,75,77,"Southpaw","1984-10-17","male"
1701,"Gregory Rodrigues",185,75,75,"Orthodox","1992-02-17","male"
1702,"Kleydson Rodrigues",125,65,67,"Orthodox","1995-10-22","male"
1703,"Yair Rodriguez",145,71,71,"Orthodox","1992-10-06","male"
1704,"Mike Rodriguez",205,76,82,"Southpaw","1988-11-28","male"
1705,"Marina Rodriguez",115,66,65,"Orthodox","1987-04-29","female"
1706,"Daniel Rodriguez",170,73,74,"Southpaw","1986-12-31","male"
1707,"Ray Rodriguez",135,67,70,"Orthodox","1987-12-10","male"
1709,"Drako Rodriguez",135,68,69,"Orthodox","1996-06-16","male"
1710,"Victor Rodriguez",125,65,67,"Switch","1992-09-05","male"
1711,"Piera Rodriguez",115,63,63,"Orthodox","1992-11-11","female"
1712,"Christian Rodriguez",135,67,71,"Orthodox","1997-12-17","male"
1713,"Pete Rodriguez",155,69,71,"Switch","1996-11-13","male"
1714,"Marcos Rogerio de Lima",253,73,75,"Orthodox","1985-06-25","male"
1716,"Max Rohskopf",155,73,71,"Orthodox","1994-09-27","male"
1717,"Marcelo Rojo",145,68,71,"Orthodox","1988-07-02","male"
1718,"Shane Roller",155,70,72,"Orthodox","1979-07-14","male"
1719,"Alexandr Romanov",262,74,75,"Southpaw","1990-12-11","male"
1720,"Ricardo Romero",205,72,76,"Orthodox","1978-04-15","male"
1721,"Yoel Romero",185,72,73,"Southpaw","1977-04-30","male"
1724,"Mara Romero Borella",125,66,69,"Orthodox","1986-06-03","female"
1725,"Juancamilo Ronderos",125,63,64,"Southpaw","1995-02-17","male"
1726,"Rongzhu",155,69,72,"Orthodox","2000-03-07","male"
1727,"Jesse Ronson",155,70,70,"Southpaw","1985-12-24","male"
1728,"George Roop",135,73,72,"Orthodox","1981-11-10","male"
1729,"Aaron Rosa",205,76,77,"Orthodox","1983-05-28","male"
1730,"Charles Rosa",145,69,69,"Switch","1986-08-24","male"
1731,"Karol Rosa",145,65,67,"Orthodox","1994-12-30","female"
1733,"Raul Rosas Jr.",135,69,67,"Switch","2004-10-08","male"
1735,"Jared Rosholt",265,74,75,"Orthodox","1986-08-04","male"
1736,"Shannon Ross",125,66,66,"Switch","1989-05-12","male"
1737,"Ben Rothwell",265,76,78,"Orthodox","1981-10-17","male"
1738,"Khalil Rountree Jr.",205,73,76,"Southpaw","1990-02-26","male"
1739,"Ronda Rousey",135,67,66,"Orthodox","1987-02-01","female"
1740,"Phil Rowe",170,75,80,"Orthodox","1990-07-18","male"
1741,"Brandon Royval",125,69,68,"Southpaw","1992-08-16","male"
1742,"Jairzinho Rozenstruik",242,74,78,"Orthodox","1988-03-17","male"
1743,"Mauricio Rua",205,73,76,"Orthodox","1981-11-25","male"
1744,"Mike Russow",255,73,73,"Orthodox","1976-09-11","male"
1745,"Nursulton Ruziboev",185,77,76,"Orthodox","1993-11-19","male"
1746,"Cameron Saaiman",135,68,67,"Southpaw","2000-12-20","male"
1748,"Pat Sabatini",145,68,70,"Orthodox","1990-11-09","male"
1749,"Amir Sadollah",170,70,75,"Orthodox","1980-08-27","male"
1750,"Nazim Sadykhov",155,70,69,"Southpaw","1994-05-16","male"
1751,"Frankie Saenz",135,66,66,"Orthodox","1980-08-12","male"
1752,"Saparbeg Safarov",185,73,78,"Orthodox","1986-10-14","male"
1753,"Tarec Saffiedine",170,70,70,"Switch","1986-09-06","male"
1754,"Jason Saggo",155,71,71,"Orthodox","1985-11-23","male"
1755,"Benoit Saint Denis",155,71,73,"Southpaw","1995-12-18","male"
1756,"Ovince Saint Preux",205,75,80,"Southpaw","1983-04-08","male"
1757,"Lukasz Sajewski",155,68,71,"Orthodox","1990-11-27","male"
1758,"Augusto Sakai",265,75,77,"Orthodox","1991-05-09","male"
1759,"Alessio Sakara",185,72,72,"Orthodox","1981-09-02","male"
1760,"Gokhan Saki",205,72,73,"Orthodox","1983-10-19","male"
1761,"Justin Salas",155,68,70,"Southpaw","1982-03-13","male"
1762,"Luis Saldana",145,71,73,"Orthodox","1991-01-27","male"
1763,"Muslim Salikhov",170,71,70,"Orthodox","1984-06-09","male"
1764,"Boston Salmon",135,69,69,"Southpaw","1990-11-20","male"
1765,"John Salter",185,73,74,"Southpaw","1985-03-21","male"
1766,"Vinicius Salvador",125,67,70,"Southpaw","1996-07-24","male"
1767,"Josh Samman",185,75,79,"Orthodox","1988-03-14","male"
1768,"Josh Sampo",125,64,64,"Orthodox","1984-07-24","male"
1769,"Diego Sanchez",170,70,72,"Southpaw","1981-12-31","male"
1770,"Eddie Sanchez",230,74,74,"Orthodox","1982-11-04","male"
1771,"Joby Sanchez",135,66,68,"Orthodox","1991-06-24","male"
1772,"Andrew Sanchez",185,73,74,"Orthodox","1988-04-08","male"
1773,"Robert Sanchez",125,66,66,"Orthodox","1986-03-05","male"
1774,"Luke Sanders",135,66,67,"Southpaw","1985-12-12","male"
1775,"Jerrod Sanders",135,68,72,"Orthodox","1979-10-01","male"
1776,"Cory Sandhagen",135,71,70,"Switch","1992-04-20","male"
1777,"Hector Sandoval",125,62,64,"Orthodox","1986-07-19","male"
1778,"Martin Sano",170,71,75,"Orthodox","1991-05-30","male"
1779,"Duda Santana",145,67,73,"Orthodox","1996-01-10","female"
1781,"Jorge Santiago",170,73,75,"Orthodox","1980-10-09","male"
1782,"Mike Santiago",145,70,69,"Orthodox","1989-07-28","male"
1785,"Iliarde Santos",125,65,67,"Orthodox","1980-09-25","male"
1786,"Leonardo Santos",155,72,75,"Orthodox","1980-02-05","male"
1787,"Thiago Santos",205,74,76,"Orthodox","1984-01-07","male"
1788,"Yana Santos",135,66,68,"Orthodox","1989-11-11","female"
1789,"Taila Santos",125,66,68,"Orthodox","1993-06-22","female"
1791,"Daniel Santos",135,67,67,"Orthodox","1995-03-12","male"
1792,"Gabriel Santos",145,69,70,"Orthodox","1996-11-28","male"
1793,"Daniel Sarafian",185,69,73,"Orthodox","1982-08-21","male"
1794,"Jeka Saragih",155,68,69,"Orthodox","1995-01-01","male"
1795,"Yuta Sasaki",125,70,71,"Southpaw","1989-10-07","male"
1796,"Paul Sass",155,72,73,"Orthodox","1988-08-04","male"
1798,"Takashi Sato",170,70,73,"Southpaw","1990-06-09","male"
1799,"Ben Saunders",170,74,77,"Orthodox","1983-04-13","male"
1800,"Matt Sayles",155,67,68,"Orthodox","1994-02-21","male"
1801,"Eric Schafer",185,75,76,"Orthodox","1977-09-20","male"
1802,"Brendan Schaub",245,76,78,"Orthodox","1983-03-18","male"
1804,"Matt Schnell",125,68,70,"Orthodox","1990-01-15","male"
1805,"Justin Scoggins",125,67,66,"Southpaw","1992-05-02","male"
1806,"Brad Scott",170,73,76,"Orthodox","1989-06-24","male"
1807,"Neil Seery",125,64,64,"Orthodox","1979-08-30","male"
1808,"Stefan Sekulic",170,72,75,"Southpaw","1992-02-12","male"
1809,"Pete Sell",170,71,75,"Orthodox","1982-08-05","male"
1810,"Matthew Semelsberger",170,73,75,"Switch","1992-11-23","male"
1811,"Mackens Semerzier",145,69,72,"Orthodox","1980-11-03","male"
1814,"Matt Serra",170,66,68,"Orthodox","1974-06-02","male"
1815,"Fredy Serrano",125,63,65,"Orthodox","1979-09-22","male"
1816,"Edmen Shahbazyan",185,74,75,"Orthodox","1997-11-20","male"
1818,"Don Shainis",145,66,67,"Orthodox","1990-09-16","male"
1819,"Liliya Shakirova",125,64,65,"Orthodox","1991-10-24","female"
1820,"Kamal Shalorus",155,68,68,"Orthodox","1972-08-27","male"
1821,"Ken Shamrock",205,73,72,"Orthodox","1964-02-11","male"
1823,"Eric Shelton",125,66,68,"Orthodox","1991-02-02","male"
1824,"Sean Sherk",155,66,67,"Orthodox","1973-08-05","male"
1825,"Chase Sherman",250,76,78,"Orthodox","1989-11-16","male"
1826,"Valentina Shevchenko",125,65,66,"Southpaw","1988-03-07","female"
1827,"Antonina Shevchenko",125,68,67,"Southpaw","1984-11-20","female"
1828,"Jake Shields",170,72,72,"Orthodox","1979-01-09","male"
1830,"Liudvik Sholinian",135,70,71,"Orthodox","1990-01-20","male"
1831,"Jack Shore",135,68,71,"Orthodox","1995-02-06","male"
1833,"Sam Sicilia",145,68,67,"Orthodox","1986-02-01","male"
1834,"Steven Siler",145,71,70,"Orthodox","1987-02-15","male"
1835,"Anderson Silva",185,74,77,"Southpaw","1975-04-14","male"
1836,"Wanderlei Silva",205,71,74,"Orthodox","1976-07-03","male"
1837,"Thiago Silva",205,74,74,"Orthodox","1982-11-12","male"
1838,"Antonio Silva",264,76,82,"Orthodox","1979-09-14","male"
1839,"Erick Silva",170,72,74,"Orthodox","1984-06-21","male"
1840,"Leandro Silva",155,69,72,"Orthodox","1985-11-11","male"
1841,"Claudio Silva",170,71,71,"Southpaw","1982-09-06","male"
1842,"Joaquim Silva",155,68,69,"Southpaw","1989-02-05","male"
1843,"Felipe Silva",155,72,77,"Orthodox","1984-05-08","male"
1844,"Bruno Silva",125,64,65,"Orthodox","1990-03-16","male"
1845,"Bruno Silva",185,72,74,"Orthodox","1989-07-13","male"
1846,"Gabriel Silva",135,66,71,"Orthodox","1994-08-26","male"
1848,"Natalia Silva",125,64,65,"Southpaw","1997-02-03","female"
1851,"Karine Silva",125,65,67,"Orthodox","1993-12-02","female"
1852,"Erik Silva",145,69,71,"Orthodox","1987-03-16","male"
1853,"Douglas Silva de Andrade",135,67,68,"Orthodox","1985-06-22","male"
1854,"Elias Silverio",155,71,73,"Orthodox","1986-09-22","male"
1856,"Jamey Simmons",135,66,70,"Orthodox","1992-09-11","male"
1857,"Ricky Simon",135,66,69,"Orthodox","1992-08-31","male"
1858,"Aaron Simpson",170,72,73,"Orthodox","1974-07-20","male"
1859,"Tony Sims",155,71,70,"Southpaw","1985-10-14","male"
1861,"Rory Singer",185,74,77,"Orthodox","1976-05-28","male"
1863,"Elvis Sinosic",205,75,77,"Orthodox","1971-02-13","male"
1866,"Dennis Siver",145,66,70,"Orthodox","1979-01-13","male"
1867,"Chas Skelly",145,71,72,"Orthodox","1985-05-11","male"
1868,"Scott Smith",185,72,70,"Orthodox","1979-05-21","male"
1869,"Trevor Smith",185,75,75,"Orthodox","1981-01-05","male"
1870,"Anthony Smith",205,76,76,"Orthodox","1988-07-26","male"
1871,"Colton Smith",155,72,71,"Orthodox","1987-08-14","male"
1872,"Leslie Smith",135,69,66,"Orthodox","1982-08-17","female"
1873,"Devonte Smith",155,69,76,"Orthodox","1993-07-30","male"
1874,"Cole Smith",135,71,67,"Orthodox","1989-04-05","male"
1876,"Braxton Smith",257,71,72,"Orthodox","1990-01-01","male"
1877,"Dmitrii Smoliakov",253,74,74,"Switch","1982-08-05","male"
1878,"Louis Smolka",135,69,68,"Orthodox","1991-07-16","male"
1880,"Richie Smullen",155,69,68,"Orthodox","1991-08-17","male"
1882,"Peter Sobotta",170,72,75,"Southpaw","1987-01-11","male"
1883,"Renato Sobral",205,73,75,"Orthodox","1975-09-07","male"
1884,"Rameau Thierry Sokoudjou",205,70,78,"Orthodox","1984-04-18","male"
1885,"Joe Solecki",155,69,70,"Orthodox","1993-08-27","male"
1886,"Song Kenan",170,72,71,"Orthodox","1990-03-10","male"
1887,"Song Yadong",135,68,67,"Orthodox","1997-12-02","male"
1888,"Chael Sonnen",205,73,73,"Southpaw","1977-04-03","male"
1889,"Jin Soo Son",135,66,69,"Orthodox","1993-04-01","male"
1890,"Sean Soriano",145,69,70,"Orthodox","1989-10-06","male"
1891,"Punahele Soriano",185,71,72,"Southpaw","1992-11-22","male"
1892,"Dmitry Sosnovskiy",240,75,77,"Orthodox","1989-07-06","male"
1893,"Ben Sosoli",265,72,72,"Southpaw","1989-12-10","male"
1894,"Krzysztof Soszynski",205,73,77,"Open Stance","1977-08-02","male"
1895,"George Sotiropoulos",155,70,71,"Orthodox","1977-07-09","male"
1896,"Greg Soto",170,71,73,"Orthodox","1986-06-03","male"
1897,"Joe Soto",135,66,65,"Orthodox","1987-03-22","male"
1898,"Andre Soukhamthath",135,69,70,"Orthodox","1988-10-23","male"
1900,"Jacare Souza",185,73,72,"Orthodox","1979-12-07","male"
1901,"Edimilson Souza",145,72,74,"Orthodox","1984-10-17","male"
1902,"Livinha Souza",115,63,63,"Orthodox","1991-03-11","female"
1903,"Bruno Souza",145,70,70,"Orthodox","1996-03-07","male"
1904,"Ketlen Souza",125,63,63,"Orthodox","1994-08-18","female"
1905,"Ryan Spann",205,77,79,"Orthodox","1991-08-24","male"
1906,"Tommy Speer",170,70,71,"Orthodox","1984-08-20","male"
1907,"Sean Spencer",170,70,74,"Orthodox","1987-06-25","male"
1908,"Felicia Spencer",145,66,68,"Orthodox","1990-11-29","female"
1909,"Eric Spicely",185,73,73,"Orthodox","1986-09-29","male"
1910,"Daniel Spitz",245,79,82,"Orthodox","1990-07-31","male"
1911,"Serghei Spivac",260,75,78,"Orthodox","1995-01-24","male"
1912,"Daniel Spohn",205,76,79,"Southpaw","1984-10-12","male"
1913,"Austin Springer",145,68,71,"Orthodox","1987-05-12","male"
1914,"Georges St-Pierre",185,71,76,"Orthodox","1981-05-19","male"
1915,"Ron Stallings",170,74,75,"Southpaw","1983-01-25","male"
1916,"Cody Stamann",135,66,64,"Orthodox","1989-11-09","male"
1917,"Brian Stann",205,73,74,"Orthodox","1980-09-24","male"
1918,"Josh Stansbury",205,74,74,"Orthodox","1984-11-19","male"
1919,"Clifford Starks",185,72,78,"Orthodox","1981-04-25","male"
1920,"Kalib Starnes",185,75,74,"Orthodox","1975-01-06","male"
1921,"Laureano Staropoli",185,73,71,"Orthodox","1993-02-27","male"
1922,"Damian Stasiak",135,65,70,"Orthodox","1990-02-20","male"
1923,"Dominique Steele",170,70,74,"Orthodox","1988-01-27","male"
1925,"Steve Steinbeiss",185,75,75,"Orthodox","1981-05-05","male"
1926,"Jeremy Stephens",145,69,71,"Orthodox","1986-05-25","male"
1927,"Aljamain Sterling",135,67,71,"Orthodox","1989-07-31","male"
1928,"Joe Stevenson",145,67,70,"Orthodox","1982-06-15","male"
1929,"Maia Stevenson",115,64,62,"Orthodox","1982-03-19","female"
1930,"Darren Stewart",205,72,74,"Orthodox","1990-12-30","male"
1931,"Kyle Stewart",170,72,76,"Orthodox","1989-01-31","male"
1933,"Dustin Stoltzfus",185,72,75,"Orthodox","1991-11-15","male"
1934,"Niklas Stolze",155,73,74,"Switch","1992-12-28","male"
1935,"Ken Stone",135,68,71,"Southpaw","1982-10-08","male"
1936,"Rick Story",170,69,71,"Southpaw","1984-08-28","male"
1937,"Darko Stosic",205,72,76,"Orthodox","1992-02-09","male"
1938,"Sam Stout",155,69,70,"Orthodox","1984-04-23","male"
1939,"Jesse Strader",135,67,70,"Orthodox","1991-05-29","male"
1940,"Sean Strickland",185,73,76,"Orthodox","1991-02-27","male"
1941,"Mark Striegl",145,68,70,"Southpaw","1988-06-23","male"
1942,"Stefan Struve",265,83,84,"Orthodox","1988-02-18","male"
1943,"Tatiana Suarez",115,65,66,"Southpaw","1990-12-19","female"
1945,"George Sullivan",170,72,73,"Orthodox","1981-03-13","male"
1947,"Sumudaerji",125,68,72,"Southpaw","1996-01-20","male"
1950,"Cub Swanson",145,68,70,"Orthodox","1983-11-02","male"
1951,"Mike Swick",170,73,77,"Orthodox","1979-06-19","male"
1953,"Tim Sylvia",265,80,80,"Orthodox","1976-03-05","male"
1954,"Justin Tafa",264,72,74,"Southpaw","1993-12-13","male"
1955,"Junior Tafa",240,75,72,"Orthodox","1996-09-21","male"
1956,"Khalid Taha",135,65,69,"Orthodox","1992-02-15","male"
1957,"Tatsuro Taira",125,67,70,"Orthodox","2000-01-27","male"
1958,"Mairbek Taisumov",155,69,73,"Orthodox","1988-08-08","male"
1959,"Nordine Taleb",170,73,74,"Orthodox","1981-06-10","male"
1961,"Issei Tamura",135,65,63,"Orthodox","1984-03-12","male"
1962,"Michinori Tanaka",135,65,67,"Orthodox","1990-10-04","male"
1963,"Evan Tanner",185,72,74,"Orthodox","1971-02-11","male"
1965,"Miesha Tate",135,66,65,"Orthodox","1986-08-18","female"
1967,"Thiago Tavares",145,67,70,"Orthodox","1984-11-08","male"
1968,"Brad Tavares",185,73,74,"Orthodox","1987-12-21","male"
1969,"Paul Taylor",155,72,72,"Orthodox","1979-12-15","male"
1970,"Jesse Taylor",170,72,73,"Orthodox","1983-01-02","male"
1971,"Danielle Taylor",115,60,60,"Orthodox","1989-10-25","female"
1972,"James Te Huna",185,74,75,"Orthodox","1981-09-29","male"
1973,"Glover Teixeira",205,74,76,"Orthodox","1979-10-28","male"
1975,"David Teymur",155,69,73,"Southpaw","1989-05-01","male"
1976,"Daniel Teymur",145,65,69,"Orthodox","1988-02-03","male"
1977,"Brandon Thatch",170,74,74,"Switch","1985-07-11","male"
1978,"Elias Theodorou",185,73,75,"Orthodox","1988-05-31","male"
1979,"Paulo Thiago",170,71,74,"Orthodox","1981-01-25","male"
1980,"Nick Thompson",170,73,74,"Orthodox","1981-06-23","male"
1981,"Stephen Thompson",170,72,75,"Orthodox","1983-02-11","male"
1982,"Josh Thomson",155,70,71,"Orthodox","1978-09-21","male"
1983,"Simeon Thoresen",170,73,79,"Orthodox","1984-03-14","male"
1984,"Gleison Tibau",155,70,71,"Southpaw","1983-10-07","male"
1985,"Darren Till",185,72,74,"Southpaw","1992-12-24","male"
1986,"Denis Tiuliulin",185,73,77,"Orthodox","1988-05-17","male"
1987,"Dusko Todorovic",185,73,74,"Orthodox","1994-05-19","male"
1989,"Kazuki Tokudome",155,71,73,"Southpaw","1987-03-04","male"
1990,"Tyler Toner",145,68,70,"Orthodox","1983-03-31","male"
1991,"Ilia Topuria",145,67,69,"Orthodox","1997-01-21","male"
1992,"Miguel Torres",135,69,76,"Orthodox","1981-01-18","male"
1993,"Tecia Torres",115,61,60,"Orthodox","1989-08-16","female"
1994,"Jose Torres",125,64,65,"Orthodox","1992-08-02","male"
1996,"Salim Touahri",170,70,72,"Orthodox","1989-09-28","male"
1997,"Dequan Townsend",205,75,79,"Orthodox","1986-05-11","male"
1998,"Francisco Trevino",155,69,70,"Orthodox","1981-12-17","male"
1999,"Frank Trigg",170,69,71,"Southpaw","1972-05-07","male"
2000,"Francisco Trinaldo",170,69,70,"Southpaw","1978-08-24","male"
2001,"Michael Trizano",145,71,71,"Orthodox","1991-12-31","male"
2003,"Abel Trujillo",155,68,70,"Orthodox","1983-09-18","male"
2004,"Arman Tsarukyan",155,67,72,"Orthodox","1996-10-11","male"
2006,"Chris Tuchscherer",258,74,76,"Orthodox","1975-09-08","male"
2007,"Jon Tuck",155,71,73,"Orthodox","1984-08-28","male"
2008,"Gavin Tucker",145,66,66,"Southpaw","1986-06-17","male"
2009,"Tai Tuivasa",264,74,75,"Southpaw","1993-03-16","male"
2010,"Zubaira Tukhugov",155,68,68,"Orthodox","1991-01-15","male"
2012,"Albert Tumenov",170,71,73,"Orthodox","1991-12-26","male"
2013,"Ricky Turcios",135,69,71,"Orthodox","1993-06-05","male"
2014,"Anton Turkalj",205,76,78,"Orthodox","1996-06-10","male"
2015,"Wellington Turman",170,72,72,"Orthodox","1996-07-22","male"
2016,"Jalin Turner",155,75,77,"Southpaw","1995-05-18","male"
2017,"Marcin Tybura",249,75,78,"Orthodox","1985-11-09","male"
2019,"Tagir Ulanbekov",125,67,70,"Southpaw","1991-08-07","male"
2020,"Carlos Ulberg",205,76,77,"Orthodox","1990-11-07","male"
2021,"Gasan Umalatov",170,71,71,"Orthodox","1982-09-11","male"
2022,"Caol Uno",155,67,70,"Southpaw","1975-05-08","male"
2024,"Hector Urbina",170,71,73,"Orthodox","1987-09-17","male"
2026,"Gilbert Urbina",170,75,75,"Orthodox","1996-04-05","male"
2028,"Kamaru Usman",170,72,76,"Switch","1987-05-11","male"
2029,"Mohammed Usman",239,74,79,"Orthodox","1989-04-01","male"
2030,"Darren Uyenoyama",125,66,65,"Orthodox","1979-10-15","male"
2031,"Richie Vaculik",125,66,69,"Orthodox","1983-06-19","male"
2032,"Genaro Valdez",155,69,72,"Orthodox","1992-01-16","male"
2033,"Charlie Valencia",135,63,64,"Orthodox","1974-10-31","male"
2035,"Timur Valiev",135,66,67,"Orthodox","1990-01-19","male"
2036,"Isaac Vallie-Flagg",155,68,70,"Orthodox","1978-04-08","male"
2037,"Joshua Van",125,65,65,"Orthodox","2001-10-10","male"
2038,"Cameron VanCamp",155,74,74,"Switch","1993-04-27","male"
2039,"Jared Vanderaa",265,76,80,"Orthodox","1992-05-12","male"
2040,"Lando Vannata",155,69,71,"Orthodox","1992-03-14","male"
2041,"Paige VanZant",115,64,65,"Orthodox","1994-03-26","female"
2042,"Kazula Vargas",155,68,71,"Southpaw","1985-08-15","male"
2043,"Jamie Varner",155,68,71,"Orthodox","1984-10-12","male"
2044,"Javier Vazquez",145,67,69,"Southpaw","1977-07-16","male"
2046,"Cain Velasquez",240,73,77,"Orthodox","1982-07-28","male"
2047,"Bojan Velickovic",170,72,76,"Southpaw","1988-12-18","male"
2048,"Karlos Vemola",185,72,75,"Orthodox","1985-07-03","male"
2049,"Luigi Vendramini",155,68,73,"Orthodox","1996-01-16","male"
2050,"Brandon Vera",230,75,78,"Orthodox","1977-10-10","male"
2051,"Marlon Vera",135,68,70,"Switch","1992-12-02","male"
2053,"CJ Vergara",125,66,68,"Orthodox","1991-06-18","male"
2054,"Marvin Vettori",185,72,74,"Southpaw","1993-09-20","male"
2055,"Hugo Viana",135,66,67,"Orthodox","1982-09-26","male"
2056,"Polyana Viana",115,65,67,"Orthodox","1992-06-14","female"
2057,"James Vick",155,75,76,"Orthodox","1987-02-23","male"
2058,"Tamires Vidal",135,66,68,"Orthodox","1998-07-27","female"
2059,"Reginaldo Vieira",135,67,65,"Orthodox","1982-11-26","male"
2060,"Ketlen Vieira",135,68,68,"Orthodox","1991-08-26","female"
2061,"Rodolfo Vieira",185,72,73,"Orthodox","1989-09-25","male"
2062,"Gian Villante",230,75,76,"Orthodox","1985-08-18","male"
2063,"Ike Villanueva",205,73,73,"Orthodox","1984-04-04","male"
2065,"Yuri Villefort",170,72,73,"Orthodox","1991-03-23","male"
2067,"Cheyanne Vlismas",115,63,63,"Switch","1995-06-25","female"
2068,"Bobby Voelker",170,72,74,"Orthodox","1979-04-26","male"
2069,"Alexander Volkanovski",145,66,71,"Orthodox","1988-09-29","male"
2070,"Jacob Volkmann",155,69,71,"Southpaw","1980-09-05","male"
2071,"Alexander Volkov",250,79,80,"Orthodox","1988-10-24","male"
2072,"Chris Wade",155,70,70,"Orthodox","1987-09-30","male"
2073,"TJ Waldburger",170,71,75,"Orthodox","1988-04-25","male"
2075,"Johnny Walker",205,78,82,"Orthodox","1992-03-30","male"
2076,"Brogan Walker",125,64,67,"Switch","1988-08-02","female"
2077,"Rodney Wallace",205,69,72,"Switch","1981-11-21","male"
2080,"Richard Walsh",170,72,73,"Orthodox","1988-12-01","male"
2082,"Terrion Ware",135,68,71,"Orthodox","1986-03-31","male"
2083,"Dominic Waters",170,73,79,"Orthodox","1989-04-11","male"
2084,"Trey Waters",170,77,77,"Orthodox","1995-02-21","male"
2085,"Michelle Waterson-Gomez",115,63,62,"Orthodox","1986-01-06","female"
2086,"Walel Watson",135,71,75,"Orthodox","1984-07-16","male"
2087,"Tom Watson",185,73,73,"Orthodox","1982-07-13","male"
2088,"Brok Weaver",155,72,73,"Southpaw","1991-12-05","male"
2089,"Royston Wee",135,67,67,"Orthodox","1986-11-15","male"
2090,"Darian Weeks",170,71,72,"Orthodox","1993-11-23","male"
2091,"Joshua Weems",135,68,69,"Orthodox","1994-05-05","male"
2092,"Chris Weidman",185,74,78,"Orthodox","1984-06-17","male"
2093,"Christian Wellisch",234,74,77,"Orthodox","1975-09-13","male"
2094,"Jeremiah Wells",170,69,74,"Switch","1986-10-30","male"
2095,"Fabricio Werdum",231,76,77,"Orthodox","1977-07-30","male"
2096,"Sheldon Westcott",170,73,71,"Southpaw","1984-08-20","male"
2098,"Alex White",155,72,71,"Southpaw","1988-10-22","male"
2099,"Craig White",170,74,76,"Orthodox","1990-07-01","male"
2101,"Robert Whiteford",145,69,69,"Southpaw","1983-04-12","male"
2102,"Garett Whiteley",155,72,72,"Orthodox","1980-12-13","male"
2103,"Emily Whitmire",125,65,63,"Orthodox","1991-05-24","female"
2104,"Robert Whittaker",185,72,73,"Orthodox","1990-12-20","male"
2106,"Adam Wieczorek",250,77,81,"Orthodox","1992-02-05","male"
2107,"Mike Wilkinson",145,67,66,"Orthodox","1987-09-15","male"
2108,"Rob Wilkinson",185,75,80,"Orthodox","1992-02-22","male"
2109,"James Wilks",170,73,75,"Orthodox","1978-05-04","male"
2110,"Patrick Williams",135,68,73,"Orthodox","1981-09-07","male"
2111,"Tim Williams",185,74,76,"Orthodox","1986-07-03","male"
2112,"Jordan Williams",185,73,75,"Southpaw","1990-10-13","male"
2113,"Cole Williams",170,72,73,"Orthodox","1983-12-15","male"
2114,"Khaos Williams",170,72,77,"Orthodox","1994-03-30","male"
2115,"Karl Williams",235,75,79,"Orthodox","1990-01-06","male"
2116,"Justin Willis",264,73,78,"Southpaw","1987-07-19","male"
2117,"Chris Wilson",170,73,75,"Orthodox","1977-06-07","male"
2118,"Jonathan Wilson",205,74,75,"Southpaw","1987-07-17","male"
2119,"Westin Wilson",145,73,73,"Southpaw","1989-01-24","male"
2120,"Matt Wiman",155,70,68,"Orthodox","1983-09-19","male"
2121,"Eddie Wineland",135,67,69,"Orthodox","1984-06-26","male"
2122,"Deron Winn",185,66,70,"Orthodox","1989-06-13","male"
2123,"Andre Winner",155,71,73,"Orthodox","1981-11-09","male"
2124,"Jason Witt",170,70,70,"Orthodox","1986-11-07","male"
2125,"Danyelle Wolf",145,71,70,"Orthodox","1983-09-08","female"
2126,"Joanne Wood",125,66,65,"Orthodox","1985-12-23","female"
2127,"Nathaniel Wood",145,66,69,"Orthodox","1993-05-08","male"
2128,"Val Woodburn",185,68,74,"Orthodox","1993-08-10","male"
2129,"Tyron Woodley",170,69,74,"Orthodox","1982-04-07","male"
2130,"Sean Woodson",145,74,78,"Orthodox","1992-06-07","male"
2131,"Khama Worthy",155,71,74,"Orthodox","1986-10-15","male"
2132,"Jordan Wright",205,74,77,"Orthodox","1991-10-07","male"
2133,"Wu Yanan",135,68,66,"Orthodox","1996-04-18","female"
2134,"Wulijiburen",135,69,69,"Orthodox","1989-03-01","male"
2138,"Rani Yahya",135,66,67,"Orthodox","1984-09-12","male"
2139,"Alexander Yakovlev",155,75,74,"Southpaw","1984-07-18","male"
2140,"Norifumi Yamamoto",135,64,66,"Southpaw","1977-03-15","male"
2141,"Yan Xiaonan",115,65,63,"Orthodox","1989-06-16","female"
2142,"Petr Yan",135,67,67,"Switch","1993-02-11","male"
2144,"Adam Yandiev",185,69,74,"Orthodox","1988-08-07","male"
2145,"Adrian Yanez",135,67,70,"Orthodox","1993-11-29","male"
2146,"Dongi Yang",185,70,73,"Southpaw","1984-12-07","male"
2148,"Yizha",145,67,70,"Orthodox","1997-01-08","male"
2149,"Ashley Yoder",115,67,69,"Southpaw","1987-10-20","female"
2151,"Yoshiyuki Yoshida",170,71,70,"Southpaw","1974-05-10","male"
2152,"Jason Young",145,69,73,"Orthodox","1986-06-28","male"
2153,"Shane Young",145,68,72,"Orthodox","1993-07-31","male"
2154,"Shanna Young",125,67,65,"Orthodox","1991-02-20","female"
2155,"Sodiq Yusuff",145,69,71,"Orthodox","1993-05-19","male"
2156,"Gilbert Yvel",225,74,77,"Orthodox","1976-06-30","male"
2157,"Luke Zachrich",185,74,74,"Orthodox","1981-12-19","male"
2158,"Aiemann Zahabi",135,68,68,"Orthodox","1987-11-19","male"
2159,"Youssef Zalal",135,70,72,"Switch","1996-09-04","male"
2160,"Elizeu Zaleski dos Santos",170,71,73,"Orthodox","1986-12-11","male"
2162,"David Zawada",170,72,75,"Orthodox","1990-08-01","male"
2163,"Daniel Zellhuber",155,73,77,"Switch","1999-07-07","male"
2164,"Zhang Tiequan",155,68,69,"Orthodox","1978-07-25","male"
2165,"Zhang Lipeng",155,71,71,"Southpaw","1990-03-10","male"
2166,"Zhang Weili",115,64,63,"Switch","1989-08-13","female"
2168,"Yao Zhikui",125,65,64,"Orthodox","1991-02-07","male"
2169,"Zhalgas Zhumagulov",125,64,66,"Switch","1988-08-29","male"
2170,"Fares Ziam",155,73,75,"Orthodox","1997-03-21","male"
2171,"Cat Zingano",145,66,68,"Southpaw","1982-07-01","female"
2172,"Allan Zuniga",155,67,70,"Orthodox","1992-04-04","male"
2173,"Jesus Pinedo",155,70,70,"Southpaw","1996-06-22","male"
2175,"Kalindra Faria",125,67,67,"Switch","1986-07-23","female"
2176,"Christian Colombo",265,77,77,"Orthodox","1980-07-01","male"
2178,"Chan-Mi Jeon",115,65,65,"Orthodox","1997-08-28","female"
2179,"Abdul-Kerim Edilov",205,74,74,"Orthodox","1991-11-25","male"
2180,"Nick Roehrick",205,74,74,"Orthodox","1987-07-06","male"
2181,"Tom Gallicchio",170,70,70,"Southpaw","1986-09-23","male"
2183,"Jim Wallhead",170,70,70,"Orthodox","1984-03-14","male"
2184,"Alex Ricci",155,71,71,"Orthodox","1982-07-21","male"
2185,"Cindy Dandois",135,67,67,"Orthodox","1984-10-26","female"
2186,"Pearl Gonzalez",115,64,64,"Orthodox","1986-08-12","female"
2187,"Jonathan Meunier",170,75,75,"Switch","1987-08-04","male"
2189,"Milana Dudieva",135,63,63,"Orthodox","1989-08-04","female"
2190,"Kwan Ho Kwak",135,65,65,"Switch","1989-06-18","male"
2191,"Jason Novelli",155,72,72,"Orthodox","1979-06-08","male"
2192,"Leonardo Guimaraes",185,72,72,"Orthodox","1982-04-15","male"
2193,"Michael McBride",155,73,73,"Orthodox","1986-03-09","male"
2196,"Chris Avila",145,70,70,"Orthodox","1993-01-16","male"
2197,"Joseph Gigliotti",185,71,71,"Orthodox","1993-08-13","male"
2199,"JC Cottrell",155,69,69,"Orthodox","1989-11-04","male"
2200,"Cristina Stanciu",115,63,63,"Orthodox","1994-03-29","female"
2201,"Anton Zafir",170,71,71,"Orthodox","1987-05-10","male"
2202,"Mehdi Baghdad",155,73,73,"Orthodox","1985-04-13","male"
2204,"Alberto Uda",185,75,75,"Orthodox","1984-08-08","male"
2205,"Anna Elmose",115,63,63,"Orthodox","1984-10-06","female"
2206,"Cody East",245,75,75,"Orthodox","1988-06-29","male"
2209,"Kelly Faszholz",135,68,68,"Orthodox","1985-04-09","female"
2210,"Felipe Olivieri",155,69,69,"Orthodox","1985-04-12","male"
2212,"Andreas Stahl",170,71,71,"Orthodox","1988-05-20","male"
2213,"Leo Kuntz",155,70,70,"Orthodox","1983-10-03","male"
2214,"Steve Montgomery",185,76,76,"Southpaw","1990-12-19","male"
2215,"Steve Kennedy",170,71,71,"Orthodox","1983-03-07","male"
2217,"Ericka Almeida",115,66,66,"Orthodox","1989-03-05","female"
2218,"Yusuke Kasuya",155,67,67,"Southpaw","1989-11-16","male"
2219,"Roger Zapata",170,71,71,"Southpaw","1986-05-09","male"
2220,"Sirwan Kakai",135,65,65,"Orthodox","1989-10-03","male"
2221,"Roman Salazar",135,67,67,"Orthodox","1988-02-21","male"
2222,"Hans Stringer",205,75,75,"Orthodox","1987-07-06","male"
2223,"Paul Redmond",145,70,70,"Orthodox","1986-10-20","male"
2224,"Joe Merritt",170,72,72,"Orthodox","1984-03-07","male"
2225,"Lewis Gonzalez",170,70,70,"Orthodox","1987-09-19","male"
2228,"Antonio Dos Santos",185,70,70,"Orthodox","1988-07-21","male"
2229,"Leonardo Morales",135,68,68,"Southpaw","1992-12-22","male"
2232,"Yui Chul Nam",145,69,69,"Orthodox","1981-07-16","male"
2233,"Jonavin Webb",170,70,70,"Orthodox","1989-04-28","male"
2234,"David Michaud",155,69,69,"Orthodox","1988-11-10","male"
2235,"Rocky Lee",145,69,69,"Orthodox","1987-04-08","male"
2237,"Justin Jones",185,71,71,"Orthodox","1987-09-06","male"
2238,"Shayna Baszler",135,67,67,"Orthodox","1980-08-08","female"
2239,"Keith Berish",205,72,72,"Orthodox","1985-11-14","male"
2240,"Cain Carrizosa",155,68,68,"Orthodox","1986-07-22","male"
2241,"Roger Narvaez",185,75,75,"Southpaw","1983-09-09","male"
2242,"Josh Copeland",265,73,73,"Orthodox","1982-10-20","male"
2243,"Alex Torres",145,70,70,"Orthodox","1988-05-29","male"
2244,"Josh Shockley",155,73,73,"Orthodox","1989-11-15","male"
2245,"Rodrigo de Lima",155,67,67,"Orthodox","1991-03-12","male"
2246,"Anthony Christodoulou",155,69,69,"Orthodox","1987-07-30","male"
2248,"Shane Howell",125,68,68,"Orthodox","1983-11-28","male"
2249,"Mats Nilsson",170,73,73,"Orthodox","1983-12-05","male"
2251,"Ian Entwistle",135,65,65,"Orthodox","1986-11-19","male"
2256,"Rodolfo Rubio Perez",145,65,65,"Orthodox","1987-01-29","male"
2257,"Tim Gorman",135,65,65,"Southpaw","1983-04-29","male"
2258,"Guto Inocente",205,75,75,"Orthodox","1986-05-29","male"
2260,"Bruno Santos",185,69,69,"Orthodox","1987-07-17","male"
2262,"Jake Lindsey",155,71,71,"Switch","1986-06-21","male"
2263,"Marcin Bandel",155,70,70,"Orthodox","1989-10-10","male"
2264,"Rin Nakai",135,61,61,"Orthodox","1986-10-22","female"
2265,"Takenori Sato",170,70,70,"Southpaw","1985-06-08","male"
2266,"Wendell Oliveira Marques",170,70,70,"Orthodox","1983-06-01","male"
2267,"Larissa Pacheco",135,67,67,"Orthodox","1994-09-07","female"
2268,"Dashon Johnson",145,67,67,"Orthodox","1988-01-25","male"
2269,"Tateki Matsuda",125,67,67,"Orthodox","1986-02-27","male"
2272,"Chris Heatherly",155,69,69,"Orthodox","1987-11-24","male"
2273,"Jianping Yang",145,67,67,"Orthodox","1988-11-27","male"
2274,"Danny Mitchell",170,74,74,"Orthodox","1986-08-08","male"
2276,"Jack May",255,80,80,"Switch","1981-04-14","male"
2277,"Tina Lahdemaki",115,62,62,"Orthodox","1988-05-28","female"
2279,"Juan Manuel Puig",145,69,69,"Orthodox","1989-04-23","male"
2280,"Alexis Dufresne",135,69,69,"Orthodox","1990-08-31","female"
2282,"Guilherme Vasconcelos",185,72,72,"Orthodox","1986-03-23","male"
2283,"Bubba Bush",185,72,72,"Orthodox","1985-07-24","male"
2286,"Roldan Sangcha'an",125,64,64,"Orthodox","1990-12-04","male"
2292,"Wagner Silva",170,72,72,"Orthodox","1987-02-07","male"
2293,"Richardson Moreira",185,74,74,"Orthodox","1984-03-31","male"
2294,"Niklas Backstrom",145,73,73,"Orthodox","1989-08-22","male"
2295,"Ben Wall",155,70,70,"Orthodox","1989-03-25","male"
2296,"Hernani Perpetuo",170,72,72,"Orthodox","1985-05-24","male"
2303,"Anying Wang",170,72,72,"Orthodox","1991-04-04","male"
2304,"Brian Houston",185,74,74,"Orthodox","1981-04-26","male"
2305,"Luiz Dutra",170,71,71,"Orthodox","1982-05-06","male"
2306,"Shunichi Shimizu",135,65,65,"Orthodox","1985-01-31","male"
2307,"Will Chope",145,76,76,"Switch","1990-09-08","male"
2308,"Dave Galera",135,71,71,"Orthodox","1978-01-12","male"
2309,"Estevan Payan",145,70,70,"Orthodox","1982-03-14","male"
2310,"Jessica Rakoczy",115,67,67,"Orthodox","1977-04-14","female"
2311,"Anthony Lapsley",170,69,69,"Southpaw","1980-02-13","male"
2313,"Tor Troeng",185,74,74,"Orthodox","1983-01-25","male"
2314,"Ramiro Hernandez",135,69,69,"Orthodox","1986-07-22","male"
2315,"Brian Melancon",170,68,68,"Orthodox","1982-05-28","male"
2316,"Papy Abedi",185,71,71,"Southpaw","1978-06-30","male"
2317,"Jose Maria",125,65,65,"Orthodox","1982-01-04","male"
2318,"Sheila Gaff",135,65,65,"Orthodox","1989-12-29","female"
2319,"Josh Clopton",145,66,66,"Orthodox","1981-07-11","male"
2321,"Rosi Sexton",135,63,63,"Orthodox","1977-07-16","female"
2322,"Nah-Shon Burrell",170,71,71,"Orthodox","1990-02-05","male"
2324,"Joao Zeferino",170,71,71,"Orthodox","1986-01-15","male"
2325,"Roger Hollett",205,71,71,"Orthodox","1978-10-08","male"
2326,"Azamat Gashimov",125,66,66,"Orthodox","1990-04-07","male"
2328,"Gilbert Smith",185,69,69,"Southpaw","1981-10-19","male"
2329,"Collin Hart",185,73,73,"Orthodox","1989-10-12","male"
2330,"Jimmy Quinlan",185,72,72,"Orthodox","1986-05-25","male"
2331,"Besam Yousef",170,71,71,"Orthodox","1985-03-25","male"
2332,"Colin Fletcher",155,74,74,"Orthodox","1983-01-08","male"
2333,"Quinn Mulhern",155,75,75,"Orthodox","1984-09-20","male"
2334,"Brock Jardine",170,71,71,"Orthodox","1985-07-10","male"
2335,"Ulysses Gomez",125,66,66,"Orthodox","1983-05-25","male"
2336,"Milton Vieira",145,72,72,"Orthodox","1978-10-04","male"
2337,"CJ Keith",155,72,72,"Orthodox","1986-08-09","male"
2338,"Byron Bloodworth",135,68,68,"Orthodox","1983-08-16","male"
2339,"Shane del Rosario",250,76,76,"Southpaw","1983-09-23","male"
2340,"Marcos Vinicius",125,69,69,"Orthodox","1979-12-05","male"
2341,"John Cofer",155,69,69,"Southpaw","1984-04-29","male"
2342,"Manuel Rodriguez",170,69,69,"Orthodox","1985-04-25","male"
2344,"Motonobu Tezuka",135,67,67,"Southpaw","1987-08-29","male"
2345,"Tom DeBlass",185,72,72,"Orthodox","1982-05-14","male"
2346,"Joey Gambino",145,67,67,"Orthodox","1988-10-26","male"
2348,"Buddy Roberts",185,74,74,"Orthodox","1982-10-17","male"
2349,"Tommy Hayden",145,69,69,"Southpaw","1986-03-11","male"
2350,"Eiji Mitsuoka",145,67,67,"Southpaw","1976-01-01","male"
2351,"Oli Thompson",242,73,73,"Orthodox","1980-01-02","male"
2353,"Josh Ferguson",125,65,65,"Orthodox","1988-05-13","male"
2354,"Yoislandy Izquierdo",155,71,71,"Southpaw","1984-01-09","male"
2355,"Wagner Campos",145,66,66,"Southpaw","1981-07-31","male"
2360,"Luis Ramos",170,68,68,"Orthodox","1981-01-18","male"
2361,"Pat Schilling",145,68,68,"Orthodox","1988-08-28","male"
2364,"Jorge Lopez",170,70,70,"Orthodox","1988-11-21","male"
2365,"Pascal Krauss",170,73,73,"Orthodox","1987-04-19","male"
2366,"Nick Denis",135,67,67,"Orthodox","1983-10-11","male"
2367,"Eddie Yagin",145,67,67,"Orthodox","1979-03-23","male"
2371,"Eric Wisely",145,68,68,"Southpaw","1984-07-25","male"
2372,"Yasuhiro Urushitani",125,65,65,"Southpaw","1976-09-08","male"
2373,"Nick Penner",205,76,76,"Southpaw","1980-03-26","male"
2375,"Bernardo Magalhaes",155,69,69,"Orthodox","1981-04-08","male"
2376,"Jon Olav Einemo",253,78,78,"Orthodox","1975-12-10","male"
2381,"Ednaldo Oliveira",205,77,77,"Orthodox","1984-02-19","male"
2382,"Jason Miller",185,73,73,"Orthodox","1980-12-24","male"
2383,"Stephen Bass",145,69,69,"Orthodox","1982-11-14","male"
2386,"Alex Soto",135,68,68,"Southpaw","1984-02-15","male"
2387,"Paul Bradley",170,69,69,"Orthodox","1983-06-13","male"
2390,"Keith Wisniewski",170,72,72,"Orthodox","1981-10-25","male"
2391,"Joseph Sandoval",135,67,67,"Southpaw","1986-05-11","male"
2395,"Ian Loveland",145,68,68,"Orthodox","1983-09-07","male"
2396,"TJ O'Brien",155,74,74,"Orthodox","1987-01-01","male"
2397,"Jason Reinhardt",135,66,66,"Orthodox","1969-10-31","male"
2398,"Mike Lullo",145,68,68,"Orthodox","1979-07-24","male"
2401,"Kyle Watson",155,72,72,"Southpaw","1979-08-09","male"
2402,"Steve Lopez",155,71,71,"Orthodox","1984-07-30","male"
2404,"Todd Brown",205,71,71,"Orthodox","1976-12-13","male"
2406,"Gabe Ruediger",155,70,70,"Orthodox","1977-08-29","male"
2407,"Antonio McKee",155,68,68,"Southpaw","1970-03-12","male"
2409,"Maiquel Falcao",185,71,71,"Orthodox","1981-03-08","male"
2411,"Alexandre Ferreira",205,67,67,"Orthodox","1979-04-25","male"
2412,"Mark Holst",155,72,72,"Orthodox","1985-08-14","male"
2413,"Pat Audinwood",155,72,72,"Orthodox","1986-04-16","male"
2414,"Waylon Lowe",145,67,67,"Southpaw","1980-10-31","male"
2415,"Julio Paulino",170,72,72,"Orthodox","1975-12-04","male"
2416,"James Toney",220,69,69,"Orthodox","1968-08-24","male"
2418,"Amilcar Alves",170,72,72,"Southpaw","1988-08-08","male"
2420,"James Hammortree",185,75,75,"Orthodox","1983-11-29","male"
2421,"Dan Lauzon",155,70,70,"Orthodox","1988-03-30","male"
2423,"Renzo Gracie",185,70,70,"Orthodox","1967-03-11","male"
2424,"Matt Veach",155,71,71,"Orthodox","1981-05-31","male"
2425,"Ronys Torres",155,67,67,"Orthodox","1975-08-13","male"
2426,"Lucio Linhares",185,74,74,"Orthodox","1973-12-08","male"
2429,"Rolles Gracie",242,76,76,"Orthodox","1978-07-14","male"
2433,"Marcus Jones",265,78,78,"Orthodox","1973-08-15","male"
2434,"Darrill Schoonover",220,74,74,"Orthodox","1985-07-18","male"
2435,"Justin Wren",265,74,74,"Orthodox","1987-04-27","male"
2436,"Joe Brammer",155,68,68,"Orthodox","1983-08-23","male"
2437,"Jake Rosholt",185,73,73,"Orthodox","1982-02-09","male"
2438,"Razak Al-Hassan",205,74,74,"Orthodox","1982-05-14","male"
2439,"Danillo Villefort",185,73,73,"Orthodox","1983-05-08","male"
2440,"Mike Ciesnolevicz",235,72,72,"Orthodox","1979-10-28","male"
2441,"Frank Lester",170,71,71,"Orthodox","1984-06-10","male"
2442,"Cameron Dollar",155,71,71,"Orthodox","1987-05-12","male"
2443,"Denis Stojnic",245,72,72,"Orthodox","1980-02-02","male"
2444,"Xavier Foupa-Pokam",185,73,73,"Open Stance","1982-07-03","male"
2445,"Andre Gusmao",205,72,72,"Orthodox","1977-05-19","male"
2446,"David Kaplan",155,67,67,"Orthodox","1979-11-16","male"
2448,"Junie Browning",155,69,69,"Orthodox","1984-05-12","male"
2449,"Matt Horwich",185,73,73,"Orthodox","1978-10-02","male"
2450,"Nissen Osterneck",185,74,74,"Orthodox","1981-05-01","male"
2451,"Neil Grove",265,78,78,"Orthodox","1971-01-18","male"
2453,"Ivan Salaverry",185,72,72,"Orthodox","1971-01-11","male"
2455,"Derek Downey",185,73,73,"Orthodox","1980-04-27","male"
2456,"Alexandre Barros",170,69,69,"Southpaw","1976-11-19","male"
2457,"Mike Wessel",260,72,72,"Orthodox","1977-12-02","male"
2458,"Reese Andy",205,72,72,"Orthodox","1973-03-31","male"
2459,"Dan Evensen",250,75,75,"Orthodox","1974-06-01","male"
2461,"Shane Primm",205,75,75,"Orthodox","1984-07-30","male"
2462,"Jules Bruchez",205,72,72,"Southpaw","1977-08-16","male"
2463,"John Polakowski",155,70,70,"Orthodox","1981-06-21","male"
2465,"Nate Loughran",185,74,74,"Orthodox","1980-07-28","male"
2466,"Johnny Rees",170,72,72,"Orthodox","1982-10-21","male"
2467,"Brandon Wolff",170,69,69,"Orthodox","1975-10-18","male"
2468,"Josh Hendricks",235,74,74,"Southpaw","1976-08-28","male"
2469,"Ryan Thomas",170,72,72,"Orthodox","1984-11-05","male"
2471,"David Baron",155,66,66,"Switch","1973-02-15","male"
2472,"Samy Schiavo",155,68,68,"Orthodox","1975-12-24","male"
2473,"Brad Morris",205,74,74,"Orthodox","1979-11-01","male"
2476,"Steve Bruno",170,70,70,"Orthodox","1981-11-03","male"
2479,"Cale Yarbrough",185,73,73,"Orthodox","1986-12-27","male"
2480,"Brodie Farber",170,73,73,"Orthodox","1980-07-05","male"
2482,"James Giboo",170,71,71,"Orthodox","1978-01-06","male"
2483,"Dante Rivera",185,73,73,"Southpaw","1974-12-08","male"
2484,"Rob Yundt",185,73,73,"Orthodox","1980-05-05","male"
2486,"War Machine",170,71,71,"Orthodox","1981-11-30","male"
2488,"Din Thomas",155,69,69,"Orthodox","1976-09-28","male"
2489,"Ryan Roberts",155,66,66,"Orthodox","1978-07-16","male"
2490,"Jeff Cox",155,70,70,"Orthodox","1968-08-02","male"
2492,"Roman Mitichyan",170,70,70,"Orthodox","1978-09-04","male"
2493,"John Halverson",155,69,69,"Southpaw","1972-09-08","male"
2495,"Alberto Crane",155,65,65,"Orthodox","1976-07-14","male"
2496,"Joe Veres",155,67,67,"Orthodox","1977-11-09","male"
2497,"Colin Robinson",243,76,76,"Orthodox","1968-11-27","male"
2498,"James Lee",205,71,71,"Southpaw","1973-09-22","male"
2499,"Doug Evans",155,69,69,"Orthodox","1980-10-10","male"
2500,"Jared Rollins",170,69,69,"Orthodox","1977-01-26","male"
2501,"Billy Miles",170,70,70,"Orthodox","1978-04-28","male"
2502,"Dan Barrera",170,69,69,"Orthodox","1980-12-23","male"
2503,"Richie Hightower",170,68,68,"Orthodox","1974-11-26","male"
2504,"John Kolosci",185,71,71,"Orthodox","1974-11-26","male"
2505,"Dorian Price",170,75,75,"Southpaw","1977-08-20","male"
2506,"Paul Georgieff",170,74,74,"Orthodox","1982-09-22","male"
2508,"Luke Caudillo",155,67,67,"Orthodox","1980-11-30","male"
2509,"Jason Black",155,68,68,"Orthodox","1972-07-15","male"
2510,"Diego Saraiva",155,66,66,"Orthodox","1982-04-23","male"
2511,"Scott Junk",265,73,73,"Orthodox","1978-12-17","male"
2513,"Edilberto de Oliveira",170,72,72,"Orthodox","1982-11-22","male"
2515,"Anthony Torres",170,68,68,"Orthodox","1978-07-31","male"
2517,"Mike Nickels",205,76,76,"Orthodox","1971-12-13","male"
2519,"Floyd Sword",185,72,72,"Orthodox","1976-08-24","male"
2521,"Andy Wang",155,66,66,"Orthodox","1977-05-28","male"
2522,"Allen Berube",155,68,68,"Orthodox","1974-08-25","male"
2523,"Hector Ramirez",205,72,72,"Orthodox","1976-03-28","male"
2525,"Jordan Radev",185,67,67,"Southpaw","1976-09-28","male"
2527,"Pete Spratt",170,69,69,"Orthodox","1971-01-09","male"
2529,"Chad Reiner",170,71,71,"Orthodox","1981-06-29","male"
2531,"Sean Salmon",185,70,70,"Southpaw","1977-09-11","male"
2532,"Assuerio Silva",241,70,70,"Orthodox","1974-06-18","male"
2533,"Crafton Wallace",185,72,72,"Orthodox","1975-11-10","male"
2534,"Brad Imes",265,79,79,"Orthodox","1977-03-13","male"
2536,"Josh Haynes",170,69,69,"Orthodox","1977-07-30","male"
2537,"Dokonjonosuke Mishima",155,67,67,"Southpaw","1972-04-19","male"
2539,"Sam Hoger",205,74,74,"Orthodox","1980-06-28","male"
2543,"Chris Price",185,74,74,"Southpaw","1982-11-09","male"
2544,"Ross Pointon",170,68,68,"Orthodox","1980-02-18","male"
2545,"Marcio Cruz",232,76,76,"Orthodox","1978-04-24","male"
2546,"Jeff Joslin",170,72,72,"Orthodox","1975-04-30","male"
2547,"Shonie Carter",170,70,70,"Southpaw","1972-05-03","male"
2548,"Dave Menne",170,70,70,"Orthodox","1974-07-29","male"
2550,"Sherman Pendergarst",235,73,73,"Orthodox","1967-08-01","male"
2552,"Josh Shockman",235,76,76,"Southpaw","1980-12-29","male"
2553,"Edwin DeWees",185,73,73,"Orthodox","1982-08-07","male"
2554,"Jeremy Jackson",170,70,70,"Orthodox","1982-09-19","male"
2556,"Justin James",155,70,70,"Orthodox","1976-11-08","male"
2561,"Danny Abbadi",155,71,71,"Orthodox","1983-07-03","male"
2562,"Wes Combs",205,74,74,"Orthodox","1973-06-18","male"
2563,"Yuki Sasaki",185,74,74,"Orthodox","1976-09-12","male"
2564,"Kristof Midoux",220,73,73,"Orthodox","1974-07-30","male"
2565,"Dan Christison",265,80,80,"Orthodox","1972-04-26","male"
2566,"Joe Jordan",155,66,66,"Orthodox","1978-07-27","male"
2567,"Gilbert Aldana",250,73,73,"Orthodox","1977-08-25","male"
2569,"Branden Lee Hinkle",235,75,75,"Orthodox","1973-07-29","male"
2570,"Kristian Rothaermel",205,72,72,"Open Stance","1972-01-31","male"
2571,"Justin Levens",185,71,71,"Orthodox","1980-04-18","male"
2576,"Royce Gracie",175,73,73,"Southpaw","1966-12-12","male"
2578,"Fabiano Scherner",257,75,75,"Orthodox","1972-06-30","male"
2579,"Joao Pierini",155,73,73,"Switch","1971-12-11","male"
2582,"Derrick Noble",170,69,69,"Southpaw","1978-08-14","male"
2584,"Jason Von Flue",170,72,72,"Orthodox","1975-08-01","male"
2586,"Ansar Chalangov",170,69,69,"Orthodox","1979-10-30","male"
2587,"Steve Vigneault",185,70,70,"Orthodox","1978-02-14","male"
2588,"Icho Larenas",235,75,75,"Orthodox","1980-03-12","male"
2589,"Justin Eilers",235,73,73,"Orthodox","1978-06-28","male"
2590,"Mike van Arsdale",205,74,74,"Switch","1965-06-20","male"
2593,"Mike Whitehead",205,73,73,"Orthodox","1981-06-29","male"
2595,"Kevin Jordan",245,75,75,"Orthodox","1970-12-31","male"
2596,"Jeff Newton",205,74,74,"Sideways","1966-12-11","male"
2599,"Kit Cope",170,72,72,"Orthodox","1977-03-17","male"
2600,"Sammy Morgan",170,70,70,"Orthodox","1981-09-28","male"
2601,"Kerry Schall",265,74,74,"Orthodox","1971-08-09","male"
2602,"Ron Faircloth",205,69,69,"Orthodox","1979-08-16","male"
2605,"Tra Telligman",233,74,74,"Orthodox","1965-02-07","male"
2607,"Brian Gassaway",170,73,73,"Orthodox","1972-08-07","male"
2610,"Gideon Ray",185,70,70,"Southpaw","1973-05-27","male"
2612,"Bill Mahood",200,75,75,"Orthodox","1967-02-01","male"
2615,"Koji Oishi",170,68,68,"Orthodox","1977-05-31","male"
2616,"Travis Wiuff",205,75,75,"Orthodox","1978-03-15","male"
2618,"John Marsh",265,72,72,"Orthodox","1970-09-15","male"
2619,"Bobby Southworth",205,74,74,"Orthodox","1969-12-16","male"
2620,"Jason Thacker",185,70,70,"Orthodox","1975-08-18","male"
2621,"Chris Sanford",185,71,71,"Orthodox","1968-03-12","male"
2622,"Lodune Sincaid",185,69,69,"Orthodox","1973-05-07","male"
2623,"Alex Schoenauer",185,75,75,"Orthodox","1976-05-05","male"
2624,"Josh Rafferty",170,72,72,"Orthodox","1981-01-06","male"
2625,"David Terrell",185,73,73,"Southpaw","1978-01-09","male"
2627,"Renato Verissimo",170,73,73,"Orthodox","1973-08-03","male"
2628,"Tony Fryklund",185,72,72,"Orthodox","1971-03-26","male"
2629,"Vernon White",205,72,72,"Southpaw","1971-12-03","male"
2630,"Ronald Jhun",170,71,71,"Orthodox","1970-09-21","male"
2631,"Kimo Leopoldo",235,75,75,"Orthodox","1968-01-05","male"
2632,"Curtis Stout",185,73,73,"Southpaw","1973-11-07","male"
2633,"Tiki Ghosn",170,70,70,"Orthodox","1977-02-09","male"
2634,"Wesley Correira",260,75,75,"Orthodox","1978-11-11","male"
2635,"Wes Sims",260,82,82,"Orthodox","1979-08-04","male"
2636,"Wade Shipp",245,75,75,"Orthodox","1975-02-09","male"
2637,"Carlos Newton",170,69,69,"Orthodox","1976-08-17","male"
2639,"Ricco Rodriguez",265,76,76,"Orthodox","1977-08-19","male"
2640,"Nick Agallar",155,68,68,"Orthodox","1979-01-13","male"
2641,"Gan McGee",265,82,82,"Orthodox","1976-11-20","male"
2643,"Dave Strasser",170,70,70,"Orthodox","1969-07-13","male"
2644,"Gerald Strebendt",155,69,69,"Orthodox","1979-03-01","male"
2646,"Ian Freeman",225,71,71,"Orthodox","1966-11-10","male"
2648,"Eddie Ruiz",155,67,67,"Orthodox","1967-06-10","male"
2650,"Sean Alvarez",235,72,72,"Orthodox","1971-07-14","male"
2651,"Genki Sudo",155,69,69,"Orthodox","1978-03-08","male"
2652,"Richard Crunkilton",155,67,67,"Orthodox","1979-11-25","male"
2653,"Mark Weir",185,74,74,"Southpaw","1967-09-19","male"
2655,"Alexandre Dantas",238,74,74,"Orthodox","1979-03-01","male"
2656,"Gil Castillo",170,69,69,"Southpaw","1965-10-21","male"
2664,"Pedro Rizzo",241,73,73,"Orthodox","1974-05-03","male"
2667,"Benji Radach",185,70,70,"Orthodox","1979-04-05","male"
2669,"Eugene Jackson",185,68,68,"Orthodox","1966-09-23","male"
2670,"Leigh Remedios",155,67,67,"Orthodox","1976-01-13","male"
2671,"James Zikic",205,74,74,"Orthodox","1977-03-01","male"
2672,"Chris Haseman",205,71,71,"Orthodox","1969-06-02","male"
2673,"Nick Serra",170,69,69,"Orthodox","1978-03-27","male"
2674,"Zach Light",170,68,68,"Orthodox","1974-02-06","male"
2675,"Steve Berger",170,71,71,"Orthodox","1973-05-20","male"
2676,"Rodrigo Ruas",185,70,70,"Orthodox","1977-10-06","male"
2677,"Tsuyoshi Kohsaka",225,71,71,"Orthodox","1970-03-06","male"
2678,"Paul Creighton",155,66,66,"Southpaw","1970-06-04","male"
2679,"Amar Suloev",183,69,69,"Orthodox","1976-07-01","male"
2680,"Andrei Semenov",185,72,72,"Orthodox","1977-06-17","male"
2683,"Hayato Sakurai",168,67,67,"Orthodox","1975-08-24","male"
2684,"Pete Williams",235,75,75,"Orthodox","1975-07-10","male"
2685,"Kelly Dullanty",155,68,68,"Orthodox","1977-11-04","male"
2688,"Chris Brennan",170,68,68,"Orthodox","1971-10-12","male"
2692,"Bobby Hoffman",245,74,74,"Orthodox","1968-10-28","male"
2693,"Homer Moore",205,70,70,"Orthodox","1971-11-27","male"
2694,"Roberto Traven",227,75,75,"Orthodox","1968-09-16","male"
2695,"Murilo Bustamante",183,74,74,"Orthodox","1966-07-30","male"
2698,"Fabiano Iha",155,68,68,"Orthodox","1970-07-28","male"
2700,"Semmy Schilt",265,82,82,"Orthodox","1973-10-27","male"
2703,"Yuki Kondo",183,71,71,"Southpaw","1975-07-17","male"
2704,"Pat Miletich",170,70,70,"Orthodox","1968-03-09","male"
2705,"Kevin Randleman",205,70,70,"Orthodox","1971-08-10","male"
2707,"Joey Gilbert",155,71,71,"Orthodox","1976-06-05","male"
2709,"Phil Johns",170,62,62,"Southpaw","1968-10-22","male"
2713,"Kenichi Yamamoto",170,72,72,"Orthodox","1976-07-11","male"
2714,"Yoji Anjo",205,71,71,"Orthodox","1967-03-28","male"
2715,"Daiju Takase",170,72,72,"Southpaw","1978-04-20","male"
2716,"Lance Gibson",185,69,69,"Orthodox","1970-11-20","male"
2717,"Maurice Smith",221,74,74,"Orthodox","1961-12-13","male"
2719,"Aaron Brink",205,75,75,"Orthodox","1974-11-12","male"
2720,"Dan Severn",250,74,74,"Southpaw","1958-06-08","male"
2722,"Laverne Clark",170,71,71,"Orthodox","1973-12-02","male"
2724,"Tedd Williams",275,73,73,"Orthodox","1969-12-19","male"
2725,"Tim Lajcik",225,73,73,"Orthodox","1965-06-21","male"
2727,"David Dodd",200,74,74,"Orthodox","1973-09-22","male"
2728,"Alex Andrade",200,71,71,"Orthodox","1974-05-14","male"
2729,"Joao Roque",155,66,66,"Orthodox","1971-07-22","male"
2732,"Satoshi Honma",205,73,73,"Orthodox","1968-05-19","male"
2733,"Joe Slick",199,72,72,"Orthodox","1977-10-17","male"
2735,"Azunna Anyanwu",251,73,73,"Orthodox","1981-08-05","male"
2738,"Konstantin Erokhin",230,71,71,"Orthodox","1983-01-31","male"
2739,"Jorge de Oliveira",155,68,68,"Orthodox","1980-01-22","male"
2743,"Dan Stittgen",170,73,73,"Orthodox","1980-11-17","male"
2746,"Troy Mandaloniz",170,69,69,"Orthodox","1980-02-01","male"
2748,"Brandon Melendez",155,71,71,"Southpaw","1983-03-24","male"
2749,"Brian Geraghty",155,67,67,"Orthodox","1980-11-04","male"
2754,"Solomon Hutcherson",185,71,71,"Southpaw","1972-08-31","male"
2759,"Falaniko Vitale",185,70,70,"Orthodox","1974-07-14","male"
2760,"Romie Aram",170,70,70,"Orthodox","1977-12-02","male"
2764,"Michel Batista",260,75,75,"Orthodox","1984-04-20","male"
2775,"Jutaro Nakao",170,69,69,"Southpaw","1970-11-30","male"
2777,"Dan Cramer",170,74,74,"Orthodox","1985-10-31","male"
2781,"Jonathan Wiezorek",250,75,75,"Southpaw","1978-02-10","male"
2790,"Jesse Bongfeldt",185,72,72,"Orthodox","1980-08-28","male"
2792,"Thiago Perpetuo",170,70,70,"Orthodox","1987-12-14","male"
2793,"Maciej Jewtuszko",155,72,72,"Southpaw","1981-01-31","male"
2794,"Julie Kedzie",135,65,65,"Orthodox","1981-03-18","female"
2796,"Nolan Ticman",125,66,66,"Orthodox","1988-05-17","male"
2797,"Tom Murphy",227,74,74,"Southpaw","1974-11-19","male"
2798,"Jon Manley",170,73,73,"Orthodox","1986-07-07","male"
2800,"Jamie Yager",185,73,73,"Orthodox","1983-11-29","male"
2803,"Alan Omer",145,70,70,"Orthodox","1988-09-14","male"
2805,"Logan Clark",185,74,74,"Orthodox","1985-02-16","male"
2809,"Robert Drysdale",205,75,75,"Orthodox","1981-10-05","male"
2810,"Anistavio Medeiros",145,66,66,"Orthodox","1988-05-01","male"
2811,"John Teixeira",145,67,67,"Orthodox","1986-11-18","male"
2819,"Filip Pejic",135,68,68,"Orthodox","1992-07-21","male"
2836,"Charlie Ward",170,71,71,"Orthodox","1980-12-17","male"
2837,"Izabela Badurek",115,65,65,"Orthodox","1991-07-11","female"
2839,"Albert Cheng",170,71,71,"Orthodox","1985-02-07","male"
2842,"Sai Wang",170,72,72,"Southpaw","1986-01-14","male"
2844,"Sanae Kikuta",200,69,69,"Orthodox","1971-09-10","male"
2845,"Jay Cucciniello",155,67,67,"Orthodox","1986-07-23","male"
2848,"Delson Heleno",185,71,71,"Orthodox","1977-11-16","male"
2853,"Jumabieke Tuerxun",135,67,67,"Orthodox","1986-04-17","male"
2856,"Ron Waterman",280,74,74,"Orthodox","1965-11-23","male"
2857,"Ricardo Abreu",185,71,71,"Orthodox","1984-04-27","male"
2861,"Josh Bryant",185,70,70,"Orthodox","1980-04-23","male"
2863,"Bentley Syler",125,64,64,"Orthodox","1982-12-22","male"
2864,"Mark Hughes",205,69,69,"Southpaw","1973-10-13","male"
2877,"Cesar Arzamendia",155,71,71,"Orthodox","1991-01-31","male"
2882,"Phillip Miller",185,71,71,"Orthodox","1979-02-20","male"
2885,"Lee Murray",185,75,75,"Orthodox","1977-09-12","male"
2887,"Ikuhisa Minowa",181,69,69,"Orthodox","1976-01-12","male"
2892,"Chris Spang",170,74,74,"Orthodox","1987-11-26","male"
2923,"Bogdan Guskov",205,75,76,"Orthodox","1992-09-12","male"
2924,"Yanis Ghemmouri",145,69,69,"Orthodox","1995-01-24","male"
2925,"Morgan Charriere",145,68,69,"Orthodox","1995-10-26","male"
2926,"Manolo Zecchini",145,68,68,"Orthodox","1996-10-22","male"
2927,"Caolan Loughran",135,66,68,"Orthodox","1996-05-18","male"
2928,"Nora Cornolle",135,67,67,"Orthodox","1989-12-06","female"
2929,"Jacqueline Cavalcanti",135,68,70,"Orthodox","1997-08-29","male"
2930,"Billy Goff",170,70,72,"Switch","1998-06-18","male"
2931,"Isaac Dulgarian",145,67,71,"Orthodox","1996-07-04","male"
2932,"Montserrat Conejo Ruiz",115,60,61,"Southpaw","1993-02-03","female"
2933,"Luana Santos",125,66,67,"Orthodox","2000-04-16","female"
2934,"Assu Almabayev",125,64,65,"Orthodox","1994-01-25","male"
2935,"Mizuki",115,63,65,"Orthodox","1994-08-19","female"
2936,"Montserrat Rendon",135,68,68,"Orthodox","1989-03-16","female"
2937,"Charlie Campbell",155,72,72,"Orthodox","1995-07-03","male"
2938,"Felipe dos Santos",125,67,70,"Orthodox","2000-09-11","male"
2939,"Landon Quinones",155,69,70,"Southpaw","1995-11-21","male"
2940,"Charles Radtke",170,69,72,"Orthodox","1990-07-09","male"
2941,"Kevin Jousset",170,74,75,"Orthodox","1993-05-02","male"
2942,"Kiefer Crosbie",170,71,70,"Switch","1990-04-05","male"
2943,"Rayanne Amanda",115,62,62,"Orthodox","1995-06-08","female"
2944,"Talita Alencar",115,61,58,"Orthodox","1990-10-17","female"
2945,"Zach Reese",185,76,77,"Switch","1994-03-24","male"
2946,"Rodolfo Bellato",205,75,77,"Orthodox","1996-02-05","male"
2947,"Payton Talbott",135,70,70,"Switch","1998-09-09","male"
2948,"Myktybek Orolbai",170,70,74,"Orthodox","1998-02-10","male"
2949,"Caio Machado",250,76,78,"Southpaw","1994-07-20","male"
2950,"Rafael Estevam",125,68,69,"Orthodox","1996-08-10","male"
2951,"Kevin Borjas",125,65,68,"Orthodox","1997-12-06","male"
2952,"Kaynan Kruschewsky",155,72,73,"Orthodox","1991-04-04","male"
2953,"Eduarda Moura",115,66,66,"Orthodox","1994-02-28","female"
2954,"Kaue Fernandes",155,69,73,"Orthodox","1995-03-17","male"
2955,"Mohammad Yahya",155,69,73,"Switch","1994-05-23","male"
2956,"Shara Magomedov",185,74,73,"Orthodox","1994-05-16","male"
2957,"Ravena Oliveira",135,65,65,"Orthodox","1997-02-20","female"
2958,"Brendon Marotte",155,69,70,"Orthodox","1996-01-12","male"
2959,"Melissa Dixon",135,67,68,"Orthodox","1991-07-23","female"
2960,"Cory Hendricks",205,75,75,"Switch","1988-05-10","male"
2961,"Juan Espino",255,75,80,"Orthodox","1980-10-09","male"
2962,"Julija Stoliarenko",125,67,66,"Orthodox","1993-04-08","female"
2963,"Manuel Torres",155,70,73,"Switch","1995-03-25","male"
2964,"Sako Chivitchian",155,71,71,"Orthodox","1984-03-11","male"
