"id","left_name","right_name","left_odds","right_odds","weight_class","date","fight_id"
1059,"Terrance McKinney","Erick Gonzalez",-900,600,"155","2022-08-06",893
2318,"Punahele Soriano","Duško Todorović",140,-165,"185","2021-01-16",1756
3251,"Viviane Araujo","Talita Bernardo",230,-280,"135","2019-05-11",2560
4063,"Derek Brunson","Lyoto Machida",-155,135,"185","2017-10-28",3315
6903,"Stefan Struve","Dave Herman",-115,-115,"265","2012-02-15",5812
5806,"Beneil Dariush","Diego Ferreira",175,-220,"155","2014-10-25",4725
6599,"David Mitchell","Simeon Thoresen",200,-240,"170","2013-01-26",5508
7562,"Tyson Griffin","Hermes França",-323,270,"159","2009-09-19",6498
8310,"Robbie Lawler","Tiki Ghosn",-240,200,"170","2002-11-22",7350
590,"Ailin Perez","Ashlee Evans-Smith",-240,190,"135","2023-07-15",424
1060,"Michał Oleksiejczuk","Sam Alvey",-600,450,"185","2022-08-06",894
2327,"Rob Font","Marlon Moraes",130,-155,"135","2020-12-19",1765
3266,"Mike Perry","Alex Oliveira",140,-175,"170","2019-04-27",2575
4075,"Darren Till","Donald Cerrone",135,-150,"170","2017-10-21",3327
6939,"Fabrício Camões","Tommy Hayden",-325,270,"155","2012-01-20",5848
5814,"Raphael Assunção","Bryan Caraway",-450,350,"135","2014-10-04",4733
6602,"Gabriel Gonzaga","Ben Rothwell",-125,-110,"265","2013-01-19",5511
7573,"Carlos Condit","Jake Ellenberger",-408,357,"170","2009-09-16",6509
2235,"Aleksandar Rakić","Thiago Santos",-190,155,"205","2021-03-06",1636
1089,"Victoria Leonardo","Mandy Böhm",-105,-115,"125","2022-07-23",923
2336,"Deiveson Figueiredo","Brandon Moreno",-345,275,"125","2020-12-12",1774
3276,"Dhiego Lima","Court McGee",125,-155,"170","2019-04-27",2585
4087,"Demetrious Johnson","Ray Borg",-1200,600,"125","2017-10-07",3339
6960,"Jacob Volkmann","Efrain Escudero",-240,195,"155","2011-12-30",5869
5829,"Magnus Cedenblad","Scott Askham",-135,115,"185","2014-10-04",4748
6607,"Edson Barboza","Lucas Martins",-350,275,"155","2013-01-19",5516
7584,"Nate Marquardt","Demian Maia",-195,160,"185","2009-08-29",6520
2248,"Montana De La Rosa","Mayra Bueno Silva",-120,105,"125","2021-02-27",1649
1105,"Said Nurmagomedov","Douglas Silva de Andrade",-450,350,"135","2022-07-09",939
2348,"Gabriel Benítez","Justin Jaynes",-220,190,"155","2020-12-05",1786
3286,"Michał Oleksiejczuk","Gadzhimurad Antigulov",-215,170,"205","2019-04-20",2595
4103,"Keita Nakamura","Alex Morono",110,-135,"77","2017-09-22",3355
6764,"Forrest Griffin","Tito Ortiz",-300,250,"205","2012-07-07",5673
6623,"Roy Nelson","Matt Mitrione",-200,170,"265","2012-12-15",5532
7595,"Johny Hendricks","Amir Sadollah",-112,-109,"170","2009-08-08",6531
2262,"John Castañeda","Eddie Wineland",-125,105,"135","2021-02-20",1663
5070,"Mauricio Rua","Corey Anderson",130,-150,"205","2016-05-14",4000
1120,"Jim Miller","Donald Cerrone",-190,160,"170","2022-07-02",954
2363,"Nate Maness","Luke Sanders",130,-155,"140","2020-11-28",1801
3299,"Poliana Botelho","Lauren Mueller",-160,130,"125","2019-04-13",2608
4117,"Amanda Nunes","Valentina Shevchenko",105,-135,"135","2017-09-09",3369
5082,"Germaine de Randamie","Anna Elmose",-400,315,"135","2016-05-08",4012
5858,"Yoshihiro Akiyama","Amir Sadollah",-155,145,"77","2014-09-20",4768
6633,"Tim Elliott","Jared Papazian",-190,160,"125","2012-12-15",5542
7606,"Dan Henderson","Michael Bisping",-223,175,"185","2009-07-11",6542
2279,"Clay Guida","Michael Johnson",165,-185,"155","2021-02-06",1680
1129,"Thiago Moisés","Christos Giagos",-240,200,"155","2022-06-25",963
2374,"Kyle Daukaus","Dustin Stoltzfus",-315,250,"185","2020-11-21",1812
3314,"Anthony Pettis","Stephen Thompson",320,-425,"170","2019-03-23",2623
4126,"Arjan Bhullar","Luis Henrique",-215,175,"265","2017-09-09",3378
5097,"Sergio Pettis","Chris Kelades",-220,175,"125","2016-04-23",4027
5869,"Gleison Tibau","Piotr Hallmann",-240,200,"155","2014-09-13",4779
7618,"Joe Stevenson","Nate Diaz",158,-198,"155","2009-06-20",6554
2295,"Brad Tavares","Antônio Carlos Júnior",105,-125,"185","2021-01-23",1733
6645,"Alexander Gustafsson","Mauricio Rua",-270,220,"205","2012-12-08",5554
1142,"Gregory Rodrigues","Julian Marquez",-175,145,"185","2022-06-18",976
2388,"Giga Chikadze","Jamey Simmons",-840,610,"145","2020-11-07",1826
3326,"Jorge Masvidal","Darren Till",180,-230,"170","2019-03-16",2635
4131,"Leon Edwards","Bryan Barberena",-245,215,"170","2017-09-02",3383
5110,"Santiago Ponzinibbio","Court McGee",-135,115,"170","2016-04-16",4040
5880,"Ben Rothwell","Alistair Overeem",300,-350,"265","2014-09-05",4790
6660,"Patrick Cote","Alessio Sakara",-240,185,"185","2012-11-17",5569
7629,"Dan Hardy","Marcus Davis",166,-200,"170","2009-06-13",6565
1058,"Serghei Spivac","Augusto Sakai",-280,230,"265","2022-08-06",892
1147,"Maria Oliveira","Gloria de Paula",210,-260,"115","2022-06-18",981
2398,"Kevin Holland","Charlie Ontiveros",-835,555,"185","2020-10-31",1836
3340,"Niko Price","Tim Means",180,-220,"170","2019-03-09",2649
4136,"Aleksandar Rakić","Francimar Barroso",-140,120,"205","2017-09-02",3388
5113,"Cezar Ferreira","Oluwale Bamgbose",155,-185,"185","2016-04-16",4043
5894,"Anthony Hamilton","Ruan Potts",-235,200,"265","2014-08-30",4804
6675,"Riki Fukuda","Tom DeBlass",-285,235,"185","2012-11-10",5584
7640,"Frankie Edgar","Sean Sherk",275,-305,"155","2009-05-23",6576
1140,"Joaquin Buckley","Albert Duraev",190,-235,"185","2022-06-18",974
1152,"Valentina Shevchenko","Taila Santos",-625,450,"125","2022-06-11",986
2410,"Lauren Murphy","Liliya Shakirova",-225,185,"125","2020-10-24",1848
3346,"Grant Dawson","Julian Erosa",-205,175,"145","2019-03-09",2655
4152,"Daniel Cormier","Jon Jones",235,-315,"205","2017-07-29",3404
5120,"Maryna Moroz","Cristina Stanciu",-185,165,"115","2016-04-10",4050
5905,"Ben Saunders","Chris Heatherly",-400,340,"170","2014-08-23",4815
6683,"Gleison Tibau","Francisco Trinaldo",-135,110,"155","2012-10-13",5592
7652,"Luiz Cané","Steve Cantwell",-260,208,"205","2009-04-18",6588
1141,"Damir Ismagulov","Guram Kutateladze",-185,155,"155","2022-06-18",975
1173,"Jeff Molina","Zhalgas Zhumagulov",-185,155,"125","2022-06-04",1007
2423,"Guram Kutateladze","Mateusz Gamrot",265,-315,"155","2020-10-17",1861
3360,"Edmen Shahbazyan","Charles Byrd",-170,140,"185","2019-03-02",2669
4166,"Patrick Cummins","Gian Villante",180,-220,"205","2017-07-22",3418
5131,"Daniel Kelly","Antônio Carlos Júnior",400,-500,"185","2016-03-19",4061
5914,"Colby Covington","Anying Wang",-430,375,"170","2014-08-23",4824
6722,"Donald Cerrone","Melvin Guillard",-345,285,"155","2012-08-11",5631
7659,"Martin Kampmann","Carlos Condit",-124,104,"170","2009-04-01",6595
1143,"Adrian Yanez","Tony Kelley",-300,240,"135","2022-06-18",977
1187,"Jan Błachowicz","Aleksandar Rakić",170,-200,"205","2022-05-14",1021
2426,"Fares Ziam","Jamie Mullarkey",110,-130,"155","2020-10-17",1864
3373,"Ismail Naurdiev","Michel Prazeres",360,-450,"170","2019-02-23",2682
4182,"Justin Willis","James Mulheron",-185,155,"265","2017-07-16",3434
5142,"Ilir Latifi","Gian Villante",-190,160,"205","2016-03-05",4072
5929,"Dennis Bermudez","Clay Guida",-185,160,"145","2014-07-26",4839
6777,"Fabrício Werdum","Mike Russow",-500,380,"265","2012-06-23",5686
7664,"Ricardo Almeida","Matt Horwich",-305,265,"185","2009-04-01",6600
1144,"Natália Silva","Jasmine Jasudavicius",200,-240,"125","2022-06-18",978
1197,"Andre Petroski","Nick Maximov",290,-380,"185","2022-05-14",1031
2436,"Chris Daukaus","Rodrigo Nascimento",205,-235,"265","2020-10-10",1874
3386,"Luke Sanders","Renan Barão",-155,130,"135","2019-02-17",2695
4191,"Curtis Blaydes","Daniel Omielańczuk",-800,600,"265","2017-07-08",3443
5149,"Diego Sanchez","Jim Miller",155,-180,"155","2016-03-05",4079
5942,"Norman Parke","Naoyuki Kotani",-410,340,"155","2014-07-19",4852
6802,"Seth Baczynski","Lance Benoist",-115,-115,"170","2012-06-08",5711
7677,"Jason Brilz","Tim Boetsch",135,-160,"205","2009-03-07",6613
2019,"Manel Kape","Ode Osbourne",-200,170,"125","2021-08-07",1420
1246,"Sam Hughes","Istela Nunes",185,-225,"115","2022-04-16",1080
1214,"Joanderson Brito","Andre Fili",200,-250,"145","2022-04-30",1048
2446,"Duško Todorović","Dequan Townsend",-400,310,"185","2020-10-03",1884
3396,"Kyung Ho Kang","Teruto Ishihara",-320,260,"135","2019-02-09",2705
4204,"Brad Tavares","Elias Theodorou",-120,-110,"185","2017-07-07",3456
5159,"Arnold Allen","Yaotzin Meza",-340,280,"145","2016-02-27",4089
5950,"Edson Barboza","Evan Dunham",-325,265,"155","2014-07-16",4860
6865,"Chris Clements","Keith Wisniewski",-160,135,"170","2012-04-21",5774
7688,"Mike Ciesnolevicz","Neil Grove",-102,-118,"265","2009-02-21",6624
1795,"Deiveson Figueiredo","Brandon Moreno",160,-190,"125","2022-01-22",1196
1223,"Jéssica Andrade","Amanda Lemos",-230,190,"115","2022-04-23",1057
2463,"Danilo Marques","Khadis Ibragimov",170,-205,"205","2020-09-26",1901
3408,"Jairzinho Rozenstruik","Júnior Albini",125,-155,"265","2019-02-02",2717
4220,"Darrell Horcher","Devin Powell",-405,340,"155","2017-06-25",3472
5170,"James Krause","Shane Campbell",-165,140,"155","2016-02-21",4100
5959,"Cláudia Gadelha","Tina Lähdemäki",-560,430,"115","2014-07-16",4869
6898,"Vaughan Lee","Norifumi Yamamoto",260,-320,"61","2012-02-25",5807
7703,"Karo Parisyan","Dong Hyun Kim",-223,173,"170","2009-01-31",6639
1765,"Jonathan Pearce","Christian Rodriguez",-400,295,"145","2022-02-19",1166
1235,"Caio Borralho","Gadzhi Omargadzhiev",100,-120,"185","2022-04-16",1069
2477,"Tyson Nam","Jerome Rivera",-195,165,"135","2020-09-19",1915
3420,"Alonzo Menifield","Vinicius Moreira",-310,240,"205","2019-01-19",2729
4230,"Alex Caceres","Rolando Dy",-290,240,"145","2017-06-17",3482
5181,"Joseph Benavidez","Zach Makovsky",-425,345,"125","2016-02-06",4111
5974,"Russell Doane","Marcus Brimage",105,-125,"135","2014-07-05",4884
6949,"Iuri Alcântara","Michihiro Omigawa",-200,170,"145","2012-01-14",5858
7715,"John Hathaway","Tom Egan",-250,195,"170","2009-01-17",6651
2720,"Luis Pena","Steve Garcia",-265,205,"155","2020-02-29",2154
1245,"Jordan Leavitt","Trey Ogden",115,-140,"155","2022-04-16",1079
2489,"Sabina Mazo","Justine Kish",-230,190,"125","2020-09-12",1927
3432,"Petr Yan","Douglas Silva de Andrade",-355,285,"135","2018-12-29",2741
4241,"Alexander Volkanovski","Mizuto Hirota",-700,500,"145","2017-06-10",3493
6709,"Jon Jones","Vitor Belfort",-875,615,"205","2012-09-22",5618
5987,"Diego Ferreira","Colton Smith",-215,180,"155","2014-06-28",4897
6977,"Tony Ferguson","Yves Edwards",-410,310,"155","2011-12-03",5886
7726,"Antoni Hardonk","Mike Wessel",-336,276,"265","2008-12-27",6662
3021,"Alexander Hernandez","Francisco Trinaldo",-240,190,"155","2019-07-20",2455
1247,"Alatengheili","Kevin Croom",-180,155,"135","2022-04-16",1081
2499,"Alexa Grasso","Ji Yeon Kim",-285,245,"125","2020-08-29",1937
3439,"Edson Barboza","Dan Hooker",100,-125,"155","2018-12-15",2748
4255,"Brian Kelleher","Iuri Alcântara",300,-400,"135","2017-06-03",3507
5203,"Jimmie Rivera","Iuri Alcântara",-160,135,"135","2016-01-30",4122
6001,"Gian Villante","Sean O'Connell",-300,240,"205","2014-06-28",4911
7001,"Darren Uyenoyama","Norifumi Yamamoto",320,-420,"135","2011-11-12",5910
7736,"Eliot Marshall","Jules Bruchez",-601,451,"205","2008-12-13",6672
3242,"Alexander Volkanovski","José Aldo",110,-140,"145","2019-05-11",2551
1260,"Curtis Blaydes","Chris Daukaus",-510,375,"265","2022-03-26",1094
2510,"Shana Dobson","Mariya Agapova",950,-1400,"125","2020-08-22",1948
3445,"Jack Hermansson","Gerald Meerschaert",-165,135,"185","2018-12-15",2754
4269,"Darren Till","Jessin Ayari",-300,220,"170","2017-05-28",3521
5211,"Randy Brown","Matt Dwyer",-140,120,"170","2016-01-30",4130
6005,"Andrei Arlovski","Brendan Schaub",145,-155,"265","2014-06-14",4915
7026,"Clifford Starks","Dustin Jacoby",-105,-125,"185","2011-10-29",5935
7747,"Ben Saunders","Brandon Wolff",-351,321,"170","2008-12-10",6683
3912,"Valentina Shevchenko","Priscila Cachoeira",-1000,650,"125","2018-02-03",3164
1271,"Luis Saldaña","Bruno Souza",115,-135,"145","2022-03-26",1105
2523,"Danny Chavez","TJ Brown",105,-135,"145","2020-08-15",1961
3460,"Dhiego Lima","Chad Laprise",305,-395,"170","2018-12-08",2769
4282,"Gadzhimurad Antigulov","Joachim Christensen",-385,315,"205","2017-05-13",3534
5213,"Anthony Rocco Martin","Felipe Olivieri",-160,135,"155","2016-01-30",4132
6010,"Tae Hyun Bang","Kajan Johnson",155,-185,"155","2014-06-14",4920
7042,"Yves Edwards","Rafaello Oliveira",-160,135,"155","2011-10-01",5951
7759,"Anderson Silva","Patrick Cote",-613,413,"185","2008-10-25",6695
4800,"Marco Beltran","Reginaldo Vieira",105,-125,"135","2016-07-07",3957
1283,"Muhammad Mokaev","Cody Durden",-500,380,"125","2022-03-19",1117
2538,"Irwin Rivera","Ali AlQaisi",-185,150,"135","2020-08-08",1976
3471,"Keita Nakamura","Salim Touahri",-165,135,"170","2018-12-01",2780
4300,"Alexander Volkov","Roy Nelson",-155,135,"265","2017-04-15",3552
5231,"Abel Trujillo","Tony Sims",135,-160,"155","2016-01-02",4150
6021,"Scott Jorgensen","Danny Martinez",-260,220,"125","2014-06-07",4931
7054,"Tim Boetsch","Nick Ring",-195,170,"185","2011-09-24",5963
7760,"Thiago Alves","Josh Koscheck",-105,-125,"170","2008-10-25",6696
6830,"Mike Brown","Daniel Pineda",-120,-110,"145","2012-05-26",5739
3012,"Hakeem Dawodu","Yoshinori Horie",-400,300,"145","2019-07-27",2446
2549,"Fabrício Werdum","Alexander Gustafsson",230,-300,"265","2020-07-25",1987
3485,"Roosevelt Roberts","Darrell Horcher",-370,280,"155","2018-11-30",2794
4310,"Gegard Mousasi","Chris Weidman",-115,-105,"185","2017-04-08",3562
5242,"Karolina Kowalkiewicz","Randa Markos",165,-195,"115","2015-12-19",4161
6041,"Magnus Cedenblad","Krzysztof Jotko",-115,-105,"185","2014-05-31",4951
7060,"Erik Koch","Jonathan Brookins",-215,175,"145","2011-09-17",5969
7765,"Spencer Fisher","Shannon Gugerty",-316,286,"155","2008-10-25",6701
5123,"Mairbek Taisumov","Damir Hadžović",-315,265,"155","2016-04-10",4053
3030,"Germaine de Randamie","Aspen Ladd",105,-135,"135","2019-07-13",2464
2561,"Nathaniel Wood","John Castañeda",-410,330,"135","2020-07-25",1999
3504,"Marlon Vera","Guido Cannetti",-315,235,"135","2018-11-17",2813
4322,"Jimi Manuwa","Corey Anderson",-145,125,"205","2017-03-18",3574
5261,"Magomed Mustafaev","Joe Proctor",-400,300,"155","2015-12-12",4180
6052,"Tony Ferguson","Katsunori Kikuno",-330,270,"155","2014-05-24",4962
7073,"Antônio Rodrigo Nogueira","Brendan Schaub",215,-255,"265","2011-08-27",5982
7778,"Jim Miller","David Baron",-180,155,"155","2008-10-18",6714
5708,"Shawn Jordan","Jared Cannonier",-185,155,"265","2015-01-03",4627
3039,"Jonathan Martinez","Pingyuan Liu",175,-225,"135","2019-07-13",2473
2573,"Serghei Spivac","Carlos Felipe",-200,160,"265","2020-07-18",2011
3514,"Germaine de Randamie","Raquel Pennington",-210,175,"135","2018-11-10",2823
4329,"Leon Edwards","Vicente Luque",105,-125,"170","2017-03-18",3581
5273,"Chris Gruetzemacher","Abner Lloveras",-150,130,"155","2015-12-11",4192
6066,"Zak Cummings","Yan Cabral",450,-600,"170","2014-05-10",4976
7089,"Ronny Markes","Karlos Vémola",190,-235,"205","2011-08-14",5998
7787,"Jason Brilz","Brad Morris",-250,205,"205","2008-09-17",6723
5737,"Charles Oliveira","Jeremy Stephens",150,-175,"145","2014-12-12",4656
1759,"Joaquin Buckley","Abdul Razak Alhassan",-150,130,"185","2022-02-19",1160
2585,"Modestas Bukauskas","Andreas Michailidis",-145,115,"205","2020-07-15",2019
3531,"Sheymon Moraes","Julio Arce",215,-265,"145","2018-11-03",2840
4339,"Kevin Lee","Francisco Trinaldo",-185,150,"155","2017-03-11",3591
5286,"Benson Henderson","Jorge Masvidal",-220,185,"170","2015-11-28",4205
6079,"Danny Castillo","Charlie Brenneman",-380,270,"155","2014-04-26",4989
7099,"Alexander Gustafsson","Matt Hamill",-150,125,"205","2011-08-06",6035
7795,"Kurt Pellegrino","Thiago Tavares",221,-261,"155","2008-09-06",6731
5738,"Daron Cruickshank","KJ Noons",-220,170,"155","2014-12-12",4657
1752,"Jonathan Martinez","Alejandro Perez",-300,235,"145","2022-02-26",1153
2603,"Mike Perry","Mickey Gall",-335,255,"170","2020-06-27",2037
3538,"Misha Cirkunov","Patrick Cummins",-355,280,"205","2018-10-27",2847
4349,"Alistair Overeem","Mark Hunt",-125,120,"265","2017-03-04",3601
5304,"Bartosz Fabiński","Hector Urbina",-180,155,"170","2015-11-21",4223
6092,"Mirsad Bektić","Chas Skelly",-145,125,"145","2014-04-19",5002
7115,"Jeff Hougland","Donny Walker",155,-175,"135","2011-07-02",6051
7809,"Anderson Silva","James Irvin",-505,413,"205","2008-07-19",6745
5739,"Yancy Medeiros","Joe Proctor",-275,235,"155","2014-12-12",4658
1783,"Shavkat Rakhmonov","Carlston Harris",-270,220,"170","2022-02-05",1184
2611,"Youssef Zalal","Jordan Griffin",-140,110,"145","2020-06-27",2045
3549,"Khabib Nurmagomedov","Conor McGregor",-215,175,"155","2018-10-06",2858
4359,"Elias Theodorou","Cezar Ferreira",-115,-105,"185","2017-02-19",3611
5310,"Holly Holm","Ronda Rousey",830,-1400,"135","2015-11-14",4229
6104,"Nordine Taleb","Vik Grujic",-240,200,"185","2014-04-16",5014
7126,"Michael Johnson","Edward Faaloloto",-560,430,"155","2011-06-26",6062
7823,"Josh Koscheck","Chris Lytle",-318,263,"170","2008-07-05",6759
5807,"Neil Magny","William Macário",-225,185,"170","2014-10-25",4726
1825,"Raquel Pennington","Macy Chiasson",-135,115,"145","2021-12-18",1226
2620,"Gillian Robertson","Cortney Casey",-120,-110,"125","2020-06-20",2054
3564,"Andre Ewell","Renan Barão",155,-185,"135","2018-09-22",2873
4372,"Belal Muhammad","Randy Brown",130,-150,"170","2017-02-11",3624
5314,"Jared Rosholt","Stefan Struve",115,-135,"265","2015-11-14",4233
6110,"Ramsey Nijem","Beneil Dariush",230,-260,"155","2014-04-11",5020
7140,"Clay Guida","Anthony Pettis",200,-240,"155","2011-06-04",6076
7835,"Drew McFedries","Marvin Eastman",-145,115,"185","2008-06-21",6771
6007,"Kiichi Kunimoto","Daniel Sarafian",400,-475,"170","2014-06-14",4917
1861,"Rafa García","Natan Levy",-115,-105,"155","2021-11-20",1262
2621,"Justin Jaynes","Frank Camacho",230,-300,"155","2020-06-20",2055
3576,"Jan Błachowicz","Nikita Krylov",130,-155,"205","2018-09-15",2885
4384,"Chas Skelly","Chris Gruetzemacher",-350,270,"145","2017-02-04",3636
5324,"Glover Teixeira","Patrick Cummins",-500,350,"205","2015-11-07",4243
6122,"Jussier Formiga","Scott Jorgensen",165,-200,"125","2014-03-23",5032
7150,"Quinton Jackson","Matt Hamill",-300,240,"205","2011-05-28",6086
7846,"Kevin Burns","Roan Carneiro",375,-500,"170","2008-06-07",6782
6213,"Beneil Dariush","Charlie Brenneman",160,-200,"155","2014-01-15",5123
1894,"Alexander Volkov","Marcin Tybura",-300,245,"265","2021-10-30",1295
2628,"Jordan Espinosa","Mark De La Rosa",-165,135,"135","2020-06-13",2062
3591,"Abdul Razak Alhassan","Niko Price",-115,-105,"170","2018-09-08",2900
4398,"Marcos Rogério de Lima","Jeremy Kimball",-140,120,"205","2017-01-28",3650
5325,"Thomas Almeida","Anthony Birchak",-435,350,"135","2015-11-07",4244
6136,"Justin Scoggins","Will Campuzano",-650,550,"125","2014-03-15",5046
7154,"Brian Stann","Jorge Santiago",-145,125,"185","2011-05-28",6090
7855,"Rousimar Palhares","Ivan Salaverry",108,-138,"185","2008-05-24",6791
6782,"Thiago Perpétuo","Leonardo Mafra",-130,105,"185","2012-06-23",5691
1933,"Chris Gutierrez","Felipe Colares",-250,200,"135","2021-10-09",1334
2637,"Neil Magny","Anthony Rocco Martin",-140,110,"170","2020-06-06",2071
3603,"Bryan Barberena","Jake Ellenberger",-430,340,"170","2018-08-25",2912
4410,"Walt Harris","Chase Sherman",-145,125,"265","2017-01-15",3662
5326,"Alex Oliveira","Piotr Hallmann",-275,230,"155","2015-11-07",4245
6146,"Igor Araújo","Danny Mitchell",-265,225,"170","2014-03-08",5056
7157,"Gleison Tibau","Rafaello Oliveira",-460,360,"155","2011-05-28",6093
7862,"Rich Franklin","Travis Lutter",-300,235,"185","2008-04-19",6798
7263,"Jonathan Brookins","Michael Johnson",-250,200,"155","2010-12-04",6199
1966,"Arman Tsarukyan","Christos Giagos",-850,575,"155","2021-09-18",1367
2648,"Billy Quarantillo","Spike Carlyle",-130,100,"150","2020-05-30",2082
3614,"Henry Cejudo","Demetrious Johnson",380,-500,"125","2018-08-04",2923
4424,"Mickey Gall","Sage Northcutt",-160,135,"170","2016-12-17",3676
5327,"Rashid Magomedov","Gilbert Burns",-200,165,"155","2015-11-07",4246
6160,"Stephen Thompson","Robert Whittaker",-135,105,"170","2014-02-22",5070
7168,"Ivan Menjivar","Charlie Valencia",-195,170,"135","2011-04-30",6104
7871,"Jonathan Goulet","Kuniyoshi Hironaka",198,-231,"170","2008-04-19",6807
7464,"Cain Velasquez","Antônio Rodrigo Nogueira",101,-112,"265","2010-02-20",6400
2005,"Brian Kelleher","Domingo Pilarte",-175,145,"135","2021-08-21",1406
2667,"Rodrigo Nascimento","Don'Tale Mayes",-130,100,"265","2020-05-16",2101
3629,"Jordan Mein","Alex Morono",-145,115,"170","2018-07-28",2938
4428,"Mizuto Hirota","Cole Miller",-110,-110,"145","2016-12-17",3680
5373,"Ross Pearson","Paul Felder",370,-460,"155","2015-09-05",4292
6174,"Francisco Trinaldo","Jesse Ronson",-165,140,"155","2014-02-15",5084
7179,"Michael McDonald","Edwin Figueroa",-460,330,"135","2011-03-26",6115
7888,"Jon Fitch","Chris Wilson",-575,425,"170","2008-03-01",6824
7997,"Antônio Rodrigo Nogueira","Heath Herring",-625,450,"265","2007-07-07",6934
1757,"Parker Porter","Alan Baudot",-280,225,"265","2022-02-19",1158
2684,"Aleksei Oleinik","Fabrício Werdum",250,-325,"265","2020-05-09",2118
3636,"Nina Nunes","Randa Markos",-140,120,"115","2018-07-28",2945
4429,"Colby Covington","Bryan Barberena",-340,280,"170","2016-12-17",3681
5387,"Nikita Krylov","Marcos Rogério de Lima",145,-170,"205","2015-08-23",4306
6185,"Chris Cariaso","Danny Martinez",-170,140,"125","2014-02-01",5095
7188,"Brendan Schaub","Mirko Filipović",-245,205,"265","2011-03-19",6124
7900,"Marvin Eastman","Terry Martin",170,-210,"185","2008-02-02",6837
720,"William Gomis","Francis Marshall",170,-210,"145","2023-04-22",554
1787,"John Castañeda","Miles Johns",150,-170,"135","2022-02-05",1188
2697,"Rani Yahya","Enrique Barzola",170,-200,"135","2020-03-14",2131
3647,"Aleksandar Rakić","Justin Ledet",-115,-105,"205","2018-07-22",2956
4443,"Viviane Pereira","Valérie Létourneau",100,-120,"115","2016-12-10",3695
5399,"Dustin Ortiz","Willie Gates",-425,345,"125","2015-08-08",4318
6198,"Hugo Viana","Ramiro Hernandez",-350,285,"135","2014-01-25",5108
7203,"Takeya Mizugaki","Reuben Duran",-225,185,"135","2011-03-03",6139
7913,"Marcus Davis","Jess Liaudin",-333,258,"170","2008-01-19",6850
884,"Jan Błachowicz","Magomed Ankalaev",280,-360,"205","2022-12-10",718
1823,"Melissa Gatto","Sijara Eubanks",140,-165,"125","2021-12-18",1224
2715,"Megan Anderson","Norma Dumont",-285,225,"145","2020-02-29",2149
3658,"Alexander Volkanovski","Darren Elkins",-285,235,"145","2018-07-14",2967
4743,"Valentina Shevchenko","Holly Holm",140,-160,"135","2016-07-23",3900
5409,"Antônio Silva","Soa Palelei",145,-170,"265","2015-08-01",4328
6203,"Brad Tavares","Lorenz Larkin",225,-270,"185","2014-01-15",5113
7213,"Alexander Gustafsson","James Te Huna",-360,290,"205","2011-02-26",6149
7923,"Lyoto Machida","Rameau Thierry Sokoudjou",-105,-116,"205","2007-12-29",6860
2473,"Jessica-Rose Clark","Sarah Alpar",-210,180,"135","2020-09-19",1911
1859,"Adrian Yanez","Davey Grant",-300,240,"135","2021-11-20",1260
2719,"Marcin Tybura","Serghei Spivac",-110,-120,"265","2020-02-29",2153
3674,"Emily Whitmire","Jamie Moyle",165,-175,"115","2018-07-07",2983
4815,"Michael Bisping","Luke Rockhold",450,-600,"185","2016-06-04",3972
5415,"Vitor Miranda","Clint Hester",120,-140,"185","2015-08-01",4334
6217,"Kyung Ho Kang","Shunichi Shimizu",-300,270,"135","2014-01-04",5127
7231,"Matt Mitrione","Tim Hague",-260,220,"265","2011-01-22",6167
7938,"Jonathan Goulet","Paul Georgieff",-403,288,"170","2007-12-08",6875
7252,"Georges St-Pierre","Josh Koscheck",-460,350,"170","2010-12-11",6188
7920,"Georges St-Pierre","Matt Hughes",-199,174,"170","2007-12-29",6857
8219,"Georges St-Pierre","Sean Sherk",-300,240,"170","2005-11-19",7189
8228,"Georges St-Pierre","Frank Trigg",-175,155,"170","2005-08-20",7220
8236,"Georges St-Pierre","Jason Miller",-135,115,"170","2005-04-16",7244
8278,"Georges St-Pierre","Karo Parisyan",200,-240,"170","2004-01-31",7302
8145,"Joshua Burkman","Josh Neer",-160,130,"170","2006-07-08",7108
7834,"Dustin Hazelett","Joshua Burkman",165,-190,"170","2008-06-21",6770
7452,"Matthew Riddle","Greg Soto",-218,186,"170","2010-03-27",6388
5855,"Manvel Gamburyan","Cody Gibson",145,-175,"135","2014-09-27",4765
7926,"Manvel Gamburyan","Nate Mohr",-423,358,"155","2007-12-29",6863
7559,"Junior Dos Santos","Mirko Filipović",-165,145,"265","2009-09-19",6495
5376,"Tiago dos Santos e Silva","Clay Collard",125,-145,"145","2015-09-05",4295
6747,"Roland Delorme","Francisco Rivera",110,-135,"135","2012-07-21",5656
6541,"TJ Dillashaw","Issei Tamura",-675,475,"135","2013-03-16",5450
4097,"Ovince Saint Preux","Yushin Okami",-470,370,"93","2017-09-22",3349
4285,"Ovince Saint Preux","Marcos Rogério de Lima",-170,140,"205","2017-04-22",3537
3573,"Elizeu Zaleski dos Santos","Luigi Vendramini",-1150,700,"170","2018-09-22",2882
3502,"Johnny Walker","Khalil Rountree Jr.",145,-175,"205","2018-11-17",2811
3961,"Khalil Rountree Jr.","Michał Oleksiejczuk",-400,300,"205","2017-12-30",3213
4181,"Khalil Rountree Jr.","Paul Craig",-150,125,"205","2017-07-16",3433
4388,"Khalil Rountree Jr.","Daniel Jolly",-175,150,"205","2017-02-04",3640
7756,"Jeremy Stephens","Rafael Dos Anjos",-151,136,"155","2008-11-15",6692
6757,"Rafael Dos Anjos","Anthony Njokuani",-190,160,"155","2012-07-11",5666
2014,"Song Yadong","Casey Kenney",100,-120,"135","2021-08-07",1415
5653,"Mike de la Torre","Tiago dos Santos e Silva",185,-225,"145","2015-02-22",4572
4827,"Marco Polo Reyes","Dong Hyun Ma",-105,-115,"155","2016-06-04",3984
1889,"Melsik Baghdasaryan","Bruno Souza",-400,310,"145","2021-11-06",1290
2728,"Brad Riddell","Magomed Mustafaev",120,-145,"155","2020-02-22",2162
3686,"Gerald Meerschaert","Oskar Piechota",180,-220,"185","2018-07-06",2995
6768,"Mike Easton","Ivan Menjivar",-105,-120,"135","2012-07-07",5677
5425,"James Krause","Daron Cruickshank",165,-195,"155","2015-07-25",4344
6230,"Michael Johnson","Gleison Tibau",135,-145,"155","2013-12-28",5140
7242,"Brian Stann","Chris Leben",135,-155,"185","2011-01-01",6178
7951,"Stephan Bonnar","Eric Schafer",-348,280,"205","2007-10-20",6888
657,"Elizeu Zaleski dos Santos","Abubakar Nurmagomedov",-105,-115,"170","2023-06-03",491
1928,"Ariane Carnelossi","Istela Nunes",-140,115,"115","2021-10-16",1329
2746,"Merab Dvalishvili","Casey Kenney",-175,150,"135","2020-02-15",2180
3706,"Cláudia Gadelha","Carla Esparza",-410,330,"115","2018-06-09",3015
6814,"Daron Cruickshank","Chris Tickle",-180,150,"155","2012-06-01",5723
5436,"Ilir Latifi","Hans Stringer",-220,185,"205","2015-07-18",4355
6246,"Mark Hunt","Antônio Silva",130,-150,"265","2013-12-06",5156
7251,"Jacob Volkmann","Antonio McKee",190,-250,"155","2011-01-01",6187
7961,"Tyson Griffin","Thiago Tavares",-133,-100,"155","2007-09-22",6898
1006,"Daniel Rodriguez","Li Jingliang",-170,145,"180","2022-09-10",840
1955,"Merab Dvalishvili","Marlon Moraes",-275,225,"135","2021-09-25",1356
2755,"Lauren Murphy","Andrea Lee",230,-300,"125","2020-02-08",2189
3721,"Belal Muhammad","Chance Rencountre",-445,350,"170","2018-06-01",3030
4704,"Alessio Di Chirico","Garreth McLellan",-300,245,"185","2016-08-27",3861
5448,"Jéssica Andrade","Sarah Moras",-450,350,"135","2015-07-15",4367
6257,"Nate Diaz","Gray Maynard",115,-140,"155","2013-11-30",5167
7255,"Mac Danzig","Joe Stevenson",220,-275,"155","2010-12-11",6191
7972,"Gray Maynard","Joe Veres",-315,245,"155","2007-09-19",6909
1237,"Mayra Bueno Silva","Wu Yanan",-500,370,"135","2022-04-16",1071
1988,"Ricky Turcios","Brady Hiestand",-155,130,"135","2021-08-28",1389
2770,"Sara McMann","Lina Länsberg",-135,105,"135","2020-01-25",2204
3734,"Gillian Robertson","Molly McCann",130,-155,"125","2018-05-27",3043
4774,"Sage Northcutt","Enrique Marín",-465,365,"155","2016-07-09",3931
5462,"George Sullivan","Dominic Waters",-230,200,"170","2015-07-12",4381
6268,"Rashad Evans","Chael Sonnen",-195,165,"205","2013-11-16",5178
7262,"John Makdessi","Pat Audinwood",120,-145,"155","2010-12-11",6198
7982,"Thiago Silva","Tomasz Drwal",-325,263,"205","2007-09-08",6918
2198,"Francis Ngannou","Stipe Miocic",-135,115,"265","2021-03-27",1599
1726,"Damon Jackson","Kamuela Kirk",-120,100,"145","2022-03-12",1127
2781,"Drew Dober","Nasrat Haqparast",265,-350,"155","2020-01-18",2215
3735,"Elias Theodorou","Trevor Smith",-405,315,"185","2018-05-27",3044
4784,"Gray Maynard","Fernando Bruno",-155,135,"145","2016-07-08",3941
5476,"Lorenz Larkin","Santiago Ponzinibbio",-175,150,"170","2015-06-27",4395
6280,"Cezar Ferreira","Daniel Sarafian",-180,160,"185","2013-11-09",5190
7272,"Pablo Garza","Fredson Paixão",165,-195,"145","2010-12-04",6208
7993,"Kenny Florian","Alvin Robinson",-233,188,"155","2007-07-07",6930
2297,"Marcin Prachnio","Khalil Rountree Jr.",290,-400,"205","2021-01-23",1735
1766,"Mario Bautista","Jay Perrin",-365,280,"135","2022-02-19",1167
2794,"Raoni Barcelos","Said Nurmagomedov",-105,-125,"135","2019-12-21",2228
3743,"Alexandre Pantoja","Brandon Moreno",-115,-115,"125","2018-05-19",3052
4824,"Sean Strickland","Tom Breese",-105,-115,"170","2016-06-04",3981
5495,"Fabrício Werdum","Cain Velasquez",400,-500,"265","2015-06-13",4414
6292,"Yoel Romero","Ronny Markes",-180,150,"185","2013-11-06",5202
7284,"Nik Lentz","Tyson Griffin",180,-220,"155","2010-11-20",6220
8006,"Joe Lauzon","Brandon Melendez",-550,400,"155","2007-06-23",6943
2702,"Zhang Weili","Joanna Jędrzejczyk",-195,165,"115","2020-03-07",2136
1770,"Renato Moicano","Alexander Hernandez",-155,135,"155","2022-02-12",1171
2808,"Jessica Eye","Viviane Araujo",170,-210,"125","2019-12-14",2242
3763,"Frankie Edgar","Cub Swanson",-300,250,"145","2018-04-21",3072
4548,"Randy Brown","Brian Camozzi",-150,130,"170","2016-12-09",3705
5506,"Dan Henderson","Tim Boetsch",160,-190,"185","2015-06-06",4425
6302,"Derek Brunson","Brian Houston",-175,150,"185","2013-11-06",5212
7294,"Carlos Eduardo Rocha","Kris McCray",-115,-115,"170","2010-11-13",6230
8017,"Eddie Sanchez","Colin Robinson",-215,175,"265","2007-06-16",6954
2762,"Michael Chiesa","Rafael Dos Anjos",180,-230,"170","2020-01-25",2196
1803,"Vanessa Demopoulos","Silvana Gómez Juárez",-140,120,"115","2022-01-22",1204
2818,"Bryce Mitchell","Matt Sayles",-105,-125,"145","2019-12-07",2252
3772,"Anthony Rocco Martin","Keita Nakamura",-210,190,"170","2018-04-21",3081
4560,"Brandon Moreno","Ryan Benoit",-170,150,"125","2016-12-03",3717
5508,"Dustin Poirier","Yancy Medeiros",-260,200,"155","2015-06-06",4427
6310,"Luke Barnatt","Andrew Craig",185,-200,"185","2013-10-26",5220
7305,"Jon Madsen","Gilbert Yvel",-220,180,"265","2010-10-23",6241
8030,"Houston Alexander","Keith Jardine",450,-600,"205","2007-05-26",6968
3227,"Rafael Dos Anjos","Kevin Lee",125,-155,"170","2019-05-18",2536
1851,"Cheyanne Vlismas","Mallory Martin",-200,160,"115","2021-12-04",1252
2828,"Ricardo Ramos","Eduardo Garagorri",-370,280,"145","2019-11-16",2262
3788,"Rose Namajunas","Joanna Jędrzejczyk",-115,-110,"115","2018-04-07",3097
4570,"Alexander Volkanovski","Yusuke Kasuya",-150,120,"155","2016-11-26",3727
5522,"Francisco Trinaldo","Norman Parke",225,-270,"155","2015-05-30",4441
6323,"KJ Noons","George Sotiropoulos",-165,135,"155","2013-10-19",5233
7315,"Fábio Maldonado","James McSweeney",-245,200,"205","2010-10-16",6251
8041,"Paul Taylor","Edilberto de Oliveira",205,-255,"170","2007-04-21",6983
3426,"Amanda Nunes","Cristiane Justino",160,-200,"145","2018-12-29",2735
1887,"Chris Barnett","Gian Villante",110,-130,"265","2021-11-06",1288
2840,"Magomed Ankalaev","Dalcha Lungiambula",-410,325,"205","2019-11-09",2274
3807,"Brian Ortega","Frankie Edgar",135,-155,"145","2018-03-03",3116
4585,"Sérgio Moraes","Zak Ottow",-155,135,"170","2016-11-19",3742
5539,"Islam Makhachev","Leo Kuntz",-450,350,"155","2015-05-23",4458
6334,"Igor Araújo","Ildemar Alcântara",285,-350,"170","2013-10-09",5244
7327,"Nate Marquardt","Rousimar Palhares",-240,195,"185","2010-09-15",6263
8052,"Justin McCully","Antoni Hardonk",355,-425,"265","2007-04-05",6994
3665,"Derrick Lewis","Francis Ngannou",265,-295,"265","2018-07-07",2974
1929,"Marina Rodriguez","Mackenzie Dern",165,-195,"115","2021-10-09",1330
2858,"Hakeem Dawodu","Julio Arce",-120,-110,"145","2019-11-02",2292
3822,"Brian Kelleher","Renan Barão",130,-155,"135","2018-02-24",3131
4596,"Jack Marshman","Magnus Cedenblad",205,-245,"185","2016-11-19",3753
5553,"Stipe Miocic","Mark Hunt",-240,190,"265","2015-05-09",4472
6348,"Michel Prazeres","Jesse Ronson",105,-125,"155","2013-09-21",5258
7338,"Randy Couture","James Toney",-600,450,"265","2010-08-28",6274
8061,"Rich Franklin","Jason MacDonald",-350,290,"185","2007-03-03",7004
3806,"Cristiane Justino","Yana Santos",-1000,600,"145","2018-03-03",3115
1968,"Joaquin Buckley","Antônio Arroyo",-190,160,"185","2021-09-18",1369
2867,"Sergei Pavlovich","Maurice Greene",-240,190,"265","2019-10-26",2301
4692,"Peter Sobotta","Nicolas Dalby",170,-200,"170","2016-09-03",3849
4605,"Conor McGregor","Eddie Alvarez",-160,140,"155","2016-11-12",3762
5562,"Alex Chambers","Kailin Curran",205,-245,"115","2015-05-09",4481
6358,"Lucas Martins","Ramiro Hernandez",-120,100,"135","2013-09-04",5268
7346,"Mike Pierce","Amilcar Alves",-315,240,"170","2010-08-28",6282
8067,"Quinton Jackson","Marvin Eastman",-800,600,"205","2007-02-03",7014
4745,"Francis Ngannou","Bojan Mihajlović",-600,400,"265","2016-07-23",3902
2013,"Tecia Torres","Angela Hill",-160,135,"115","2021-08-07",1414
2880,"Sean Brady","Court McGee",-190,155,"170","2019-10-18",2314
4702,"Sam Alvey","Kevin Casey",-205,175,"185","2016-08-27",3859
4615,"Liz Carmouche","Katlyn Chookagian",145,-170,"135","2016-11-12",3772
5579,"Max Holloway","Cub Swanson",125,-145,"145","2015-04-18",4498
6368,"Tim Elliott","Louis Gaudinot",-240,190,"125","2013-08-31",5278
7356,"Stefan Struve","Christian Morecraft",-200,160,"265","2010-08-07",6292
8081,"Chuck Liddell","Tito Ortiz",-220,180,"205","2006-12-30",7028
5240,"Alistair Overeem","Junior Dos Santos",200,-240,"265","2015-12-19",4159
2028,"Chris Gruetzemacher","Rafa García",265,-330,"155","2021-07-31",1429
2890,"Mike Davis","Thomas Gifford",-285,225,"155","2019-10-12",2324
4712,"Tim Means","Sabah Homasi",-400,320,"170","2016-08-20",3869
4625,"Douglas Silva de Andrade","Henry Briones",-120,100,"135","2016-11-05",3782
5590,"Paweł Pawlak","Sheldon Westcott",180,-220,"170","2015-04-11",4509
6381,"Brandon Thatch","Justin Edwards",-270,220,"170","2013-08-28",5291
7358,"Jon Jones","Vladimir Matyushenko",-700,500,"205","2010-08-01",6294
8091,"Josh Koscheck","Jeff Joslin",-305,235,"170","2006-12-13",7038
5542,"Gegard Mousasi","Constantinos Philippou",-750,500,"185","2015-05-16",4461
2034,"Raulian Paiva","Kyler Phillips",230,-290,"135","2021-07-24",1435
2899,"Serghei Spivac","Tai Tuivasa",240,-310,"265","2019-10-05",2333
4762,"Cortney Casey","Cristina Stanciu",130,-160,"115","2016-07-13",3919
4633,"Mirsad Bektić","Russell Doane",-600,425,"145","2016-10-08",3790
5602,"Michael Chiesa","Mitch Clarke",-410,330,"155","2015-04-04",4521
6395,"Diego Brandão","Daniel Pineda",-190,165,"145","2013-08-17",5305
7370,"Chris Lytle","Matt Brown",-215,180,"170","2010-07-03",6306
8106,"Anderson Silva","Rich Franklin",185,-225,"185","2006-10-14",7063
6375,"Rafael Dos Anjos","Donald Cerrone",-115,-130,"155","2013-08-28",5285
2043,"Diana Belbiţă","Hannah Goldy",-110,-110,"115","2021-07-24",1444
2908,"Jared Cannonier","Jack Hermansson",230,-300,"185","2019-09-28",2342
4818,"Dan Henderson","Hector Lombard",270,-330,"185","2016-06-04",3975
4646,"Shamil Abdurakhimov","Walt Harris",-130,110,"265","2016-10-01",3803
5607,"Alexander Yakovlev","Gray Maynard",-145,125,"155","2015-04-04",4526
6402,"Thales Leites","Tom Watson",-165,140,"185","2013-08-03",5312
7381,"Chris Leben","Aaron Simpson",265,-300,"185","2010-06-19",6317
8116,"Jason MacDonald","Ed Herman",225,-285,"185","2006-10-10",7073
6488,"Ovince Saint Preux","Gian Villante",-150,135,"205","2013-04-27",5398
2053,"Rodrigo Nascimento","Alan Baudot",-390,310,"265","2021-07-17",1454
2916,"Ismail Naurdiev","Siyar Bahadurzada",-225,175,"170","2019-09-28",2350
6773,"Rafaello Oliveira","Yoislandy Izquierdo",165,-200,"155","2012-07-07",5682
4662,"Alan Patrick","Stevie Ray",140,-165,"155","2016-09-24",3819
5611,"Erick Silva","Josh Koscheck",-450,350,"170","2015-03-21",4530
6408,"Rani Yahya","Josh Clopton",-1000,700,"145","2013-08-03",5318
7392,"Ben Rothwell","Gilbert Yvel",-175,150,"265","2010-06-12",6328
8126,"Chuck Liddell","Renato Sobral",-330,270,"205","2006-08-26",7089
7127,"Junior Dos Santos","Shane Carwin",-165,140,"265","2011-06-11",6063
2062,"Dricus Du Plessis","Trevin Giles",-120,-105,"185","2021-07-10",1463
2925,"Steven Peterson","Martín Bravo",115,-145,"145","2019-09-21",2359
6833,"Donald Cerrone","Jeremy Stephens",-230,195,"155","2012-05-15",5742
4672,"Belal Muhammad","Augusto Montaño",-450,350,"170","2016-09-17",3829
5621,"Fredy Serrano","Bentley Syler",-150,130,"125","2015-03-21",4540
6417,"Melvin Guillard","Mac Danzig",-160,135,"155","2013-07-27",5327
7404,"John Hathaway","Diego Sanchez",175,-205,"170","2010-05-29",6340
8135,"Diego Sanchez","Karo Parisyan",-103,-127,"170","2006-08-17",7098
3003,"Lauren Murphy","Mara Romero Borella",165,-205,"125","2019-08-03",2437
2074,"Jeremiah Wells","Warlley Alves",190,-240,"170","2021-06-26",1475
2937,"Uriah Hall","Antônio Carlos Júnior",210,-270,"185","2019-09-14",2371
3896,"Lucie Pudilová","Sarah Moras",-155,135,"135","2018-02-18",3148
4690,"Nick Hein","Tae Hyun Bang",-320,265,"155","2016-09-03",3847
5633,"Germaine de Randamie","Larissa Pacheco",105,-125,"135","2015-03-14",4552
6424,"Frankie Edgar","Charles Oliveira",-650,450,"145","2013-07-06",5334
7416,"Joe Doerksen","Tom Lawlor",451,-565,"185","2010-05-08",6352
8148,"Joe Stevenson","Yves Edwards",160,-200,"155","2006-07-08",7111
3511,"Nad Narimani","Anderson Dos Santos",-390,300,"145","2018-11-17",2820
2084,"Matt Brown","Dhiego Lima",150,-185,"170","2021-06-19",1485
2951,"Zubaira Tukhugov","Lerone Murphy",-315,245,"145","2019-09-07",2385
3911,"Lyoto Machida","Eryk Anders",205,-225,"185","2018-02-03",3163
4755,"Tony Ferguson","Lando Vannata",-750,475,"155","2016-07-13",3912
5645,"Frank Mir","Antônio Silva",150,-180,"265","2015-02-22",4564
6436,"Ryan Jimmo","Igor Pokrajac",-310,270,"205","2013-06-15",5346
7427,"Phil Davis","Alexander Gustafsson",-525,395,"205","2010-04-10",6363
8160,"Michael Bisping","Josh Haynes",-525,425,"205","2006-06-24",7126
4151,"Jordan Rinaldi","Alvaro Herrera Mendoza",-220,180,"155","2017-08-05",3403
2096,"Brad Riddell","Drew Dober",120,-150,"155","2021-06-12",1497
2972,"Sodiq Yusuff","Gabriel Benítez",-280,230,"145","2019-08-17",2406
3925,"Drew Dober","Frank Camacho",-180,150,"170","2018-01-27",3177
6761,"Marcelo Guimarães","Dan Stittgen",-400,310,"170","2012-07-11",5670
5656,"Benson Henderson","Brandon Thatch",135,-160,"170","2015-02-14",4575
6445,"Fabrício Werdum","Antônio Rodrigo Nogueira",-275,220,"265","2013-06-08",5355
7439,"Gleison Tibau","Caol Uno",-298,247,"155","2010-03-31",6375
8162,"Keith Jardine","Wilson Gouveia",-475,375,"205","2006-06-24",7128
5982,"Kelvin Gastelum","Nicholas Musoke",-380,315,"170","2014-06-28",4892
2107,"Roman Dolidze","Laureano Staropoli",-160,140,"185","2021-06-05",1508
2991,"Chris Gutierrez","Geraldo de Freitas",115,-145,"135","2019-08-10",2425
3933,"Cory Sandhagen","Austin Arnett",-200,170,"145","2018-01-27",3185
6815,"Myles Jury","Chris Saunders",-320,270,"155","2012-06-01",5724
5667,"Tyron Woodley","Kelvin Gastelum",-215,175,"180","2015-01-31",4586
6455,"Caio Magalhães","Karlos Vémola",105,-125,"185","2013-06-08",5365
7450,"Rousimar Palhares","Tomasz Drwal",-225,180,"185","2010-03-27",6386
8173,"Jeremy Horn","Chael Sonnen",-325,255,"185","2006-05-27",7139
6026,"Warlley Alves","Marcio Alexandre Junior",-200,170,"185","2014-05-31",4936
2118,"Rob Font","Cody Garbrandt",-130,105,"135","2021-05-22",1519
3045,"Jan Błachowicz","Luke Rockhold",195,-250,"205","2019-07-06",2479
3935,"Daniel Cormier","Volkan Oezdemir",-350,280,"205","2018-01-20",3187
6825,"Jamie Varner","Edson Barboza",400,-540,"155","2012-05-26",5734
5674,"Rafael Natal","Tom Watson",-135,115,"185","2015-01-31",4593
6472,"Rafael Natal","João Zeferino",-315,270,"185","2013-05-18",5382
7457,"Clay Guida","Shannon Gugerty",-400,333,"155","2010-03-21",6393
8184,"Thiago Alves","Derrick Noble",-317,287,"170","2006-04-15",7151
2130,"Charles Oliveira","Michael Chandler",-130,110,"155","2021-05-15",1531
3056,"Demian Maia","Anthony Rocco Martin",-170,140,"170","2019-06-29",2490
3951,"Irene Aldana","Talita Bernardo",-150,130,"135","2018-01-14",3203
6845,"Alan Belcher","Rousimar Palhares",185,-215,"185","2012-05-05",5754
5689,"Conor McGregor","Dennis Siver",-1150,850,"145","2015-01-18",4608
6485,"Phil Davis","Vinny Magalhães",-300,250,"205","2013-04-27",5395
7463,"Jason Brilz","Eric Schafer",-143,121,"205","2010-03-21",6399
8199,"Chuck Liddell","Randy Couture",-135,115,"205","2006-02-04",7169
2131,"Beneil Dariush","Tony Ferguson",-155,135,"155","2021-05-15",1532
3057,"Vinc Pichel","Roosevelt Roberts",200,-260,"155","2019-06-29",2491
3964,"Matheus Nicolau","Louis Smolka",-225,175,"125","2017-12-30",3216
6881,"Demetrious Johnson","Ian McCall",-310,260,"125","2012-03-02",5790
5702,"Donald Cerrone","Myles Jury",-130,105,"155","2015-01-03",4621
6497,"Matt Brown","Jordan Mein",280,-330,"170","2013-04-20",5406
7472,"James Te Huna","Igor Pokrajac",-181,146,"205","2010-02-20",6408
8216,"Rich Franklin","Nate Quarry",-350,260,"185","2005-11-19",7186
2141,"Christos Giagos","Sean Soriano",-225,175,"155","2021-05-15",1542
3074,"Jairzinho Rozenstruik","Allen Crowder",-225,175,"265","2019-06-22",2508
3977,"Brian Ortega","Cub Swanson",-115,-115,"145","2017-12-09",3229
6914,"Renan Barão","Scott Jorgensen",-225,190,"135","2012-02-04",5823
5707,"Cody Garbrandt","Marcus Brimage",105,-115,"135","2015-01-03",4626
6502,"Jorge Masvidal","Tim Means",-125,100,"155","2013-04-20",5411
7484,"Gray Maynard","Nate Diaz",-305,256,"155","2010-01-11",6420
8232,"Chuck Liddell","Randy Couture",205,-255,"205","2005-04-16",7240
2153,"Ion Cutelaba","Dustin Jacoby",-120,110,"205","2021-05-01",1554
3084,"Alexa Grasso","Karolina Kowalkiewicz",-120,-110,"115","2019-06-08",2518
3986,"Frankie Saenz","Merab Dvalishvili",145,-170,"135","2017-12-09",3238
6953,"Nate Diaz","Donald Cerrone",235,-285,"155","2011-12-30",5862
5711,"Marion Reneau","Alexis Dufresne",185,-220,"138","2015-01-03",4630
6515,"Cole Miller","Bart Palaszewski",130,-155,"145","2013-04-13",5424
7495,"Rashad Evans","Thiago Silva",-218,165,"205","2010-01-02",6431
8246,"Karo Parisyan","Chris Lytle",-110,-110,"170","2005-02-05",7264
7642,"Tim Hague","Pat Barry",273,-328,"265","2009-05-23",6578
2166,"Anthony Smith","Jimmy Crute",215,-240,"205","2021-04-24",1567
3100,"Devin Clark","Darko Stošić",-115,-115,"205","2019-06-01",2534
4001,"Dominick Reyes","Jeremy Kimball",-500,400,"205","2017-12-02",3253
6982,"Steven Siler","Josh Clopton",-165,135,"145","2011-12-03",5891
5728,"Joanna Jędrzejczyk","Cláudia Gadelha",255,-300,"115","2014-12-13",4647
6529,"Tom Lawlor","Michael Kuiper",-150,125,"185","2013-04-06",5438
7504,"Rafaello Oliveira","John Gunderson",-195,160,"155","2010-01-02",6440
8259,"Ken Shamrock","Kimo Leopoldo",-135,105,"265","2004-06-19",7281
2177,"Jacob Malkoun","Abdul Razak Alhassan",240,-310,"185","2021-04-17",1578
4746,"Felice Herrig","Kailin Curran",115,-135,"115","2016-07-23",3903
4012,"Shana Dobson","Ariel Beck",-215,180,"125","2017-12-01",3264
7008,"Thiago Alves","Papy Abedi",-340,275,"170","2011-11-05",5917
5741,"Felice Herrig","Lisa Ellis",-360,300,"115","2014-12-12",4660
6539,"John Makdessi","Daron Cruickshank",-125,110,"155","2013-03-16",5448
7517,"Matt Hamill","Jon Jones",240,-285,"205","2009-12-05",6453
8262,"Matt Hughes","Renato Verissimo",-170,140,"170","2004-06-19",7284
2192,"John Makdessi","Ignacio Bahamondes",175,-205,"156","2021-04-10",1593
4809,"Krzysztof Jotko","Tamdan McCrory",105,-125,"185","2016-06-18",3966
4029,"Jake Matthews","Bojan Veličković",-145,125,"170","2017-11-18",3281
7036,"Aaron Simpson","Eric Schafer",-440,340,"185","2011-10-08",5945
5754,"Corey Anderson","Justin Jones",-450,350,"205","2014-12-06",4673
6549,"Brad Tavares","Riki Fukuda",-125,110,"84","2013-03-02",5458
7530,"Amir Sadollah","Phil Baroni",-238,193,"170","2009-11-21",6466
8266,"Trevor Prangley","Curtis Stout",-275,225,"185","2004-06-19",7288
2208,"Derek Brunson","Kevin Holland",170,-190,"185","2021-03-20",1609
6741,"Renan Barão","Urijah Faber",-190,160,"135","2012-07-21",5650
4032,"Ryan Benoit","Ashkan Mokhtarian",-280,230,"125","2017-11-18",3284
6781,"Hugo Viana","John Teixeira",-215,175,"145","2012-06-23",5690
5764,"Ruslan Magomedov","Josh Copeland",-200,170,"265","2014-11-22",4683
6563,"Kenny Robertson","Brock Jardine",135,-150,"170","2013-02-23",5472
8300,"BJ Penn","Caol Uno",-350,250,"155","2003-02-28",7340
8279,"Josh Thomson","Hermes França",-115,-115,"155","2004-01-31",7303
2226,"Rani Yahya","Ray Rodriguez",-300,235,"135","2021-03-13",1627
3233,"Aspen Ladd","Sijara Eubanks",-260,200,"135","2019-05-18",2542
4040,"Matt Brown","Diego Sanchez",-350,280,"170","2017-11-11",3292
6831,"Chan Sung Jung","Dustin Poirier",285,-345,"145","2012-05-15",5740
5778,"Gabriel Benítez","Humberto Brown Morrison",-350,275,"145","2014-11-15",4697
6578,"José Aldo","Frankie Edgar",-175,165,"145","2013-02-02",5487
7550,"Joe Stevenson","Spencer Fisher",-258,216,"155","2009-10-24",6486
8291,"Pete Spratt","Robbie Lawler",400,-600,"170","2003-04-25",7331
2229,"Jinh Yu Frey","Gloria de Paula",170,-190,"115","2021-03-13",1630
3241,"Jared Cannonier","Anderson Silva",-125,100,"185","2019-05-11",2550
4049,"Sean Strickland","Court McGee",-290,230,"170","2017-11-11",3301
6867,"Alexander Gustafsson","Thiago Silva",-265,215,"205","2012-04-14",5776
5794,"Soa Palelei","Walt Harris",-180,155,"265","2014-11-07",4713
6589,"Demetrious Johnson","John Dodson",-245,205,"125","2013-01-26",5498
7557,"Stefan Struve","Chase Gormley",185,-235,"265","2009-10-24",6493
8298,"Tim Sylvia","Ricco Rodriguez",220,-300,"265","2003-02-28",7338
608,"Benoit Saint-Denis","Ismael Bonfim",250,-320,"155","2023-07-01",442
610,"Rinat Fakhretdinov","Kevin Lee",-200,160,"170","2023-07-01",444
612,"Karol Rosa","Yana Santos",-175,145,"145","2023-07-01",446
614,"Luana Carolina","Ivana Petrović",185,-225,"125","2023-07-01",448
616,"Ilia Topuria","Josh Emmett",-340,270,"145","2023-06-24",450
620,"Brendan Allen","Bruno Silva",-200,165,"185","2023-06-24",454
553,"Alex Pereira","Jan Błachowicz",-110,-110,"205","2023-07-29",387
555,"Bobby Green","Tony Ferguson",-375,280,"155","2023-07-29",389
670,"Viacheslav Borshchev","Maheshate Hayisaer",-160,130,"155","2023-05-20",
690,"Xiaonan Yan","Jéssica Andrade",150,-180,"115","2023-05-06",
557,"Gabriel Bonfim","Trevin Giles",-350,275,"170","2023-07-29",391
624,"Tabatha Ricci","Gillian Robertson",-135,110,"115","2023-06-24",458
626,"Chepe Mariscal","Trevor Peek",-105,-115,"155","2023-06-24",460
628,"Sedriques Dumas","Cody Brundage",145,-190,"185","2023-06-24",462
630,"Arman Tsarukyan","Joaquim Silva",-1100,700,"155","2023-06-17",464
632,"Pat Sabatini","Lucas Almeida",-200,160,"145","2023-06-17",466
634,"Nicolas Dalby","Muslim Salikhov",160,-190,"170","2023-06-17",468
636,"Kyung Ho Kang","Cristian Quiñonez",125,-150,"135","2023-06-17",470
640,"Modestas Bukauskas","Zac Pauga",-200,165,"205","2023-06-17",474
642,"Charles Oliveira","Beneil Dariush",120,-145,"155","2023-06-10",476
644,"Dan Ige","Nate Landwehr",-275,210,"145","2023-06-10",478
646,"Nassourdine Imavov","Chris Curtis",-175,150,"185","2023-06-10",480
648,"Aiemann Zahabi","Aoriqileng",100,-120,"135","2023-06-10",482
650,"Steve Erceg","David Dvořák",240,-300,"125","2023-06-10",484
654,"Jim Miller","Jesse Butler",-275,210,"155","2023-06-03",488
656,"Karine Silva","Ketlen Souza",-210,175,"125","2023-06-03",490
660,"John Castañeda","Muin Gafurov",-140,115,"135","2023-06-03",494
662,"Elise Reed","Jinh Yu Frey",-135,110,"115","2023-06-03",496
666,"Anthony Hernandez","Edmen Shahbazyan",-210,170,"185","2023-05-20",500
668,"Joaquin Buckley","Andre Fialho",-230,185,"170","2023-05-20",502
672,"Gilbert Urbina","Orion Cosce",-110,-110,"170","2023-05-20",506
674,"Chase Hooper","Nick Fiore",110,-135,"155","2023-05-20",508
676,"Themba Gorimbo","Takashi Sato",-120,100,"170","2023-05-20",510
678,"Johnny Walker","Anthony Smith",-115,-105,"205","2023-05-13",512
680,"Carlos Ulberg","Ihor Potieria",-450,330,"205","2023-05-13",514
682,"Matt Brown","Court McGee",180,-225,"170","2023-05-13",516
684,"Douglas Silva de Andrade","Cody Stamann",130,-160,"140","2023-05-13",518
686,"Bryan Battle","Gabe Green",110,-135,"170","2023-05-13",520
688,"Aljamain Sterling","Henry Cejudo",100,-120,"135","2023-05-06",522
692,"Charles Jourdain","Kron Gracie",-165,140,"145","2023-05-06",526
696,"Virna Jandiroba","Marina Rodriguez",-105,-115,"115","2023-05-06",530
698,"Ikram Aliskerov","Phil Hawes",-190,160,"185","2023-05-06",532
702,"Rodolfo Vieira","Cody Brundage",-240,190,"185","2023-04-29",536
706,"Martin Buday","Jake Collier",-115,-105,"265","2023-04-29",540
708,"Irina Alekseeva","Stephanie Egger",240,-315,"135","2023-04-29",542
712,"Bruno Silva","Brad Tavares",130,-160,"185","2023-04-22",546
714,"Iasmin Lucindo","Brogan Walker",-350,275,"125","2023-04-22",548
716,"Christos Giagos","Ricky Glenn",130,-160,"155","2023-04-22",550
718,"Norma Dumont","Karol Rosa",-115,-105,"145","2023-04-22",552
722,"Max Holloway","Arnold Allen",-185,150,"145","2023-04-15",556
724,"Azamat Murzakanov","Dustin Jacoby",130,-160,"205","2023-04-15",558
726,"Pedro Munhoz","Chris Gutierrez",170,-215,"135","2023-04-15",560
728,"Bill Algeo","TJ Brown",-200,165,"145","2023-04-15",562
730,"Zak Cummings","Ed Herman",-225,180,"205","2023-04-15",564
732,"Daniel Zellhuber","Lando Vannata",-125,105,"155","2023-04-15",566
734,"Gaston Bolaños","Aaron Phillips",-190,155,"135","2023-04-15",568
736,"Israel Adesanya","Alex Pereira",-150,125,"185","2023-04-08",570
738,"Rob Font","Adrian Yanez",140,-175,"135","2023-04-08",572
746,"Steve Garcia","Shayilan Nuerdanbieke",150,-185,"145","2023-04-08",580
7016,"Nick Diaz","BJ Penn",-115,-115,"170","2011-10-29",5925
560,"Jake Matthews","Darrius Flowers",-275,230,"170","2023-07-29",394
564,"Julija Stoliarenko","Molly McCann",175,-210,"125","2023-07-22",398
566,"Paul Craig","André Muniz",185,-220,"185","2023-07-22",400
568,"Lerone Murphy","Josh Culibao",-140,120,"145","2023-07-22",402
570,"Jonny Parsons","Danny Roberts",-105,-115,"170","2023-07-22",404
572,"Mick Parkin","Jamal Pogues",135,-160,"265","2023-07-22",406
574,"Ketlen Vieira","Pannie Kianzad",-150,125,"135","2023-07-22",408
576,"Bruna Brasil","Shauna Bannon",-150,130,"115","2023-07-22",410
578,"Mayra Bueno Silva","Holly Holm",145,-175,"135","2023-07-15",412
580,"Francisco Prado","Ottman Azaitar",-115,-105,"155","2023-07-15",414
582,"Norma Dumont","Chelsea Chandler",-145,120,"145","2023-07-15",416
586,"Melquizael Costa","Austin Lingo",-240,190,"145","2023-07-15",420
588,"Azat Maksum","Tyson Nam",-420,310,"125","2023-07-15",422
594,"Dan Hooker","Jalin Turner",240,-300,"155","2023-07-08",428
596,"Robbie Lawler","Niko Price",185,-235,"170","2023-07-08",430
598,"Denise Gomes","Yazmin Jauregui",300,-380,"115","2023-07-08",432
600,"Vitor Petrino","Marcin Prachnio",-270,220,"205","2023-07-08",434
602,"Jesus Aguilar","Shannon Ross",-145,120,"125","2023-07-08",436
604,"Sean Strickland","Abus Magomedov",-150,125,"185","2023-07-01",438
606,"Michael Morales","Max Griffin",-250,200,"170","2023-07-01",440
559,"Roman Kopylov","Claudio Ribeiro",-220,180,"185","2023-07-29",393
561,"Uros Medic","Matthew Semelsberger",180,-210,"170","2023-07-29",395
563,"Tom Aspinall","Marcin Tybura",-475,350,"265","2023-07-22",397
565,"Nathaniel Wood","Andre Fili",-205,170,"145","2023-07-22",399
569,"Daniel Marcos","Davey Grant",-140,120,"135","2023-07-22",403
571,"Joel Alvarez","Marc Diakiese",-200,165,"155","2023-07-22",405
573,"Makhmud Muradov","Bryan Barberena",-345,265,"185","2023-07-22",407
575,"Chris Duncan","Yanal Ashmouz",-155,130,"155","2023-07-22",409
652,"Amir Albazi","Kai Kara-France",-110,-110,"125","2023-06-03",486
704,"Marcos Rogério de Lima","Waldo Cortes-Acosta",-185,150,"265","2023-04-29",538
710,"Jamey-Lyn Horth","Hailey Cowan",-160,135,"135","2023-04-29",544
742,"Luana Pinheiro","Michelle Waterson-Gomez",-165,135,"115","2023-04-08",576
658,"Daniel Santos","Johnny Munoz",-225,180,"135","2023-06-03",492
700,"Song Yadong","Ricky Simón",105,-125,"135","2023-04-29",534
744,"Loopy Godinez","Cynthia Calvillo",-275,220,"115","2023-04-08",578
585,"Victoria Dudakova","Istela Nunes",-190,155,"115","2023-07-15",
589,"Alex Munoz","Carl Deaton III",-200,165,"155","2023-07-15",
579,"Jack Della Maddalena","Bassil Hafez",-575,420,"170","2023-07-15",413
583,"Nazim Sadykhov","Terrance McKinney",-150,125,"155","2023-07-15",417
639,"Ronnie Lawrence","Daniel Argueta",-195,160,"135","2023-06-17",
587,"Evan Elder","Genaro Valdéz",-300,240,"155","2023-07-15",421
591,"Alexander Volkanovski","Yair Rodriguez",-375,290,"145","2023-07-08",425
593,"Dricus Du Plessis","Robert Whittaker",260,-350,"185","2023-07-08",427
595,"Bo Nickal","Val Woodburn",-1600,900,"185","2023-07-08",429
597,"Tatsuro Taira","Edgar Cháirez",-900,600,"130","2023-07-08",431
601,"Cameron Saaiman","Terrence Mitchell",-560,400,"135","2023-07-08",435
603,"Esteban Ribovics","Kamuela Kirk",-175,145,"155","2023-07-08",437
605,"Grant Dawson","Damir Ismagulov",-110,-110,"155","2023-07-01",439
607,"Ariane Lipski","Melissa Gatto",190,-240,"125","2023-07-01",441
609,"Nursulton Ruziboev","Brunno Ferreira",180,-225,"185","2023-07-01",443
611,"Joanderson Brito","Westin Wilson",-1400,800,"145","2023-07-01",445
613,"Elves Brener","Guram Kutateladze",475,-670,"155","2023-07-01",447
615,"Alexandr Romanov","Blagoy Ivanov",-140,115,"265","2023-07-01",449
617,"Maycee Barber","Amanda Ribas",165,-200,"125","2023-06-24",451
619,"David Onama","Gabriel Santos",185,-230,"145","2023-06-24",453
621,"Neil Magny","Phil Rowe",-175,145,"170","2023-06-24",455
552,"Justin Gaethje","Dustin Poirier",125,-155,"155","2023-07-29",386
556,"Kevin Holland","Michael Chiesa",-150,125,"170","2023-07-29",390
623,"Mateusz Rębecki","Loik Radzhabov",-155,125,"155","2023-06-24",457
625,"Joshua Van","Zhalgas Zhumagulov",170,-200,"125","2023-06-24",459
627,"Jack Jenkins","Jamall Emmers",175,-210,"145","2023-06-24",461
629,"Jared Cannonier","Marvin Vettori",105,-125,"185","2023-06-17",463
631,"Armen Petrosyan","Christian Leroy Duncan",125,-150,"185","2023-06-17",465
633,"Manuel Torres","Nikolas Motta",-185,150,"155","2023-06-17",467
635,"Alessandro Costa","Jimmy Flick",-275,215,"125","2023-06-17",469
637,"Carlos Hernandez","Denys Bondar",110,-130,"125","2023-06-17",471
641,"Amanda Nunes","Irene Aldana",-335,260,"135","2023-06-10",475
643,"Mike Malott","Adam Fugitt",-220,180,"170","2023-06-10",477
649,"Kyle Nelson","Blake Bilder",230,-280,"145","2023-06-10",483
651,"Diana Belbiţă","Maria Oliveira",-140,115,"115","2023-06-10",485
653,"Alex Caceres","Daniel Pineda",-180,145,"145","2023-06-03",487
655,"Tim Elliott","Victor Altamirano",-180,150,"125","2023-06-03",489
659,"Don'Tale Mayes","Andrei Arlovski",-140,115,"265","2023-06-03",493
661,"Muhammad Naimov","Jamie Mullarkey",350,-450,"155","2023-06-03",495
663,"Da'Mon Blackshear","Luan Lacerda",125,-150,"135","2023-06-03",497
665,"Mackenzie Dern","Angela Hill",-185,150,"115","2023-05-20",499
669,"Diego Ferreira","Michael Johnson",-160,130,"155","2023-05-20",503
673,"Rodrigo Nascimento","Ilir Latifi",-190,155,"265","2023-05-20",507
675,"Natália Silva","Victoria Leonardo",-1000,600,"125","2023-05-20",509
677,"Jailton Almeida","Jairzinho Rozenstruik",-500,375,"265","2023-05-13",511
681,"Alex Morono","Tim Means",-225,180,"170","2023-05-13",515
683,"Karl Williams","Chase Sherman",-400,310,"265","2023-05-13",517
685,"Mandy Böhm","Ji Yeon Kim",190,-230,"125","2023-05-13",519
689,"Belal Muhammad","Gilbert Burns",125,-150,"170","2023-05-06",523
691,"Movsar Evloev","Diego Lopes",-1000,600,"145","2023-05-06",525
693,"Matt Frevola","Drew Dober",185,-225,"155","2023-05-06",527
695,"Khaos Williams","Rolando Bedoya",-400,300,"170","2023-05-06",529
697,"Parker Porter","Braxton Smith",-180,155,"265","2023-05-06",531
699,"Claudio Ribeiro","Joseph Holmes",-160,135,"185","2023-05-06",533
701,"Caio Borralho","Michał Oleksiejczuk",-375,290,"185","2023-04-29",535
703,"Fernando Padilla","Julian Erosa",125,-150,"145","2023-04-29",537
705,"Trey Waters","Josh Quinlan",145,-175,"170","2023-04-29",539
709,"Marcus McGhee","Journey Newson",150,-190,"140","2023-04-29",543
711,"Sergei Pavlovich","Curtis Blaydes",140,-165,"265","2023-04-22",545
713,"Bobby Green","Jared Gordon",-275,215,"155","2023-04-22",547
715,"Jeremiah Wells","Matthew Semelsberger",-110,-110,"170","2023-04-22",549
717,"Montel Jackson","Rani Yahya",-600,425,"135","2023-04-22",551
719,"Mohammed Usman","Junior Tafa",-105,-115,"265","2023-04-22",553
721,"Brady Hiestand","Batgerel Danaa",120,-140,"135","2023-04-22",555
723,"Edson Barboza","Billy Quarantillo",150,-180,"145","2023-04-15",557
725,"Ion Cutelaba","Tanner Boser",-135,110,"205","2023-04-15",559
729,"Brandon Royval","Matheus Nicolau",165,-205,"125","2023-04-15",563
731,"Gillian Robertson","Piera Rodriguez",-135,110,"115","2023-04-15",565
733,"Denise Gomes","Bruna Brasil",130,-155,"115","2023-04-15",567
735,"Joselyne Edwards","Lucie Pudilová",115,-135,"135","2023-04-15",569
737,"Gilbert Burns","Jorge Masvidal",-450,340,"170","2023-04-08",571
739,"Kevin Holland","Santiago Ponzinibbio",-250,200,"170","2023-04-08",573
741,"Kelvin Gastelum","Chris Curtis",-135,110,"185","2023-04-08",575
743,"Joe Pyfer","Gerald Meerschaert",-200,165,"185","2023-04-08",577
745,"Ignacio Bahamondes","Trey Ogden",-400,310,"160","2023-04-08",579
747,"Sam Hughes","Jaqueline Amorim",220,-275,"115","2023-04-08",581
749,"Holly Holm","Yana Santos",-210,170,"135","2023-03-25",583
750,"Nate Landwehr","Austin Lingo",-270,220,"145","2023-03-25",584
751,"Maycee Barber","Andrea Lee",-210,165,"125","2023-03-25",585
752,"Albert Duraev","Chidi Njokuani",150,-195,"185","2023-03-25",586
753,"Daniel Pineda","Tucker Lutz",195,-250,"145","2023-03-25",587
754,"Lucas Alexander","Steven Peterson",140,-175,"145","2023-03-25",588
755,"Trevin Giles","Preston Parsons",-115,-110,"170","2023-03-25",589
645,"Marc-André Barriault","Eryk Anders",-145,115,"185","2023-06-10",479
687,"Tainara Lisboa","Jessica-Rose Clark",-120,-105,"135","2023-05-13",521
581,"JunYong Park","Albert Duraev",-155,125,"185","2023-07-15",415
667,"Loopy Godinez","Emily Ducote",-160,130,"120","2023-05-20",501
679,"Ian Garry","Daniel Rodriguez",-300,240,"170","2023-05-13",513
757,"Victor Altamirano","Vinicius Salvador",-105,-115,"125","2023-03-25",591
758,"Leon Edwards","Kamaru Usman",210,-270,"170","2023-03-18",592
759,"Justin Gaethje","Rafael Fiziev",190,-245,"155","2023-03-18",593
760,"Gunnar Nelson","Bryan Barberena",-385,300,"170","2023-03-18",594
808,"Joe Solecki","Carl Deaton III",-600,425,"155","2023-02-25",
762,"Marvin Vettori","Roman Dolidze",-250,205,"185","2023-03-18",596
763,"Jack Shore","Makwan Amirkhani",-550,400,"145","2023-03-18",597
840,"Jeong Yeong Lee","Zha Yi",-250,200,"145","2023-02-04",
764,"Chris Duncan","Omar Morales",-110,-110,"155","2023-03-18",598
765,"Yanal Ashmouz","Sam Patterson",225,-280,"155","2023-03-18",599
766,"Muhammad Mokaev","Jafel Filho",-1000,650,"125","2023-03-18",600
767,"Lerone Murphy","Gabriel Santos",-180,150,"145","2023-03-18",601
768,"Christian Leroy Duncan","Duško Todorović",-225,185,"185","2023-03-18",602
769,"Jake Hadley","Malcolm Gordon",-480,360,"125","2023-03-18",603
770,"Joanne Wood","Luana Carolina",-175,145,"125","2023-03-18",604
771,"Jai Herbert","Ľudovít Klein",170,-210,"155","2023-03-18",605
772,"Veronica Hardy","Juliana Miller",330,-420,"125","2023-03-18",606
773,"Merab Dvalishvili","Petr Yan",210,-275,"135","2023-03-11",607
774,"Alexander Volkov","Alexandr Romanov",130,-155,"265","2023-03-11",608
775,"Nikita Krylov","Ryan Spann",-170,145,"215","2023-03-11",609
777,"Mario Bautista","Guido Cannetti",-1000,650,"135","2023-03-11",611
778,"Vitor Petrino","Anton Turkalj",-105,-115,"205","2023-03-11",612
779,"Karl Williams","Łukasz Brzeski",-250,200,"265","2023-03-11",613
780,"Davey Grant","Raphael Assunção",-140,110,"135","2023-03-11",614
781,"Josh Fremd","Sedriques Dumas",180,-220,"185","2023-03-11",615
782,"Victor Henry","Tony Gravely",-145,120,"135","2023-03-11",616
783,"Ariane Lipski","JJ Aldrich",280,-360,"125","2023-03-11",617
784,"Bruno Silva","Tyson Nam",-205,165,"125","2023-03-11",618
785,"Carlston Harris","Jared Gooden",-305,240,"170","2023-03-11",619
786,"Jon Jones","Ciryl Gane",-180,150,"265","2023-03-04",620
788,"Shavkat Rakhmonov","Geoff Neal",-550,400,"170","2023-03-04",622
789,"Mateusz Gamrot","Jalin Turner",-225,180,"155","2023-03-04",623
790,"Bo Nickal","Jamie Pickett",-2000,900,"185","2023-03-04",624
791,"Cody Garbrandt","Trevin Jones",-175,145,"135","2023-03-04",625
792,"Dricus Du Plessis","Derek Brunson",-230,190,"185","2023-03-04",626
793,"Amanda Ribas","Viviane Araujo",-120,100,"125","2023-03-04",627
796,"Cameron Saaiman","Mana Martinez",-275,210,"135","2023-03-04",630
797,"Tabatha Ricci","Jessica Penne",-300,240,"115","2023-03-04",631
798,"Farid Basharat","Da'Mon Blackshear",-450,340,"135","2023-03-04",632
799,"Loik Radzhabov","Esteban Ribovics",-550,400,"155","2023-03-04",633
800,"Brendan Allen","André Muniz",175,-215,"185","2023-02-25",634
801,"Augusto Sakai","Don'Tale Mayes",-135,110,"265","2023-02-25",635
803,"Mike Malott","Yohan Lainesse",-215,175,"170","2023-02-25",637
804,"Trevor Peek","Erick Gonzalez",-225,180,"155","2023-02-25",638
805,"Jasmine Jasudavicius","Gabriella Fernandes",105,-125,"125","2023-02-25",639
806,"Jordan Leavitt","Victor Martinez",-115,-105,"155","2023-02-25",640
807,"Ode Osbourne","Charles Johnson",135,-165,"130","2023-02-25",641
809,"Nurullo Aliev","Rafael Alves",-190,155,"155","2023-02-25",643
810,"Erin Blanchfield","Jéssica Andrade",115,-135,"125","2023-02-18",644
811,"Zac Pauga","Jordan Wright",-275,230,"205","2023-02-18",645
812,"Jamal Pogues","Josh Parisian",-250,210,"265","2023-02-18",646
813,"Marcin Prachnio","William Knight",-120,100,"205","2023-02-18",647
815,"Nazim Sadykhov","Evan Elder",-200,165,"155","2023-02-18",649
816,"Mayra Bueno Silva","Lina Länsberg",-500,380,"135","2023-02-18",650
817,"Jamall Emmers","Khusein Askhabov",130,-155,"145","2023-02-18",651
819,"AJ Fletcher","Themba Gorimbo",-275,220,"170","2023-02-18",653
820,"Clayton Carpenter","Juancamilo Ronderos",-315,260,"125","2023-02-18",654
821,"Islam Makhachev","Alexander Volkanovski",-375,300,"155","2023-02-11",655
822,"Yair Rodriguez","Josh Emmett",-190,155,"145","2023-02-11",656
823,"Jack Della Maddalena","Randy Brown",-330,260,"170","2023-02-11",657
824,"Justin Tafa","Parker Porter",-120,100,"265","2023-02-11",658
825,"Jimmy Crute","Alonzo Menifield",-190,155,"205","2023-02-11",659
827,"Josh Culibao","Melsik Baghdasaryan",-115,-105,"145","2023-02-11",661
828,"Kleydson Rodrigues","Shannon Ross",-360,280,"125","2023-02-11",662
829,"Jamie Mullarkey","Francisco Prado",-280,230,"155","2023-02-11",663
830,"Jack Jenkins","Don Shainis",-420,330,"145","2023-02-11",664
831,"Loma Lookboonmee","Elise Reed",-340,270,"115","2023-02-11",665
832,"Blake Bilder","Shane Young",125,-150,"145","2023-02-11",666
833,"Elves Brener","Zubaira Tukhugov",470,-625,"155","2023-02-11",667
834,"Serghei Spivac","Derrick Lewis",-245,190,"265","2023-02-04",668
836,"Marcin Tybura","Blagoy Ivanov",-140,115,"265","2023-02-04",670
838,"Adam Fugitt","Yusaku Kinoshita",260,-340,"170","2023-02-04",672
839,"Anshul Jubli","Jeka Saragih",-115,-105,"155","2023-02-04",673
844,"Tatsuro Taira","Jesus Aguilar",-1200,750,"125","2023-02-04",678
845,"Jamahal Hill","Glover Teixeira",-140,120,"205","2023-01-21",679
846,"Brandon Moreno","Deiveson Figueiredo",-135,115,"125","2023-01-21",680
847,"Gilbert Burns","Neil Magny",-550,400,"170","2023-01-21",681
848,"Jéssica Andrade","Lauren Murphy",-500,380,"125","2023-01-21",682
849,"Johnny Walker","Paul Craig",-190,160,"205","2023-01-21",683
818,"Philipe Lins","Ovince Saint Preux",-225,185,"205","2023-02-18",652
851,"Brunno Ferreira","Gregory Rodrigues",255,-310,"185","2023-01-21",685
852,"Thiago Moisés","Melquizael Costa",-380,300,"155","2023-01-21",686
794,"Marc-André Barriault","Julian Marquez",-150,125,"185","2023-03-04",628
795,"Ian Garry","Song Kenan",-770,525,"170","2023-03-04",629
850,"Ihor Potieria","Mauricio Rua",-200,170,"205","2023-01-21",684
837,"Dooho Choi","Kyle Nelson",-185,155,"145","2023-02-04",671
843,"JunYong Park","Denis Tiuliulin",-225,185,"185","2023-02-04",677
842,"Hyun Sung Park","SeungGuk Cho",-200,165,"125","2023-02-04",
835,"Devin Clark","Da Woon Jung",200,-250,"205","2023-02-04",669
855,"Cody Stamann","Luan Lacerda",-400,310,"135","2023-01-21",689
869,"Daniel Argueta","Nick Aguirre",-550,410,"145","2023-01-14",
856,"Ismael Bonfim","Terrance McKinney",-105,-115,"155","2023-01-21",690
880,"Rafa García","Maheshate Hayisaer",-140,120,"158","2022-12-17",
857,"Nicolas Dalby","Warlley Alves",110,-135,"170","2023-01-21",691
858,"Josiane Nunes","Zarah Fairn",-560,425,"145","2023-01-21",692
859,"Daniel Marcos","Saimon Oliveira",120,-140,"135","2023-01-21",693
860,"Sean Strickland","Nassourdine Imavov",115,-135,"205","2023-01-14",694
861,"Dan Ige","Damon Jackson",-125,105,"145","2023-01-14",695
863,"Raquel Pennington","Ketlen Vieira",105,-125,"135","2023-01-14",697
864,"Umar Nurmagomedov","Raoni Barcelos",-1000,650,"135","2023-01-14",698
865,"Javid Basharat","Mateus Mendonça",-340,270,"135","2023-01-14",699
866,"Abdul Razak Alhassan","Claudio Ribeiro",-105,-115,"185","2023-01-14",700
867,"Mateusz Rębecki","Nick Fiore",-800,550,"155","2023-01-14",701
868,"Allan Nascimento","Carlos Hernandez",-350,275,"125","2023-01-14",702
870,"Charles Johnson","Jimmy Flick",-345,275,"125","2023-01-14",704
871,"Jared Cannonier","Sean Strickland",-110,-110,"185","2022-12-17",705
872,"Arman Tsarukyan","Damir Ismagulov",-200,165,"155","2022-12-17",706
873,"Amir Albazi","Alessandro Costa",-450,335,"125","2022-12-17",707
875,"Drew Dober","Bobby Green",-150,130,"155","2022-12-17",709
876,"Michał Oleksiejczuk","Cody Brundage",-280,230,"185","2022-12-17",710
877,"Cory McKenna","Cheyanne Vlismas",160,-190,"115","2022-12-17",711
878,"Matthew Semelsberger","Jake Matthews",240,-300,"170","2022-12-17",712
879,"Said Nurmagomedov","Saidyokub Kakhramonov",100,-120,"135","2022-12-17",713
881,"Rinat Fakhretdinov","Bryan Battle",-150,130,"170","2022-12-17",715
882,"Manel Kape","David Dvořák",-260,210,"125","2022-12-17",716
883,"Sergey Morozov","Journey Newson",-310,250,"135","2022-12-17",717
885,"Paddy Pimblett","Jared Gordon",-270,220,"155","2022-12-10",719
886,"Santiago Ponzinibbio","Alex Morono",-155,135,"180","2022-12-10",720
887,"Dricus Du Plessis","Darren Till",-190,155,"185","2022-12-10",721
888,"Ilia Topuria","Bryce Mitchell",-150,130,"145","2022-12-10",722
889,"Raul Rosas Jr.","Jay Perrin",-280,235,"135","2022-12-10",723
890,"Jairzinho Rozenstruik","Chris Daukaus",-175,145,"265","2022-12-10",724
891,"Edmen Shahbazyan","Dalcha Lungiambula",-305,255,"185","2022-12-10",725
892,"Chris Curtis","Joaquin Buckley",140,-165,"185","2022-12-10",726
893,"Billy Quarantillo","Alexander Hernandez",-165,140,"145","2022-12-10",727
894,"TJ Brown","Erik Silva",-115,-105,"145","2022-12-10",728
895,"Cameron Saaiman","Steven Koslow",-315,260,"135","2022-12-10",729
896,"Stephen Thompson","Kevin Holland",145,-170,"170","2022-12-03",730
898,"Matheus Nicolau","Matt Schnell",-380,300,"125","2022-12-03",732
899,"Sergei Pavlovich","Tai Tuivasa",-225,180,"265","2022-12-03",733
900,"Roman Dolidze","Jack Hermansson",160,-190,"185","2022-12-03",734
901,"Eryk Anders","Kyle Daukaus",185,-225,"185","2022-12-03",735
903,"Angela Hill","Emily Ducote",105,-125,"115","2022-12-03",737
904,"Clay Guida","Scott Holtzman",145,-170,"155","2022-12-03",738
905,"Michael Johnson","Marc Diakiese",260,-330,"155","2022-12-03",739
906,"Jonathan Pearce","Darren Elkins",-500,360,"145","2022-12-03",740
907,"Natan Levy","Genaro Valdéz",-200,170,"155","2022-12-03",741
908,"Francis Marshall","Marcelo Rojo",-165,135,"145","2022-12-03",742
909,"Yazmin Jauregui","Istela Nunes",-330,260,"115","2022-12-03",743
910,"Kennedy Nzechukwu","Ion Cutelaba",-175,150,"205","2022-11-19",744
913,"Jack Della Maddalena","Danny Roberts",-660,475,"170","2022-11-19",747
914,"Charles Johnson","Zhalgas Zhumagulov",-165,140,"125","2022-11-19",748
915,"Jennifer Maia","Maryna Moroz",160,-190,"125","2022-11-19",749
916,"Miles Johns","Vince Morales",-170,145,"135","2022-11-19",750
917,"Ricky Turcios","Kevin Natividad",-160,135,"135","2022-11-19",751
918,"Vanessa Demopoulos","Maria Oliveira",-105,-115,"115","2022-11-19",752
919,"Brady Hiestand","Fernie Garcia",-170,145,"135","2022-11-19",753
920,"Natália Silva","Tereza Bledá",-165,140,"125","2022-11-19",754
921,"Alex Pereira","Israel Adesanya",180,-225,"185","2022-11-12",755
923,"Dustin Poirier","Michael Chandler",-220,185,"155","2022-11-12",757
924,"Chris Gutierrez","Frankie Edgar",-250,200,"135","2022-11-12",758
925,"Dan Hooker","Claudio Puelles",-155,130,"155","2022-11-12",759
926,"Renato Moicano","Brad Riddell",-125,105,"155","2022-11-12",760
927,"Ryan Spann","Dominick Reyes",180,-220,"205","2022-11-12",761
929,"Andre Petroski","Wellington Turman",-180,150,"185","2022-11-12",763
930,"Matt Frevola","Ottman Azaitar",140,-165,"155","2022-11-12",764
931,"Karolina Kowalkiewicz","Silvana Gómez Juárez",-110,-110,"115","2022-11-12",765
933,"Montel Jackson","Julio Arce",-200,170,"135","2022-11-12",767
934,"Carlos Ulberg","Nicolae Negumereanu",-135,115,"205","2022-11-12",768
935,"Amanda Lemos","Marina Rodriguez",185,-225,"115","2022-11-05",769
936,"Neil Magny","Daniel Rodriguez",-120,100,"170","2022-11-05",770
937,"Shayilan Nuerdanbieke","Darrick Minner",-210,180,"145","2022-11-05",771
938,"Tagir Ulanbekov","Nate Maness",-215,185,"125","2022-11-05",772
939,"Grant Dawson","Mark Madsen",-210,185,"155","2022-11-05",773
941,"Mario Bautista","Benito Lopez",-300,250,"135","2022-11-05",775
942,"Polyana Viana","Jinh Yu Frey",-145,120,"115","2022-11-05",776
944,"Jake Hadley","Carlos Candelario",-270,220,"125","2022-11-05",778
945,"Tamires Vidal","Ramona Pascual",-135,110,"135","2022-11-05",779
946,"Arnold Allen","Calvin Kattar",-115,-105,"145","2022-10-29",780
947,"Max Griffin","Tim Means",-185,155,"170","2022-10-29",781
949,"Tresean Gore","Josh Fremd",135,-155,"185","2022-10-29",783
911,"Waldo Cortes-Acosta","Chase Sherman",-230,195,"265","2022-11-19",745
948,"Waldo Cortes-Acosta","Jared Vanderaa",-210,165,"265","2022-10-29",782
950,"Khalil Rountree Jr.","Dustin Jacoby",150,-175,"205","2022-10-29",784
897,"Rafael Dos Anjos","Bryan Barberena",-550,400,"170","2022-12-03",731
943,"Johnny Munoz","Liudvik Sholinian",-240,200,"135","2022-11-05",777
922,"Zhang Weili","Carla Esparza",-400,310,"115","2022-11-12",756
932,"Michael Trizano","SeungWoo Choi",150,-180,"145","2022-11-12",766
952,"Marcos Rogério de Lima","Andrei Arlovski",-260,210,"265","2022-10-29",786
954,"Steve Garcia","Chase Hooper",245,-300,"145","2022-10-29",788
955,"Cody Durden","Carlos Mota",140,-170,"125","2022-10-29",789
980,"Xiaonan Yan","Mackenzie Dern",200,-240,"115","2022-10-01",
956,"Christian Rodriguez","Joshua Weems",-400,310,"135","2022-10-29",790
959,"Sean O'Malley","Petr Yan",230,-285,"135","2022-10-22",793
960,"Beneil Dariush","Mateusz Gamrot",225,-240,"155","2022-10-22",794
961,"Manon Fiorot","Katlyn Chookagian",-225,190,"125","2022-10-22",795
962,"Belal Muhammad","Sean Brady",120,-140,"170","2022-10-22",796
963,"Caio Borralho","Makhmud Muradov",-210,175,"185","2022-10-22",797
964,"Nikita Krylov","Volkan Oezdemir",-190,160,"205","2022-10-22",798
965,"Abubakar Nurmagomedov","Gadzhi Omargadzhiev",-140,120,"170","2022-10-22",799
966,"Armen Petrosyan","AJ Dobson",-200,170,"185","2022-10-22",800
967,"Muhammad Mokaev","Malcolm Gordon",-1400,775,"125","2022-10-22",801
968,"Karol Rosa","Lina Länsberg",-400,310,"135","2022-10-22",802
970,"Jonathan Martinez","Cub Swanson",-225,175,"135","2022-10-15",804
971,"Duško Todorović","Jordan Wright",-225,175,"185","2022-10-15",805
972,"Raphael Assunção","Victor Henry",310,-400,"135","2022-10-15",806
973,"Alonzo Menifield","Misha Cirkunov",-200,170,"205","2022-10-15",807
974,"Mana Martinez","Brandon Davis",-155,130,"135","2022-10-15",808
975,"Jacob Malkoun","Nick Maximov",115,-140,"185","2022-10-15",809
976,"Joanderson Brito","Lucas Alexander",-380,300,"145","2022-10-15",810
977,"Piera Rodriguez","Sam Hughes",-170,145,"115","2022-10-15",811
978,"Tatsuro Taira","CJ Vergara",-275,220,"125","2022-10-15",812
981,"Randy Brown","Francisco Trinaldo",-325,260,"170","2022-10-01",815
982,"Raoni Barcelos","Trevin Jones",-240,200,"135","2022-10-01",816
983,"Sodiq Yusuff","Don Shainis",-975,675,"145","2022-10-01",817
984,"Mike Davis","Viacheslav Borshchev",-190,160,"155","2022-10-01",818
985,"Daniel Santos","John Castañeda",155,-190,"140","2022-10-01",819
986,"Ilir Latifi","Aleksei Oleinik",-175,150,"265","2022-10-01",820
987,"Joaquim Silva","Jesse Ronson",-145,125,"155","2022-10-01",821
988,"Brendan Allen","Krzysztof Jotko",105,-130,"185","2022-10-01",822
989,"Chelsea Chandler","Julija Stoliarenko",-105,-115,"140","2022-10-01",823
990,"Guido Cannetti","Randy Costa",240,-300,"135","2022-10-01",824
992,"Gregory Rodrigues","Chidi Njokuani",110,-130,"185","2022-09-17",826
993,"Andre Fili","Bill Algeo",-130,105,"145","2022-09-17",827
995,"Rodrigo Nascimento","Tanner Boser",150,-175,"265","2022-09-17",829
997,"Damon Jackson","Pat Sabatini",170,-200,"145","2022-09-17",831
998,"Trevin Giles","Louis Cosce",-220,180,"170","2022-09-17",832
999,"Loma Lookboonmee","Denise Gomes",-200,170,"115","2022-09-17",833
1000,"Trey Ogden","Daniel Zellhuber",310,-390,"155","2022-09-17",834
1001,"Gillian Robertson","Mariya Agapova",-150,125,"125","2022-09-17",835
1002,"Javid Basharat","Tony Gravely",-165,140,"135","2022-09-17",836
1003,"Nikolas Motta","Cameron VanCamp",-190,160,"155","2022-09-17",837
1004,"Nate Diaz","Tony Ferguson",130,-150,"170","2022-09-10",838
1007,"Irene Aldana","Macy Chiasson",-185,155,"140","2022-09-10",841
1008,"Johnny Walker","Ion Cutelaba",160,-190,"205","2022-09-10",842
1009,"Julian Erosa","Hakeem Dawodu",185,-220,"145","2022-09-10",843
1010,"Jailton Almeida","Anton Turkalj",-700,475,"220","2022-09-10",844
1011,"Denis Tiuliulin","Jamie Pickett",110,-135,"185","2022-09-10",845
1012,"Chris Barnett","Jake Collier",360,-470,"265","2022-09-10",846
1013,"Norma Dumont","Danyelle Wolf",-400,320,"145","2022-09-10",847
1014,"Alatengheili","Chad Anheliger",-175,145,"135","2022-09-10",848
1015,"Elise Reed","Melissa Martinez",145,-170,"115","2022-09-10",849
1016,"Yohan Lainesse","Darian Weeks",105,-125,"170","2022-09-10",850
1017,"Ciryl Gane","Tai Tuivasa",-575,425,"265","2022-09-03",851
1018,"Robert Whittaker","Marvin Vettori",-230,190,"185","2022-09-03",852
1019,"Nassourdine Imavov","Joaquin Buckley",-270,210,"185","2022-09-03",853
1020,"Roman Kopylov","Alessio Di Chirico",-110,-110,"185","2022-09-03",854
1022,"Nathaniel Wood","Charles Jourdain",125,-150,"145","2022-09-03",856
1023,"Abus Magomedov","Dustin Stoltzfus",-275,225,"185","2022-09-03",857
1024,"Nasrat Haqparast","John Makdessi",-230,190,"155","2022-09-03",858
1025,"Fares Ziam","Michal Figlak",165,-200,"155","2022-09-03",859
1026,"Benoit Saint-Denis","Gabriel Miranda",-285,230,"155","2022-09-03",860
1027,"Cristian Quiñonez","Khalid Taha",100,-120,"135","2022-09-03",861
1028,"Stephanie Egger","Ailin Perez",-260,210,"145","2022-09-03",862
1029,"Leon Edwards","Kamaru Usman",290,-375,"170","2022-08-20",863
1031,"Merab Dvalishvili","José Aldo",-150,130,"135","2022-08-20",865
1033,"Tyson Pedro","Harry Hunsucker",-800,550,"205","2022-08-20",867
1034,"Marcin Tybura","Alexandr Romanov",280,-360,"265","2022-08-20",868
1035,"Jared Gordon","Leonardo Santos",-275,220,"155","2022-08-20",869
1036,"Sean Woodson","Luis Saldaña",-375,290,"145","2022-08-20",870
1037,"Ange Loosa","AJ Fletcher",140,-165,"170","2022-08-20",871
1038,"Amir Albazi","Francisco Figueiredo",-500,380,"125","2022-08-20",872
1039,"Aoriqileng","Jay Perrin",-130,110,"135","2022-08-20",873
1040,"Victor Altamirano","Daniel Lacerda",-170,145,"125","2022-08-20",874
1041,"Marlon Vera","Dominick Cruz",-225,185,"135","2022-08-13",875
1043,"Yazmin Jauregui","Iasmin Lucindo",-215,180,"115","2022-08-13",877
1044,"Azamat Murzakanov","Devin Clark",-155,130,"205","2022-08-13",878
1045,"Priscila Cachoeira","Ariane Lipski",175,-215,"135","2022-08-13",879
1046,"Gerald Meerschaert","Bruno Silva",240,-300,"185","2022-08-13",880
1048,"Martin Buday","Łukasz Brzeski",-300,240,"265","2022-08-13",882
996,"Anthony Hernandez","Marc-André Barriault",-220,180,"185","2022-09-17",830
1032,"Lucie Pudilová","Wu Yanan",-140,120,"135","2022-08-20",866
953,"JunYong Park","Joseph Holmes",-225,185,"185","2022-10-29",787
991,"Cory Sandhagen","Song Yadong",-195,165,"135","2022-09-17",825
1047,"Angela Hill","Loopy Godinez",280,-360,"120","2022-08-13",881
958,"Aljamain Sterling","TJ Dillashaw",-175,145,"135","2022-10-22",792
1061,"Bryan Battle","Takashi Sato",-280,235,"170","2022-08-06",895
1050,"Gabriel Benítez","Charlie Ontiveros",-350,275,"155","2022-08-13",884
1051,"Tyson Nam","Ode Osbourne",280,-360,"125","2022-08-13",885
1052,"Josh Quinlan","Jason Witt",-300,240,"180","2022-08-13",886
1053,"Youssef Zalal","Da'Mon Blackshear",-135,115,"135","2022-08-13",887
1055,"Geoff Neal","Vicente Luque",155,-190,"170","2022-08-06",889
1056,"Mohammed Usman","Zac Pauga",230,-275,"265","2022-08-06",890
1057,"Juliana Miller","Brogan Walker",-125,100,"125","2022-08-06",891
1062,"Cory McKenna","Miranda Granger",-220,180,"115","2022-08-06",896
1063,"Mayra Bueno Silva","Stephanie Egger",110,-135,"135","2022-08-06",897
1064,"Amanda Nunes","Julianna Peña",-260,210,"135","2022-07-30",898
1066,"Sergei Pavlovich","Derrick Lewis",-155,135,"265","2022-07-30",900
1067,"Alexandre Pantoja","Alex Perez",-190,160,"125","2022-07-30",901
1068,"Magomed Ankalaev","Anthony Smith",-625,450,"205","2022-07-30",902
1069,"Alex Morono","Matthew Semelsberger",160,-190,"170","2022-07-30",903
1070,"Drew Dober","Rafael Alves",-165,140,"155","2022-07-30",904
1071,"Don'Tale Mayes","Hamdy Abdelwahab",-200,165,"265","2022-07-30",905
1072,"Drakkar Klose","Rafa García",-195,165,"155","2022-07-30",906
1073,"Michael Morales","Adam Fugitt",-650,450,"170","2022-07-30",907
1074,"Joselyne Edwards","Ji Yeon Kim",-135,110,"135","2022-07-30",908
1075,"Nicolae Negumereanu","Ihor Potieria",-140,115,"205","2022-07-30",909
1076,"Orion Cosce","Blood Diamond",-205,175,"170","2022-07-30",910
1077,"Curtis Blaydes","Tom Aspinall",120,-140,"265","2022-07-23",911
1078,"Jack Hermansson","Chris Curtis",-105,-115,"185","2022-07-23",912
1079,"Paddy Pimblett","Jordan Leavitt",-265,210,"155","2022-07-23",913
1080,"Nikita Krylov","Alexander Gustafsson",-200,170,"205","2022-07-23",914
1081,"Molly McCann","Hannah Goldy",-410,320,"125","2022-07-23",915
1082,"Volkan Oezdemir","Paul Craig",-150,130,"205","2022-07-23",916
1083,"Ľudovít Klein","Mason Jones",310,-400,"155","2022-07-23",917
1084,"Marc Diakiese","Damir Hadžović",-360,280,"155","2022-07-23",918
1085,"Nathaniel Wood","Charles Rosa",-580,425,"145","2022-07-23",919
1086,"Jonathan Pearce","Makwan Amirkhani",-185,155,"145","2022-07-23",920
1087,"Muhammad Mokaev","Charles Johnson",-490,370,"125","2022-07-23",921
1088,"Jai Herbert","Kyle Nelson",-265,220,"155","2022-07-23",922
1090,"Nicolas Dalby","Claudio Silva",-240,195,"170","2022-07-23",924
1091,"Yair Rodriguez","Brian Ortega",150,-175,"145","2022-07-16",925
1094,"Matt Schnell","Sumudaerji",220,-270,"125","2022-07-16",928
1095,"Shane Burgos","Charles Jourdain",-175,145,"145","2022-07-16",929
1096,"Lauren Murphy","Miesha Tate",175,-205,"125","2022-07-16",930
1097,"Punahele Soriano","Dalcha Lungiambula",-225,190,"185","2022-07-16",931
1098,"Ricky Simón","Jack Shore",145,-170,"135","2022-07-16",932
1099,"Bill Algeo","Herbert Burns",-210,175,"145","2022-07-16",933
1101,"Dustin Stoltzfus","Dwight Grant",-125,105,"185","2022-07-16",935
1102,"Emily Ducote","Jessica Penne",-165,135,"115","2022-07-16",936
1104,"Caio Borralho","Armen Petrosyan",-250,205,"185","2022-07-09",938
1106,"Chase Sherman","Jared Vanderaa",190,-230,"265","2022-07-09",940
1107,"Aiemann Zahabi","Ricky Turcios",180,-220,"135","2022-07-09",941
1108,"Jamie Mullarkey","Michael Johnson",-230,190,"155","2022-07-09",942
1109,"Cody Brundage","Tresean Gore",125,-150,"185","2022-07-09",943
1110,"Antonina Shevchenko","Cortney Casey",-175,150,"125","2022-07-09",944
1111,"David Onama","Garrett Armfield",-800,550,"145","2022-07-09",945
1112,"Kennedy Nzechukwu","Karl Roberson",-165,135,"205","2022-07-09",946
1113,"Saidyokub Kakhramonov","Ronnie Lawrence",105,-125,"135","2022-07-09",947
1114,"Israel Adesanya","Jared Cannonier",-550,400,"185","2022-07-02",948
1115,"Alexander Volkanovski","Max Holloway",-195,160,"145","2022-07-02",949
1116,"Alex Pereira","Sean Strickland",-130,110,"185","2022-07-02",950
1117,"Bryan Barberena","Robbie Lawler",-120,100,"170","2022-07-02",951
1118,"Pedro Munhoz","Sean O'Malley",260,-330,"135","2022-07-02",952
1119,"Jalin Turner","Brad Riddell",-155,125,"155","2022-07-02",953
1122,"Dricus Du Plessis","Brad Tavares",-180,150,"185","2022-07-02",956
1123,"André Muniz","Uriah Hall",-340,275,"185","2022-07-02",957
1124,"Maycee Barber","Jessica Eye",-315,260,"125","2022-07-02",958
1126,"Mateusz Gamrot","Arman Tsarukyan",210,-250,"155","2022-06-25",960
1127,"Shavkat Rakhmonov","Neil Magny",-490,370,"170","2022-06-25",961
1128,"Josh Parisian","Alan Baudot",-120,100,"265","2022-06-25",962
1130,"Umar Nurmagomedov","Nate Maness",-950,650,"135","2022-06-25",964
1131,"Chris Curtis","Rodolfo Vieira",-120,100,"185","2022-06-25",965
1132,"Carlos Ulberg","Tafon Nchukwi",125,-145,"205","2022-06-25",966
1133,"Shayilan Nuerdanbieke","TJ Brown",175,-210,"145","2022-06-25",967
1134,"Sergey Morozov","Raulian Paiva",-165,135,"135","2022-06-25",968
1135,"Cody Durden","JP Buys",-110,-110,"125","2022-06-25",969
1136,"Mario Bautista","Brian Kelleher",-185,155,"135","2022-06-25",970
1137,"Vanessa Demopoulos","Jinh Yu Frey",195,-230,"115","2022-06-25",971
1138,"Josh Emmett","Calvin Kattar",200,-240,"145","2022-06-18",972
1139,"Kevin Holland","Tim Means",-325,250,"170","2022-06-18",973
1145,"Jeremiah Wells","Court McGee",-105,-115,"170","2022-06-18",979
1146,"Ricardo Ramos","Danny Chavez",-315,250,"145","2022-06-18",980
2305,"Lerone Murphy","Douglas Silva de Andrade",-320,255,"145","2021-01-20",1743
1065,"Brandon Moreno","Kai Kara-France",-210,175,"125","2022-07-30",899
1092,"Amanda Lemos","Michelle Waterson-Gomez",-300,240,"115","2022-07-16",926
1125,"Julija Stoliarenko","Jessica-Rose Clark",135,-165,"135","2022-07-02",959
1093,"Li Jingliang","Muslim Salikhov",135,-165,"170","2022-07-16",927
1103,"Rafael Fiziev","Rafael Dos Anjos",-220,180,"155","2022-07-09",937
1100,"Dustin Jacoby","Da Woon Jung",100,-120,"205","2022-07-16",934
1121,"Ian Garry","Gabe Green",-200,170,"170","2022-07-02",955
1157,"Maheshate Hayisaer","Steve Garcia",170,-200,"155","2022-06-11",
1160,"Silvana Gómez Juárez","Na Liang",-140,120,"115","2022-06-11",
1170,"Damon Jackson","Daniel Argueta",-720,500,"145","2022-06-04",
1238,"Pat Sabatini","T.J. Laramie",-625,450,"145","2022-04-16",
1149,"Phil Hawes","Deron Winn",-270,210,"185","2022-06-18",983
1150,"Roman Dolidze","Kyle Daukaus",210,-255,"185","2022-06-18",984
1151,"Jiří Procházka","Glover Teixeira",-220,180,"205","2022-06-11",985
1154,"Jake Matthews","Andre Fialho",-120,100,"170","2022-06-11",988
1155,"Jack Della Maddalena","Ramazan Emeev",-180,155,"170","2022-06-11",989
1158,"Brendan Allen","Jacob Malkoun",-290,230,"185","2022-06-11",992
1159,"Kyung Ho Kang","Batgerel Danaa",-115,-105,"135","2022-06-11",993
1161,"Joselyne Edwards","Ramona Pascual",-165,145,"145","2022-06-11",995
1162,"Alexander Volkov","Jairzinho Rozenstruik",-170,150,"265","2022-06-04",996
1163,"Movsar Evloev","Dan Ige",-410,310,"145","2022-06-04",997
1164,"Lucas Almeida","Michael Trizano",185,-225,"145","2022-06-04",998
1165,"Karine Silva","Poliana Botelho",-125,105,"125","2022-06-04",999
1166,"Ode Osbourne","Zarrukh Adashev",-210,175,"125","2022-06-04",1000
1167,"Alonzo Menifield","Askar Mozharov",-250,200,"205","2022-06-04",1001
1168,"Karolina Kowalkiewicz","Felice Herrig",-105,-115,"115","2022-06-04",1002
1171,"Benoit Saint-Denis","Niklas Stolze",-165,140,"155","2022-06-04",1005
1174,"Rinat Fakhretdinov","Andreas Michailidis",-275,220,"170","2022-06-04",1008
1175,"Erin Blanchfield","JJ Aldrich",-500,360,"125","2022-06-04",1009
1176,"Ketlen Vieira","Holly Holm",190,-240,"135","2022-05-21",1010
1177,"Michel Pereira","Santiago Ponzinibbio",-145,125,"170","2022-05-21",1011
1178,"Chidi Njokuani","Duško Todorović",-275,220,"185","2022-05-21",1012
1179,"Tabatha Ricci","Polyana Viana",-130,110,"115","2022-05-21",1013
1181,"Joseph Holmes","Alen Amedovski",-210,175,"185","2022-05-21",1015
1182,"Jailton Almeida","Parker Porter",-575,425,"265","2022-05-21",1016
1183,"Uros Medic","Omar Morales",120,-140,"155","2022-05-21",1017
1184,"Jonathan Martinez","Vince Morales",-270,220,"135","2022-05-21",1018
1185,"Chase Hooper","Felipe Colares",155,-190,"145","2022-05-21",1019
1186,"Sam Hughes","Elise Reed",125,-150,"115","2022-05-21",1020
1188,"Ryan Spann","Ion Cutelaba",195,-240,"205","2022-05-14",1022
1189,"Davey Grant","Louis Smolka",-300,240,"135","2022-05-14",1023
1190,"Katlyn Chookagian","Amanda Ribas",-185,150,"125","2022-05-14",1024
1191,"Manuel Torres","Frank Camacho",-130,110,"155","2022-05-14",1025
1192,"Allan Nascimento","Jake Hadley",175,-210,"125","2022-05-14",1026
1193,"Viviane Araujo","Andrea Lee",110,-130,"125","2022-05-14",1027
1194,"Michael Johnson","Alan Patrick",-150,130,"155","2022-05-14",1028
1195,"Virna Jandiroba","Angela Hill",-200,165,"115","2022-05-14",1029
1196,"Tatsuro Taira","Carlos Candelario",-335,260,"125","2022-05-14",1030
1198,"Charles Oliveira","Justin Gaethje",-170,145,"155","2022-05-07",1032
1199,"Carla Esparza","Rose Namajunas",180,-220,"115","2022-05-07",1033
1200,"Michael Chandler","Tony Ferguson",-370,280,"155","2022-05-07",1034
1202,"Randy Brown","Khaos Williams",-110,-110,"170","2022-05-07",1036
1203,"Francisco Trinaldo","Danny Roberts",-110,-110,"170","2022-05-07",1037
1204,"Macy Chiasson","Norma Dumont",185,-225,"145","2022-05-07",1038
1205,"Brandon Royval","Matt Schnell",-260,205,"125","2022-05-07",1039
1206,"Blagoy Ivanov","Marcos Rogério de Lima",-150,125,"265","2022-05-07",1040
1207,"Andre Fialho","Cameron VanCamp",-465,335,"170","2022-05-07",1041
1208,"Tracy Cortez","Melissa Gatto",-130,110,"125","2022-05-07",1042
1209,"CJ Vergara","Kleydson Rodrigues",270,-360,"125","2022-05-07",1043
1211,"Journey Newson","Fernie Garcia",105,-125,"135","2022-05-07",1045
1212,"Marlon Vera","Rob Font",110,-130,"135","2022-04-30",1046
1213,"Andrei Arlovski","Jake Collier",-125,105,"265","2022-04-30",1047
1215,"Grant Dawson","Jared Gordon",-210,175,"155","2022-04-30",1049
1216,"Darren Elkins","Tristan Connelly",-185,155,"145","2022-04-30",1050
1217,"Krzysztof Jotko","Gerald Meerschaert",-190,160,"185","2022-04-30",1051
1218,"Alexandr Romanov","Chase Sherman",-2200,1050,"265","2022-04-30",1052
1219,"Francisco Figueiredo","Daniel Lacerda",100,-120,"125","2022-04-30",1053
1220,"Gabe Green","Yohan Lainesse",-125,105,"170","2022-04-30",1054
1221,"Natan Levy","Mike Breeden",-195,165,"155","2022-04-30",1055
1222,"Shanna Young","Gina Mazany",165,-195,"125","2022-04-30",1056
1224,"Claudio Puelles","Clay Guida",-125,105,"155","2022-04-23",1058
1225,"Maycee Barber","Montana De La Rosa",-180,155,"125","2022-04-23",1059
1226,"Charles Jourdain","Lando Vannata",-115,-105,"145","2022-04-23",1060
1228,"Sergey Khandozhko","Dwight Grant",-120,100,"170","2022-04-23",1062
1229,"Tyson Pedro","Ike Villanueva",-630,450,"205","2022-04-23",1063
1230,"Aoriqileng","Cameron Else",-240,195,"135","2022-04-23",1064
1231,"Preston Parsons","Evan Elder",-150,130,"170","2022-04-23",1065
1232,"Philipe Lins","Marcin Prachnio",105,-125,"205","2022-04-23",1066
1233,"Mike Jackson","Dean Barry",700,-1100,"170","2022-04-23",1067
1234,"Belal Muhammad","Vicente Luque",150,-180,"170","2022-04-16",1068
1236,"Andre Fialho","Miguel Baeza",150,-180,"170","2022-04-16",1070
1239,"Mounir Lazzez","Ange Loosa",-190,160,"170","2022-04-16",1073
1240,"Devin Clark","William Knight",-170,145,"265","2022-04-16",1074
1241,"Pannie Kianzad","Lina Länsberg",-470,360,"135","2022-04-16",1075
1242,"Drakkar Klose","Brandon Jenkins",-600,425,"155","2022-04-16",1076
1243,"Rafa García","Jesse Ronson",115,-140,"155","2022-04-16",1077
1244,"Martin Buday","Chris Barnett",-290,230,"265","2022-04-16",1078
1227,"Marc-André Barriault","Jordan Wright",-200,165,"190","2022-04-23",1061
1148,"Cody Stamann","Eddie Wineland",-650,460,"135","2022-06-18",982
1153,"Zhang Weili","Joanna Jędrzejczyk",-165,145,"115","2022-06-11",987
1201,"Ovince Saint Preux","Mauricio Rua",-270,210,"205","2022-05-07",1035
1210,"Loopy Godinez","Ariane Carnelossi",-185,155,"115","2022-05-07",1044
1156,"Josh Culibao","SeungWoo Choi",180,-225,"145","2022-06-11",990
1180,"JunYong Park","Eryk Anders",-200,165,"185","2022-05-21",1014
1172,"Tony Gravely","Johnny Munoz",-130,110,"135","2022-06-04",1006
1169,"Joe Solecki","Alex Da Silva",-175,145,"155","2022-06-04",1003
1274,"Paddy Pimblett","Rodrigo Vargas",-640,450,"155","2022-03-19",
1248,"Alexander Volkanovski","Chan Sung Jung",-700,500,"145","2022-04-09",1082
1249,"Aljamain Sterling","Petr Yan",340,-450,"135","2022-04-09",1083
1250,"Khamzat Chimaev","Gilbert Burns",-550,400,"170","2022-04-09",1084
1251,"Mackenzie Dern","Tecia Torres",-120,100,"115","2022-04-09",1085
1252,"Mark Madsen","Vinc Pichel",-105,-115,"155","2022-04-09",1086
1254,"Anthony Hernandez","Josh Fremd",-190,160,"185","2022-04-09",1088
1255,"Raquel Pennington","Aspen Ladd",-160,140,"135","2022-04-09",1089
1256,"Mike Malott","Mickey Gall",-165,140,"170","2022-04-09",1090
1257,"Aleksei Oleinik","Jared Vanderaa",115,-135,"265","2022-04-09",1091
1258,"Piera Rodriguez","Kay Hansen",-125,105,"118","2022-04-09",1092
1259,"Julio Arce","Daniel Santos",-190,160,"136","2022-04-09",1093
1261,"Alexa Grasso","Joanne Wood",-275,220,"125","2022-03-26",1095
1262,"Bryan Barberena","Matt Brown",-110,-110,"170","2022-03-26",1096
1264,"Neil Magny","Max Griffin",-275,220,"170","2022-03-26",1098
1265,"Marc Diakiese","Viacheslav Borshchev",120,-140,"155","2022-03-26",1099
1266,"Sara McMann","Karol Rosa",200,-250,"135","2022-03-26",1100
1267,"Chris Gutierrez","Batgerel Danaa",115,-135,"135","2022-03-26",1101
1268,"Aliaskhab Khizriev","Denis Tiuliulin",-1000,650,"185","2022-03-26",1102
1269,"Manon Fiorot","Jennifer Maia",-510,375,"125","2022-03-26",1103
1270,"Matheus Nicolau","David Dvořák",105,-125,"125","2022-03-26",1104
1272,"Tom Aspinall","Alexander Volkov",-130,110,"265","2022-03-19",1106
1273,"Arnold Allen","Dan Hooker",-120,100,"145","2022-03-19",1107
1275,"Gunnar Nelson","Takashi Sato",-520,385,"170","2022-03-19",1109
1276,"Molly McCann","Luana Carolina",-140,120,"125","2022-03-19",1110
1277,"Ilia Topuria","Jai Herbert",-600,425,"155","2022-03-19",1111
1278,"Makwan Amirkhani","Mike Grundy",170,-210,"145","2022-03-19",1112
1279,"Sergei Pavlovich","Shamil Abdurakhimov",-350,270,"265","2022-03-19",1113
1280,"Paul Craig","Nikita Krylov",165,-200,"205","2022-03-19",1114
1281,"Jack Shore","Timur Valiev",-125,105,"135","2022-03-19",1115
1282,"Elise Reed","Cory McKenna",230,-290,"115","2022-03-19",1116
2980,"Sabina Mazo","Shana Dobson",-145,120,"125","2019-08-17",2414
2983,"Eduardo Garagorri","Humberto Bandenay",-150,120,"145","2019-08-10",2417
2986,"Enrique Barzola","Bobby Moffett",-150,120,"145","2019-08-10",2420
2989,"Marina Rodriguez","Tecia Torres",135,-165,"115","2019-08-10",2423
2994,"Colby Covington","Robbie Lawler",-250,195,"170","2019-08-03",2428
2996,"Nasrat Haqparast","Joaquim Silva",-300,230,"155","2019-08-03",2430
2998,"Scott Holtzman","Dong Hyun Ma",-450,340,"155","2019-08-03",2432
3000,"Mickey Gall","Salim Touahri",100,-130,"170","2019-08-03",2434
3002,"Matt Schnell","Jordan Espinosa",115,-145,"125","2019-08-03",2436
3004,"Claudio Silva","Cole Williams",-550,375,"170","2019-08-03",2438
3006,"Max Holloway","Frankie Edgar",-400,300,"145","2019-07-27",2440
3008,"Geoff Neal","Niko Price",-325,250,"170","2019-07-27",2442
3014,"Deiveson Figueiredo","Alexandre Pantoja",110,-140,"125","2019-07-27",2448
3016,"Erik Koch","Kyle Stewart",-110,-120,"170","2019-07-27",2450
3018,"Walt Harris","Aleksei Oleinik",-175,145,"265","2019-07-20",2452
3020,"Dan Hooker","James Vick",-140,110,"155","2019-07-20",2454
3022,"Andrei Arlovski","Ben Rothwell",150,-185,"265","2019-07-20",2456
3024,"Raquel Pennington","Irene Aldana",115,-145,"135","2019-07-20",2458
3026,"Jennifer Maia","Roxanne Modafferi",-140,110,"125","2019-07-20",2460
3027,"Ray Borg","Gabriel Silva",-185,150,"135","2019-07-20",2461
3028,"Mario Bautista","Jin Soo Son",150,-185,"135","2019-07-20",2462
3029,"Felipe Colares","Domingo Pilarte",275,-365,"135","2019-07-20",2463
3031,"Urijah Faber","Ricky Simón",280,-370,"135","2019-07-13",2465
3032,"Josh Emmett","Mirsad Bektić",140,-170,"145","2019-07-13",2466
3033,"Karl Roberson","Wellington Turman",-210,170,"185","2019-07-13",2467
3034,"Marvin Vettori","Cezar Ferreira",-225,175,"185","2019-07-13",2468
3035,"Mike Rodriguez","John Allan",-450,325,"205","2019-07-13",2469
3036,"Andre Fili","Sheymon Moraes",-170,140,"145","2019-07-13",2470
3037,"Julianna Peña","Nicco Montaño",-250,195,"135","2019-07-13",2471
3038,"Ryan Hall","Darren Elkins",-105,-125,"145","2019-07-13",2472
3040,"Brianna Fortino","Livinha Souza",-105,-125,"115","2019-07-13",2474
3041,"Benito Lopez","Vince Morales",-115,-115,"135","2019-07-13",2475
1719,"Sodiq Yusuff","Alex Caceres",-270,215,"145","2022-03-12",1120
1723,"Matthew Semelsberger","AJ Fletcher",-195,165,"170","2022-03-12",1124
1727,"Miranda Maverick","Sabina Mazo",-370,290,"125","2022-03-12",1128
1731,"Colby Covington","Jorge Masvidal",-320,250,"170","2022-03-05",1132
1735,"Serghei Spivac","Greg Hardy",-190,160,"265","2022-03-05",1136
1739,"Maryna Moroz","Mariya Agapova",-170,150,"125","2022-03-05",1140
1743,"Dustin Jacoby","Michał Oleksiejczuk",-200,170,"205","2022-03-05",1144
1747,"Arman Tsarukyan","Joel Alvarez",-280,230,"155","2022-02-26",1148
1751,"Terrance McKinney","Fares Ziam",-105,-115,"155","2022-02-26",1152
1755,"Jamahal Hill","Johnny Walker",-235,190,"205","2022-02-19",1156
1763,"Gloria de Paula","Diana Belbiţă",105,-125,"115","2022-02-19",1164
1767,"Israel Adesanya","Robert Whittaker",-300,240,"185","2022-02-12",1168
3042,"Jon Jones","Thiago Santos",-550,375,"205","2019-07-06",2476
3433,"Ryan Hall","BJ Penn",-415,310,"155","2018-12-29",2742
1724,"JJ Aldrich","Gillian Robertson",100,-120,"125","2022-03-12",1125
1728,"Cody Brundage","Dalcha Lungiambula",120,-140,"185","2022-03-12",1129
1736,"Jalin Turner","Jamie Mullarkey",-160,135,"155","2022-03-05",1137
1740,"Umar Nurmagomedov","Brian Kelleher",-900,600,"145","2022-03-05",1141
1744,"Islam Makhachev","Bobby Green",-900,575,"160","2022-02-26",1145
1748,"Armen Petrosyan","Gregory Rodrigues",130,-155,"185","2022-02-26",1149
1263,"Kai Kara-France","Askar Askarov",340,-450,"125","2022-03-26",1097
3010,"Krzysztof Jotko","Marc-André Barriault",-190,155,"185","2019-07-27",2444
1720,"Khalil Rountree Jr.","Karl Roberson",125,-145,"205","2022-03-12",1121
1732,"Rafael Dos Anjos","Renato Moicano",-190,160,"160","2022-03-05",1133
2992,"Alex Da Silva","Rodrigo Vargas",-300,230,"155","2019-08-10",
1253,"Ian Garry","Darian Weeks",-400,300,"170","2022-04-09",1087
1737,"Marina Rodriguez","Xiaonan Yan",-280,230,"115","2022-03-05",
1749,"Ignacio Bahamondes","Zhu Rong",-210,175,"155","2022-02-26",
1760,"David Onama","Gabriel Benítez",-180,150,"145","2022-02-19",1161
1764,"Chad Anheliger","Jesse Strader",-240,200,"135","2022-02-19",1165
1768,"Tai Tuivasa","Derrick Lewis",160,-190,"265","2022-02-12",1169
1771,"Bobby Green","Nasrat Haqparast",-150,130,"155","2022-02-12",1172
1774,"Kyler Phillips","Marcelo Rojo",-440,340,"135","2022-02-12",1175
1777,"Jacob Malkoun","AJ Dobson",-105,-115,"185","2022-02-12",1178
1780,"Maxim Grishin","William Knight",-165,145,"205","2022-02-12",1181
1786,"Julian Erosa","Steven Peterson",-310,250,"145","2022-02-05",1187
1792,"Phil Rowe","Jason Witt",-145,125,"170","2022-02-05",1193
1798,"Michael Morales","Trevin Giles",-110,-110,"170","2022-01-22",1199
1801,"Tony Gravely","Saimon Oliveira",-250,200,"135","2022-01-22",1202
1804,"Jasmine Jasudavicius","Kay Hansen",160,-190,"125","2022-01-22",1205
1807,"Brandon Royval","Rogério Bontorin",-160,135,"125","2022-01-15",1208
1810,"Bill Algeo","Joanderson Brito",135,-155,"145","2022-01-15",1211
1813,"Brian Kelleher","Kevin Croom",-360,280,"145","2022-01-15",1214
1816,"Belal Muhammad","Stephen Thompson",175,-210,"170","2021-12-18",1217
1819,"Mateusz Gamrot","Diego Ferreira",-250,200,"155","2021-12-18",1220
1822,"Justin Tafa","Harry Hunsucker",-330,260,"265","2021-12-18",1223
1828,"Charles Oliveira","Dustin Poirier",115,-135,"155","2021-12-11",1229
1834,"Dominick Cruz","Pedro Munhoz",-105,-115,"135","2021-12-11",1235
1837,"André Muniz","Eryk Anders",-195,165,"185","2021-12-11",1238
1840,"Tony Kelley","Randy Costa",165,-200,"135","2021-12-11",1241
1843,"Rafael Fiziev","Brad Riddell",-120,100,"155","2021-12-04",1244
1846,"Chris Curtis","Brendan Allen",280,-365,"185","2021-12-04",1247
1849,"Manel Kape","Zhalgas Zhumagulov",-300,240,"125","2021-12-04",1250
1852,"William Knight","Alonzo Menifield",145,-170,"205","2021-12-04",1253
1855,"Ketlen Vieira","Miesha Tate",-110,-110,"135","2021-11-20",1256
1858,"Rani Yahya","Kyung Ho Kang",100,-120,"135","2021-11-20",1259
1864,"Shayilan Nuerdanbieke","Sean Soriano",220,-280,"145","2021-11-20",1265
1867,"Marcos Rogério de Lima","Ben Rothwell",140,-160,"265","2021-11-13",1268
1873,"Sean Woodson","Collin Anglin",-340,270,"145","2021-11-13",1274
1879,"Marlon Vera","Frankie Edgar",-150,125,"135","2021-11-06",1280
1882,"Alex Pereira","Andreas Michailidis",-275,210,"185","2021-11-06",1283
1885,"Nassourdine Imavov","Edmen Shahbazyan",-120,100,"185","2021-11-06",1286
1888,"Dustin Jacoby","John Allan",-400,300,"205","2021-11-06",1289
1891,"Glover Teixeira","Jan Błachowicz",215,-265,"205","2021-10-30",1292
1897,"Amanda Ribas","Virna Jandiroba",-170,140,"115","2021-10-30",1298
1906,"Grant Dawson","Ricky Glenn",-525,385,"155","2021-10-23",1307
1909,"Francisco Trinaldo","Dwight Grant",-140,120,"170","2021-10-23",1310
1912,"Mason Jones","David Onama",-450,325,"155","2021-10-23",1313
1915,"Jai Herbert","Khama Worthy",-185,155,"155","2021-10-23",1316
1918,"Jonathan Martinez","Zviad Lazishvili",-105,-115,"135","2021-10-23",1319
1921,"Jim Miller","Erick Gonzalez",-275,225,"155","2021-10-16",1322
1924,"Bruno Silva","Andrew Sanchez",-155,130,"185","2021-10-16",1325
1927,"Batgerel Danaa","Brandon Davis",-150,130,"135","2021-10-16",1328
1930,"Randy Brown","Jared Gooden",-255,210,"170","2021-10-09",1331
1939,"Kevin Holland","Kyle Daukaus",-180,150,"185","2021-10-02",1340
1942,"Alexander Hernandez","Mike Breeden",-650,450,"155","2021-10-02",1343
1945,"Karol Rosa","Bethe Correia",-650,440,"135","2021-10-02",1346
1948,"Stephanie Egger","Shanna Young",-145,120,"135","2021-10-02",1349
1951,"Valentina Shevchenko","Lauren Murphy",-1600,850,"125","2021-09-25",1352
1954,"Jéssica Andrade","Cynthia Calvillo",-225,185,"125","2021-09-25",1355
1957,"Chris Daukaus","Shamil Abdurakhimov",-225,185,"265","2021-09-25",1358
1960,"Nick Maximov","Cody Brundage",-130,110,"185","2021-09-25",1361
1963,"Anthony Smith","Ryan Spann",-165,135,"205","2021-09-18",1364
1969,"Tafon Nchukwi","Mike Rodriguez",-125,105,"205","2021-09-18",1370
1972,"Montel Jackson","JP Buys",-650,475,"135","2021-09-18",1373
1975,"Gustavo Lopez","Alatengheili",110,-130,"135","2021-09-18",1376
1978,"Tom Aspinall","Serghei Spivac",-240,195,"265","2021-09-04",1379
1981,"Paddy Pimblett","Luigi Vendramini",-155,130,"155","2021-09-04",1382
1984,"Julian Erosa","Charles Jourdain",155,-190,"150","2021-09-04",1385
1987,"Bryan Battle","Gilbert Urbina",-190,160,"185","2021-08-28",1388
1990,"Andre Petroski","Micheal Gillmore",-550,400,"185","2021-08-28",1391
1993,"Wellington Turman","Sam Alvey",-125,110,"185","2021-08-28",1394
1996,"Pat Sabatini","Jamall Emmers",125,-150,"145","2021-08-28",1397
1999,"Mark Madsen","Clay Guida",-165,140,"155","2021-08-21",1400
2002,"Vinc Pichel","Austin Hubbard",-140,115,"155","2021-08-21",1403
2008,"Ignacio Bahamondes","Roosevelt Roberts",135,-160,"155","2021-08-21",1409
2011,"José Aldo","Pedro Munhoz",-115,100,"135","2021-08-07",1412
2016,"Vince Morales","Drako Rodriguez",-110,-110,"135","2021-08-07",1417
1717,"Magomed Ankalaev","Thiago Santos",-650,450,"205","2022-03-12",1118
1721,"Drew Dober","Terrance McKinney",-155,130,"155","2022-03-12",1122
1725,"Javid Basharat","Trevin Jones",-185,150,"135","2022-03-12",1126
1729,"Guido Cannetti","Kris Moutinho",135,-160,"135","2022-03-12",1130
1733,"Bryce Mitchell","Edson Barboza",-165,140,"145","2022-03-05",1134
1741,"Tim Elliott","Tagir Ulanbekov",190,-235,"125","2022-03-05",1142
1745,"Wellington Turman","Misha Cirkunov",125,-150,"185","2022-02-26",1146
1753,"Ramiz Brahimaj","Micheal Gillmore",-380,290,"170","2022-02-26",1154
1789,"Chidi Njokuani","Marc-André Barriault",-115,-105,"185","2022-02-05",1190
1831,"Kai Kara-France","Cody Garbrandt",115,-135,"125","2021-12-11",1232
1756,"Kyle Daukaus","Jamie Pickett",-345,260,"195","2022-02-19",1157
1900,"Elizeu Zaleski dos Santos","Benoit Saint-Denis",-250,200,"170","2021-10-30",
1870,"Song Yadong","Julio Arce",-150,125,"135","2021-11-13",1271
1936,"Loopy Godinez","Silvana Gómez Juárez",-310,250,"115","2021-10-09",1337
1876,"Da Woon Jung","Kennedy Nzechukwu",-125,105,"205","2021-11-13",1277
1903,"Andre Petroski","Hu Yaozong",-225,190,"185","2021-10-30",1304
1769,"Jared Cannonier","Derek Brunson",-155,130,"185","2022-02-12",1170
1772,"Andrei Arlovski","Jared Vanderaa",-150,125,"265","2022-02-12",1173
1775,"Carlos Ulberg","Fabio Cherant",-260,210,"205","2022-02-12",1176
1778,"Douglas Silva de Andrade","Sergey Morozov",175,-210,"135","2022-02-12",1179
1781,"Sean Strickland","Jack Hermansson",-240,195,"185","2022-02-05",1182
1784,"Brendan Allen","Sam Alvey",-400,310,"205","2022-02-05",1185
1790,"Alexis Davis","Julija Stoliarenko",-240,200,"135","2022-02-05",1191
1793,"Malcolm Gordon","Denys Bondar",230,-280,"125","2022-02-05",1194
1796,"Michel Pereira","Andre Fialho",-280,230,"170","2022-01-22",1197
1799,"Victor Henry","Raoni Barcelos",380,-500,"135","2022-01-22",1200
1802,"Matt Frevola","Genaro Valdéz",-200,170,"155","2022-01-22",1203
1805,"Calvin Kattar","Giga Chikadze",200,-240,"145","2022-01-15",1206
1808,"Katlyn Chookagian","Jennifer Maia",-210,175,"125","2022-01-15",1209
1811,"Jamie Pickett","Joseph Holmes",125,-145,"185","2022-01-15",1212
1814,"TJ Brown","Charles Rosa",-220,180,"155","2022-01-15",1215
1817,"Amanda Lemos","Angela Hill",-300,250,"115","2021-12-18",1218
1820,"Cub Swanson","Darren Elkins",-165,140,"145","2021-12-18",1221
1826,"Don'Tale Mayes","Josh Parisian",-180,155,"265","2021-12-18",1227
1829,"Julianna Peña","Amanda Nunes",700,-1125,"135","2021-12-11",1230
1832,"Sean O'Malley","Raulian Paiva",-330,260,"135","2021-12-11",1233
1835,"Tai Tuivasa","Augusto Sakai",-120,100,"265","2021-12-11",1236
1838,"Erin Blanchfield","Miranda Maverick",-140,120,"125","2021-12-11",1239
1841,"Gillian Robertson","Priscila Cachoeira",-350,270,"129","2021-12-11",1242
1844,"Jamahal Hill","Jimmy Crute",150,-175,"205","2021-12-04",1245
1847,"Alex Morono","Mickey Gall",-250,200,"170","2021-12-04",1248
1850,"Bryan Barberena","Darian Weeks",-135,115,"170","2021-12-04",1251
1853,"Claudio Puelles","Chris Gruetzemacher",-130,110,"155","2021-12-04",1254
1856,"Sean Brady","Michael Chiesa",-190,160,"170","2021-11-20",1257
1865,"Luana Pinheiro","Sam Hughes",-450,340,"115","2021-11-20",1266
1868,"Felicia Spencer","Leah Letson",-360,290,"145","2021-11-13",1269
1871,"Joel Alvarez","Thiago Moisés",210,-270,"155","2021-11-13",1272
1874,"Cortney Casey","Liana Jojua",-300,240,"125","2021-11-13",1275
1877,"Kamaru Usman","Colby Covington",-310,250,"170","2021-11-06",1278
1880,"Shane Burgos","Billy Quarantillo",-180,155,"145","2021-11-06",1281
1883,"Bobby Green","Al Iaquinta",-190,160,"155","2021-11-06",1284
1892,"Petr Yan","Cory Sandhagen",-250,200,"135","2021-10-30",1293
1898,"Zubaira Tukhugov","Ricardo Ramos",-175,145,"145","2021-10-30",1299
1901,"Michał Oleksiejczuk","Shamil Gamzatov",100,-115,"205","2021-10-30",1302
1904,"Tagir Ulanbekov","Allan Nascimento",-400,310,"125","2021-10-30",1305
1910,"Nicolae Negumereanu","Ike Villanueva",-240,195,"205","2021-10-23",1311
1913,"Tabatha Ricci","Maria Oliveira",-275,220,"115","2021-10-23",1314
1916,"Jeff Molina","Daniel Lacerda",-160,135,"125","2021-10-23",1317
1919,"Norma Dumont","Aspen Ladd",115,-135,"145","2021-10-16",1320
1922,"Manon Fiorot","Mayra Bueno Silva",-275,220,"125","2021-10-16",1323
1925,"Danny Roberts","Ramazan Emeev",250,-310,"170","2021-10-16",1326
1931,"Matheus Nicolau","Tim Elliott",-190,160,"125","2021-10-09",1332
1934,"Alexandr Romanov","Jared Vanderaa",-550,400,"265","2021-10-09",1335
1937,"Steve Garcia","Charlie Ontiveros",-335,260,"155","2021-10-09",1338
1940,"Niko Price","Alex Oliveira",-200,170,"170","2021-10-02",1341
1943,"Jared Gordon","Joe Solecki",110,-130,"155","2021-10-02",1344
1946,"Jamie Mullarkey","Devonte Smith",130,-150,"155","2021-10-02",1347
1949,"Alejandro Perez","Johnny Eduardo",-255,210,"135","2021-10-02",1350
1952,"Robbie Lawler","Nick Diaz",-150,130,"185","2021-09-25",1353
1958,"Taila Santos","Roxanne Modafferi",-410,320,"125","2021-09-25",1359
1961,"Matthew Semelsberger","Martin Sano",-550,400,"170","2021-09-25",1362
1964,"Ion Cutelaba","Devin Clark",-160,135,"205","2021-09-18",1365
1967,"Nate Maness","Tony Gravely",170,-200,"135","2021-09-18",1368
1970,"Raquel Pennington","Pannie Kianzad",-130,110,"135","2021-09-18",1371
1973,"Erin Blanchfield","Sarah Alpar",-400,310,"125","2021-09-18",1374
1976,"Hannah Goldy","Emily Whitmire",105,-125,"125","2021-09-18",1377
1979,"Alex Morono","David Zawada",-125,105,"170","2021-09-04",1380
1982,"Molly McCann","Ji Yeon Kim",-120,100,"125","2021-09-04",1383
1991,"Gerald Meerschaert","Makhmud Muradov",440,-600,"185","2021-08-28",1392
1994,"Dustin Jacoby","Darren Stewart",-200,170,"205","2021-08-28",1395
1997,"Mana Martinez","Guido Cannetti",-280,225,"135","2021-08-28",1398
2000,"Parker Porter","Chase Sherman",165,-195,"265","2021-08-21",1401
2003,"Alexandre Pantoja","Brandon Royval",-170,140,"125","2021-08-21",1404
2006,"Josiane Nunes","Bea Malecki",135,-160,"135","2021-08-21",1407
2009,"Ramiz Brahimaj","Sasha Palatnikov",-165,130,"170","2021-08-21",1410
2012,"Vicente Luque","Michael Chiesa",-105,-115,"170","2021-08-07",1413
2015,"Rafael Fiziev","Bobby Green",-300,240,"155","2021-08-07",1416
1722,"Alex Pereira","Bruno Silva",-200,170,"185","2022-03-12",1123
1730,"Azamat Murzakanov","Tafon Nchukwi",-195,165,"205","2022-03-12",1131
1734,"Kevin Holland","Alex Oliveira",-410,310,"170","2022-03-05",1135
1738,"Nicolae Negumereanu","Kennedy Nzechukwu",110,-135,"205","2022-03-05",1139
1742,"Ľudovít Klein","Devonte Smith",125,-150,"155","2022-03-05",1143
1746,"Priscila Cachoeira","Ji Yeon Kim",135,-155,"125","2022-02-26",1147
1750,"Josiane Nunes","Ramona Pascual",-240,200,"145","2022-02-26",1151
1754,"Carlos Hernandez","Victor Altamirano",-170,145,"125","2022-02-26",1155
1758,"Jim Miller","Nikolas Motta",150,-170,"155","2022-02-19",1159
1762,"Chas Skelly","Mark Striegl",-210,175,"145","2022-02-19",1163
1761,"Stephanie Egger","Jessica-Rose Clark",150,-175,"135","2022-02-19",1162
1907,"Jessica-Rose Clark","Joselyne Edwards",-160,135,"135","2021-10-23",1308
1985,"Marc-André Barriault","Dalcha Lungiambula",-165,145,"185","2021-09-04",1386
1895,"Khamzat Chimaev","Li Jingliang",-500,375,"170","2021-10-30",1296
1718,"Song Yadong","Marlon Moraes",-280,230,"135","2022-03-12",1119
1886,"Ian Garry","Jordan Williams",-425,320,"170","2021-11-06",1287
1862,"Loopy Godinez","Loma Lookboonmee",-165,135,"115","2021-11-20",1263
1971,"Zhu Rong","Brandon Jenkins",-250,200,"155","2021-09-18",
1776,"Ronnie Lawrence","Mana Martinez",-300,240,"135","2022-02-12",1177
1779,"Jeremiah Wells","Blood Diamond",-235,185,"170","2022-02-12",1180
1782,"Nick Maximov","Punahele Soriano",165,-195,"185","2022-02-05",1183
1785,"Bryan Battle","Tresean Gore",105,-125,"185","2022-02-05",1186
1788,"Hakeem Dawodu","Michael Trizano",-170,145,"145","2022-02-05",1189
1791,"Jailton Almeida","Danilo Marques",-420,325,"205","2022-02-05",1192
1797,"Said Nurmagomedov","Cody Stamann",-180,155,"135","2022-01-22",1198
1800,"Jack Della Maddalena","Pete Rodriguez",-400,300,"170","2022-01-22",1201
1806,"Jake Collier","Chase Sherman",-140,120,"265","2022-01-15",1207
1809,"Viacheslav Borshchev","Dakota Bush",-200,170,"155","2022-01-15",1210
1812,"Court McGee","Ramiz Brahimaj",105,-125,"170","2022-01-15",1213
1815,"Derrick Lewis","Chris Daukaus",120,-140,"265","2021-12-18",1216
1818,"Ricky Simón","Raphael Assunção",-300,240,"135","2021-12-18",1219
1821,"Gerald Meerschaert","Dustin Stoltzfus",-250,200,"185","2021-12-18",1222
1824,"Charles Jourdain","Andre Ewell",-220,180,"145","2021-12-18",1225
1827,"Jordan Leavitt","Matt Sayles",115,-135,"155","2021-12-18",1228
1830,"Geoff Neal","Santiago Ponzinibbio",100,-120,"170","2021-12-11",1231
1833,"Josh Emmett","Dan Ige",-130,110,"145","2021-12-11",1234
1836,"Bruno Silva","Jordan Wright",-340,270,"185","2021-12-11",1237
1839,"Ryan Hall","Darrick Minner",-175,150,"145","2021-12-11",1240
1842,"José Aldo","Rob Font",125,-150,"135","2021-12-04",1243
1845,"Clay Guida","Leonardo Santos",170,-200,"155","2021-12-04",1246
1848,"Duško Todorović","Maki Pitolo",-170,145,"185","2021-12-04",1249
1854,"Vince Morales","Louis Smolka",145,-165,"135","2021-12-04",1255
1857,"Taila Santos","Joanne Wood",-400,310,"125","2021-11-20",1258
1860,"Pat Sabatini","Tucker Lutz",105,-125,"145","2021-11-20",1261
1863,"Cody Durden","Aoriqileng",-165,140,"125","2021-11-20",1264
1866,"Max Holloway","Yair Rodriguez",-720,500,"145","2021-11-13",1267
1869,"Khaos Williams","Miguel Baeza",125,-150,"170","2021-11-13",1270
1872,"Andrea Lee","Cynthia Calvillo",105,-125,"125","2021-11-13",1273
1875,"Rafael Alves","Marc Diakiese",200,-240,"155","2021-11-13",1276
1881,"Justin Gaethje","Michael Chandler",-220,175,"155","2021-11-06",1282
1884,"Chris Curtis","Phil Hawes",250,-310,"185","2021-11-06",1285
1890,"Ode Osbourne","CJ Vergara",-200,170,"125","2021-11-06",1291
1893,"Islam Makhachev","Dan Hooker",-500,375,"155","2021-10-30",1294
1896,"Magomed Ankalaev","Volkan Oezdemir",-350,260,"205","2021-10-30",1297
1899,"Albert Duraev","Roman Kopylov",-380,290,"185","2021-10-30",1300
1902,"Lerone Murphy","Makwan Amirkhani",-280,230,"145","2021-10-30",1303
1905,"Marvin Vettori","Paulo Costa",-200,165,"205","2021-10-23",1306
1914,"Jamie Pickett","Laureano Staropoli",185,-225,"185","2021-10-23",1315
1917,"Randa Markos","Livinha Souza",115,-135,"115","2021-10-23",1318
1920,"Andrei Arlovski","Carlos Felipe",-110,-110,"265","2021-10-16",1321
1923,"Nate Landwehr","Ľudovít Klein",300,-390,"145","2021-10-16",1324
1932,"Mariya Agapova","Sabina Mazo",155,-190,"125","2021-10-09",1333
1935,"Damon Jackson","Charles Rosa",-190,160,"145","2021-10-09",1336
1938,"Thiago Santos","Johnny Walker",-155,130,"205","2021-10-02",1339
1941,"Krzysztof Jotko","Misha Cirkunov",-140,120,"185","2021-10-02",1342
1944,"Casey O'Neill","Antonina Shevchenko",-225,185,"125","2021-10-02",1345
1947,"Douglas Silva de Andrade","Gaetano Pirrello",-275,220,"135","2021-10-02",1348
1950,"Alexander Volkanovski","Brian Ortega",-190,155,"145","2021-09-25",1351
1953,"Curtis Blaydes","Jairzinho Rozenstruik",-350,280,"265","2021-09-25",1354
1956,"Dan Hooker","Nasrat Haqparast",-155,130,"155","2021-09-25",1357
1959,"Jalin Turner","Uros Medic",100,-120,"155","2021-09-25",1360
1962,"Jonathan Pearce","Omar Morales",135,-160,"145","2021-09-25",1363
1965,"Ariane Lipski","Mandy Böhm",-130,110,"125","2021-09-18",1366
1974,"Carlston Harris","Impa Kasanganay",100,-120,"170","2021-09-18",1375
1977,"Derek Brunson","Darren Till",130,-150,"185","2021-09-04",1378
1983,"Jack Shore","Liudvik Sholinian",-600,440,"135","2021-09-04",1384
1986,"Giga Chikadze","Edson Barboza",105,-125,"145","2021-08-28",1387
1989,"Daniel Rodriguez","Kevin Lee",125,-145,"170","2021-08-28",1390
1992,"Abdul Razak Alhassan","Alessio Di Chirico",200,-250,"185","2021-08-28",1393
1995,"JJ Aldrich","Vanessa Demopoulos",-450,340,"125","2021-08-28",1396
1998,"Jared Cannonier","Kelvin Gastelum",-145,125,"185","2021-08-21",1399
2001,"Saidyokub Kakhramonov","Trevin Jones",130,-150,"135","2021-08-21",1402
2004,"Austin Lingo","Luis Saldaña",100,-120,"145","2021-08-21",1405
2007,"William Knight","Fabio Cherant",-175,145,"205","2021-08-21",1408
2010,"Ciryl Gane","Derrick Lewis",-320,250,"265","2021-08-07",1411
2017,"Alonzo Menifield","Ed Herman",-265,215,"205","2021-08-07",1418
2018,"Jessica Penne","Karolina Kowalkiewicz",120,-140,"115","2021-08-07",1419
2021,"Melissa Gatto","Victoria Leonardo",-115,-105,"125","2021-08-07",1422
2023,"Sean Strickland","Uriah Hall",-210,175,"185","2021-07-31",1424
2024,"Cheyanne Vlismas","Gloria de Paula",-160,135,"115","2021-07-31",1425
2025,"Jared Gooden","Niklas Stolze",155,-185,"170","2021-07-31",1426
2026,"Melsik Baghdasaryan","Collin Anglin",-155,130,"145","2021-07-31",1427
2027,"Jason Witt","Bryan Barberena",220,-270,"170","2021-07-31",1428
2030,"Jinh Yu Frey","Ashley Yoder",135,-160,"115","2021-07-31",1431
2031,"Zarrukh Adashev","Ryan Benoit",120,-140,"125","2021-07-31",1432
2032,"Phil Rowe","Orion Cosce",140,-165,"170","2021-07-31",1433
1794,"Francis Ngannou","Ciryl Gane",125,-145,"265","2022-01-22",1195
1773,"Casey O'Neill","Roxanne Modafferi",-400,300,"125","2022-02-12",1174
1980,"Khalil Rountree Jr.","Modestas Bukauskas",140,-165,"205","2021-09-04",1381
1911,"Gregory Rodrigues","JunYong Park",-145,120,"185","2021-10-23",1312
2029,"Danny Chavez","Kai Kamaka",100,-120,"145","2021-07-31",1430
1878,"Rose Namajunas","Zhang Weili",100,-120,"115","2021-11-06",1279
1926,"Luana Carolina","Loopy Godinez",185,-225,"125","2021-10-16",1327
1908,"Alex Caceres","SeungWoo Choi",225,-275,"145","2021-10-23",1309
2022,"Johnny Munoz","Jamey Simmons",-300,245,"135","2021-08-07",1423
2020,"Miles Johns","Anderson Dos Santos",-225,180,"135","2021-08-07",1421
2050,"Amanda Lemos","Montserrat Ruiz",-600,435,"115","2021-07-17",
2090,"Casey O'Neill","Lara Fritzen",140,-170,"125","2021-06-19",
2119,"Carla Esparza","Xiaonan Yan",110,-135,"115","2021-05-22",
2036,"Maycee Barber","Miranda Maverick",125,-150,"125","2021-07-24",1437
2037,"Adrian Yanez","Randy Costa",-230,190,"135","2021-07-24",1438
2038,"Brendan Allen","Punahele Soriano",-105,-115,"185","2021-07-24",1439
2039,"Nassourdine Imavov","Ian Heinisch",135,-155,"185","2021-07-24",1440
2040,"Mickey Gall","Jordan Williams",145,-175,"170","2021-07-24",1441
2041,"Julio Arce","Andre Ewell",-200,170,"135","2021-07-24",1442
2042,"Sijara Eubanks","Elise Reed",-360,280,"125","2021-07-24",1443
2044,"Islam Makhachev","Thiago Moisés",-800,550,"155","2021-07-17",1445
2045,"Miesha Tate","Marion Reneau",-180,155,"135","2021-07-17",1446
2046,"Mateusz Gamrot","Jeremy Stephens",-250,205,"155","2021-07-17",1447
2047,"Rodolfo Vieira","Dustin Stoltzfus",-220,180,"185","2021-07-17",1448
2048,"Billy Quarantillo","Gabriel Benítez",140,-160,"145","2021-07-17",1449
2049,"Daniel Rodriguez","Preston Parsons",-365,280,"170","2021-07-17",1450
2051,"Sergey Morozov","Khalid Taha",120,-140,"135","2021-07-17",1452
2052,"Malcolm Gordon","Francisco Figueiredo",245,-300,"125","2021-07-17",1453
2054,"Dustin Poirier","Conor McGregor",-125,100,"155","2021-07-10",1455
2055,"Gilbert Burns","Stephen Thompson",135,-160,"170","2021-07-10",1456
2056,"Tai Tuivasa","Greg Hardy",-125,105,"265","2021-07-10",1457
2057,"Irene Aldana","Yana Santos",100,-120,"135","2021-07-10",1458
2058,"Sean O'Malley","Kris Moutinho",-1000,600,"135","2021-07-10",1459
2059,"Max Griffin","Carlos Condit",-190,150,"170","2021-07-10",1460
2060,"Michel Pereira","Niko Price",-185,150,"170","2021-07-10",1461
2061,"Ilia Topuria","Ryan Hall",-225,185,"145","2021-07-10",1462
2063,"Jennifer Maia","Jessica Eye",-200,165,"125","2021-07-10",1464
2064,"Brad Tavares","Omari Akhmedov",-160,135,"185","2021-07-10",1465
2065,"Zhalgas Zhumagulov","Jerome Rivera",-315,240,"125","2021-07-10",1466
2066,"Ciryl Gane","Alexander Volkov",-155,130,"265","2021-06-26",1467
2068,"Timur Valiev","Raoni Barcelos",180,-225,"135","2021-06-26",1469
2069,"Andre Fili","Daniel Pineda",-235,190,"145","2021-06-26",1470
2070,"Tim Means","Nicolas Dalby",-130,110,"170","2021-06-26",1471
2071,"Renato Moicano","Jai Herbert",-250,195,"155","2021-06-26",1472
2072,"Kennedy Nzechukwu","Danilo Marques",-135,110,"205","2021-06-26",1473
2073,"Shavkat Rakhmonov","Michel Prazeres",-305,250,"170","2021-06-26",1474
2075,"Marcin Prachnio","Ike Villanueva",-220,180,"205","2021-06-26",1476
2076,"Julia Avila","Julija Stoliarenko",-375,280,"135","2021-06-26",1477
2077,"Charles Rosa","Justin Jaynes",-165,140,"145","2021-06-26",1478
2078,"Damir Hadžović","Yancy Medeiros",-150,125,"155","2021-06-26",1479
2079,"Chan Sung Jung","Dan Ige",110,-135,"145","2021-06-19",1480
2080,"Serghei Spivac","Aleksei Oleinik",-245,195,"265","2021-06-19",1481
2081,"Marlon Vera","Davey Grant",-225,180,"135","2021-06-19",1482
2083,"Bruno Silva","Wellington Turman",-125,105,"185","2021-06-19",1484
2085,"Nicolae Negumereanu","Aleksa Camur",200,-250,"205","2021-06-19",1486
2086,"Virna Jandiroba","Kanako Murata",-140,115,"115","2021-06-19",1487
2087,"Khaos Williams","Matthew Semelsberger",-160,135,"170","2021-06-19",1488
2088,"Josh Parisian","Roque Martinez",-145,120,"265","2021-06-19",1489
2089,"Ricky Glenn","Joaquim Silva",110,-135,"155","2021-06-19",1490
2091,"Israel Adesanya","Marvin Vettori",-260,205,"185","2021-06-12",1492
2092,"Brandon Moreno","Deiveson Figueiredo",155,-190,"125","2021-06-12",1493
2093,"Leon Edwards","Nate Diaz",-475,350,"170","2021-06-12",1494
2094,"Belal Muhammad","Demian Maia",-225,190,"170","2021-06-12",1495
2095,"Paul Craig","Jamahal Hill",220,-265,"205","2021-06-12",1496
2097,"Eryk Anders","Darren Stewart",-150,120,"205","2021-06-12",1498
2098,"Lauren Murphy","Joanne Wood",110,-135,"125","2021-06-12",1499
2099,"Movsar Evloev","Hakeem Dawodu",-225,190,"145","2021-06-12",1500
2100,"Pannie Kianzad","Alexis Davis",-245,190,"135","2021-06-12",1501
2101,"Terrance McKinney","Matt Frevola",175,-205,"155","2021-06-12",1502
2102,"Steven Peterson","Chase Hooper",105,-125,"145","2021-06-12",1503
2103,"Fares Ziam","Luigi Vendramini",-115,-105,"155","2021-06-12",1504
2104,"Carlos Felipe","Jake Collier",-150,130,"265","2021-06-12",1505
2105,"Jairzinho Rozenstruik","Augusto Sakai",-115,100,"265","2021-06-05",1506
2106,"Marcin Tybura","Walt Harris",-190,160,"265","2021-06-05",1507
2108,"Santiago Ponzinibbio","Miguel Baeza",145,-155,"170","2021-06-05",1509
2109,"Gregory Rodrigues","Duško Todorović",110,-140,"185","2021-06-05",1510
2110,"Montana De La Rosa","Ariane Lipski",-280,225,"125","2021-06-05",1511
2111,"Ilir Latifi","Tanner Boser",145,-175,"265","2021-06-05",1512
2112,"Muslim Salikhov","Francisco Trinaldo",-215,175,"170","2021-06-05",1513
2113,"Kamuela Kirk","Makwan Amirkhani",165,-190,"145","2021-06-05",1514
2114,"Alan Patrick","Mason Jones",260,-305,"155","2021-06-05",1515
2115,"Manon Fiorot","Tabatha Ricci",-550,415,"125","2021-06-05",1516
2116,"Sean Woodson","Youssef Zalal",-150,130,"145","2021-06-05",1517
2117,"Claudio Puelles","Jordan Leavitt",170,-200,"155","2021-06-05",1518
2120,"Jared Vanderaa","Justin Tafa",150,-190,"265","2021-05-22",1521
2121,"Norma Dumont","Felicia Spencer",155,-190,"145","2021-05-22",1522
2122,"Ricardo Ramos","Bill Algeo",105,-130,"145","2021-05-22",1523
2123,"Jack Hermansson","Edmen Shahbazyan",-145,125,"185","2021-05-22",1524
2124,"Ben Rothwell","Chris Barnett",-335,250,"265","2021-05-22",1525
2125,"Court McGee","Claudio Silva",-110,-110,"170","2021-05-22",1526
2126,"Bruno Silva","Victor Rodriguez",-400,300,"125","2021-05-22",1527
2127,"Josh Culibao","Shayilan Nuerdanbieke",-245,195,"145","2021-05-22",1528
2128,"David Dvořák","Juancamilo Ronderos",-470,390,"125","2021-05-22",1529
2129,"Damir Ismagulov","Rafael Alves",-550,400,"155","2021-05-22",1530
2067,"Tanner Boser","Ovince Saint Preux",-195,165,"265","2021-06-26",1468
2035,"Darren Elkins","Darrick Minner",130,-155,"145","2021-07-24",1436
2033,"TJ Dillashaw","Cory Sandhagen",165,-195,"135","2021-07-24",1434
2082,"SeungWoo Choi","Julian Erosa",-145,120,"145","2021-06-19",1483
2172,"Rodrigo Vargas","Zhu Rong",200,-235,"155","2021-04-24",
2174,"Ariane Carnelossi","Na Liang",-225,185,"115","2021-04-24",
2179,"Luis Pena","Alex Munoz",-155,130,"155","2021-04-17",
2210,"Montserrat Ruiz","Cheyanne Vlismas",235,-290,"115","2021-03-20",
2133,"Katlyn Chookagian","Viviane Araujo",-140,115,"125","2021-05-15",1534
2134,"Edson Barboza","Shane Burgos",130,-155,"145","2021-05-15",1535
2136,"Lando Vannata","Mike Grundy",100,-125,"145","2021-05-15",1537
2137,"Jordan Wright","Jamie Pickett",-110,-110,"185","2021-05-15",1538
2138,"Andrea Lee","Antonina Shevchenko",100,-125,"125","2021-05-15",1539
2139,"Priscila Cachoeira","Gina Mazany",190,-240,"125","2021-05-15",1540
2140,"Tucker Lutz","Kevin Aguilar",-130,105,"145","2021-05-15",1541
2143,"Alex Morono","Donald Cerrone",150,-180,"170","2021-05-08",1544
2144,"Neil Magny","Geoff Neal",160,-185,"170","2021-05-08",1545
2145,"Marcos Rogério de Lima","Maurice Greene",-195,160,"265","2021-05-08",1546
2146,"Gregor Gillespie","Diego Ferreira",-140,120,"155","2021-05-08",1547
2147,"Phil Hawes","Kyle Daukaus",125,-145,"185","2021-05-08",1548
2148,"Michael Trizano","Ľudovít Klein",190,-235,"145","2021-05-08",1549
2150,"Carlston Harris","Christian Aguilera",-195,160,"170","2021-05-08",1551
2151,"Jiří Procházka","Dominick Reyes",-115,-105,"205","2021-05-01",1552
2152,"Giga Chikadze","Cub Swanson",-220,175,"145","2021-05-01",1553
2154,"Sean Strickland","Krzysztof Jotko",-275,225,"185","2021-05-01",1555
2155,"Merab Dvalishvili","Cody Stamann",-255,210,"135","2021-05-01",1556
2156,"Luana Pinheiro","Randa Markos",-155,140,"115","2021-05-01",1557
2158,"Luana Carolina","Poliana Botelho",200,-250,"125","2021-05-01",1559
2159,"Loma Lookboonmee","Sam Hughes",-400,310,"115","2021-05-01",1560
2160,"Andreas Michailidis","KB Bhullar",-225,175,"185","2021-05-01",1561
2161,"Felipe Colares","Luke Sanders",110,-130,"145","2021-05-01",1562
2162,"Kamaru Usman","Jorge Masvidal",-350,270,"170","2021-04-24",1563
2164,"Valentina Shevchenko","Jéssica Andrade",-450,360,"125","2021-04-24",1565
2165,"Uriah Hall","Chris Weidman",140,-160,"185","2021-04-24",1566
2167,"Randy Brown","Alex Oliveira",-125,105,"170","2021-04-24",1568
2168,"Dwight Grant","Stefan Sekulić",-200,165,"170","2021-04-24",1569
2169,"Brendan Allen","Karl Roberson",-160,135,"185","2021-04-24",1570
2170,"Pat Sabatini","Tristan Connelly",-230,200,"145","2021-04-24",1571
2171,"Batgerel Danaa","Kevin Natividad",-210,175,"135","2021-04-24",1572
2173,"Jeff Molina","Aoriqileng",-110,-105,"125","2021-04-24",1574
2175,"Robert Whittaker","Kelvin Gastelum",-275,230,"185","2021-04-17",1576
2176,"Andrei Arlovski","Chase Sherman",-105,-120,"265","2021-04-17",1577
2178,"Tracy Cortez","Justine Kish",-310,270,"125","2021-04-17",1579
2180,"Alexandr Romanov","Juan Espino",-150,120,"265","2021-04-17",1581
2182,"Gerald Meerschaert","Bartosz Fabiński",110,-130,"185","2021-04-17",1583
2183,"Austin Hubbard","Dakota Bush",-210,185,"155","2021-04-17",1584
2184,"Tony Gravely","Anthony Birchak",-380,280,"135","2021-04-17",1585
2185,"Marvin Vettori","Kevin Holland",-330,270,"185","2021-04-10",1586
2186,"Arnold Allen","Sodiq Yusuff",115,-135,"145","2021-04-10",1587
2187,"Julian Marquez","Sam Alvey",-165,140,"185","2021-04-10",1588
2188,"Mackenzie Dern","Nina Nunes",105,-130,"115","2021-04-10",1589
2189,"Daniel Rodriguez","Mike Perry",-135,110,"170","2021-04-10",1590
2190,"Joe Solecki","Jim Miller",-245,210,"155","2021-04-10",1591
2191,"Mateusz Gamrot","Scott Holtzman",-245,200,"155","2021-04-10",1592
2193,"Jarjis Danho","Yorgan De Castro",255,-320,"265","2021-04-10",1594
2194,"Jack Shore","Hunter Azure",-185,155,"135","2021-04-10",1595
2195,"Luis Saldaña","Jordan Griffin",-135,110,"145","2021-04-10",1596
2197,"Impa Kasanganay","Sasha Palatnikov",-270,220,"170","2021-04-10",1598
2199,"Vicente Luque","Tyron Woodley",-185,165,"170","2021-03-27",1600
2200,"Sean O'Malley","Thomas Almeida",-335,260,"135","2021-03-27",1601
2201,"Miranda Maverick","Gillian Robertson",-165,140,"125","2021-03-27",1602
2202,"Jamie Mullarkey","Khama Worthy",105,-130,"155","2021-03-27",1603
2203,"Alonzo Menifield","Fabio Cherant",-280,220,"205","2021-03-27",1604
2204,"Abubakar Nurmagomedov","Jared Gooden",-220,175,"170","2021-03-27",1605
2205,"Michał Oleksiejczuk","Modestas Bukauskas",-175,145,"205","2021-03-27",1606
2206,"Omar Morales","Shane Young",-190,160,"145","2021-03-27",1607
2211,"Adrian Yanez","Gustavo Lopez",-225,195,"135","2021-03-20",1612
2212,"Tai Tuivasa","Harry Hunsucker",-450,345,"265","2021-03-20",1613
2213,"Macy Chiasson","Marion Reneau",-225,180,"135","2021-03-20",1614
2214,"Grant Dawson","Leonardo Santos",-210,175,"155","2021-03-20",1615
2215,"Trevin Giles","Roman Dolidze",-115,-115,"185","2021-03-20",1616
2216,"Montel Jackson","Jesse Strader",-650,455,"135","2021-03-20",1617
2217,"Bruno Silva","JP Buys",115,-135,"125","2021-03-20",1618
2218,"Leon Edwards","Belal Muhammad",-275,235,"170","2021-03-13",1619
2219,"Ryan Spann","Misha Cirkunov",110,-140,"205","2021-03-13",1620
2220,"Dan Ige","Gavin Tucker",-175,140,"145","2021-03-13",1621
2221,"Davey Grant","Jonathan Martinez",250,-300,"135","2021-03-13",1622
2222,"Matheus Nicolau","Manel Kape",100,-120,"125","2021-03-13",1623
2223,"Eryk Anders","Darren Stewart",150,-175,"185","2021-03-13",1624
2224,"Angela Hill","Ashley Yoder",-335,280,"115","2021-03-13",1625
2225,"Charles Jourdain","Marcelo Rojo",-275,230,"145","2021-03-13",1626
2227,"Nasrat Haqparast","Rafa García",-500,410,"155","2021-03-13",1628
2228,"JJ Aldrich","Cortney Casey",-150,125,"125","2021-03-13",1629
2142,"Marina Rodriguez","Michelle Waterson-Gomez",-225,180,"125","2021-05-08",1543
2132,"Rogério Bontorin","Matt Schnell",140,-175,"135","2021-05-15",1533
2207,"Marc-André Barriault","Abu Azaitar",-115,100,"185","2021-03-27",1608
2209,"Max Griffin","Song Kenan",-210,165,"170","2021-03-20",1610
2135,"André Muniz","Jacare Souza",115,-140,"185","2021-05-15",1536
2196,"Da Woon Jung","William Knight",-140,115,"205","2021-04-10",1597
2149,"JunYong Park","Tafon Nchukwi",115,-145,"185","2021-05-08",1550
2181,"Jessica Penne","Loopy Godinez",225,-285,"115","2021-04-17",1582
2163,"Rose Namajunas","Zhang Weili",175,-220,"115","2021-04-24",1564
2157,"TJ Brown","Kai Kamaka",120,-150,"145","2021-05-01",1558
2285,"Lara Fritzen","Molly McCann",100,-120,"125","2021-02-06",
2231,"Jan Błachowicz","Israel Adesanya",215,-260,"205","2021-03-06",1632
2232,"Amanda Nunes","Megan Anderson",-775,545,"145","2021-03-06",1633
2233,"Aljamain Sterling","Petr Yan",105,-115,"135","2021-03-06",1634
2234,"Islam Makhachev","Drew Dober",-400,355,"155","2021-03-06",1635
2236,"Dominick Cruz","Casey Kenney",100,-130,"135","2021-03-06",1637
2238,"Askar Askarov","Joseph Benavidez",-140,120,"125","2021-03-06",1639
2240,"Tim Elliott","Jordan Espinosa",-130,100,"125","2021-03-06",1641
2241,"Kennedy Nzechukwu","Carlos Ulberg",190,-235,"205","2021-03-06",1642
2242,"Sean Brady","Jake Matthews",-225,180,"170","2021-03-06",1643
2243,"Amanda Lemos","Livinha Souza",-225,175,"115","2021-03-06",1644
2244,"Uros Medic","Aalon Cruz",-185,160,"155","2021-03-06",1645
2245,"Trevin Jones","Mario Bautista",190,-230,"135","2021-03-06",1646
2246,"Ciryl Gane","Jairzinho Rozenstruik",-235,200,"265","2021-02-27",1647
2247,"Magomed Ankalaev","Nikita Krylov",-300,255,"205","2021-02-27",1648
2249,"Pedro Munhoz","Jimmie Rivera",110,-140,"135","2021-02-27",1650
2250,"Alex Caceres","Kevin Croom",-155,145,"145","2021-02-27",1651
2251,"Thiago Moisés","Alexander Hernandez",185,-225,"155","2021-02-27",1652
2252,"Alexis Davis","Sabina Mazo",185,-225,"135","2021-02-27",1653
2253,"Ronnie Lawrence","Vince Cachero",-170,135,"135","2021-02-27",1654
2254,"Dustin Jacoby","Maxim Grishin",-175,140,"205","2021-02-27",1655
2255,"Derrick Lewis","Curtis Blaydes",300,-400,"265","2021-02-20",1656
2256,"Yana Santos","Ketlen Vieira",245,-275,"138","2021-02-20",1657
2257,"Darrick Minner","Charles Rosa",155,-190,"145","2021-02-20",1658
2258,"Chris Daukaus","Aleksei Oleinik",-210,165,"265","2021-02-20",1659
2259,"Phil Hawes","Nassourdine Imavov",-125,100,"185","2021-02-20",1660
2260,"Tom Aspinall","Andrei Arlovski",-255,220,"265","2021-02-20",1661
2261,"Jared Gordon","Danny Chavez",100,-120,"150","2021-02-20",1662
2263,"Julian Erosa","Nate Landwehr",110,-135,"145","2021-02-20",1664
2264,"Casey O'Neill","Shana Dobson",-160,130,"125","2021-02-20",1665
2265,"Aiemann Zahabi","Drako Rodriguez",160,-190,"140","2021-02-20",1666
2266,"Serghei Spivac","Jared Vanderaa",-250,205,"265","2021-02-20",1667
2267,"Kamaru Usman","Gilbert Burns",-280,225,"170","2021-02-13",1668
2268,"Alexa Grasso","Maycee Barber",-110,-110,"125","2021-02-13",1669
2269,"Kelvin Gastelum","Ian Heinisch",-200,160,"185","2021-02-13",1670
2270,"Ricky Simón","Brian Kelleher",-245,200,"145","2021-02-13",1671
2271,"Julian Marquez","Maki Pitolo",-160,135,"185","2021-02-13",1672
2272,"Anthony Hernandez","Rodolfo Vieira",375,-495,"185","2021-02-13",1673
2273,"Belal Muhammad","Dhiego Lima",-450,350,"170","2021-02-13",1674
2274,"Polyana Viana","Mallory Martin",-110,-110,"115","2021-02-13",1675
2275,"Chris Gutierrez","Andre Ewell",-135,110,"140","2021-02-13",1676
2276,"Gabe Green","Phil Rowe",-140,120,"170","2021-02-13",1677
2277,"Alexander Volkov","Alistair Overeem",-190,160,"265","2021-02-06",1678
2278,"Cory Sandhagen","Frankie Edgar",-350,290,"135","2021-02-06",1679
2280,"Alexandre Pantoja","Manel Kape",-110,-110,"125","2021-02-06",1681
2281,"Beneil Dariush","Diego Ferreira",-130,110,"155","2021-02-06",1682
2282,"Danilo Marques","Mike Rodriguez",200,-230,"205","2021-02-06",1683
2283,"Devonte Smith","Justin Jaynes",-350,290,"160","2021-02-06",1684
2284,"Karol Rosa","Joselyne Edwards",-190,170,"135","2021-02-06",1685
2287,"Timur Valiev","Martin Day",-420,355,"145","2021-02-06",1688
2288,"Ode Osbourne","Jerome Rivera",-205,175,"145","2021-02-06",1689
2289,"Dustin Poirier","Conor McGregor",250,-310,"155","2021-01-23",1727
2290,"Michael Chandler","Dan Hooker",130,-150,"155","2021-01-23",1728
2291,"Joanne Wood","Jessica Eye",-130,110,"125","2021-01-23",1729
2292,"Makhmud Muradov","Andrew Sanchez",-200,170,"185","2021-01-23",1730
2293,"Marina Rodriguez","Amanda Ribas",270,-345,"115","2021-01-23",1731
2294,"Arman Tsarukyan","Matt Frevola",-700,480,"155","2021-01-23",1732
2296,"Julianna Peña","Sara McMann",100,-125,"135","2021-01-23",1734
2298,"Movsar Evloev","Nik Lentz",-705,515,"150","2021-01-23",1736
2299,"Amir Albazi","Zhalgas Zhumagulov",-120,-105,"125","2021-01-23",1737
2300,"Michael Chiesa","Neil Magny",125,-150,"170","2021-01-20",1738
2301,"Warlley Alves","Mounir Lazzez",200,-250,"170","2021-01-20",1739
2302,"Ike Villanueva","Vinicius Moreira",-105,-110,"205","2021-01-20",1740
2303,"Viviane Araujo","Roxanne Modafferi",-325,260,"125","2021-01-20",1741
2304,"Matt Schnell","Tyson Nam",100,-125,"125","2021-01-20",1742
2306,"Omari Akhmedov","Tom Breese",130,-150,"185","2021-01-20",1744
2307,"Ricky Simón","Gaetano Pirrello",-485,380,"135","2021-01-20",1745
2308,"Sumudaerji","Zarrukh Adashev",-495,390,"125","2021-01-20",1746
2309,"Dalcha Lungiambula","Markus Perez",-150,140,"185","2021-01-20",1747
2310,"Francisco Figueiredo","Jerome Rivera",-150,135,"125","2021-01-20",1748
2311,"Mike Davis","Mason Jones",-160,130,"155","2021-01-20",1749
2312,"Umar Nurmagomedov","Sergey Morozov",-540,400,"135","2021-01-20",1750
2313,"Manon Fiorot","Victoria Leonardo",-200,185,"125","2021-01-20",1751
2314,"Max Holloway","Calvin Kattar",-155,130,"145","2021-01-16",1752
2315,"Carlos Condit","Matt Brown",-210,175,"170","2021-01-16",1753
2317,"Alessio Di Chirico","Joaquin Buckley",230,-295,"185","2021-01-16",1755
2320,"Carlos Felipe","Justin Tafa",-190,165,"265","2021-01-16",1758
2321,"Ramazan Emeev","David Zawada",-290,245,"170","2021-01-16",1759
2322,"Vanessa Melo","Sarah Moras",160,-200,"135","2021-01-16",1760
2323,"Austin Lingo","Jacob Kilburn",-225,180,"145","2021-01-16",1761
2324,"Stephen Thompson","Geoff Neal",-110,-110,"170","2020-12-19",1762
2325,"José Aldo","Marlon Vera",-145,130,"135","2020-12-19",1763
2326,"Michel Pereira","Khaos Williams",100,-120,"170","2020-12-19",1764
2239,"Kai Kara-France","Rogério Bontorin",-140,110,"125","2021-03-06",1640
2230,"Matthew Semelsberger","Jason Witt",-125,-105,"170","2021-03-13",1631
2316,"Li Jingliang","Santiago Ponzinibbio",260,-335,"170","2021-01-16",1754
2237,"Kyler Phillips","Song Yadong",160,-170,"135","2021-03-06",1638
2286,"SeungWoo Choi","Youssef Zalal",200,-245,"145","2021-02-06",1687
2319,"Joselyne Edwards","Wu Yanan",-110,-110,"135","2021-01-16",1757
2389,"Xiaonan Yan","Cláudia Gadelha",-190,155,"115","2020-11-07",
2329,"Anthony Pettis","Alex Morono",-205,175,"170","2020-12-19",1767
2330,"Pannie Kianzad","Sijara Eubanks",130,-145,"135","2020-12-19",1768
2331,"Deron Winn","Antônio Arroyo",150,-180,"195","2020-12-19",1769
2332,"Taila Santos","Gillian Robertson",-105,-120,"125","2020-12-19",1770
2333,"Tafon Nchukwi","Jamie Pickett",-325,250,"185","2020-12-19",1771
2334,"Jimmy Flick","Cody Durden",-155,130,"125","2020-12-19",1772
2335,"Christos Giagos","Carlton Minus",-355,275,"160","2020-12-19",1773
2337,"Charles Oliveira","Tony Ferguson",140,-165,"155","2020-12-12",1775
2338,"Mackenzie Dern","Virna Jandiroba",-155,130,"115","2020-12-12",1776
2341,"Cub Swanson","Daniel Pineda",140,-165,"145","2020-12-12",1779
2342,"Rafael Fiziev","Renato Moicano",-125,105,"155","2020-12-12",1780
2343,"Gavin Tucker","Billy Quarantillo",160,-185,"145","2020-12-12",1781
2344,"Tecia Torres","Sam Hughes",-570,440,"115","2020-12-12",1782
2345,"Chase Hooper","Peter Barrett",-310,250,"145","2020-12-12",1783
2346,"Marvin Vettori","Jack Hermansson",-150,125,"185","2020-12-05",1784
2349,"Roman Dolidze","John Allan",-215,180,"205","2020-12-05",1787
2350,"Jordan Leavitt","Matt Wiman",-440,345,"155","2020-12-05",1788
2352,"Ilia Topuria","Damon Jackson",-245,195,"145","2020-12-05",1790
2353,"Jake Collier","Gian Villante",150,-180,"265","2020-12-05",1791
2354,"Anthony Smith","Devin Clark",-120,105,"205","2020-11-28",1792
2355,"Miguel Baeza","Takashi Sato",-235,190,"170","2020-11-28",1793
2356,"Parker Porter","Josh Parisian",190,-230,"265","2020-11-28",1794
2357,"Bill Algeo","Spike Carlyle",150,-180,"145","2020-11-28",1795
2361,"Gina Mazany","Rachael Ostovich",-185,155,"125","2020-11-28",1799
2362,"Sumudaerji","Malcolm Gordon",-365,290,"125","2020-11-28",1800
2364,"Deiveson Figueiredo","Alex Perez",-265,240,"125","2020-11-21",1802
2365,"Valentina Shevchenko","Jennifer Maia",-1825,1000,"125","2020-11-21",1803
2366,"Tim Means","Mike Perry",110,-135,"175","2020-11-21",1804
2367,"Katlyn Chookagian","Cynthia Calvillo",205,-245,"125","2020-11-21",1805
2340,"Ciryl Gane","Junior Dos Santos",-450,340,"265","2020-12-12",1778
2369,"Brandon Moreno","Brandon Royval",-165,145,"125","2020-11-21",1807
2370,"Joaquin Buckley","Jordan Wright",-215,190,"185","2020-11-21",1808
2371,"Antonina Shevchenko","Ariane Lipski",-135,115,"125","2020-11-21",1809
2372,"Nicolas Dalby","Daniel Rodriguez",265,-345,"170","2020-11-21",1810
2373,"Alan Jouban","Jared Gooden",-140,120,"170","2020-11-21",1811
2375,"Sasha Palatnikov","Louis Cosce",445,-600,"170","2020-11-21",1813
2377,"Khaos Williams","Abdul Razak Alhassan",175,-210,"172","2020-11-14",1815
2378,"Ashley Yoder","Miranda Granger",145,-170,"115","2020-11-14",1816
2379,"Sean Strickland","Brendan Allen",100,-120,"195","2020-11-14",1817
2380,"Cory McKenna","Kay Hansen",170,-200,"115","2020-11-14",1818
2381,"Kanako Murata","Randa Markos",-220,185,"115","2020-11-14",1819
2382,"Tony Gravely","Geraldo de Freitas",-145,125,"135","2020-11-14",1820
2383,"Alex Morono","Rhys McKee",-205,175,"170","2020-11-14",1821
2384,"Don'Tale Mayes","Roque Martinez",-270,220,"265","2020-11-14",1822
2385,"Glover Teixeira","Thiago Santos",200,-240,"205","2020-11-07",1823
2386,"Andrei Arlovski","Tanner Boser",305,-370,"265","2020-11-07",1824
2387,"Raoni Barcelos","Khalid Taha",-435,330,"135","2020-11-07",1825
2390,"Trevin Giles","Bevon Lewis",-115,-105,"185","2020-11-07",1828
2391,"Alexandr Romanov","Marcos Rogério de Lima",-550,430,"265","2020-11-07",1829
2392,"Darren Elkins","Eduardo Garagorri",-325,250,"145","2020-11-07",1830
2393,"Max Griffin","Ramiz Brahimaj",-145,125,"170","2020-11-07",1831
2394,"Gustavo Lopez","Anthony Birchak",-150,120,"135","2020-11-07",1832
2395,"Uriah Hall","Anderson Silva",-250,220,"185","2020-10-31",1833
2396,"Bryce Mitchell","Andre Fili",-120,105,"145","2020-10-31",1834
2397,"Greg Hardy","Maurice Greene",-360,295,"265","2020-10-31",1835
2399,"Thiago Moisés","Bobby Green",255,-320,"155","2020-10-31",1837
2400,"Alexander Hernandez","Chris Gruetzemacher",-435,355,"155","2020-10-31",1838
2401,"Adrian Yanez","Victor Rodriguez",-500,420,"135","2020-10-31",1839
2402,"Sean Strickland","Jack Marshman",-450,330,"185","2020-10-31",1840
2403,"Jason Witt","Cole Williams",-180,145,"170","2020-10-31",1841
2404,"Dustin Jacoby","Justin Ledet",-355,280,"205","2020-10-31",1842
2405,"Miles Johns","Kevin Natividad",-135,110,"135","2020-10-31",1843
2406,"Khabib Nurmagomedov","Justin Gaethje",-275,225,"155","2020-10-24",1844
2407,"Robert Whittaker","Jared Cannonier",-125,100,"185","2020-10-24",1845
2408,"Alexander Volkov","Walt Harris",-175,150,"265","2020-10-24",1846
2409,"Phil Hawes","Jacob Malkoun",-225,185,"185","2020-10-24",1847
2411,"Magomed Ankalaev","Ion Cutelaba",-315,250,"205","2020-10-24",1849
2412,"Tai Tuivasa","Stefan Struve",-150,125,"265","2020-10-24",1850
2413,"Casey Kenney","Nathaniel Wood",-140,115,"140","2020-10-24",1851
2414,"Shavkat Rakhmonov","Alex Oliveira",-140,120,"170","2020-10-24",1852
2416,"Miranda Maverick","Liana Jojua",-420,315,"125","2020-10-24",1854
2417,"Joel Alvarez","Alexander Yakovlev",-175,150,"155","2020-10-24",1855
2418,"Brian Ortega","Chan Sung Jung",175,-205,"145","2020-10-17",1856
2419,"Jéssica Andrade","Katlyn Chookagian",-160,135,"125","2020-10-17",1857
2420,"Jimmy Crute","Modestas Bukauskas",-305,255,"205","2020-10-17",1858
2421,"James Krause","Claudio Silva",-135,115,"170","2020-10-17",1859
2422,"Jonathan Martinez","Thomas Almeida",115,-135,"145","2020-10-17",1860
2424,"Gillian Robertson","Poliana Botelho",-220,185,"125","2020-10-17",1862
2358,"Norma Dumont","Ashlee Evans-Smith",115,-140,"135","2020-11-28",1796
2328,"Marcin Tybura","Greg Hardy",100,-120,"265","2020-12-19",1766
2351,"Louis Smolka","Jose Quinonez",-120,100,"135","2020-12-05",1789
2347,"Jamahal Hill","Ovince Saint Preux",-190,160,"205","2020-12-05",1785
2339,"Kevin Holland","Jacare Souza",-120,100,"185","2020-12-12",1777
2415,"Da Woon Jung","Sam Alvey",-335,265,"205","2020-10-24",1853
2368,"Paul Craig","Mauricio Rua",-200,165,"205","2020-11-21",1806
2359,"Jonathan Pearce","Kai Kamaka",245,-305,"145","2020-11-28",1797
2376,"Rafael Dos Anjos","Paul Felder",-200,170,"155","2020-11-14",1814
2360,"Anderson Dos Santos","Martin Day",145,-160,"135","2020-11-28",1798
2474,"Darrick Minner","T.J. Laramie",255,-315,"145","2020-09-19",
2512,"Amanda Lemos","Mizuki Inoue",115,-135,"115","2020-08-22",
2428,"Said Nurmagomedov","Mark Striegl",-410,330,"135","2020-10-17",1866
2429,"Cory Sandhagen","Marlon Moraes",-145,120,"135","2020-10-10",1867
2430,"Edson Barboza","Makwan Amirkhani",-260,210,"145","2020-10-10",1868
2431,"Marcin Tybura","Ben Rothwell",120,-135,"265","2020-10-10",1869
2432,"Dricus Du Plessis","Markus Perez",-205,175,"185","2020-10-10",1870
2433,"Tom Aspinall","Alan Baudot",-750,520,"265","2020-10-10",1871
2434,"Ilia Topuria","Youssef Zalal",135,-160,"145","2020-10-10",1872
2435,"Tom Breese","KB Bhullar",-245,210,"185","2020-10-10",1873
2437,"Joaquin Buckley","Impa Kasanganay",210,-255,"185","2020-10-10",1875
2438,"Tony Kelley","Ali AlQaisi",-215,180,"135","2020-10-10",1876
2439,"Giga Chikadze","Omar Morales",160,-185,"145","2020-10-10",1877
2440,"Tracy Cortez","Stephanie Egger",-145,120,"135","2020-10-10",1878
2441,"Tagir Ulanbekov","Bruno Silva",-500,400,"125","2020-10-10",1879
2442,"Holly Holm","Irene Aldana",-130,110,"135","2020-10-03",1880
2443,"Carlos Felipe","Yorgan De Castro",190,-225,"265","2020-10-03",1881
2444,"Germaine de Randamie","Julianna Peña",-160,140,"135","2020-10-03",1882
2445,"Kyler Phillips","Cameron Else",-355,300,"135","2020-10-03",1883
2447,"Carlos Condit","Court McGee",120,-145,"170","2020-10-03",1885
2448,"Josh Culibao","Charles Jourdain",355,-475,"145","2020-10-03",1886
2449,"Nassourdine Imavov","Jordan Williams",-135,120,"185","2020-10-03",1887
2450,"Loma Lookboonmee","Jinh Yu Frey",-135,110,"115","2020-10-03",1888
2451,"Casey Kenney","Alatengheili",-390,310,"135","2020-10-03",1889
2452,"Luigi Vendramini","Jessin Ayari",-105,-110,"155","2020-10-03",1890
2453,"Israel Adesanya","Paulo Costa",-185,160,"185","2020-09-26",1891
2454,"Jan Błachowicz","Dominick Reyes",205,-245,"205","2020-09-26",1892
2456,"Ketlen Vieira","Sijara Eubanks",-220,180,"135","2020-09-26",1894
2457,"Hakeem Dawodu","Zubaira Tukhugov",-105,-115,"145","2020-09-26",1895
2459,"Jake Matthews","Diego Sanchez",-715,525,"170","2020-09-26",1897
2460,"Ľudovít Klein","Shane Young",-130,110,"150","2020-09-26",1898
2461,"William Knight","Aleksa Camur",125,-145,"205","2020-09-26",1899
2462,"Juan Espino","Jeff Hughes",-360,280,"265","2020-09-26",1900
2464,"Colby Covington","Tyron Woodley",-340,275,"170","2020-09-19",1902
2465,"Donald Cerrone","Niko Price",120,-140,"170","2020-09-19",1903
2466,"Khamzat Chimaev","Gerald Meerschaert",-600,445,"185","2020-09-19",1904
2467,"Johnny Walker","Ryan Spann",-150,125,"205","2020-09-19",1905
2468,"Mackenzie Dern","Randa Markos",-180,155,"115","2020-09-19",1906
2469,"Kevin Holland","Darren Stewart",-305,250,"185","2020-09-19",1907
2470,"David Dvořák","Jordan Espinosa",-110,-110,"125","2020-09-19",1908
2471,"Damon Jackson","Mirsad Bektić",295,-380,"145","2020-09-19",1909
2475,"Randy Costa","Journey Newson",110,-125,"135","2020-09-19",1913
2476,"Andre Ewell","Irwin Rivera",-245,200,"135","2020-09-19",1914
2479,"Ottman Azaitar","Khama Worthy",-130,110,"155","2020-09-12",1917
2480,"Roxanne Modafferi","Andrea Lee",260,-320,"125","2020-09-12",1918
2481,"Ed Herman","Mike Rodriguez",205,-250,"205","2020-09-12",1919
2482,"Bobby Green","Alan Patrick",-315,255,"155","2020-09-12",1920
2483,"Billy Quarantillo","Kyle Nelson",-275,230,"145","2020-09-12",1921
2484,"Sijara Eubanks","Julia Avila",230,-275,"135","2020-09-12",1922
2485,"Roosevelt Roberts","Kevin Croom",-600,435,"155","2020-09-12",1923
2486,"Alexandr Romanov","Roque Martinez",-500,360,"265","2020-09-12",1924
2487,"Jalin Turner","Brok Weaver",-500,350,"165","2020-09-12",1925
2488,"Bryan Barberena","Anthony Ivy",-250,200,"170","2020-09-12",1926
2490,"Alistair Overeem","Augusto Sakai",-175,145,"265","2020-09-05",1928
2492,"Michel Pereira","Zelim Imadaev",-145,125,"170","2020-09-05",1930
2493,"André Muniz","Bartosz Fabiński",125,-150,"185","2020-09-05",1931
2494,"Brian Kelleher","Ray Rodriguez",-375,300,"145","2020-09-05",1932
2495,"Viviane Araujo","Montana De La Rosa",-200,165,"125","2020-09-05",1933
2496,"Hunter Azure","Cole Smith",-270,220,"135","2020-09-05",1934
2497,"Aleksandar Rakić","Anthony Smith",-260,220,"205","2020-08-29",1935
2498,"Neil Magny","Robbie Lawler",-255,215,"170","2020-08-29",1936
2500,"Ricardo Lamas","Bill Algeo",-290,240,"145","2020-08-29",1938
2501,"Impa Kasanganay","Maki Pitolo",-140,120,"185","2020-08-29",1939
2502,"Zak Cummings","Alessio Di Chirico",110,-130,"185","2020-08-29",1940
2503,"Alex Caceres","Austin Springer",-205,175,"145","2020-08-29",1941
2504,"Sean Brady","Christian Aguilera",-420,350,"170","2020-08-29",1942
2505,"Polyana Viana","Emily Whitmire",115,-140,"115","2020-08-29",1943
2506,"Mallory Martin","Hannah Cifers",-295,250,"115","2020-08-29",1944
2507,"Frankie Edgar","Pedro Munhoz",225,-275,"135","2020-08-22",1945
2508,"Mike Rodriguez","Marcin Prachnio",-235,195,"205","2020-08-22",1946
2509,"Joe Solecki","Austin Hubbard",100,-125,"155","2020-08-22",1947
2511,"Daniel Rodriguez","Dwight Grant",-200,170,"170","2020-08-22",1949
2513,"Jordan Wright","Ike Villanueva",-120,-110,"205","2020-08-22",1951
2514,"Matthew Semelsberger","Carlton Minus",-110,-120,"170","2020-08-22",1952
2515,"Timur Valiev","Trevin Jones",-600,430,"140","2020-08-22",1953
2516,"Stipe Miocic","Daniel Cormier",-110,-120,"265","2020-08-15",1954
2517,"Marlon Vera","Sean O'Malley",230,-300,"135","2020-08-15",1955
2519,"Daniel Pineda","Herbert Burns",230,-300,"145","2020-08-15",1957
2520,"Merab Dvalishvili","John Dodson",-280,220,"135","2020-08-15",1958
2521,"Vinc Pichel","Jim Miller",-135,105,"155","2020-08-15",1959
2522,"Virna Jandiroba","Felice Herrig",-305,235,"115","2020-08-15",1960
2455,"Brandon Royval","Kai Kara-France",170,-210,"125","2020-09-26",1893
2427,"Maxim Grishin","Gadzhimurad Antigulov",-350,290,"205","2020-10-17",1865
2478,"Michelle Waterson-Gomez","Angela Hill",120,-140,"115","2020-09-12",1916
2491,"Ovince Saint Preux","Alonzo Menifield",120,-150,"205","2020-09-05",1929
2425,"JunYong Park","John Phillips",-285,245,"185","2020-10-17",1863
2458,"Brad Riddell","Alex Da Silva",-330,275,"155","2020-09-26",1896
2518,"Jairzinho Rozenstruik","Junior Dos Santos",-135,105,"265","2020-08-15",1956
2472,"Mayra Bueno Silva","Mara Romero Borella",-265,225,"125","2020-09-19",1910
2534,"Nasrat Haqparast","Alex Munoz",-275,215,"155","2020-08-08",
2987,"Gilbert Burns","Alexey Kunchenko",125,-155,"170","2019-08-10",
2525,"Chris Daukaus","Parker Porter",-115,-110,"265","2020-08-15",1963
2527,"Derrick Lewis","Aleksei Oleinik",-205,165,"265","2020-08-08",1965
2528,"Chris Weidman","Omari Akhmedov",-155,125,"185","2020-08-08",1966
2529,"Darren Stewart","Maki Pitolo",-175,145,"185","2020-08-08",1967
2530,"Yana Santos","Julija Stoliarenko",-175,145,"135","2020-08-08",1968
2531,"Beneil Dariush","Scott Holtzman",-235,185,"155","2020-08-08",1969
2532,"Tim Means","Laureano Staropoli",135,-165,"170","2020-08-08",1970
2533,"Kevin Holland","Joaquin Buckley",-500,350,"185","2020-08-08",1971
2535,"Andrew Sanchez","Wellington Turman",105,-135,"185","2020-08-08",1973
2536,"Gavin Tucker","Justin Jaynes",-120,-110,"145","2020-08-08",1974
2537,"Youssef Zalal","Peter Barrett",-550,375,"145","2020-08-08",1975
2539,"Derek Brunson","Edmen Shahbazyan",300,-400,"185","2020-08-01",1977
2540,"Jennifer Maia","Joanne Wood",145,-175,"125","2020-08-01",1978
2541,"Vicente Luque","Randy Brown",-210,170,"170","2020-08-01",1979
2542,"Bobby Green","Lando Vannata",125,-155,"155","2020-08-01",1980
2543,"Jonathan Martinez","Frankie Saenz",-270,210,"135","2020-08-01",1981
2545,"Jamall Emmers","Vince Cachero",-550,375,"145","2020-08-01",1983
2546,"Chris Gutierrez","Cody Durden",-275,215,"135","2020-08-01",1984
2547,"Robert Whittaker","Darren Till",-165,135,"185","2020-07-25",1985
2550,"Carla Esparza","Marina Rodriguez",150,-180,"115","2020-07-25",1988
2551,"Paul Craig","Gadzhimurad Antigulov",-160,130,"205","2020-07-25",1989
2552,"Alex Oliveira","Peter Sobotta",-130,100,"170","2020-07-25",1990
2553,"Khamzat Chimaev","Rhys McKee",-1400,750,"170","2020-07-25",1991
2554,"Francisco Trinaldo","Jai Herbert",-110,-120,"155","2020-07-25",1992
2555,"Nicolas Dalby","Jesse Ronson",-315,245,"170","2020-07-25",1993
2556,"Tom Aspinall","Jake Collier",-305,245,"265","2020-07-25",1994
2557,"Movsar Evloev","Mike Grundy",-185,160,"145","2020-07-25",1995
2558,"Tanner Boser","Raphael Pessoa",-265,225,"265","2020-07-25",1996
2559,"Pannie Kianzad","Bethe Correia",-160,135,"135","2020-07-25",1997
2560,"Ramazan Emeev","Niklas Stolze",-410,330,"170","2020-07-25",1998
2562,"Deiveson Figueiredo","Joseph Benavidez",-240,190,"125","2020-07-18",2000
2563,"Jack Hermansson","Kelvin Gastelum",-115,-115,"185","2020-07-18",2001
2564,"Rafael Fiziev","Marc Diakiese",145,-175,"155","2020-07-18",2002
2565,"Ariane Lipski","Luana Carolina",-130,100,"125","2020-07-18",2003
2566,"Askar Askarov","Alexandre Pantoja",160,-185,"125","2020-07-18",2004
2567,"Roman Dolidze","Khadis Ibragimov",-155,125,"205","2020-07-18",2005
2568,"Grant Dawson","Nad Narimani",-285,225,"150","2020-07-18",2006
2569,"Joel Alvarez","Joe Duffy",210,-270,"155","2020-07-18",2007
2570,"Brett Johns","Montel Jackson",210,-270,"135","2020-07-18",2008
2571,"Amir Albazi","Malcolm Gordon",-145,115,"135","2020-07-18",2009
2572,"Arman Tsarukyan","Davi Ramos",-240,190,"155","2020-07-18",2010
2981,"Valentina Shevchenko","Liz Carmouche",-1100,650,"125","2019-08-10",2415
2984,"Volkan Oezdemir","Ilir Latifi",-150,120,"205","2019-08-10",2418
2990,"Rogério Bontorin","Raulian Paiva",-115,-115,"125","2019-08-10",2424
2578,"Calvin Kattar","Dan Ige",-250,195,"145","2020-07-15",2012
2579,"Tim Elliott","Ryan Benoit",-160,130,"125","2020-07-15",2013
2580,"Jimmie Rivera","Cody Stamann",-125,-105,"145","2020-07-15",2014
2581,"Taila Santos","Molly McCann",165,-205,"125","2020-07-15",2015
2582,"Mounir Lazzez","Abdul Razak Alhassan",265,-350,"174","2020-07-15",2016
2583,"Khamzat Chimaev","John Phillips",-500,350,"185","2020-07-15",2017
2584,"Lerone Murphy","Ricardo Ramos",150,-185,"145","2020-07-15",2018
2586,"Jared Gordon","Chris Fishgold",-160,130,"149","2020-07-15",2020
2587,"Liana Jojua","Diana Belbiţă",175,-225,"125","2020-07-15",2021
2588,"Jack Shore","Aaron Phillips",-1000,600,"135","2020-07-15",2022
2589,"Kamaru Usman","Jorge Masvidal",-260,200,"170","2020-07-11",2023
2590,"Alexander Volkanovski","Max Holloway",-210,170,"145","2020-07-11",2024
2591,"Petr Yan","José Aldo",-260,200,"135","2020-07-11",2025
2592,"Rose Namajunas","Jéssica Andrade",-225,175,"115","2020-07-11",2026
2593,"Amanda Ribas","Paige VanZant",-700,400,"125","2020-07-11",2027
2594,"Jiří Procházka","Volkan Oezdemir",150,-185,"205","2020-07-11",2028
2596,"Makwan Amirkhani","Danny Henry",-200,160,"145","2020-07-11",2030
2597,"Leonardo Santos","Roman Bogatov",-190,155,"155","2020-07-11",2031
2598,"Marcin Tybura","Maxim Grishin",-150,120,"265","2020-07-11",2032
2599,"Raulian Paiva","Zhalgas Zhumagulov",-160,130,"125","2020-07-11",2033
2600,"Karol Rosa","Vanessa Melo",-325,250,"141","2020-07-11",2034
2601,"Davey Grant","Martin Day",120,-150,"135","2020-07-11",2035
2602,"Dustin Poirier","Dan Hooker",-250,195,"155","2020-06-27",2036
2604,"Maurice Greene","Gian Villante",-285,225,"265","2020-06-27",2038
2605,"Brendan Allen","Kyle Daukaus",-310,240,"185","2020-06-27",2039
2606,"Takashi Sato","Jason Witt",-260,200,"170","2020-06-27",2040
2607,"Julian Erosa","Sean Woodson",350,-500,"150","2020-06-27",2041
2608,"Khama Worthy","Luis Pena",205,-265,"155","2020-06-27",2042
2609,"Tanner Boser","Philipe Lins",-105,-125,"265","2020-06-27",2043
2610,"Kay Hansen","Jinh Yu Frey",-225,175,"115","2020-06-27",2044
2612,"Curtis Blaydes","Alexander Volkov",-350,265,"265","2020-06-20",2046
2613,"Josh Emmett","Shane Burgos",165,-205,"145","2020-06-20",2047
2614,"Raquel Pennington","Marion Reneau",-225,175,"135","2020-06-20",2048
2615,"Belal Muhammad","Lyman Good",-130,100,"170","2020-06-20",2049
2616,"Jim Miller","Roosevelt Roberts",205,-265,"160","2020-06-20",2050
2617,"Bobby Green","Clay Guida",-275,215,"155","2020-06-20",2051
2618,"Tecia Torres","Brianna Fortino",175,-225,"115","2020-06-20",2052
2619,"Marc-André Barriault","Oskar Piechota",-135,105,"185","2020-06-20",2053
2524,"Livinha Souza","Ashley Yoder",-170,140,"115","2020-08-15",1962
2595,"Muslim Salikhov","Elizeu Zaleski dos Santos",-150,120,"170","2020-07-11",2029
2548,"Mauricio Rua","Rogerio Nogueira",-200,170,"205","2020-07-25",1986
2544,"Nate Maness","Johnny Munoz",-125,-105,"145","2020-08-01",1982
2526,"Kai Kamaka","Tony Kelley",-225,185,"145","2020-08-15",1964
2623,"Austin Hubbard","Max Rohskopf",155,-190,"155","2020-06-20",2057
2624,"Cynthia Calvillo","Jessica Eye",-145,115,"125","2020-06-13",2058
2625,"Marvin Vettori","Karl Roberson",-225,175,"185","2020-06-13",2059
2626,"Charles Rosa","Kevin Aguilar",150,-185,"155","2020-06-13",2060
2627,"Andre Fili","Charles Jourdain",-235,185,"145","2020-06-13",2061
2629,"Mariya Agapova","Hannah Cifers",-380,290,"125","2020-06-13",2063
2630,"Merab Dvalishvili","Gustavo Lopez",-850,575,"140","2020-06-13",2064
2631,"Julia Avila","Gina Mazany",-700,450,"135","2020-06-13",2065
2632,"Tyson Nam","Zarrukh Adashev",-125,105,"135","2020-06-13",2066
2633,"Christian Aguilera","Anthony Ivy",160,-200,"170","2020-06-13",2067
2634,"Amanda Nunes","Felicia Spencer",-650,450,"145","2020-06-06",2068
2635,"Cody Garbrandt","Raphael Assunção",-160,130,"135","2020-06-06",2069
2636,"Aljamain Sterling","Cory Sandhagen",-120,-110,"135","2020-06-06",2070
2638,"Sean O'Malley","Eddie Wineland",-600,400,"135","2020-06-06",2072
2639,"Alex Caceres","Chase Hooper",180,-230,"145","2020-06-06",2073
2640,"Ian Heinisch","Gerald Meerschaert",-150,120,"185","2020-06-06",2074
2641,"Cody Stamann","Brian Kelleher",-260,200,"145","2020-06-06",2075
2642,"Maki Pitolo","Charles Byrd",145,-175,"185","2020-06-06",2076
2643,"Alex Perez","Jussier Formiga",-140,110,"125","2020-06-06",2077
2644,"Devin Clark","Alonzo Menifield",190,-240,"205","2020-06-06",2078
2645,"Herbert Burns","Evan Dunham",-260,200,"150","2020-06-06",2079
2646,"Gilbert Burns","Tyron Woodley",150,-185,"170","2020-05-30",2080
2647,"Augusto Sakai","Blagoy Ivanov",-125,-105,"265","2020-05-30",2081
2649,"Roosevelt Roberts","Brok Weaver",-380,290,"155","2020-05-30",2083
2650,"Mackenzie Dern","Hannah Cifers",-400,300,"115","2020-05-30",2084
2651,"Katlyn Chookagian","Antonina Shevchenko",125,-155,"125","2020-05-30",2085
2652,"Daniel Rodriguez","Gabe Green",-325,260,"170","2020-05-30",2086
2653,"Jamahal Hill","Klidson Abreu",-130,100,"205","2020-05-30",2087
2654,"Brandon Royval","Tim Elliott",130,-160,"125","2020-05-30",2088
2655,"Casey Kenney","Louis Smolka",-285,225,"135","2020-05-30",2089
2656,"Chris Gutierrez","Vince Morales",-115,-115,"145","2020-05-30",2090
2657,"Alistair Overeem","Walt Harris",135,-165,"265","2020-05-16",2091
2658,"Cláudia Gadelha","Angela Hill",-250,195,"115","2020-05-16",2092
2659,"Dan Ige","Edson Barboza",100,-130,"145","2020-05-16",2093
2660,"Krzysztof Jotko","Eryk Anders",-135,105,"185","2020-05-16",2094
2662,"Miguel Baeza","Matt Brown",-155,125,"170","2020-05-16",2096
2663,"Kevin Holland","Anthony Hernandez",-110,-120,"185","2020-05-16",2097
2664,"Giga Chikadze","Irwin Rivera",-500,350,"145","2020-05-16",2098
2665,"Nate Landwehr","Darren Elkins",110,-140,"145","2020-05-16",2099
2668,"Glover Teixeira","Anthony Smith",175,-225,"205","2020-05-13",2102
2670,"Drew Dober","Alexander Hernandez",-170,140,"155","2020-05-13",2104
2671,"Ricky Simón","Ray Borg",-160,130,"135","2020-05-13",2105
2672,"Andrei Arlovski","Philipe Lins",175,-225,"265","2020-05-13",2106
2673,"Thiago Moisés","Michael Johnson",-120,-110,"155","2020-05-13",2107
2674,"Sijara Eubanks","Sarah Moras",-325,250,"135","2020-05-13",2108
2675,"Omar Morales","Gabriel Benítez",-170,140,"155","2020-05-13",2109
2676,"Brian Kelleher","Hunter Azure",175,-225,"145","2020-05-13",2110
2677,"Chase Sherman","Ike Villanueva",-190,155,"265","2020-05-13",2111
2678,"Justin Gaethje","Tony Ferguson",180,-230,"155","2020-05-09",2112
2679,"Henry Cejudo","Dominick Cruz",-225,175,"135","2020-05-09",2113
2681,"Calvin Kattar","Jeremy Stephens",-240,190,"145","2020-05-09",2115
2682,"Greg Hardy","Yorgan De Castro",-205,165,"265","2020-05-09",2116
2683,"Anthony Pettis","Donald Cerrone",-135,105,"170","2020-05-09",2117
2686,"Vicente Luque","Niko Price",-270,210,"170","2020-05-09",2120
2687,"Bryce Mitchell","Charles Rosa",-205,165,"145","2020-05-09",2121
2688,"Ryan Spann","Sam Alvey",-365,275,"205","2020-05-09",2122
2689,"Charles Oliveira","Kevin Lee",120,-145,"155","2020-03-14",2123
2690,"Gilbert Burns","Demian Maia",-170,145,"170","2020-03-14",2124
2691,"Renato Moicano","Damir Hadžović",-420,330,"155","2020-03-14",2125
2692,"Nikita Krylov","Johnny Walker",115,-135,"205","2020-03-14",2126
2693,"Francisco Trinaldo","John Makdessi",-155,130,"155","2020-03-14",2127
2694,"Brandon Moreno","Jussier Formiga",140,-165,"125","2020-03-14",2128
2695,"Amanda Ribas","Randa Markos",-400,315,"115","2020-03-14",2129
2698,"Maryna Moroz","Mayra Bueno Silva",135,-160,"125","2020-03-14",2132
2699,"David Dvořák","Bruno Silva",-120,100,"125","2020-03-14",2133
2700,"Bea Malecki","Veronica Hardy",110,-130,"135","2020-03-14",2134
2701,"Israel Adesanya","Yoel Romero",-250,210,"185","2020-03-07",2135
2703,"Beneil Dariush","Drakkar Klose",-180,155,"155","2020-03-07",2137
2705,"Alex Oliveira","Max Griffin",-145,125,"170","2020-03-07",2139
2707,"Mark Madsen","Austin Hubbard",-240,200,"155","2020-03-07",2141
2708,"Rodolfo Vieira","Saparbeg Safarov",-620,470,"185","2020-03-07",2142
2709,"Gerald Meerschaert","Deron Winn",115,-135,"185","2020-03-07",2143
2710,"Giga Chikadze","Jamall Emmers",150,-175,"145","2020-03-07",2144
2711,"Batgerel Danaa","Guido Cannetti",-130,110,"135","2020-03-07",2145
2712,"Deiveson Figueiredo","Joseph Benavidez",125,-155,"125","2020-02-29",2146
2713,"Felicia Spencer","Zarah Fairn",-850,525,"145","2020-02-29",2147
2714,"Magomed Ankalaev","Ion Cutelaba",-210,170,"205","2020-02-29",2148
2716,"Grant Dawson","Darrick Minner",-400,300,"145","2020-02-29",2150
2717,"Kyler Phillips","Gabriel Silva",100,-130,"135","2020-02-29",2151
2718,"Brendan Allen","Tom Breese",135,-165,"185","2020-02-29",2152
2685,"Carla Esparza","Michelle Waterson-Gomez",-150,120,"115","2020-05-09",2119
2622,"Lauren Murphy","Roxanne Modafferi",-125,-105,"125","2020-06-20",2056
2669,"Ben Rothwell","Ovince Saint Preux",125,-155,"265","2020-05-13",2103
2680,"Francis Ngannou","Jairzinho Rozenstruik",-250,195,"265","2020-05-09",2114
2704,"Neil Magny","Li Jingliang",150,-175,"170","2020-03-07",2138
2661,"Song Yadong","Marlon Vera",-205,165,"145","2020-05-16",2095
2696,"Elizeu Zaleski dos Santos","Alexey Kunchenko",-135,110,"170","2020-03-14",
2666,"Cortney Casey","Mara Romero Borella",-170,140,"125","2020-05-16",2100
2706,"Sean O'Malley","Jose Quinonez",-350,300,"135","2020-03-07",2140
2726,"Xiaonan Yan","Karolina Kowalkiewicz",-270,230,"115","2020-02-22",
2739,"Brok Weaver","Rodrigo Vargas",-275,225,"155","2020-02-15",
2721,"Jordan Griffin","TJ Brown",-145,115,"145","2020-02-29",2155
2722,"Spike Carlyle","Aalon Cruz",175,-225,"145","2020-02-29",2156
2723,"Sean Brady","Ismail Naurdiev",110,-140,"170","2020-02-29",2157
2724,"Dan Hooker","Paul Felder",-150,125,"155","2020-02-22",2158
2725,"Jimmy Crute","Michał Oleksiejczuk",105,-125,"205","2020-02-22",2159
2727,"Marcos Rogério de Lima","Ben Sosoli",-155,135,"265","2020-02-22",2161
2729,"Zubaira Tukhugov","Kevin Aguilar",100,-120,"145","2020-02-22",2163
2730,"Jalin Turner","Josh Culibao",-230,190,"155","2020-02-22",2164
2734,"Angela Hill","Loma Lookboonmee",-180,155,"115","2020-02-22",2168
2735,"Priscila Cachoeira","Shana Dobson",175,-200,"125","2020-02-22",2169
2736,"Jan Błachowicz","Corey Anderson",185,-225,"205","2020-02-15",2170
2737,"Diego Sanchez","Michel Pereira",135,-160,"170","2020-02-15",2171
2740,"Ray Borg","Rogério Bontorin",-150,125,"125","2020-02-15",2174
2741,"Lando Vannata","Yancy Medeiros",-125,105,"155","2020-02-15",2175
2742,"Daniel Rodriguez","Tim Means",265,-340,"170","2020-02-15",2176
2743,"John Dodson","Nathaniel Wood",130,-155,"135","2020-02-15",2177
2744,"Scott Holtzman","Jim Miller",-140,115,"155","2020-02-15",2178
2745,"Devin Clark","Dequan Townsend",-415,325,"205","2020-02-15",2179
2747,"Macy Chiasson","Shanna Young",-875,575,"135","2020-02-15",2181
2748,"Raulian Paiva","Mark De La Rosa",-280,230,"125","2020-02-15",2182
2749,"Jon Jones","Dominick Reyes",-500,350,"205","2020-02-08",2183
2750,"Valentina Shevchenko","Katlyn Chookagian",-1200,700,"125","2020-02-08",2184
2751,"Justin Tafa","Juan Adams",200,-260,"265","2020-02-08",2185
2752,"Dan Ige","Mirsad Bektić",-115,-115,"145","2020-02-08",2186
2753,"Derrick Lewis","Ilir Latifi",-280,220,"265","2020-02-08",2187
2754,"Trevin Giles","James Krause",-115,-115,"185","2020-02-08",2188
2756,"Khaos Williams","Alex Morono",300,-400,"170","2020-02-08",2190
2757,"Mario Bautista","Miles Johns",120,-150,"135","2020-02-08",2191
2758,"Domingo Pilarte","Journey Newson",-125,-105,"135","2020-02-08",2192
2759,"Andre Ewell","Jonathan Martinez",-130,100,"135","2020-02-08",2193
2760,"Youssef Zalal","Austin Lingo",175,-225,"145","2020-02-08",2194
2763,"Alex Perez","Jordan Espinosa",-250,195,"125","2020-01-25",2197
2764,"Angela Hill","Hannah Cifers",-225,175,"115","2020-01-25",2198
2765,"Jamahal Hill","Darko Stošić",-145,115,"205","2020-01-25",2199
2766,"Bevon Lewis","Dequan Townsend",-400,300,"185","2020-01-25",2200
2767,"Arnold Allen","Nik Lentz",-230,180,"145","2020-01-25",2201
2768,"Justine Kish","Lucie Pudilová",150,-185,"125","2020-01-25",2202
2769,"Montel Jackson","Felipe Colares",-650,425,"135","2020-01-25",2203
2771,"Brett Johns","Tony Gravely",-130,100,"135","2020-01-25",2205
2772,"Herbert Burns","Nate Landwehr",100,-130,"145","2020-01-25",2206
2773,"Conor McGregor","Donald Cerrone",-325,250,"170","2020-01-18",2207
2774,"Holly Holm","Raquel Pennington",-145,115,"135","2020-01-18",2208
2775,"Aleksei Oleinik","Maurice Greene",-115,-115,"265","2020-01-18",2209
2776,"Brian Kelleher","Ode Osbourne",140,-170,"135","2020-01-18",2210
2777,"Diego Ferreira","Anthony Pettis",-235,185,"155","2020-01-18",2211
2778,"Roxanne Modafferi","Maycee Barber",525,-850,"125","2020-01-18",2212
2779,"Sodiq Yusuff","Andre Fili",-145,115,"145","2020-01-18",2213
2780,"Askar Askarov","Tim Elliott",-145,115,"125","2020-01-18",2214
2782,"Aleksa Camur","Justin Ledet",-130,100,"205","2020-01-18",2216
2783,"Sabina Mazo","JJ Aldrich",-130,100,"125","2020-01-18",2217
2784,"Chan Sung Jung","Frankie Edgar",-200,160,"145","2019-12-21",2218
2785,"Volkan Oezdemir","Aleksandar Rakić",130,-160,"205","2019-12-21",2219
2789,"Kyung Ho Kang","Pingyuan Liu",-260,200,"135","2019-12-21",2223
2790,"Ciryl Gane","Tanner Boser",-600,400,"265","2019-12-21",2224
2792,"Omar Morales","Dong Hyun Ma",-240,190,"155","2019-12-21",2226
2793,"Alexandre Pantoja","Matt Schnell",-310,240,"125","2019-12-21",2227
2795,"Amanda Lemos","Miranda Granger",155,-190,"115","2019-12-21",2229
2796,"Alatengheili","Ryan Benoit",-115,-115,"135","2019-12-21",2230
2797,"Kamaru Usman","Colby Covington",-225,175,"170","2019-12-14",2231
2798,"Alexander Volkanovski","Max Holloway",145,-175,"145","2019-12-14",2232
2799,"Amanda Nunes","Germaine de Randamie",-375,285,"135","2019-12-14",2233
2800,"Marlon Moraes","José Aldo",-175,145,"135","2019-12-14",2234
2801,"Petr Yan","Urijah Faber",-550,375,"135","2019-12-14",2235
2802,"Geoff Neal","Mike Perry",-265,205,"170","2019-12-14",2236
2803,"Irene Aldana","Ketlen Vieira",180,-230,"135","2019-12-14",2237
2804,"Omari Akhmedov","Ian Heinisch",-115,-115,"185","2019-12-14",2238
2805,"Matt Brown","Ben Saunders",-335,255,"170","2019-12-14",2239
2806,"Chase Hooper","Daniel Teymur",-170,140,"145","2019-12-14",2240
2809,"Punahele Soriano","Oskar Piechota",-125,-105,"185","2019-12-14",2243
2810,"Jairzinho Rozenstruik","Alistair Overeem",-145,115,"265","2019-12-07",2244
2811,"Cynthia Calvillo","Marina Rodriguez",115,-145,"115","2019-12-07",2245
2812,"Ben Rothwell","Stefan Struve",-150,120,"265","2019-12-07",2246
2813,"Aspen Ladd","Yana Santos",-175,145,"135","2019-12-07",2247
2815,"Rob Font","Ricky Simón",-150,120,"135","2019-12-07",2249
2816,"Tim Means","Thiago Alves",-275,215,"170","2019-12-07",2250
2817,"Billy Quarantillo","Jacob Kilburn",-325,250,"145","2019-12-07",2251
2733,"Kai Kara-France","Tyson Nam",-270,220,"125","2020-02-22",2167
2807,"Brandon Moreno","Kai Kara-France",135,-165,"125","2019-12-14",2241
2732,"Song Kenan","Callan Potter",-220,185,"170","2020-02-22",2166
2787,"Da Woon Jung","Mike Rodriguez",100,-130,"205","2019-12-21",2221
2786,"Charles Jourdain","Dooho Choi",300,-400,"145","2019-12-21",2220
2788,"JunYong Park","Marc-André Barriault",100,-130,"185","2019-12-21",2222
2814,"Cody Stamann","Song Yadong",175,-225,"135","2019-12-07",2248
2738,"Montana De La Rosa","Mara Romero Borella",-175,145,"125","2020-02-15",2172
2791,"SeungWoo Choi","Suman Mokhtarian",-350,265,"145","2019-12-21",2225
2761,"Curtis Blaydes","Junior Dos Santos",-300,230,"265","2020-01-25",2195
2731,"Jake Matthews","Emil Meek",-220,185,"170","2020-02-22",2165
2846,"Davey Grant","Grigorii Popov",150,-175,"135","2019-11-09",
2820,"Virna Jandiroba","Mallory Martin",-300,230,"115","2019-12-07",2254
2821,"Makhmud Muradov","Trevor Smith",-450,325,"185","2019-12-07",2255
2912,"Ovince Saint Preux","Michał Oleksiejczuk",230,-300,"205","2019-09-28",2346
2824,"Charles Oliveira","Jared Gordon",-375,285,"155","2019-11-16",2258
2825,"André Muniz","Antônio Arroyo",-130,100,"185","2019-11-16",2259
2826,"Wellington Turman","Markus Perez",135,-165,"185","2019-11-16",2260
2827,"James Krause","Sérgio Moraes",-200,160,"170","2019-11-16",2261
2829,"Francisco Trinaldo","Bobby Green",-150,120,"155","2019-11-16",2263
2830,"Randy Brown","Warlley Alves",115,-145,"170","2019-11-16",2264
2831,"Douglas Silva de Andrade","Renan Barão",-250,195,"145","2019-11-16",2265
2832,"Ariane Lipski","Isabela de Pádua",-285,225,"130","2019-11-16",2266
2833,"Tracy Cortez","Vanessa Melo",-250,195,"136","2019-11-16",2267
2834,"Zabit Magomedsharipov","Calvin Kattar",-295,245,"145","2019-11-09",2268
2835,"Alexander Volkov","Greg Hardy",-280,225,"265","2019-11-09",2269
2836,"Danny Roberts","Zelim Imadaev",185,-225,"170","2019-11-09",2270
2837,"Ed Herman","Khadis Ibragimov",115,-140,"205","2019-11-09",2271
2838,"Anthony Rocco Martin","Ramazan Emeev",105,-125,"170","2019-11-09",2272
2839,"Shamil Gamzatov","Klidson Abreu",-175,155,"205","2019-11-09",2273
2841,"Rustam Khabilov","Sergey Khandozhko",-195,165,"170","2019-11-09",2275
2842,"Karl Roberson","Roman Kopylov",-110,-110,"185","2019-11-09",2276
2843,"David Zawada","Abubakar Nurmagomedov",260,-315,"170","2019-11-09",2277
2844,"Roosevelt Roberts","Alexander Yakovlev",-150,125,"155","2019-11-09",2278
2847,"Jorge Masvidal","Nate Diaz",-150,125,"170","2019-11-02",2281
2848,"Darren Till","Kelvin Gastelum",175,-225,"185","2019-11-02",2282
2849,"Stephen Thompson","Vicente Luque",-115,-115,"170","2019-11-02",2283
2850,"Derrick Lewis","Blagoy Ivanov",-110,-120,"265","2019-11-02",2284
2851,"Kevin Lee","Gregor Gillespie",135,-165,"155","2019-11-02",2285
2852,"Corey Anderson","Johnny Walker",140,-170,"205","2019-11-02",2286
2853,"Shane Burgos","Makwan Amirkhani",-235,185,"145","2019-11-02",2287
2854,"Edmen Shahbazyan","Brad Tavares",-165,135,"185","2019-11-02",2288
2855,"Jairzinho Rozenstruik","Andrei Arlovski",-150,120,"265","2019-11-02",2289
2856,"Katlyn Chookagian","Jennifer Maia",-150,120,"127","2019-11-02",2290
2857,"Lyman Good","Chance Rencountre",-115,-115,"170","2019-11-02",2291
2859,"Demian Maia","Ben Askren",135,-165,"170","2019-10-26",2293
2860,"Stevie Ray","Michael Johnson",200,-260,"155","2019-10-26",2294
2861,"Beneil Dariush","Frank Camacho",-190,155,"155","2019-10-26",2295
2862,"Ciryl Gane","Don'Tale Mayes",-275,215,"265","2019-10-26",2296
2863,"Muslim Salikhov","Laureano Staropoli",-170,140,"170","2019-10-26",2297
2864,"Randa Markos","Ashley Yoder",-140,110,"115","2019-10-26",2298
2865,"Rafael Fiziev","Alex White",-200,160,"155","2019-10-26",2299
2866,"Movsar Evloev","Enrique Barzola",-200,160,"145","2019-10-26",2300
2868,"Loma Lookboonmee","Aleksandra Albu",-150,120,"115","2019-10-26",2302
2869,"Raphael Pessoa","Jeff Hughes",185,-235,"265","2019-10-26",2303
2870,"Dominick Reyes","Chris Weidman",-200,160,"205","2019-10-18",2304
2871,"Yair Rodriguez","Jeremy Stephens",-145,115,"145","2019-10-18",2305
2872,"Greg Hardy","Ben Sosoli",-375,285,"265","2019-10-18",2306
2873,"Joe Lauzon","Jonathan Pearce",160,-200,"155","2019-10-18",2307
2874,"Maycee Barber","Gillian Robertson",-135,105,"125","2019-10-18",2308
2875,"Darren Stewart","Deron Winn",-105,-125,"188","2019-10-18",2309
2876,"Charles Rosa","Manny Bermudez",150,-185,"148","2019-10-18",2310
2877,"Molly McCann","Diana Belbiţă",-650,425,"125","2019-10-18",2311
2878,"Sean Woodson","Kyle Bochniak",-120,-110,"145","2019-10-18",2312
2879,"Randy Costa","Boston Salmon",120,-150,"135","2019-10-18",2313
2881,"Brendan Allen","Kevin Holland",135,-165,"185","2019-10-18",2315
2882,"Tanner Boser","Daniel Spitz",-155,125,"265","2019-10-18",2316
2884,"Cub Swanson","Kron Gracie",155,-190,"145","2019-10-12",2318
2885,"Niko Price","James Vick",-165,135,"170","2019-10-12",2319
2886,"Amanda Ribas","Mackenzie Dern",150,-185,"115","2019-10-12",2320
2887,"Matt Frevola","Luis Pena",120,-150,"155","2019-10-12",2321
2888,"Eryk Anders","Gerald Meerschaert",-145,115,"185","2019-10-12",2322
2889,"Ryan Spann","Devin Clark",-190,155,"205","2019-10-12",2323
2891,"Alex Morono","Max Griffin",120,-150,"170","2019-10-12",2325
2892,"Deiveson Figueiredo","Tim Elliott",-185,150,"125","2019-10-12",2326
2893,"Marlon Vera","Andre Ewell",-150,120,"135","2019-10-12",2327
2894,"Miguel Baeza","Hector Aldana",-270,210,"170","2019-10-12",2328
2895,"Marvin Vettori","Andrew Sanchez",-375,285,"185","2019-10-12",2329
2896,"JJ Aldrich","Lauren Mueller",-150,120,"125","2019-10-12",2330
2897,"Israel Adesanya","Robert Whittaker",-105,-125,"185","2019-10-05",2331
2898,"Dan Hooker","Al Iaquinta",-130,100,"155","2019-10-05",2332
2900,"Dhiego Lima","Luke Jumeau",-145,125,"170","2019-10-05",2334
2901,"Yorgan De Castro","Justin Tafa",100,-120,"265","2019-10-05",2335
2902,"Jake Matthews","Rostem Akman",-390,315,"170","2019-10-05",2336
2903,"Callan Potter","Maki Pitolo",275,-365,"170","2019-10-05",2337
2904,"Brad Riddell","Jamie Mullarkey",-170,140,"155","2019-10-05",2338
2905,"Megan Anderson","Zarah Fairn",-450,325,"145","2019-10-05",2339
2906,"Ji Yeon Kim","Nadia Kassem",-175,145,"125","2019-10-05",2340
2907,"Khalid Taha","Bruno Silva",-225,175,"135","2019-10-05",2341
2909,"Mark Madsen","Danilo Belluardo",-700,450,"155","2019-09-28",2343
2910,"Gilbert Burns","Gunnar Nelson",-125,-105,"170","2019-09-28",2344
2913,"Nicolas Dalby","Alex Oliveira",130,-160,"170","2019-09-28",2347
2914,"John Phillips","Alen Amedovski",115,-145,"185","2019-09-28",2348
2915,"Makhmud Muradov","Alessio Di Chirico",-170,140,"185","2019-09-28",2349
2845,"Pannie Kianzad","Jessica-Rose Clark",-115,-110,"135","2019-11-09",2279
2819,"Joe Solecki","Matt Wiman",-375,285,"155","2019-12-07",2253
2883,"Joanna Jędrzejczyk","Michelle Waterson-Gomez",-340,260,"115","2019-10-12",2317
2822,"Jan Błachowicz","Jacare Souza",-160,130,"205","2019-11-16",2256
2911,"Ion Cutelaba","Khalil Rountree Jr.",-115,-115,"205","2019-09-28",2345
2823,"Mauricio Rua","Paul Craig",-260,200,"205","2019-11-16",2257
2968,"Karol Rosa","Lara Fritzen",-120,-110,"135","2019-08-31",
2918,"Lina Länsberg","Macy Chiasson",325,-450,"135","2019-09-28",2352
2919,"Marc Diakiese","Lando Vannata",-170,140,"155","2019-09-28",2353
2920,"Jack Shore","Nohelin Hernandez",-230,180,"135","2019-09-28",2354
2921,"Yair Rodriguez","Jeremy Stephens",-140,110,"145","2019-09-21",2355
2922,"Carla Esparza","Alexa Grasso",130,-160,"115","2019-09-21",2356
2923,"Askar Askarov","Brandon Moreno",-165,135,"125","2019-09-21",2357
2924,"Irene Aldana","Vanessa Melo",-600,400,"135","2019-09-21",2358
2928,"Angela Hill","Ariane Carnelossi",-105,-125,"115","2019-09-21",2362
2929,"Sergio Pettis","Tyson Nam",-310,240,"125","2019-09-21",2363
2930,"Paul Craig","Vinicius Moreira",-125,-105,"205","2019-09-21",2364
2931,"Bethe Correia","Sijara Eubanks",240,-310,"135","2019-09-21",2365
2932,"Claudio Puelles","Marcos Mariano",-400,300,"155","2019-09-21",2366
2933,"Justin Gaethje","Donald Cerrone",-175,145,"155","2019-09-14",2367
2934,"Glover Teixeira","Nikita Krylov",-110,-120,"205","2019-09-14",2368
2935,"Todd Duffee","Jeff Hughes",110,-140,"265","2019-09-14",2369
2936,"Tristan Connelly","Michel Pereira",325,-450,"170","2019-09-14",2370
2938,"Misha Cirkunov","Jimmy Crute",-115,-115,"205","2019-09-14",2372
2939,"Augusto Sakai","Marcin Tybura",-130,100,"265","2019-09-14",2373
2940,"Miles Johns","Cole Smith",-145,115,"135","2019-09-14",2374
2941,"Hunter Azure","Brad Katona",100,-130,"135","2019-09-14",2375
2942,"Chas Skelly","Jordan Griffin",135,-165,"145","2019-09-14",2376
2943,"Louis Smolka","Ryan MacDonald",-225,175,"135","2019-09-14",2377
2944,"Austin Hubbard","Kyle Prepolec",-145,115,"155","2019-09-14",2378
2945,"Khabib Nurmagomedov","Dustin Poirier",-450,325,"155","2019-09-07",2379
2946,"Paul Felder","Edson Barboza",-105,-125,"155","2019-09-07",2380
2947,"Islam Makhachev","Davi Ramos",-400,300,"155","2019-09-07",2381
2948,"Curtis Blaydes","Shamil Abdurakhimov",-550,375,"265","2019-09-07",2382
2949,"Diego Ferreira","Mairbek Taisumov",200,-260,"155","2019-09-07",2383
2950,"Joanne Wood","Andrea Lee",195,-250,"125","2019-09-07",2384
2952,"Sarah Moras","Liana Jojua",130,-160,"135","2019-09-07",2386
2953,"Ottman Azaitar","Teemu Packalén",-190,155,"155","2019-09-07",2387
2954,"Belal Muhammad","Takashi Sato",-400,300,"170","2019-09-07",2388
2955,"Muslim Salikhov","Nordine Taleb",115,-145,"170","2019-09-07",2389
2956,"Omari Akhmedov","Zak Cummings",-115,-115,"185","2019-09-07",2390
2957,"Don Madge","Fares Ziam",-200,160,"155","2019-09-07",2391
2964,"Sumudaerji","Andre Soukhamthath",135,-165,"135","2019-08-31",2398
2966,"Damir Ismagulov","Thiago Moisés",-225,175,"155","2019-08-31",2400
2967,"Alatengheili","Batgerel Danaa",-125,-105,"135","2019-08-31",2401
2969,"Stipe Miocic","Daniel Cormier",120,-140,"265","2019-08-17",2403
2970,"Nate Diaz","Anthony Pettis",105,-125,"170","2019-08-17",2404
2971,"Paulo Costa","Yoel Romero",140,-165,"185","2019-08-17",2405
2973,"Derek Brunson","Ian Heinisch",135,-165,"185","2019-08-17",2407
2974,"Khama Worthy","Devonte Smith",640,-1000,"155","2019-08-17",2408
2975,"Cory Sandhagen","Raphael Assunção",-265,215,"135","2019-08-17",2409
2976,"Drakkar Klose","Christos Giagos",-185,150,"155","2019-08-17",2410
2977,"Casey Kenney","Manny Bermudez",145,-170,"140","2019-08-17",2411
2978,"Hannah Cifers","Jodie Esquibel",-285,225,"115","2019-08-17",2412
2979,"Kyung Ho Kang","Brandon Davis",-195,165,"135","2019-08-17",2413
2982,"Vicente Luque","Mike Perry",-230,180,"170","2019-08-10",2416
2985,"Rodolfo Vieira","Oskar Piechota",-225,175,"185","2019-08-10",2419
2988,"Ciryl Gane","Raphael Pessoa",-450,325,"265","2019-08-10",2422
2993,"Veronica Hardy","Polyana Viana",-140,110,"125","2019-08-10",2427
2995,"Jim Miller","Clay Guida",-155,125,"155","2019-08-03",2429
2997,"Gerald Meerschaert","Trevin Giles",145,-175,"185","2019-08-03",2431
2999,"Kennedy Nzechukwu","Darko Stošić",100,-115,"205","2019-08-03",2433
3001,"Antonina Shevchenko","Lucie Pudilová",-150,120,"125","2019-08-03",2435
3005,"Miranda Granger","Hannah Goldy",105,-135,"125","2019-08-03",2439
3011,"Viviane Araujo","Alexis Davis",-200,160,"125","2019-07-27",2445
3015,"Gillian Robertson","Sarah Frota",-145,115,"125","2019-07-27",2449
3019,"Greg Hardy","Juan Adams",105,-135,"265","2019-07-20",2453
3023,"Alex Caceres","Steven Peterson",-110,-120,"145","2019-07-20",2457
3025,"Klidson Abreu","Sam Alvey",-190,155,"205","2019-07-20",2459
3043,"Amanda Nunes","Holly Holm",-400,300,"135","2019-07-06",2477
3044,"Jorge Masvidal","Ben Askren",175,-225,"170","2019-07-06",2478
3046,"Michael Chiesa","Diego Sanchez",-450,325,"170","2019-07-06",2480
3047,"Arnold Allen","Gilbert Melendez",-350,265,"145","2019-07-06",2481
3048,"Marlon Vera","Nohelin Hernandez",-500,350,"135","2019-07-06",2482
3049,"Cláudia Gadelha","Randa Markos",-200,160,"115","2019-07-06",2483
3051,"Edmen Shahbazyan","Jack Marshman",-750,475,"185","2019-07-06",2485
3052,"Chance Rencountre","Ismail Naurdiev",400,-600,"170","2019-07-06",2486
3053,"Julia Avila","Pannie Kianzad",-260,200,"135","2019-07-06",2487
3055,"Joseph Benavidez","Jussier Formiga",-135,105,"125","2019-06-29",2489
2960,"Kai Kara-France","Mark De La Rosa",-200,160,"125","2019-08-31",2394
3009,"Arman Tsarukyan","Olivier Aubin-Mercier",-160,130,"155","2019-07-27",2443
2917,"Giga Chikadze","Brandon Davis",135,-165,"145","2019-09-28",2351
2926,"Jose Quinonez","Carlos Huachin",-165,135,"135","2019-09-21",2360
3007,"Cristiane Justino","Felicia Spencer",-450,325,"145","2019-07-27",2441
2962,"Mizuki Inoue","Wu Yanan",-155,125,"125","2019-08-31",
2958,"Zhang Weili","Jéssica Andrade",130,-160,"115","2019-08-31",2392
2961,"Song Kenan","Derrick Krantz",-110,-120,"170","2019-08-31",2395
3054,"Francis Ngannou","Junior Dos Santos",-210,170,"265","2019-06-29",2488
2959,"Li Jingliang","Elizeu Zaleski dos Santos",205,-265,"170","2019-08-31",2393
2965,"Da Woon Jung","Khadis Ibragimov",215,-275,"205","2019-08-31",2399
2963,"Anthony Hernandez","JunYong Park",-155,125,"185","2019-08-31",2397
3050,"Song Yadong","Alejandro Perez",-205,165,"135","2019-07-06",2484
3013,"Gavin Tucker","SeungWoo Choi",-130,110,"145","2019-07-27",2447
3017,"Leon Edwards","Rafael Dos Anjos",-120,-110,"170","2019-07-20",2451
2927,"Kyle Nelson","Marco Polo Reyes",-115,-115,"145","2019-09-21",2361
3086,"Xiaonan Yan","Angela Hill",-225,175,"115","2019-06-08",
3088,"Eddie Wineland","Grigorii Popov",-160,130,"135","2019-06-08",
4741,"Mike Graves","Bojan Veličković",-240,200,"170","2016-07-30",
3060,"Ricardo Ramos","Journey Newson",-350,265,"135","2019-06-29",2494
3061,"Eryk Anders","Vinicius Moreira",-325,250,"205","2019-06-29",2495
3062,"Jared Gordon","Dan Moret",-335,255,"155","2019-06-29",2496
3063,"Dalcha Lungiambula","Dequan Townsend",-350,265,"205","2019-06-29",2497
3064,"Amanda Ribas","Emily Whitmire",140,-170,"115","2019-06-29",2498
3065,"Maurice Greene","Júnior Albini",-115,-115,"265","2019-06-29",2499
3066,"Chan Sung Jung","Renato Moicano",175,-225,"145","2019-06-22",2500
3067,"Randy Brown","Bryan Barberena",195,-250,"170","2019-06-22",2501
3069,"Andrea Lee","Montana De La Rosa",-185,150,"125","2019-06-22",2503
3070,"Kevin Holland","Alessio Di Chirico",-225,175,"185","2019-06-22",2504
3071,"Dan Ige","Kevin Aguilar",115,-145,"145","2019-06-22",2505
3072,"Ashley Yoder","Syuri Kondo",-140,110,"115","2019-06-22",2506
3073,"Luis Pena","Matt Wiman",-380,290,"155","2019-06-22",2507
3075,"Molly McCann","Ariane Lipski",215,-275,"125","2019-06-22",2509
3076,"Deron Winn","Eric Spicely",-285,225,"185","2019-06-22",2510
3077,"Henry Cejudo","Marlon Moraes",135,-165,"135","2019-06-08",2511
3078,"Valentina Shevchenko","Jessica Eye",-1400,750,"125","2019-06-08",2512
3079,"Tony Ferguson","Donald Cerrone",-225,175,"155","2019-06-08",2513
3080,"Petr Yan","Jimmie Rivera",-360,270,"135","2019-06-08",2514
3081,"Blagoy Ivanov","Tai Tuivasa",135,-165,"265","2019-06-08",2515
3082,"Tatiana Suarez","Nina Nunes",-650,425,"115","2019-06-08",2516
3083,"Aljamain Sterling","Pedro Munhoz",-165,135,"135","2019-06-08",2517
3085,"Calvin Kattar","Ricardo Lamas",-160,130,"145","2019-06-08",2519
3087,"Darren Stewart","Bevon Lewis",145,-175,"185","2019-06-08",2521
3089,"Katlyn Chookagian","Joanne Wood",-115,-115,"125","2019-06-08",2523
3090,"Anthony Smith","Alexander Gustafsson",255,-305,"205","2019-06-01",2524
3091,"Aleksandar Rakić","Jimi Manuwa",-220,185,"205","2019-06-01",2525
3092,"Makwan Amirkhani","Chris Fishgold",-120,100,"145","2019-06-01",2526
3093,"Christos Giagos","Damir Hadžović",145,-170,"155","2019-06-01",2527
3094,"Daniel Teymur","Sung Bin Jo",120,-140,"145","2019-06-01",2528
3095,"Sergey Khandozhko","Rostem Akman",-155,130,"170","2019-06-01",2529
3096,"Lina Länsberg","Tonya Evinger",285,-335,"135","2019-06-01",2530
3097,"Leonardo Santos","Stevie Ray",-170,145,"155","2019-06-01",2531
3098,"Frank Camacho","Nick Hein",-130,105,"155","2019-06-01",2532
3099,"Bea Malecki","Duda Santana",-120,100,"135","2019-06-01",2533
3101,"Joel Alvarez","Danilo Belluardo",-115,-115,"155","2019-06-01",2535
4686,"Yancy Medeiros","Sean Spencer",-125,105,"170","2016-09-10",3843
4691,"Jessin Ayari","Jim Wallhead",120,-140,"170","2016-09-03",3848
4696,"Jack Hermansson","Scott Askham",-120,-110,"185","2016-09-03",3853
4701,"Jim Miller","Joe Lauzon",120,-140,"155","2016-08-27",3858
4706,"Chad Laprise","Thibault Gouti",-325,265,"155","2016-08-27",3863
4711,"Mike Perry","Hyun Gyu Lim",210,-280,"170","2016-08-20",3868
4716,"Cortney Casey","Randa Markos",125,-145,"115","2016-08-20",3873
4721,"Dennis Bermudez","Rony Jason",-245,205,"145","2016-08-06",3878
4726,"Court McGee","Dominique Steele",-150,125,"170","2016-08-06",3883
4731,"Justin Ledet","Chase Sherman",-125,105,"265","2016-08-06",3888
4736,"Ryan Benoit","Fredy Serrano",-110,-110,"125","2016-07-30",3893
4751,"Alex Oliveira","James Moontasri",-215,185,"170","2016-07-23",3908
4756,"Tim Boetsch","Josh Samman",195,-235,"185","2016-07-13",3913
4761,"Sam Alvey","Eric Spicely",-275,235,"185","2016-07-13",3918
4766,"Amanda Nunes","Miesha Tate",230,-270,"135","2016-07-09",3923
4771,"Julianna Peña","Cat Zingano",155,-175,"135","2016-07-09",3928
4776,"Gegard Mousasi","Thiago Santos",-260,220,"185","2016-07-09",3933
4781,"Will Brooks","Ross Pearson",-325,275,"155","2016-07-08",3938
4785,"Matheus Nicolau","John Moraga",120,-140,"125","2016-07-08",3942
4793,"Joe Duffy","Mitch Clarke",-420,325,"155","2016-07-07",3950
4797,"Pedro Munhoz","Russell Doane",-225,190,"135","2016-07-07",3954
4813,"Colby Covington","Jonathan Meunier",-230,190,"170","2016-06-18",3970
4817,"Max Holloway","Ricardo Lamas",-270,230,"145","2016-06-04",3974
4821,"Beneil Dariush","James Vick",-150,130,"155","2016-06-04",3978
6693,"Mike Pierce","Aaron Simpson",-165,135,"170","2012-10-05",5602
6703,"Che Mills","Duane Ludwig",-230,200,"170","2012-09-29",5612
6713,"Cub Swanson","Charles Oliveira",210,-250,"146","2012-09-22",5622
6723,"Jake Shields","Ed Herman",-200,165,"185","2012-08-11",5632
6732,"Lyoto Machida","Ryan Bader",-300,250,"205","2012-08-04",5641
6750,"Antonio Carvalho","Daniel Pineda",210,-260,"145","2012-07-21",5659
6758,"Alex Caceres","Damacio Page",-120,-110,"135","2012-07-11",5667
6766,"Demian Maia","Dong Hyun Kim",125,-150,"170","2012-07-07",5675
3228,"Ian Heinisch","Antônio Carlos Júnior",135,-165,"185","2019-05-18",2537
3229,"Felicia Spencer","Megan Anderson",175,-215,"145","2019-05-18",2538
3230,"Vicente Luque","Derrick Krantz",-1200,700,"170","2019-05-18",2539
3231,"Charles Oliveira","Nik Lentz",-365,280,"155","2019-05-18",2540
3232,"Davi Ramos","Austin Hubbard",-500,370,"155","2019-05-18",2541
3235,"Michel Pereira","Danny Roberts",185,-235,"170","2019-05-18",2544
3236,"Grant Dawson","Michael Trizano",-165,135,"145","2019-05-18",2545
3237,"Ed Herman","Patrick Cummins",215,-275,"205","2019-05-18",2546
3238,"Zak Cummings","Trevin Giles",160,-200,"185","2019-05-18",2547
3239,"Julio Arce","Julian Erosa",-800,500,"145","2019-05-18",2548
3240,"Jéssica Andrade","Rose Namajunas",-145,125,"115","2019-05-11",2549
4805,"Olivier Aubin-Mercier","Thibault Gouti",-500,375,"155","2016-06-18",3962
3059,"Alonzo Menifield","Paul Craig",-325,250,"205","2019-06-29",2493
4825,"Henrique da Silva","Jonathan Wilson",140,-170,"205","2016-06-04",3982
3234,"Desmond Green","Charles Jourdain",-825,515,"155","2019-05-18",2543
4789,"Li Jingliang","Anton Zafir",-325,265,"170","2016-07-08",3946
3058,"Drew Dober","Marco Polo Reyes",-375,285,"155","2019-06-29",2492
3068,"Andre Ewell","Anderson Dos Santos",-125,-105,"135","2019-06-22",2502
4801,"Vicente Luque","Alvaro Herrera Mendoza",-350,285,"170","2016-07-07",3958
3243,"Laureano Staropoli","Thiago Alves",100,-130,"170","2019-05-11",2552
3244,"Irene Aldana","Bethe Correia",-400,315,"135","2019-05-11",2553
3246,"Thiago Moisés","Kurt Holobaugh",-125,105,"155","2019-05-11",2555
3247,"Warlley Alves","Sérgio Moraes",-140,115,"170","2019-05-11",2556
3248,"Clay Guida","BJ Penn",-720,500,"155","2019-05-11",2557
3249,"Luana Carolina","Priscila Cachoeira",-175,150,"125","2019-05-11",2558
3250,"Raoni Barcelos","Carlos Huachin",-1100,700,"135","2019-05-11",2559
3252,"Donald Cerrone","Al Iaquinta",110,-135,"155","2019-05-04",2561
3253,"Derek Brunson","Elias Theodorou",-110,-120,"185","2019-05-04",2562
3254,"Shane Burgos","Cub Swanson",-170,135,"145","2019-05-04",2563
3255,"Merab Dvalishvili","Brad Katona",-165,135,"135","2019-05-04",2564
3256,"Walt Harris","Serghei Spivac",-170,140,"265","2019-05-04",2565
3258,"Macy Chiasson","Sarah Moras",-750,480,"135","2019-05-04",2567
3259,"Vince Morales","Aiemann Zahabi",150,-180,"135","2019-05-04",2568
3260,"Nordine Taleb","Kyle Prepolec",-485,350,"170","2019-05-04",2569
3261,"Matt Sayles","Kyle Nelson",-200,160,"145","2019-05-04",2570
3262,"Arjan Bhullar","Juan Adams",105,-130,"265","2019-05-04",2571
3263,"Cole Smith","Mitch Gagnon",100,-130,"135","2019-05-04",2572
3267,"Glover Teixeira","Ion Cutelaba",-125,-105,"205","2019-04-27",2576
3268,"Cory Sandhagen","John Lineker",125,-155,"135","2019-04-27",2577
3269,"Roosevelt Roberts","Thomas Gifford",-480,350,"155","2019-04-27",2578
3270,"Takashi Sato","Ben Saunders",-245,195,"170","2019-04-27",2579
3271,"Augusto Sakai","Andrei Arlovski",-170,140,"265","2019-04-27",2580
3272,"Carla Esparza","Virna Jandiroba",-125,-105,"115","2019-04-27",2581
3273,"Gilbert Burns","Mike Davis",-255,205,"155","2019-04-27",2582
3274,"Jim Miller","Jason Gonzalez",-130,105,"155","2019-04-27",2583
3275,"Angela Hill","Jodie Esquibel",-600,405,"115","2019-04-27",2584
3277,"Alistair Overeem","Aleksei Oleinik",-250,200,"265","2019-04-20",2586
3278,"Islam Makhachev","Arman Tsarukyan",-350,265,"155","2019-04-20",2587
3279,"Sergei Pavlovich","Marcelo Golm",-300,230,"265","2019-04-20",2588
3280,"Roxanne Modafferi","Antonina Shevchenko",255,-340,"125","2019-04-20",2589
3281,"Krzysztof Jotko","Alen Amedovski",-240,190,"185","2019-04-20",2590
3283,"Sultan Aliev","Keita Nakamura",-120,-110,"170","2019-04-20",2592
3285,"Shamil Abdurakhimov","Marcin Tybura",115,-145,"265","2019-04-20",2594
3287,"Magomed Mustafaev","Rafael Fiziev",115,-135,"155","2019-04-20",2596
3288,"Dustin Poirier","Max Holloway",200,-265,"155","2019-04-13",2597
3289,"Israel Adesanya","Kelvin Gastelum",-190,145,"185","2019-04-13",2598
3291,"Dwight Grant","Alan Jouban",-105,-125,"170","2019-04-13",2600
3293,"Matt Frevola","Jalin Turner",135,-165,"155","2019-04-13",2602
3294,"Alexandre Pantoja","Wilson Reis",-180,145,"125","2019-04-13",2603
3295,"Max Griffin","Zelim Imadaev",105,-135,"170","2019-04-13",2604
3296,"Khalid Taha","Boston Salmon",155,-170,"135","2019-04-13",2605
3297,"Belal Muhammad","Curtis Millender",-160,130,"170","2019-04-13",2606
3298,"Montel Jackson","Andre Soukhamthath",-580,415,"135","2019-04-13",2607
3300,"Brandon Davis","Randy Costa",-210,170,"135","2019-04-13",2609
3301,"Justin Gaethje","Edson Barboza",105,-125,"155","2019-03-30",2610
3302,"Jack Hermansson","David Branch",-130,110,"185","2019-03-30",2611
3303,"Josh Emmett","Michael Johnson",105,-125,"145","2019-03-30",2612
3305,"Paul Craig","Kennedy Nzechukwu",145,-170,"205","2019-03-30",2614
3306,"Sodiq Yusuff","Sheymon Moraes",-145,125,"145","2019-03-30",2615
3307,"Marina Rodriguez","Jessica Aguilar",-340,270,"115","2019-03-30",2616
3309,"Kevin Aguilar","Enrique Barzola",120,-140,"145","2019-03-30",2618
3310,"Kevin Holland","Gerald Meerschaert",-210,180,"185","2019-03-30",2619
3311,"Casey Kenney","Ray Borg",220,-255,"137","2019-03-30",2620
3312,"Maryna Moroz","Sabina Mazo",140,-160,"125","2019-03-30",2621
3313,"Alex Perez","Mark De La Rosa",-370,320,"135","2019-03-30",2622
3315,"Curtis Blaydes","Justin Willis",-265,210,"265","2019-03-23",2624
3316,"John Makdessi","Jesus Pinedo",-295,235,"155","2019-03-23",2625
3317,"Jussier Formiga","Deiveson Figueiredo",135,-165,"125","2019-03-23",2626
3318,"Luis Pena","Steven Peterson",-240,190,"145","2019-03-23",2627
3319,"Maycee Barber","JJ Aldrich",-260,200,"125","2019-03-23",2628
3320,"Bryce Mitchell","Bobby Moffett",120,-150,"145","2019-03-23",2629
3321,"Marlon Vera","Frankie Saenz",-165,135,"135","2019-03-23",2630
3322,"Jennifer Maia","Alexis Davis",115,-140,"125","2019-03-23",2631
3323,"Randa Markos","Angela Hill",120,-150,"115","2019-03-23",2632
3324,"Chris Gutierrez","Ryan MacDonald",-290,235,"135","2019-03-23",2633
3325,"Jordan Espinosa","Eric Shelton",120,-140,"125","2019-03-23",2634
3327,"Leon Edwards","Gunnar Nelson",-150,120,"170","2019-03-16",2636
3328,"Dominick Reyes","Volkan Oezdemir",-270,215,"205","2019-03-16",2637
3330,"Claudio Silva","Danny Roberts",-150,120,"170","2019-03-16",2639
3331,"Jack Marshman","John Phillips",-135,105,"185","2019-03-16",2640
3332,"Arnold Allen","Jordan Rinaldi",-150,120,"145","2019-03-16",2641
3333,"Marc Diakiese","Joe Duffy",150,-185,"155","2019-03-16",2642
3334,"Saparbeg Safarov","Nicolae Negumereanu",140,-170,"205","2019-03-16",2643
3335,"Dan Ige","Danny Henry",-140,110,"145","2019-03-16",2644
3336,"Molly McCann","Priscila Cachoeira",-205,165,"125","2019-03-16",2645
3337,"Mike Grundy","Nad Narimani",100,-125,"145","2019-03-16",2646
3257,"Andrew Sanchez","Marc-André Barriault",-180,145,"185","2019-05-04",2566
3304,"Michelle Waterson-Gomez","Karolina Kowalkiewicz",135,-155,"115","2019-03-30",2613
3338,"Junior Dos Santos","Derrick Lewis",-210,165,"265","2019-03-09",2647
3329,"Nathaniel Wood","Jose Quinonez",-310,270,"135","2019-03-16",2638
3292,"Nikita Krylov","Ovince Saint Preux",-140,110,"205","2019-04-13",2601
3264,"Jack Hermansson","Jacare Souza",180,-240,"185","2019-04-27",2573
3290,"Khalil Rountree Jr.","Eryk Anders",160,-200,"205","2019-04-13",2599
3265,"Greg Hardy","Dmitrii Smoliakov",-340,260,"265","2019-04-27",2574
3245,"Ryan Spann","Rogerio Nogueira",-130,110,"205","2019-05-11",2554
3284,"Alexander Yakovlev","Alex Da Silva",-140,110,"155","2019-04-20",2593
3282,"Movsar Evloev","SeungWoo Choi",-450,335,"145","2019-04-20",2591
3308,"Desmond Green","Ross Pearson",-540,410,"155","2019-03-30",2617
3369,"Dwight Grant","Carlo Pedersoli",135,-160,"170","2019-02-23",
3411,"Rogério Bontorin","Magomed Bibulatov",255,-325,"125","2019-02-02",
3342,"Beneil Dariush","Drew Dober",-225,180,"155","2019-03-09",2651
3343,"Omari Akhmedov","Tim Boetsch",-150,120,"185","2019-03-09",2652
3344,"Anthony Rocco Martin","Sérgio Moraes",-235,185,"170","2019-03-09",2653
3345,"Yana Santos","Marion Reneau",-235,185,"135","2019-03-09",2654
3347,"Maurice Greene","Jeff Hughes",215,-270,"265","2019-03-09",2656
3348,"Matt Schnell","Louis Smolka",100,-130,"135","2019-03-09",2657
3349,"Alex Morono","Zak Ottow",-190,150,"170","2019-03-09",2658
3350,"Alex White","Dan Moret",-140,110,"155","2019-03-09",2659
3351,"Jon Jones","Anthony Smith",-800,485,"205","2019-03-02",2660
3352,"Kamaru Usman","Tyron Woodley",155,-195,"170","2019-03-02",2661
3353,"Ben Askren","Robbie Lawler",-285,225,"170","2019-03-02",2662
3355,"Pedro Munhoz","Cody Garbrandt",140,-170,"135","2019-03-02",2664
3356,"Zabit Magomedsharipov","Jeremy Stephens",-315,245,"145","2019-03-02",2665
3357,"Johnny Walker","Misha Cirkunov",-185,145,"205","2019-03-02",2666
3358,"Cody Stamann","Alejandro Perez",-175,145,"135","2019-03-02",2667
3359,"Diego Sanchez","Mickey Gall",195,-250,"170","2019-03-02",2668
3361,"Macy Chiasson","Gina Mazany",-550,415,"135","2019-03-02",2670
3362,"Hannah Cifers","Polyana Viana",235,-300,"115","2019-03-02",2671
3363,"Thiago Santos","Jan Błachowicz",-125,100,"205","2019-02-23",2672
3364,"Stefan Struve","Marcos Rogério de Lima",-120,-105,"265","2019-02-23",2673
3365,"Michał Oleksiejczuk","Gian Villante",-210,175,"205","2019-02-23",2674
3366,"Liz Carmouche","Lucie Pudilová",-140,120,"125","2019-02-23",2675
3367,"Petr Yan","John Dodson",-315,255,"135","2019-02-23",2676
3368,"Magomed Ankalaev","Klidson Abreu",-205,175,"205","2019-02-23",2677
3370,"Chris Fishgold","Daniel Teymur",-240,200,"145","2019-02-23",2679
3371,"Gillian Robertson","Veronica Hardy",-170,145,"125","2019-02-23",2680
3374,"Diego Ferreira","Rustam Khabilov",110,-130,"155","2019-02-23",2683
3375,"Damir Ismagulov","Joel Alvarez",-310,260,"155","2019-02-23",2684
3377,"Paul Felder","James Vick",105,-125,"155","2019-02-17",2686
3378,"Cynthia Calvillo","Cortney Casey",-355,270,"115","2019-02-17",2687
3379,"Kron Gracie","Alex Caceres",-275,215,"145","2019-02-17",2688
3380,"Vicente Luque","Bryan Barberena",-490,365,"170","2019-02-17",2689
3381,"Andre Fili","Myles Jury",125,-155,"145","2019-02-17",2690
3382,"Aljamain Sterling","Jimmie Rivera",120,-140,"135","2019-02-17",2691
3383,"Manny Bermudez","Benito Lopez",-195,155,"135","2019-02-17",2692
3385,"Nik Lentz","Scott Holtzman",145,-185,"155","2019-02-17",2694
3387,"Emily Whitmire","Aleksandra Albu",-115,-115,"115","2019-02-17",2696
3388,"Israel Adesanya","Anderson Silva",-500,365,"185","2019-02-09",2697
3389,"Lando Vannata","Marcos Mariano",-445,335,"155","2019-02-09",2698
3390,"Ricky Simón","Rani Yahya",100,-125,"135","2019-02-09",2699
3391,"Montana De La Rosa","Nadia Kassem",-260,210,"125","2019-02-09",2700
3392,"Jimmy Crute","Sam Alvey",-170,135,"205","2019-02-09",2701
3393,"Devonte Smith","Dong Hyun Ma",-260,205,"155","2019-02-09",2702
3394,"Shane Young","Austin Arnett",-385,295,"145","2019-02-09",2703
3397,"Jalin Turner","Callan Potter",-220,185,"155","2019-02-09",2706
3398,"Jonathan Martinez","Wulijiburen",-135,110,"135","2019-02-09",2707
3399,"Marlon Moraes","Raphael Assunção",-150,120,"135","2019-02-02",2708
3400,"José Aldo","Renato Moicano",-120,-110,"145","2019-02-02",2709
3401,"Demian Maia","Lyman Good",-200,160,"170","2019-02-02",2710
3402,"Charles Oliveira","David Teymur",-125,100,"155","2019-02-02",2711
3403,"Johnny Walker","Justin Ledet",-225,185,"205","2019-02-02",2712
3404,"Livinha Souza","Sarah Frota",-235,185,"115","2019-02-02",2713
3405,"Markus Perez","Anthony Hernandez",110,-140,"185","2019-02-02",2714
3407,"Thiago Alves","Max Griffin",155,-195,"170","2019-02-02",2716
3409,"Geraldo de Freitas","Felipe Colares",-135,110,"145","2019-02-02",2718
3410,"Said Nurmagomedov","Ricardo Ramos",140,-170,"135","2019-02-02",2719
3413,"Allen Crowder","Greg Hardy",380,-490,"265","2019-01-19",2722
3414,"Gregor Gillespie","Yancy Medeiros",-500,360,"155","2019-01-19",2723
3415,"Joseph Benavidez","Dustin Ortiz",-220,170,"125","2019-01-19",2724
3416,"Paige VanZant","Rachael Ostovich",-175,145,"125","2019-01-19",2725
3417,"Glover Teixeira","Karl Roberson",-105,-115,"205","2019-01-19",2726
3418,"Donald Cerrone","Alexander Hernandez",180,-225,"155","2019-01-19",2727
3419,"Joanne Wood","Ariane Lipski",200,-245,"125","2019-01-19",2728
3421,"Cory Sandhagen","Mario Bautista",-570,430,"135","2019-01-19",2730
3422,"Dennis Bermudez","Te Edwards",105,-135,"155","2019-01-19",2731
3423,"Geoff Neal","Belal Muhammad",-205,170,"170","2019-01-19",2732
3424,"Chance Rencountre","Kyle Stewart",140,-170,"170","2019-01-19",2733
3425,"Jon Jones","Alexander Gustafsson",-340,265,"205","2018-12-29",2734
3427,"Michael Chiesa","Carlos Condit",-125,-105,"170","2018-12-29",2736
3428,"Corey Anderson","Ilir Latifi",100,-125,"205","2018-12-29",2737
3429,"Alexander Volkanovski","Chad Mendes",100,-125,"145","2018-12-29",2738
3430,"Andrei Arlovski","Walt Harris",185,-225,"265","2018-12-29",2739
3431,"Megan Anderson","Cat Zingano",110,-135,"145","2018-12-29",2740
3434,"Nathaniel Wood","Andre Ewell",-125,100,"135","2018-12-29",2743
3435,"Uriah Hall","Bevon Lewis",160,-190,"185","2018-12-29",2744
3436,"Curtis Millender","Siyar Bahadurzada",-145,120,"170","2018-12-29",2745
3437,"Montel Jackson","Brian Kelleher",-185,155,"135","2018-12-29",2746
3438,"Al Iaquinta","Kevin Lee",270,-345,"155","2018-12-15",2747
3384,"Andrea Lee","Ashlee Evans-Smith",-175,135,"125","2019-02-17",2693
3341,"Blagoy Ivanov","Ben Rothwell",105,-125,"265","2019-03-09",2650
3395,"Kai Kara-France","Raulian Paiva",-240,190,"125","2019-02-09",2704
3354,"Zhang Weili","Tecia Torres",-130,100,"115","2019-03-02",2663
3376,"Francis Ngannou","Cain Velasquez",165,-200,"265","2019-02-17",2685
3339,"Elizeu Zaleski dos Santos","Curtis Millender",100,-125,"170","2019-03-09",2648
3406,"Mara Romero Borella","Taila Santos",170,-210,"125","2019-02-02",2715
3412,"Henry Cejudo","TJ Dillashaw",200,-250,"125","2019-01-19",2721
3372,"Damir Hadžović","Marco Polo Reyes",-130,110,"155","2019-02-23",2681
3469,"Alexey Kunchenko","Yushin Okami",-325,260,"170","2018-12-01",
3497,"Xiaonan Yan","Syuri Kondo",-400,310,"115","2018-11-24",
3441,"Charles Oliveira","Jim Miller",-320,245,"155","2018-12-15",2750
3442,"Zak Ottow","Dwight Grant",230,-300,"170","2018-12-15",2751
3443,"Drakkar Klose","Bobby Green",-255,200,"155","2018-12-15",2752
3444,"Joaquim Silva","Jared Gordon",100,-130,"155","2018-12-15",2753
3446,"Zak Cummings","Trevor Smith",-350,265,"185","2018-12-15",2755
3447,"Dan Ige","Jordan Griffin",-180,140,"145","2018-12-15",2756
3448,"Mike Rodriguez","Adam Milstead",-120,-110,"205","2018-12-15",2757
3450,"Max Holloway","Brian Ortega",-115,-105,"145","2018-12-08",2759
3451,"Valentina Shevchenko","Joanna Jędrzejczyk",-320,255,"125","2018-12-08",2760
3452,"Gunnar Nelson","Alex Oliveira",-145,125,"170","2018-12-08",2761
3453,"Hakeem Dawodu","Kyle Bochniak",-200,160,"145","2018-12-08",2762
3454,"Thiago Santos","Jimi Manuwa",-190,150,"205","2018-12-08",2763
3455,"Nina Nunes","Cláudia Gadelha",240,-305,"115","2018-12-08",2764
3457,"Jessica Eye","Katlyn Chookagian",185,-235,"125","2018-12-08",2766
3458,"Elias Theodorou","Eryk Anders",-130,105,"185","2018-12-08",2767
3459,"Brad Katona","Matthew Lopez",-165,135,"135","2018-12-08",2768
3461,"Diego Ferreira","Kyle Nelson",-530,385,"155","2018-12-08",2770
3462,"Aleksandar Rakić","Devin Clark",-600,400,"205","2018-12-08",2771
3463,"Junior Dos Santos","Tai Tuivasa",-155,130,"265","2018-12-01",2772
3465,"Justin Willis","Mark Hunt",-130,105,"265","2018-12-01",2774
3466,"Anthony Rocco Martin","Jake Matthews",125,-150,"170","2018-12-01",2775
3467,"Sodiq Yusuff","Suman Mokhtarian",-600,410,"145","2018-12-01",2776
3468,"Jimmy Crute","Paul Craig",-310,245,"205","2018-12-01",2777
3470,"Wilson Reis","Ben Nguyen",125,-150,"125","2018-12-01",2779
3473,"Christos Giagos","Mizuto Hirota",-400,300,"155","2018-12-01",2782
3474,"Damir Ismagulov","Alex Gorgees",-500,350,"155","2018-12-01",2783
3476,"Juan Espino","Justin Frazier",-170,140,"265","2018-11-30",2785
3477,"Macy Chiasson","Pannie Kianzad",-105,-120,"145","2018-11-30",2786
3478,"Pedro Munhoz","Bryan Caraway",-295,240,"135","2018-11-30",2787
3479,"Edmen Shahbazyan","Darren Stewart",-125,-110,"185","2018-11-30",2788
3480,"Antonina Shevchenko","Ji Yeon Kim",-285,235,"125","2018-11-30",2789
3481,"Kevin Aguilar","Ricky Glenn",100,-120,"145","2018-11-30",2790
3482,"Joseph Benavidez","Alex Perez",110,-135,"125","2018-11-30",2791
3483,"Maurice Greene","Michel Batista",-145,120,"265","2018-11-30",2792
3484,"Leah Letson","Julija Stoliarenko",-210,160,"145","2018-11-30",2793
3486,"Tim Means","Ricky Rainey",-375,275,"170","2018-11-30",2795
3487,"Raoni Barcelos","Chris Gutierrez",-505,385,"135","2018-11-30",2796
3489,"Alistair Overeem","Sergei Pavlovich",105,-130,"265","2018-11-24",2798
3496,"Pingyuan Liu","Martin Day",-185,155,"135","2018-11-24",2805
3498,"Kevin Holland","John Phillips",-650,445,"185","2018-11-24",2807
3499,"Louis Smolka","Sumudaerji",-175,145,"135","2018-11-24",2808
3500,"Santiago Ponzinibbio","Neil Magny",-210,175,"170","2018-11-17",2809
3501,"Ricardo Lamas","Darren Elkins",-175,145,"145","2018-11-17",2810
3503,"Ian Heinisch","Cezar Ferreira",155,-185,"185","2018-11-17",2812
3505,"Cynthia Calvillo","Poliana Botelho",150,-185,"115","2018-11-17",2814
3506,"Michel Prazeres","Bartosz Fabiński",-140,110,"170","2018-11-17",2815
3508,"Austin Arnett","Humberto Bandenay",195,-250,"145","2018-11-17",2817
3509,"Laureano Staropoli","Hector Aldana",-105,-130,"170","2018-11-17",2818
3510,"Jesus Pinedo","Devin Powell",-270,210,"155","2018-11-17",2819
3512,"Yair Rodriguez","Chan Sung Jung",-135,115,"145","2018-11-10",2821
3513,"Donald Cerrone","Mike Perry",165,-200,"170","2018-11-10",2822
3515,"Beneil Dariush","Thiago Moisés",-170,140,"155","2018-11-10",2824
3516,"Maycee Barber","Hannah Cifers",-425,325,"115","2018-11-10",2825
3517,"Michael Trizano","Luis Pena",150,-180,"155","2018-11-10",2826
3518,"Ashley Yoder","Amanda Cooper",-145,125,"115","2018-11-10",2827
3519,"Chas Skelly","Bobby Moffett",-105,-120,"145","2018-11-10",2828
3520,"Davi Ramos","John Gunther",-1100,700,"155","2018-11-10",2829
3521,"Devonte Smith","Julian Erosa",-230,185,"155","2018-11-10",2830
3522,"Eric Shelton","Joseph Morales",-155,125,"125","2018-11-10",2831
3523,"Mark De La Rosa","Joby Sanchez",-275,210,"135","2018-11-10",2832
3524,"Daniel Cormier","Derrick Lewis",-425,325,"265","2018-11-03",2833
3526,"Jared Cannonier","David Branch",255,-315,"185","2018-11-03",2835
3527,"Karl Roberson","Jack Marshman",-350,280,"185","2018-11-03",2836
3528,"Israel Adesanya","Derek Brunson",-270,230,"185","2018-11-03",2837
3529,"Jordan Rinaldi","Jason Knight",260,-325,"145","2018-11-03",2838
3530,"Sijara Eubanks","Roxanne Modafferi",-605,465,"125","2018-11-03",2839
3532,"Lyman Good","Ben Saunders",-640,470,"170","2018-11-03",2841
3533,"Matt Frevola","Lando Vannata",200,-250,"155","2018-11-03",2842
3534,"Shane Burgos","Kurt Holobaugh",-415,330,"145","2018-11-03",2843
3535,"Marcos Rogério de Lima","Adam Wieczorek",150,-180,"265","2018-11-03",2844
3536,"Anthony Smith","Volkan Oezdemir",135,-160,"205","2018-10-27",2845
3537,"Michael Johnson","Artem Lobov",-710,480,"145","2018-10-27",2846
3456,"Gilbert Burns","Olivier Aubin-Mercier",115,-140,"155","2018-12-08",2765
3440,"Rob Font","Sergio Pettis",-155,125,"135","2018-12-15",2749
3472,"Kai Kara-France","Elias Garcia",-410,305,"125","2018-12-01",2781
3493,"Wu Yanan","Lauren Mueller",305,-385,"125","2018-11-24",2802
3495,"Zhang Weili","Jessica Aguilar",-610,415,"115","2018-11-24",2804
3492,"Alex Morono","Song Kenan",115,-135,"170","2018-11-24",2801
3488,"Francis Ngannou","Curtis Blaydes",205,-245,"265","2018-11-24",2797
3525,"Jacare Souza","Chris Weidman",145,-175,"185","2018-11-03",2834
3475,"Kamaru Usman","Rafael Dos Anjos",-320,255,"170","2018-11-30",2784
3464,"Mauricio Rua","Tyson Pedro",415,-565,"205","2018-12-01",2773
3490,"Song Yadong","Vince Morales",-600,425,"135","2018-11-24",2799
3449,"Juan Adams","Chris de la Rocha",-550,415,"265","2018-12-15",2758
3491,"Li Jingliang","David Zawada",-210,170,"170","2018-11-24",2800
3494,"Rashad Coulter","Hu Yaozong",105,-130,"205","2018-11-24",2803
3507,"Alexandre Pantoja","Yuta Sasaki",-335,265,"125","2018-11-17",2816
3562,"Alex Oliveira","Carlo Pedersoli",-525,395,"170","2018-09-22",
3578,"Alexey Kunchenko","Thiago Alves",-485,385,"170","2018-09-15",
3599,"Jarred Brooks","Roberto Sanchez",-290,235,"125","2018-09-08",
3540,"Gian Villante","Ed Herman",-215,175,"205","2018-10-27",2849
3541,"Court McGee","Alex Garcia",195,-245,"170","2018-10-27",2850
3542,"Sean Strickland","Nordine Taleb",110,-130,"170","2018-10-27",2851
3543,"Nasrat Haqparast","Thibault Gouti",-915,555,"155","2018-10-27",2852
3544,"Calvin Kattar","Chris Fishgold",-230,185,"145","2018-10-27",2853
3545,"Talita Bernardo","Sarah Moras",145,-175,"135","2018-10-27",2854
3546,"Don Madge","Te Edwards",355,-450,"155","2018-10-27",2855
3547,"Arjan Bhullar","Marcelo Golm",-175,140,"265","2018-10-27",2856
3548,"Stevie Ray","Jessin Ayari",-175,140,"155","2018-10-27",2857
3550,"Tony Ferguson","Anthony Pettis",-425,315,"155","2018-10-06",2859
3552,"Derrick Lewis","Alexander Volkov",135,-165,"265","2018-10-06",2861
3554,"Jussier Formiga","Sergio Pettis",160,-190,"125","2018-10-06",2863
3555,"Vicente Luque","Jalin Turner",-855,570,"170","2018-10-06",2864
3556,"Aspen Ladd","Tonya Evinger",-185,155,"135","2018-10-06",2865
3557,"Scott Holtzman","Alan Patrick",260,-320,"155","2018-10-06",2866
3558,"Yana Santos","Lina Länsberg",-250,205,"135","2018-10-06",2867
3559,"Nik Lentz","Gray Maynard",-240,195,"155","2018-10-06",2868
3560,"Anthony Rocco Martin","Ryan LaFlare",105,-125,"170","2018-10-06",2869
3561,"Thiago Santos","Eryk Anders",-200,165,"205","2018-09-22",2870
3565,"Randa Markos","Marina Rodriguez",110,-130,"115","2018-09-22",2874
3566,"Charles Oliveira","Christos Giagos",-450,350,"155","2018-09-22",2875
3567,"Francisco Trinaldo","Evan Dunham",-185,155,"155","2018-09-22",2876
3568,"Ryan Spann","Luis Henrique",-125,100,"205","2018-09-22",2877
3569,"Augusto Sakai","Chase Sherman",-220,180,"265","2018-09-22",2878
3570,"Sérgio Moraes","Ben Saunders",-285,235,"170","2018-09-22",2879
3571,"Mayra Bueno Silva","Gillian Robertson",120,-145,"125","2018-09-22",2880
3572,"Thales Leites","Hector Lombard",-155,130,"185","2018-09-22",2881
3574,"Livinha Souza","Alex Chambers",-1350,800,"115","2018-09-22",2883
3575,"Aleksei Oleinik","Mark Hunt",100,-120,"265","2018-09-15",2884
3577,"Shamil Abdurakhimov","Andrei Arlovski",-135,115,"265","2018-09-15",2886
3580,"Petr Yan","Jin Soo Son",-1250,685,"135","2018-09-15",2889
3581,"Rustam Khabilov","Kajan Johnson",-825,535,"155","2018-09-15",2890
3583,"Magomed Ankalaev","Marcin Prachnio",-540,415,"205","2018-09-15",2892
3584,"Jordan Johnson","Adam Yandiev",-270,225,"185","2018-09-15",2893
3585,"Ramazan Emeev","Stefan Sekulić",-700,500,"170","2018-09-15",2894
3586,"Merab Dvalishvili","Terrion Ware",-550,415,"135","2018-09-15",2895
3587,"Tyron Woodley","Darren Till",-115,-115,"170","2018-09-08",2896
3588,"Jéssica Andrade","Karolina Kowalkiewicz",-475,365,"115","2018-09-08",2897
3589,"Zabit Magomedsharipov","Brandon Davis",-1450,845,"145","2018-09-08",2898
3590,"Jimmie Rivera","John Dodson",-140,120,"135","2018-09-08",2899
3592,"Tatiana Suarez","Carla Esparza",-440,340,"115","2018-09-08",2901
3593,"Aljamain Sterling","Cody Stamann",-170,145,"135","2018-09-08",2902
3594,"Geoff Neal","Frank Camacho",-195,170,"170","2018-09-08",2903
3595,"Darren Stewart","Charles Byrd",150,-175,"185","2018-09-08",2904
3596,"Diego Sanchez","Craig White",170,-205,"170","2018-09-08",2905
3597,"Jim Miller","Alex White",140,-165,"155","2018-09-08",2906
3598,"Irene Aldana","Lucie Pudilová",-120,-105,"135","2018-09-08",2907
3600,"Justin Gaethje","James Vick",125,-145,"155","2018-08-25",2909
3601,"Michael Johnson","Andre Fili",-105,-120,"145","2018-08-25",2910
3602,"Cortney Casey","Angela Hill",110,-135,"115","2018-08-25",2911
3604,"Deiveson Figueiredo","John Moraga",-170,140,"125","2018-08-25",2913
3605,"Eryk Anders","Tim Williams",-1265,765,"185","2018-08-25",2914
3606,"James Krause","Warlley Alves",265,-320,"170","2018-08-25",2915
3607,"Cory Sandhagen","Iuri Alcântara",-220,185,"135","2018-08-25",2916
3608,"Andrew Sanchez","Markus Perez",-130,110,"185","2018-08-25",2917
3609,"Mickey Gall","George Sullivan",-315,255,"170","2018-08-25",2918
3610,"Joanne Wood","Kalindra Faria",-190,160,"125","2018-08-25",2919
3611,"Drew Dober","Jon Tuck",-225,185,"155","2018-08-25",2920
3612,"Rani Yahya","Luke Sanders",-110,-115,"135","2018-08-25",2921
3615,"Renato Moicano","Cub Swanson",-320,265,"145","2018-08-04",2924
3616,"JJ Aldrich","Polyana Viana",130,-155,"115","2018-08-04",2925
3617,"Thiago Santos","Kevin Holland",-340,280,"185","2018-08-04",2926
3618,"Pedro Munhoz","Brett Johns",-200,170,"135","2018-08-04",2927
3619,"Ricky Simón","Montel Jackson",100,-120,"135","2018-08-04",2928
3620,"Ricardo Ramos","Kyung Ho Kang",-290,240,"135","2018-08-04",2929
3621,"Sheymon Moraes","Matt Sayles",115,-135,"145","2018-08-04",2930
3622,"Alex Perez","Jose Torres",-150,125,"125","2018-08-04",2931
3624,"Marlon Vera","Wulijiburen",-490,380,"135","2018-08-04",2933
3625,"Dustin Poirier","Eddie Alvarez",-195,165,"155","2018-07-28",2934
3626,"José Aldo","Jeremy Stephens",105,-120,"145","2018-07-28",2935
3627,"Joanna Jędrzejczyk","Tecia Torres",-285,230,"115","2018-07-28",2936
3630,"Hakeem Dawodu","Austin Arnett",-510,360,"145","2018-07-28",2939
3631,"Islam Makhachev","Kajan Johnson",-620,420,"155","2018-07-28",2940
3632,"Ion Cutelaba","Gadzhimurad Antigulov",-130,100,"205","2018-07-28",2941
3633,"John Makdessi","Ross Pearson",-225,185,"155","2018-07-28",2942
3634,"Katlyn Chookagian","Alexis Davis",-155,125,"125","2018-07-28",2943
3635,"Dustin Ortiz","Matheus Nicolau",150,-190,"125","2018-07-28",2944
3553,"Michelle Waterson-Gomez","Felice Herrig",110,-130,"115","2018-10-06",2862
3539,"Andre Soukhamthath","Jonathan Martinez",-150,125,"135","2018-10-27",2848
3628,"Alexander Hernandez","Olivier Aubin-Mercier",-105,-120,"155","2018-07-28",2937
3579,"Khalid Murtazaliev","CB Dollaway",-165,140,"185","2018-09-15",2888
3613,"TJ Dillashaw","Cody Garbrandt",-130,100,"135","2018-08-04",2922
3551,"Dominick Reyes","Ovince Saint Preux",-225,195,"205","2018-10-06",2860
3623,"Zhang Weili","Danielle Taylor",-310,260,"115","2018-08-04",2932
3563,"Rogerio Nogueira","Sam Alvey",310,-390,"205","2018-09-22",2872
3582,"Mairbek Taisumov","Desmond Green",-525,400,"155","2018-09-15",2891
3696,"Xiaonan Yan","Viviane Pereira",140,-170,"115","2018-06-23",
3733,"Carlo Pedersoli","Brad Scott",-145,125,"170","2018-05-27",
3639,"Corey Anderson","Glover Teixeira",140,-160,"205","2018-07-22",2948
3640,"Abu Azaitar","Vitor Miranda",-210,175,"185","2018-07-22",2949
3641,"Marcin Tybura","Stefan Struve",-220,185,"265","2018-07-22",2950
3642,"Danny Roberts","David Zawada",-210,175,"170","2018-07-22",2951
3643,"Nasrat Haqparast","Marc Diakiese",130,-160,"155","2018-07-22",2952
3644,"Damir Hadžović","Nick Hein",130,-150,"155","2018-07-22",2953
3646,"Nad Narimani","Khalid Taha",-200,170,"145","2018-07-22",2955
3648,"Manny Bermudez","Davey Grant",-300,250,"135","2018-07-22",2957
3649,"Darko Stošić","Jeremy Kimball",-250,210,"205","2018-07-22",2958
3650,"Pingyuan Liu","Damian Stasiak",-110,-110,"135","2018-07-22",2959
3652,"Sage Northcutt","Zak Ottow",-140,115,"170","2018-07-14",2961
3653,"Ricky Glenn","Dennis Bermudez",160,-190,"145","2018-07-14",2962
3654,"Niko Price","Randy Brown",105,-125,"170","2018-07-14",2963
3655,"Chad Mendes","Myles Jury",-135,115,"145","2018-07-14",2964
3656,"Cat Zingano","Marion Reneau",100,-120,"135","2018-07-14",2965
3657,"Alejandro Perez","Eddie Wineland",-170,145,"135","2018-07-14",2966
3659,"Said Nurmagomedov","Justin Scoggins",-140,115,"125","2018-07-14",2968
3660,"Raoni Barcelos","Kurt Holobaugh",150,-175,"145","2018-07-14",2969
3661,"Liz Carmouche","Jennifer Maia",-135,110,"125","2018-07-14",2970
3662,"Mark De La Rosa","Elias Garcia",120,-145,"125","2018-07-14",2971
3663,"Jessica Aguilar","Jodie Esquibel",115,-140,"115","2018-07-14",2972
3664,"Daniel Cormier","Stipe Miocic",175,-200,"265","2018-07-07",2973
3666,"Mike Perry","Paul Felder",135,-155,"170","2018-07-07",2975
3667,"Anthony Pettis","Michael Chiesa",165,-175,"155","2018-07-07",2976
3669,"Paulo Costa","Uriah Hall",-280,255,"185","2018-07-07",2978
3670,"Raphael Assunção","Rob Font",-140,120,"135","2018-07-07",2979
3671,"Drakkar Klose","Lando Vannata",175,-190,"155","2018-07-07",2980
3672,"Curtis Millender","Max Griffin",-165,155,"170","2018-07-07",2981
3673,"Dan Hooker","Gilbert Burns",-110,100,"155","2018-07-07",2982
3675,"Israel Adesanya","Brad Tavares",-115,-110,"185","2018-07-06",2984
3676,"Michael Trizano","Joe Giannetti",135,-160,"155","2018-07-06",2985
3677,"Brad Katona","Jay Cucciniello",-240,200,"145","2018-07-06",2986
3678,"Alex Caceres","Martín Bravo",-135,110,"145","2018-07-06",2987
3679,"Roxanne Modafferi","Barb Honchak",115,-135,"125","2018-07-06",2988
3680,"Alessio Di Chirico","Julian Marquez",110,-135,"190","2018-07-06",2989
3681,"Montana De La Rosa","Rachael Ostovich",-145,120,"125","2018-07-06",2990
3682,"Luis Pena","Richie Smullen",-370,280,"155","2018-07-06",2991
3683,"John Gunther","Allan Zuñiga",-135,115,"155","2018-07-06",2992
3684,"Bryce Mitchell","Tyler Diamond",-110,-115,"145","2018-07-06",2993
3685,"Steven Peterson","Matt Bessette",110,-130,"145","2018-07-06",2994
3687,"Leon Edwards","Donald Cerrone",-245,195,"170","2018-06-23",2996
3691,"Petr Yan","Teruto Ishihara",-585,445,"135","2018-06-23",3000
3693,"Shane Young","Rolando Dy",-170,140,"145","2018-06-23",3002
3695,"Jake Matthews","Shinsho Anzai",-585,445,"170","2018-06-23",3004
3697,"Matt Schnell","Naoki Inoue",165,-195,"125","2018-06-23",3006
3699,"Ji Yeon Kim","Melinda Fábián",-180,150,"125","2018-06-23",3008
3700,"Robert Whittaker","Yoel Romero",-245,205,"186","2018-06-09",3009
3702,"Holly Holm","Megan Anderson",-150,130,"145","2018-06-09",3011
3703,"Tai Tuivasa","Andrei Arlovski",-230,195,"265","2018-06-09",3012
3704,"CM Punk","Mike Jackson",165,-195,"170","2018-06-09",3013
3705,"Curtis Blaydes","Alistair Overeem",-185,160,"265","2018-06-09",3014
3707,"Mirsad Bektić","Ricardo Lamas",-240,200,"145","2018-06-09",3016
3709,"Anthony Smith","Rashad Evans",-230,200,"205","2018-06-09",3018
3710,"Sergio Pettis","Joseph Benavidez",165,-190,"125","2018-06-09",3019
3711,"Charles Oliveira","Clay Guida",-140,120,"155","2018-06-09",3020
3712,"Dan Ige","Mike Santiago",-120,100,"145","2018-06-09",3021
3713,"Marlon Moraes","Jimmie Rivera",-110,-110,"135","2018-06-01",3022
3714,"Gregor Gillespie","Vinc Pichel",-400,325,"155","2018-06-01",3023
3715,"Walt Harris","Daniel Spitz",-225,190,"265","2018-06-01",3024
3716,"Ben Saunders","Jake Ellenberger",140,-170,"170","2018-06-01",3025
3717,"Julio Arce","Daniel Teymur",-190,160,"145","2018-06-01",3026
3718,"Sam Alvey","Gian Villante",-155,130,"205","2018-06-01",3027
3719,"Sijara Eubanks","Lauren Murphy",-200,170,"125","2018-06-01",3028
3720,"David Teymur","Nik Lentz",-295,235,"155","2018-06-01",3029
3723,"Nathaniel Wood","Johnny Eduardo",-235,195,"135","2018-06-01",3032
3724,"Jose Torres","Jarred Brooks",-150,130,"125","2018-06-01",3033
3725,"Darren Till","Stephen Thompson",130,-150,"170","2018-05-27",3034
3726,"Neil Magny","Craig White",-600,450,"170","2018-05-27",3035
3727,"Arnold Allen","Mads Burnell",-230,195,"145","2018-05-27",3036
3728,"Makwan Amirkhani","Jason Knight",150,-180,"145","2018-05-27",3037
3729,"Claudio Silva","Nordine Taleb",310,-380,"170","2018-05-27",3038
3730,"Darren Stewart","Eric Spicely",135,-160,"185","2018-05-27",3039
3731,"Tom Breese","Daniel Kelly",-380,310,"185","2018-05-27",3040
3732,"Lina Länsberg","Gina Mazany",135,-160,"135","2018-05-27",3041
3689,"Jessica Eye","Jessica-Rose Clark",150,-180,"125","2018-06-23",2998
3651,"Junior Dos Santos","Blagoy Ivanov",-170,145,"265","2018-07-14",2960
3688,"Ovince Saint Preux","Tyson Pedro",125,-150,"205","2018-06-23",2997
3694,"Song Kenan","Hector Aldana",-300,250,"170","2018-06-23",3003
3668,"Khalil Rountree Jr.","Gökhan Saki",125,-135,"205","2018-07-07",2977
3701,"Colby Covington","Rafael Dos Anjos",-125,110,"170","2018-06-09",3010
3692,"Song Yadong","Felipe Arantes",-125,100,"135","2018-06-23",3001
3638,"Anthony Smith","Mauricio Rua",-140,120,"205","2018-07-22",2947
3698,"Yuta Sasaki","Jenel Lausa",-250,200,"125","2018-06-23",3007
3708,"Chris de la Rocha","Rashad Coulter",-105,-120,"265","2018-06-09",3017
3690,"Li Jingliang","Daichi Abe",-225,180,"170","2018-06-23",2999
3722,"Desmond Green","Gleison Tibau",-300,250,"155","2018-06-01",3031
3645,"Bartosz Fabiński","Emil Meek",120,-140,"170","2018-07-22",2954
3637,"Devin Powell","Alvaro Herrera Mendoza",-110,-120,"155","2018-07-28",2946
3805,"Dmitriy Sosnovskiy","Mark Godbeer",-275,230,"265","2018-03-17",
3737,"Tatiana Suarez","Alexa Grasso",-600,450,"115","2018-05-19",3046
3738,"Dominick Reyes","Jared Cannonier",-210,170,"205","2018-05-19",3047
3739,"Guido Cannetti","Diego Rivas",150,-180,"135","2018-05-19",3048
3740,"Andrea Lee","Veronica Hardy",-325,265,"125","2018-05-19",3049
3741,"Vicente Luque","Chad Laprise",-235,190,"170","2018-05-19",3050
3742,"Michel Prazeres","Zak Cummings",170,-200,"170","2018-05-19",3051
3744,"Poliana Botelho","Syuri Kondo",-180,150,"115","2018-05-19",3053
3745,"Gabriel Benítez","Humberto Bandenay",-165,135,"145","2018-05-19",3054
3746,"Enrique Barzola","Brandon Davis",-220,180,"145","2018-05-19",3055
3747,"Frankie Saenz","Henry Briones",-335,275,"135","2018-05-19",3056
3748,"Claudio Puelles","Felipe Silva",250,-300,"155","2018-05-19",3057
3749,"Amanda Nunes","Raquel Pennington",-700,540,"135","2018-05-12",3058
3751,"Mackenzie Dern","Amanda Cooper",-275,230,"123","2018-05-12",3060
3752,"John Lineker","Brian Kelleher",-270,225,"135","2018-05-12",3061
3753,"Lyoto Machida","Vitor Belfort",-195,165,"185","2018-05-12",3062
3754,"Cezar Ferreira","Karl Roberson",-145,125,"185","2018-05-12",3063
3755,"Aleksei Oleinik","Júnior Albini",130,-160,"265","2018-05-12",3064
3756,"Davi Ramos","Nick Hein",-190,150,"155","2018-05-12",3065
3758,"Warlley Alves","Sultan Aliev",-300,250,"170","2018-05-12",3067
3759,"Jack Hermansson","Thales Leites",-135,115,"185","2018-05-12",3068
3760,"Ramazan Emeev","Alberto Mina",-175,140,"170","2018-05-12",3069
3761,"Markus Perez","James Bochnovic",-300,250,"185","2018-05-12",3070
3762,"Kevin Lee","Edson Barboza",-180,150,"157","2018-04-21",3071
3764,"Justin Willis","Chase Sherman",-300,250,"265","2018-04-21",3073
3765,"David Branch","Thiago Santos",140,-165,"185","2018-04-21",3074
3766,"Aljamain Sterling","Brett Johns",-115,-115,"135","2018-04-21",3075
3767,"Dan Hooker","Jim Miller",-305,250,"155","2018-04-21",3076
3768,"Ryan LaFlare","Alex Garcia",-155,130,"170","2018-04-21",3077
3769,"Ricky Simón","Merab Dvalishvili",-130,110,"135","2018-04-21",3078
3770,"Siyar Bahadurzada","Luan Chagas",145,-185,"170","2018-04-21",3079
3771,"Corey Anderson","Patrick Cummins",-160,130,"205","2018-04-21",3080
3773,"Dustin Poirier","Justin Gaethje",-115,-105,"155","2018-04-14",3082
3774,"Alex Oliveira","Carlos Condit",-200,160,"170","2018-04-14",3083
3775,"Israel Adesanya","Marvin Vettori",-250,200,"185","2018-04-14",3084
3777,"Antônio Carlos Júnior","Tim Boetsch",-250,200,"185","2018-04-14",3086
3778,"Muslim Salikhov","Ricky Rainey",-200,160,"170","2018-04-14",3087
3779,"John Moraga","Wilson Reis",100,-120,"125","2018-04-14",3088
3780,"Brad Tavares","Krzysztof Jotko",-105,-135,"185","2018-04-14",3089
3781,"Gilbert Burns","Dan Moret",-640,450,"155","2018-04-14",3090
3782,"Lauren Mueller","Shana Dobson",-160,130,"125","2018-04-14",3091
3783,"Yushin Okami","Dhiego Lima",-125,-105,"170","2018-04-14",3092
3784,"Adam Wieczorek","Arjan Bhullar",270,-360,"265","2018-04-14",3093
3785,"Alejandro Perez","Matthew Lopez",-115,-115,"135","2018-04-14",3094
3786,"Luke Sanders","Patrick Williams",-475,355,"135","2018-04-14",3095
3787,"Khabib Nurmagomedov","Al Iaquinta",-700,500,"155","2018-04-07",3096
3789,"Renato Moicano","Calvin Kattar",-115,-110,"145","2018-04-07",3098
3790,"Zabit Magomedsharipov","Kyle Bochniak",-650,460,"145","2018-04-07",3099
3791,"Chris Gruetzemacher","Joe Lauzon",135,-160,"155","2018-04-07",3100
3792,"Karolina Kowalkiewicz","Felice Herrig",-200,160,"115","2018-04-07",3101
3795,"Devin Clark","Mike Rodriguez",-115,-115,"205","2018-04-07",3104
3796,"Alexander Volkov","Fabrício Werdum",175,-210,"265","2018-03-17",3105
3797,"Jan Błachowicz","Jimi Manuwa",130,-155,"205","2018-03-17",3106
3798,"Tom Duquesnoy","Terrion Ware",-385,315,"135","2018-03-17",3107
3799,"Leon Edwards","Peter Sobotta",-195,165,"170","2018-03-17",3108
3800,"Charles Byrd","John Phillips",100,-120,"185","2018-03-17",3109
3801,"Danny Roberts","Oliver Enkamp",-130,110,"170","2018-03-17",3110
3802,"Danny Henry","Hakeem Dawodu",200,-245,"145","2018-03-17",3111
3803,"Paul Craig","Magomed Ankalaev",550,-750,"205","2018-03-17",3112
3804,"Kajan Johnson","Stevie Ray",170,-200,"155","2018-03-17",3113
3808,"Sean O'Malley","Andre Soukhamthath",-135,125,"135","2018-03-03",3117
3809,"Andrei Arlovski","Stefan Struve",150,-175,"265","2018-03-03",3118
3810,"Ketlen Vieira","Cat Zingano",-200,180,"135","2018-03-03",3119
3811,"Mackenzie Dern","Ashley Yoder",-455,355,"115","2018-03-03",3120
3812,"Alexander Hernandez","Beneil Dariush",350,-400,"155","2018-03-03",3121
3813,"John Dodson","Pedro Munhoz",-155,125,"135","2018-03-03",3122
3815,"Zak Ottow","Mike Pyle",-300,250,"170","2018-03-03",3124
3816,"Cody Stamann","Bryan Caraway",-160,130,"135","2018-03-03",3125
3817,"Jordan Johnson","Adam Milstead",-260,200,"205","2018-03-03",3126
3818,"Jeremy Stephens","Josh Emmett",-150,120,"145","2018-02-24",3127
3819,"Jéssica Andrade","Tecia Torres",-300,250,"115","2018-02-24",3128
3821,"Max Griffin","Mike Perry",260,-320,"170","2018-02-24",3130
3823,"Marion Reneau","Sara McMann",150,-180,"135","2018-02-24",3132
3824,"Angela Hill","Maryna Moroz",-125,100,"115","2018-02-24",3133
3825,"Alan Jouban","Ben Saunders",-260,220,"170","2018-02-24",3134
3826,"Sam Alvey","Marcin Prachnio",180,-220,"205","2018-02-24",3135
3827,"Rani Yahya","Russell Doane",-210,180,"135","2018-02-24",3136
3828,"Alex Perez","Eric Shelton",115,-135,"125","2018-02-24",3137
3829,"Manny Bermudez","Albert Morales",-180,150,"135","2018-02-24",3138
4687,"Josh Barnett","Andrei Arlovski",-135,105,"265","2016-09-03",3844
4697,"Rustam Khabilov","Leandro Silva",-450,300,"155","2016-09-03",3854
3776,"Michelle Waterson-Gomez","Cortney Casey",155,-175,"115","2018-04-14",3085
3736,"Kamaru Usman","Demian Maia",-600,435,"170","2018-05-19",3045
3793,"Olivier Aubin-Mercier","Evan Dunham",105,-125,"155","2018-04-07",3102
3794,"Ashlee Evans-Smith","Bec Rawlings",-195,165,"125","2018-04-07",3103
3750,"Kelvin Gastelum","Jacare Souza",-105,-115,"185","2018-05-12",3059
3757,"Elizeu Zaleski dos Santos","Sean Strickland",100,-125,"170","2018-05-12",3066
3814,"CB Dollaway","Hector Lombard",-110,-110,"185","2018-03-03",3123
3820,"Ilir Latifi","Ovince Saint Preux",135,-165,"205","2018-02-24",3129
3895,"Roberto Sanchez","Joby Sanchez",125,-145,"125","2018-02-18",
3919,"Polyana Viana","Maia Kahaunaele",-445,355,"115","2018-02-03",
4717,"Lorenz Larkin","Neil Magny",115,-125,"170","2016-08-20",3874
4722,"Thales Leites","Chris Camozzi",-175,150,"185","2016-08-06",3879
4727,"Marcin Tybura","Viktor Pešta",-110,-110,"265","2016-08-06",3884
4732,"Tyron Woodley","Robbie Lawler",115,-135,"170","2016-07-30",3889
4737,"Nikita Krylov","Ed Herman",-220,180,"205","2016-07-30",3894
4742,"Damien Brown","Cesar Arzamendia",-120,-110,"155","2016-07-30",3899
4747,"Eddie Wineland","Frankie Saenz",125,-145,"135","2016-07-23",3904
4752,"Jason Knight","Jim Alers",105,-125,"145","2016-07-23",3909
4757,"Daniel Omielańczuk","Aleksei Oleinik",160,-190,"265","2016-07-13",3914
4767,"Brock Lesnar","Mark Hunt",135,-150,"265","2016-07-09",3924
4772,"Kelvin Gastelum","Johny Hendricks",-110,-110,"170","2016-07-09",3929
4777,"Jim Miller","Takanori Gomi",-285,235,"155","2016-07-09",3934
4786,"Josh Stansbury","Cory Hendricks",130,-150,"205","2016-07-08",3943
4794,"Alberto Mina","Mike Pyle",100,-120,"170","2016-07-07",3951
4798,"Felipe Arantes","Jerrod Sanders",-155,135,"135","2016-07-07",3955
4802,"Stephen Thompson","Rory MacDonald",-110,-110,"170","2016-06-18",3959
4806,"Joanne Wood","Valérie Létourneau",120,-150,"125","2016-06-18",3963
4810,"Joe Soto","Chris Beal",-125,110,"135","2016-06-18",3967
4814,"Ali Bagautinov","Geane Herrera",-270,225,"125","2016-06-18",3971
4822,"Jéssica Andrade","Jessica Penne",-135,115,"115","2016-06-04",3979
4826,"Kevin Casey","Elvis Mutapčić",125,-145,"185","2016-06-04",3983
6694,"Marcus LeVesseur","Carlo Prater",-160,135,"155","2012-10-05",5603
6704,"Jimi Manuwa","Kyle Kingsbury",-250,200,"205","2012-09-29",5613
6714,"Vinny Magalhães","Igor Pokrajac",135,-160,"205","2012-09-22",5623
6724,"Yushin Okami","Buddy Roberts",-650,460,"185","2012-08-11",5633
6733,"Joe Lauzon","Jamie Varner",-125,-105,"155","2012-08-04",5642
6742,"Tim Boetsch","Hector Lombard",270,-340,"185","2012-07-21",5651
6751,"Anton Kuivanen","Mitch Clarke",-180,150,"155","2012-07-21",5660
6759,"Chris Cariaso","Josh Ferguson",-340,280,"125","2012-07-11",5668
6767,"Chad Mendes","Cody McKenzie",-675,500,"145","2012-07-07",5676
6778,"Hacran Dias","Iuri Alcântara",160,-190,"145","2012-06-23",5687
6783,"Marcos Vinicius","Wagner Campos",-265,220,"145","2012-06-23",5692
6788,"Cub Swanson","Ross Pearson",185,-220,"145","2012-06-22",5697
6793,"Chris Camozzi","Nick Catone",190,-230,"185","2012-06-22",5702
6798,"Erick Silva","Charlie Brenneman",-190,165,"170","2012-06-08",5707
6803,"Matt Grice","Leonard Garcia",115,-135,"145","2012-06-08",5712
6808,"Sean Pierson","Jake Hecht",135,-160,"170","2012-06-08",5717
6813,"Justin Lawrence","John Cofer",-355,295,"155","2012-06-01",5722
6818,"Erik Perez","John Albert",165,-195,"135","2012-06-01",5727
6823,"Stefan Struve","Lavar Johnson",-140,115,"265","2012-05-26",5732
6828,"Paul Sass","Jacob Volkmann",165,-200,"155","2012-05-26",5737
6838,"Cody McKenzie","Marcus LeVesseur",165,-195,"155","2012-05-15",5747
6843,"Nate Diaz","Jim Miller",150,-175,"155","2012-05-05",5752
6848,"John Dodson","Tim Elliott",-525,400,"125","2012-05-05",5757
6853,"Roland Delorme","Nick Denis",240,-295,"135","2012-05-05",5762
3887,"Donald Cerrone","Yancy Medeiros",-105,-125,"170","2018-02-18",3139
3888,"Derrick Lewis","Marcin Tybura",-115,-115,"265","2018-02-18",3140
3889,"James Vick","Francisco Trinaldo",-225,175,"155","2018-02-18",3141
3890,"Curtis Millender","Thiago Alves",135,-150,"170","2018-02-18",3142
3891,"Brandon Davis","Steven Peterson",-160,130,"145","2018-02-18",3143
3892,"Sage Northcutt","Thibault Gouti",-340,280,"155","2018-02-18",3144
3893,"Diego Ferreira","Jared Gordon",160,-190,"155","2018-02-18",3145
3894,"Geoff Neal","Brian Camozzi",-200,170,"170","2018-02-18",3146
3898,"Oskar Piechota","Tim Williams",-325,255,"185","2018-02-18",3150
3899,"Yoel Romero","Luke Rockhold",150,-180,"185","2018-02-10",3151
3900,"Curtis Blaydes","Mark Hunt",-160,130,"265","2018-02-10",3152
3901,"Tai Tuivasa","Cyril Asker",-270,245,"265","2018-02-10",3153
3903,"Tyson Pedro","Saparbeg Safarov",-300,250,"205","2018-02-10",3155
3904,"Dong Hyun Ma","Damien Brown",-145,120,"155","2018-02-10",3156
3905,"Israel Adesanya","Rob Wilkinson",-340,260,"185","2018-02-10",3157
3906,"Alexander Volkanovski","Jeremy Kennedy",-200,170,"145","2018-02-10",3158
3907,"Jussier Formiga","Ben Nguyen",-115,-115,"125","2018-02-10",3159
3908,"Ross Pearson","Mizuto Hirota",-160,130,"155","2018-02-10",3160
3910,"Luke Jumeau","Daichi Abe",120,-155,"170","2018-02-10",3162
3915,"Douglas Silva de Andrade","Marlon Vera",155,-185,"135","2018-02-03",3167
3916,"Thiago Santos","Anthony Smith",-280,220,"185","2018-02-03",3168
3917,"Sérgio Moraes","Tim Means",170,-200,"170","2018-02-03",3169
3918,"Alan Patrick","Damir Hadžović",-250,200,"155","2018-02-03",3170
3920,"Iuri Alcântara","Joe Soto",-110,-110,"135","2018-02-03",3172
3921,"Deiveson Figueiredo","Joseph Morales",-115,-110,"125","2018-02-03",3173
3923,"Andre Fili","Dennis Bermudez",145,-175,"145","2018-01-27",3175
3924,"Gregor Gillespie","Jordan Rinaldi",-600,450,"155","2018-01-27",3176
3926,"Bobby Green","Erik Koch",-190,160,"155","2018-01-27",3178
3927,"Mirsad Bektić","Godofredo Pepey",-600,450,"145","2018-01-27",3179
3929,"Randa Markos","Juliana Lima",-160,140,"115","2018-01-27",3181
3930,"Ji Yeon Kim","Justine Kish",145,-175,"125","2018-01-27",3182
3931,"Vinc Pichel","Joaquim Silva",-105,-120,"155","2018-01-27",3183
3932,"Niko Price","George Sullivan",-350,275,"170","2018-01-27",3184
3909,"Jose Quinonez","Teruto Ishihara",-180,135,"135","2018-02-10",3161
3914,"Timothy Johnson","Marcelo Golm",150,-180,"265","2018-02-03",3166
4707,"Jeremy Kennedy","Alex Ricci",-140,120,"155","2016-08-27",3864
3922,"Jacare Souza","Derek Brunson",105,-125,"185","2018-01-27",3174
3902,"Jake Matthews","Li Jingliang",130,-160,"170","2018-02-10",3154
4790,"Eddie Alvarez","Rafael Dos Anjos",255,-305,"155","2016-07-07",3947
4782,"Dooho Choi","Thiago Tavares",-220,180,"145","2016-07-08",3939
3928,"Katlyn Chookagian","Mara Romero Borella",-160,130,"125","2018-01-27",3180
3897,"Alex Morono","Joshua Burkman",-345,275,"170","2018-02-18",3149
3913,"Michel Prazeres","Desmond Green",-160,130,"155","2018-02-03",3165
3985,"Alex Perez","Carls John de Tomas",-350,270,"135","2017-12-09",
4016,"Guan Wang","Alex Caceres",125,-145,"145","2017-11-25",
4020,"Xiaonan Yan","Kailin Curran",-140,120,"115","2017-11-25",
3937,"Gian Villante","Francimar Barroso",-140,120,"205","2018-01-20",3189
3938,"Rob Font","Thomas Almeida",120,-140,"135","2018-01-20",3190
3939,"Kyle Bochniak","Brandon Davis",125,-145,"145","2018-01-20",3191
3940,"Abdul Razak Alhassan","Sabah Homasi",-200,170,"170","2018-01-20",3192
3941,"Dustin Ortiz","Alexandre Pantoja",-125,100,"125","2018-01-20",3193
3942,"Julio Arce","Dan Ige",-145,125,"145","2018-01-20",3194
3943,"Enrique Barzola","Matt Bessette",-275,225,"145","2018-01-20",3195
3944,"Islam Makhachev","Gleison Tibau",-300,250,"155","2018-01-20",3196
3948,"Darren Elkins","Michael Johnson",170,-200,"145","2018-01-14",3200
3949,"James Krause","Alex White",-150,130,"155","2018-01-14",3201
3952,"Kyung Ho Kang","Guido Cannetti",-280,255,"135","2018-01-14",3204
3953,"Jessica Eye","Kalindra Faria",-130,120,"125","2018-01-14",3205
3954,"JJ Aldrich","Danielle Taylor",-120,110,"115","2018-01-14",3206
3955,"Mads Burnell","Mike Santiago",140,-180,"145","2018-01-14",3207
3957,"Khabib Nurmagomedov","Edson Barboza",-400,325,"155","2017-12-30",3209
3958,"Dan Hooker","Marc Diakiese",145,-175,"155","2017-12-30",3210
3959,"Carla Esparza","Cynthia Calvillo",175,-200,"115","2017-12-30",3211
3960,"Neil Magny","Carlos Condit",155,-185,"170","2017-12-30",3212
3962,"Myles Jury","Ricky Glenn",-205,175,"145","2017-12-30",3214
3963,"Omari Akhmedov","Marvin Vettori",200,-250,"185","2017-12-30",3215
3965,"Tim Elliott","Mark De La Rosa",-225,185,"135","2017-12-30",3217
3967,"Josh Emmett","Ricardo Lamas",225,-275,"145","2017-12-16",3219
3968,"Santiago Ponzinibbio","Mike Perry",-160,130,"170","2017-12-16",3220
3969,"Glover Teixeira","Misha Cirkunov",145,-175,"205","2017-12-16",3221
3970,"Jan Błachowicz","Jared Cannonier",165,-195,"205","2017-12-16",3222
3971,"Julian Marquez","Darren Stewart",-340,250,"185","2017-12-16",3223
3972,"Chad Laprise","Galore Bofando",-145,125,"170","2017-12-16",3224
3973,"Nordine Taleb","Danny Roberts",-160,130,"170","2017-12-16",3225
3974,"John Makdessi","Abel Trujillo",145,-175,"155","2017-12-16",3226
3975,"Alessio Di Chirico","Oluwale Bamgbose",-140,110,"185","2017-12-16",3227
3976,"Jordan Mein","Erick Silva",-140,120,"170","2017-12-16",3228
3978,"Gabriel Benítez","Jason Knight",240,-320,"145","2017-12-09",3230
3979,"Marlon Moraes","Aljamain Sterling",-150,130,"135","2017-12-09",3231
3980,"Scott Holtzman","Darrell Horcher",-145,125,"155","2017-12-09",3232
3981,"Eryk Anders","Markus Perez",-440,400,"185","2017-12-09",3233
3982,"Benito Lopez","Albert Morales",-125,105,"135","2017-12-09",3234
3983,"Alexis Davis","Liz Carmouche",105,-135,"125","2017-12-09",3235
3984,"Andre Soukhamthath","Luke Sanders",200,-250,"135","2017-12-09",3236
3987,"Alejandro Perez","Iuri Alcântara",150,-180,"135","2017-12-09",3239
3988,"Davi Ramos","Chris Gruetzemacher",-400,300,"155","2017-12-09",3240
3989,"Trevin Giles","Antônio Braga Neto",-250,200,"185","2017-12-09",3241
3990,"Max Holloway","José Aldo",-280,240,"145","2017-12-02",3242
3992,"Henry Cejudo","Sergio Pettis",-300,250,"125","2017-12-02",3244
3993,"Eddie Alvarez","Justin Gaethje",150,-180,"155","2017-12-02",3245
3995,"Paul Felder","Charles Oliveira",110,-130,"155","2017-12-02",3247
3996,"Yancy Medeiros","Alex Oliveira",270,-320,"170","2017-12-02",3248
3997,"David Teymur","Drakkar Klose",-180,150,"155","2017-12-02",3249
3998,"Felice Herrig","Cortney Casey",-115,100,"115","2017-12-02",3250
3999,"Amanda Cooper","Angela Magana",-500,400,"115","2017-12-02",3251
4000,"Abdul Razak Alhassan","Sabah Homasi",-275,205,"170","2017-12-02",3252
4002,"Justin Willis","Allen Crowder",-230,180,"265","2017-12-02",3254
4003,"Nicco Montaño","Roxanne Modafferi",-200,170,"125","2017-12-01",3255
4004,"Sean O'Malley","Terrion Ware",-260,210,"135","2017-12-01",3256
4005,"Lauren Murphy","Barb Honchak",200,-230,"125","2017-12-01",3257
4006,"Gerald Meerschaert","Eric Spicely",-185,155,"185","2017-12-01",3258
4007,"DeAnna Bennett","Melinda Fábián",-480,370,"125","2017-12-01",3259
4008,"Brett Johns","Joe Soto",-170,140,"135","2017-12-01",3260
4009,"Montana De La Rosa","Christina Marks",-365,290,"125","2017-12-01",3261
4010,"Ryan Janes","Andrew Sanchez",420,-525,"185","2017-12-01",3262
4011,"Rachael Ostovich","Karine Gevorgyan",-400,310,"125","2017-12-01",3263
4013,"Gillian Robertson","Emily Whitmire",160,-195,"125","2017-12-01",3265
4014,"Kelvin Gastelum","Michael Bisping",-285,225,"185","2017-11-25",3266
4017,"Alex Garcia","Muslim Salikhov",180,-220,"170","2017-11-25",3269
4018,"Zabit Magomedsharipov","Sheymon Moraes",-500,400,"145","2017-11-25",3270
4022,"Shamil Abdurakhimov","Chase Sherman",-140,110,"265","2017-11-25",3274
4024,"Rolando Dy","Wulijiburen",-175,145,"145","2017-11-25",3276
4026,"Fabrício Werdum","Marcin Tybura",-330,270,"265","2017-11-18",3278
4028,"Belal Muhammad","Tim Means",180,-230,"170","2017-11-18",3280
4030,"Elias Theodorou","Daniel Kelly",-300,250,"185","2017-11-18",3282
4031,"Alexander Volkanovski","Shane Young",-650,450,"145","2017-11-18",3283
3946,"Jessica-Rose Clark","Paige VanZant",-110,-120,"125","2018-01-14",3198
3936,"Calvin Kattar","Shane Burgos",180,-230,"145","2018-01-20",3188
3994,"Tecia Torres","Michelle Waterson-Gomez",-225,175,"115","2017-12-02",3246
4027,"Jessica-Rose Clark","Bec Rawlings",105,-125,"125","2017-11-18",3279
3956,"Cristiane Justino","Holly Holm",-275,250,"145","2017-12-30",3208
4019,"Song Kenan","Bobby Nash",250,-300,"170","2017-11-25",3271
3934,"Stipe Miocic","Francis Ngannou",150,-190,"265","2018-01-20",3186
3991,"Francis Ngannou","Alistair Overeem",-240,190,"265","2017-12-02",3243
4015,"Li Jingliang","Zak Ottow",-215,175,"170","2017-11-25",3267
3966,"Rafael Dos Anjos","Robbie Lawler",-115,-115,"170","2017-12-16",3218
3945,"Jeremy Stephens","Dooho Choi",150,-180,"145","2018-01-14",3197
3947,"Kamaru Usman","Emil Meek",-650,450,"170","2018-01-14",3199
4021,"Song Yadong","Bharat Khandare",-160,140,"145","2017-11-25",
4023,"Gina Mazany","Wu Yanan",115,-125,"135","2017-11-25",3275
4025,"Cyril Asker","Hu Yaozong",-255,205,"265","2017-11-25",3277
3950,"Marco Polo Reyes","Matt Frevola",185,-200,"155","2018-01-14",3202
4095,"John Moraga","Magomed Bibulatov",375,-505,"125","2017-10-07",
4104,"Syuri Kondo","Chan Mi Jeon",-130,110,"52","2017-09-22",
4034,"Tai Tuivasa","Rashad Coulter",-175,145,"265","2017-11-18",3286
4035,"Frank Camacho","Damien Brown",-135,110,"155","2017-11-18",3287
4036,"Nadia Kassem","Alex Chambers",-180,150,"115","2017-11-18",3288
4037,"Eric Shelton","Jenel Lausa",-350,280,"125","2017-11-18",3289
4038,"Adam Wieczorek","Anthony Hamilton",-165,135,"265","2017-11-18",3290
4039,"Dustin Poirier","Anthony Pettis",-110,-120,"155","2017-11-11",3291
4041,"Andrei Arlovski","Júnior Albini",275,-325,"265","2017-11-11",3293
4042,"Cezar Ferreira","Nate Marquardt",-280,240,"185","2017-11-11",3294
4043,"Raphael Assunção","Matthew Lopez",-340,285,"135","2017-11-11",3295
4044,"Clay Guida","Joe Lauzon",-125,-105,"155","2017-11-11",3296
4045,"Marlon Moraes","John Dodson",-110,-120,"135","2017-11-11",3297
4046,"Tatiana Suarez","Viviane Pereira",-300,250,"115","2017-11-11",3298
4047,"Sage Northcutt","Michel Quiñones",-175,150,"155","2017-11-11",3299
4048,"Nina Nunes","Angela Hill",155,-185,"115","2017-11-11",3300
4050,"Jake Collier","Marcel Fortuna",200,-240,"205","2017-11-11",3302
4051,"Karl Roberson","Darren Stewart",-220,185,"185","2017-11-11",3303
4054,"Rose Namajunas","Joanna Jędrzejczyk",500,-700,"115","2017-11-04",3306
4055,"Stephen Thompson","Jorge Masvidal",-200,170,"170","2017-11-04",3307
4056,"Paulo Costa","Johny Hendricks",-360,280,"185","2017-11-04",3308
4057,"James Vick","Joe Duffy",140,-175,"155","2017-11-04",3309
4058,"Mark Godbeer","Walt Harris",275,-345,"265","2017-11-04",3310
4060,"Randy Brown","Mickey Gall",100,-120,"170","2017-11-04",3312
4061,"Curtis Blaydes","Aleksei Oleinik",-325,250,"265","2017-11-04",3313
4062,"Ricardo Ramos","Aiemann Zahabi",-200,170,"135","2017-11-04",3314
4064,"Colby Covington","Demian Maia",105,-115,"170","2017-10-28",3316
4065,"Pedro Munhoz","Rob Font",145,-170,"135","2017-10-28",3317
4066,"Francisco Trinaldo","Jim Miller",-215,175,"155","2017-10-28",3318
4067,"Thiago Santos","Jack Hermansson",-110,-120,"185","2017-10-28",3319
4068,"John Lineker","Marlon Vera",-525,350,"135","2017-10-28",3320
4069,"Vicente Luque","Niko Price",-135,105,"170","2017-10-28",3321
4070,"Antônio Carlos Júnior","Jack Marshman",-425,325,"185","2017-10-28",3322
4071,"Jared Gordon","Hacran Dias",-160,130,"155","2017-10-28",3323
4073,"Deiveson Figueiredo","Jarred Brooks",135,-155,"125","2017-10-28",3325
4074,"Marcelo Golm","Christian Colombo",-250,200,"265","2017-10-28",3326
4076,"Karolina Kowalkiewicz","Jodie Esquibel",-625,475,"115","2017-10-21",3328
4077,"Jan Błachowicz","Devin Clark",135,-155,"205","2017-10-21",3329
4078,"Oskar Piechota","Jonathan Wilson",-200,160,"185","2017-10-21",3330
4079,"Marcin Held","Nasrat Haqparast",-355,295,"155","2017-10-21",3331
4080,"Brian Kelleher","Damian Stasiak",-120,-110,"135","2017-10-21",3332
4081,"Ramazan Emeev","Sam Alvey",-165,145,"185","2017-10-21",3333
4082,"Andre Fili","Artem Lobov",-180,140,"145","2017-10-21",3334
4083,"Warlley Alves","Salim Touahri",-310,260,"170","2017-10-21",3335
4084,"Aspen Ladd","Lina Länsberg",-250,200,"135","2017-10-21",3336
4085,"Josh Emmett","Felipe Arantes",-240,190,"145","2017-10-21",3337
4086,"Tony Ferguson","Kevin Lee",-255,210,"155","2017-10-07",3338
4088,"Fabrício Werdum","Walt Harris",-240,200,"265","2017-10-07",3340
4090,"Evan Dunham","Beneil Dariush",180,-240,"155","2017-10-07",3342
4091,"Cody Stamann","Tom Duquesnoy",145,-165,"135","2017-10-07",3343
4092,"Lando Vannata","Bobby Green",-180,150,"155","2017-10-07",3344
4093,"Poliana Botelho","Pearl Gonzalez",-170,140,"115","2017-10-07",3345
4094,"Matt Schnell","Marco Beltran",-120,-110,"125","2017-10-07",3346
4096,"Brad Tavares","Thales Leites",-275,225,"185","2017-10-07",3348
4098,"Jéssica Andrade","Cláudia Gadelha",230,-275,"52","2017-09-22",3350
4099,"Dong Hyun Ma","Takanori Gomi",-365,300,"70","2017-09-22",3351
4101,"Teruto Ishihara","Rolando Dy",-165,135,"66","2017-09-22",3353
4105,"Shinsho Anzai","Luke Jumeau",210,-250,"77","2017-09-22",3357
4106,"Daichi Abe","Hyun Gyu Lim",-105,-120,"77","2017-09-22",3358
4107,"Luke Rockhold","David Branch",-565,425,"185","2017-09-16",3359
4108,"Mike Perry","Alex Reyes",-415,355,"170","2017-09-16",3360
4109,"Anthony Smith","Hector Lombard",-160,140,"185","2017-09-16",3361
4110,"Gregor Gillespie","Jason Gonzalez",-430,300,"155","2017-09-16",3362
4111,"Kamaru Usman","Sérgio Moraes",-800,500,"170","2017-09-16",3363
4112,"Justin Ledet","Azunna Anyanwu",-460,330,"265","2017-09-16",3364
4114,"Daniel Spitz","Anthony Hamilton",170,-200,"265","2017-09-16",3366
4115,"Uriah Hall","Krzysztof Jotko",170,-200,"185","2017-09-16",3367
4116,"Gilbert Burns","Jason Saggo",-150,120,"155","2017-09-16",3368
4119,"Henry Cejudo","Wilson Reis",-450,325,"125","2017-09-09",3371
4120,"Ilir Latifi","Tyson Pedro",110,-140,"205","2017-09-09",3372
4121,"Jeremy Stephens","Gilbert Melendez",-110,-120,"145","2017-09-09",3373
4122,"Ketlen Vieira","Sara McMann",180,-220,"135","2017-09-09",3374
4124,"Ricky Glenn","Gavin Tucker",275,-350,"145","2017-09-09",3376
4125,"Alex White","Mitch Clarke",-220,180,"155","2017-09-09",3377
4127,"Kajan Johnson","Adriano Martins",400,-500,"155","2017-09-09",3379
4128,"Alexander Volkov","Stefan Struve",-130,100,"265","2017-09-02",3380
4129,"Siyar Bahadurzada","Rob Wilkinson",-125,105,"185","2017-09-02",3381
4130,"Marion Reneau","Talita Bernardo",-330,250,"135","2017-09-02",3382
4113,"Olivier Aubin-Mercier","Anthony Rocco Martin",-115,-115,"155","2017-09-16",3365
4033,"Nik Lentz","Will Brooks",400,-500,"155","2017-11-18",3285
4123,"Sarah Moras","Ashlee Evans-Smith",180,-220,"135","2017-09-09",3375
4053,"TJ Dillashaw","Cody Garbrandt",180,-220,"135","2017-11-04",3305
4059,"Ovince Saint Preux","Corey Anderson",-180,150,"205","2017-11-04",3311
4072,"Elizeu Zaleski dos Santos","Max Griffin",-225,190,"170","2017-10-28",3324
4118,"Rafael Dos Anjos","Neil Magny",-200,170,"170","2017-09-09",3370
4102,"Jussier Formiga","Yuta Sasaki",-425,335,"57","2017-09-22",3354
4052,"Georges St-Pierre","Michael Bisping",-115,-115,"185","2017-11-04",3304
4089,"Mara Romero Borella","Kalindra Faria",190,-230,"125","2017-10-07",3341
4100,"Gökhan Saki","Henrique da Silva",-185,160,"93","2017-09-22",3352
4150,"Joseph Morales","Roberto Sanchez",-105,-125,"125","2017-08-05",
4133,"Mairbek Taisumov","Felipe Silva",-600,400,"155","2017-09-02",3385
4134,"Michel Prazeres","Mads Burnell",-370,300,"155","2017-09-02",3386
4137,"Zabit Magomedsharipov","Mike Santiago",-400,340,"145","2017-09-02",3389
4139,"Thibault Gouti","Andrew Holbrook",140,-180,"155","2017-09-02",3391
4140,"Sergio Pettis","Brandon Moreno",145,-175,"125","2017-08-05",3392
4141,"Alexa Grasso","Randa Markos",-200,175,"115","2017-08-05",3393
4142,"Niko Price","Alan Jouban",145,-165,"170","2017-08-05",3394
4143,"Humberto Bandenay","Martín Bravo",250,-300,"145","2017-08-05",3395
4144,"Sam Alvey","Rashad Evans",-135,115,"185","2017-08-05",3396
4145,"Alejandro Perez","Andre Soukhamthath",-150,125,"135","2017-08-05",3397
4146,"Jack Hermansson","Brad Scott",-275,235,"185","2017-08-05",3398
4147,"Dustin Ortiz","Hector Sandoval",-190,160,"125","2017-08-05",3399
4148,"Rani Yahya","Henry Briones",-220,180,"135","2017-08-05",3400
4153,"Tyron Woodley","Demian Maia",-220,180,"170","2017-07-29",3405
4155,"Robbie Lawler","Donald Cerrone",-160,130,"170","2017-07-29",3407
4156,"Volkan Oezdemir","Jimi Manuwa",150,-180,"205","2017-07-29",3408
4157,"Ricardo Lamas","Jason Knight",-110,-120,"145","2017-07-29",3409
4158,"Aljamain Sterling","Renan Barão",110,-140,"140","2017-07-29",3410
4159,"Brian Ortega","Renato Moicano",140,-180,"145","2017-07-29",3411
4160,"Calvin Kattar","Andre Fili",300,-350,"145","2017-07-29",3412
4161,"Aleksandra Albu","Kailin Curran",-165,140,"115","2017-07-29",3413
4162,"Jarred Brooks","Eric Shelton",-155,130,"125","2017-07-29",3414
4164,"Chris Weidman","Kelvin Gastelum",135,-155,"185","2017-07-22",3416
4165,"Darren Elkins","Dennis Bermudez",180,-220,"145","2017-07-22",3417
4167,"Jimmie Rivera","Thomas Almeida",-200,170,"135","2017-07-22",3419
4169,"Eryk Anders","Rafael Natal",-125,-105,"185","2017-07-22",3421
4170,"Alex Oliveira","Ryan LaFlare",145,-185,"170","2017-07-22",3422
4171,"Chase Sherman","Damian Grabowski",-250,200,"265","2017-07-22",3423
4172,"Jeremy Kennedy","Kyle Bochniak",-300,230,"145","2017-07-22",3424
4173,"Marlon Vera","Brian Kelleher",180,-220,"135","2017-07-22",3425
4175,"Shane Burgos","Godofredo Pepey",-700,500,"145","2017-07-22",3427
4176,"Chris Wade","Frankie Perez",-330,240,"155","2017-07-22",3428
4177,"Santiago Ponzinibbio","Gunnar Nelson",160,-180,"170","2017-07-16",3429
4178,"Cynthia Calvillo","Joanne Wood",-170,160,"115","2017-07-16",3430
4179,"Paul Felder","Stevie Ray",160,-200,"155","2017-07-16",3431
4180,"Jack Marshman","Ryan Janes",-575,375,"185","2017-07-16",3432
4183,"Danny Roberts","Bobby Nash",-175,135,"170","2017-07-16",3435
4184,"Alexandre Pantoja","Neil Seery",-350,270,"125","2017-07-16",3436
4185,"Galore Bofando","Charlie Ward",-200,170,"170","2017-07-16",3437
4186,"Danny Henry","Daniel Teymur",160,-190,"155","2017-07-16",3438
4187,"Brett Johns","Albert Morales",-365,275,"135","2017-07-16",3439
4188,"Leslie Smith","Amanda Lemos",-215,175,"135","2017-07-16",3440
4189,"Robert Whittaker","Yoel Romero",-130,100,"185","2017-07-08",3441
4190,"Alistair Overeem","Fabrício Werdum",-150,125,"265","2017-07-08",3442
4192,"Anthony Pettis","Jim Miller",-250,200,"155","2017-07-08",3444
4193,"Rob Font","Douglas Silva de Andrade",-305,235,"135","2017-07-08",3445
4194,"Aleksei Oleinik","Travis Browne",225,-275,"265","2017-07-08",3446
4195,"Chad Laprise","Brian Camozzi",-700,500,"170","2017-07-08",3447
4196,"Thiago Santos","Gerald Meerschaert",-155,145,"185","2017-07-08",3448
4197,"Belal Muhammad","Jordan Mein",-135,115,"170","2017-07-08",3449
4198,"Cody Stamann","Terrion Ware",-250,200,"145","2017-07-08",3450
4199,"Trevin Giles","James Bochnovic",-275,225,"205","2017-07-08",3451
4200,"Justin Gaethje","Michael Johnson",125,-155,"155","2017-07-07",3452
4201,"Jesse Taylor","Dhiego Lima",-170,150,"170","2017-07-07",3453
4202,"Drakkar Klose","Marc Diakiese",200,-250,"155","2017-07-07",3454
4203,"Jared Cannonier","Nick Roehrick",-295,235,"205","2017-07-07",3455
4205,"Jordan Johnson","Marcel Fortuna",-180,140,"205","2017-07-07",3457
4206,"Angela Hill","Ashley Yoder",-350,275,"115","2017-07-07",3458
4207,"James Krause","Tom Gallicchio",-500,380,"170","2017-07-07",3459
4209,"Tecia Torres","Juliana Lima",-475,350,"115","2017-07-07",3461
4210,"Gray Maynard","Teruto Ishihara",285,-385,"145","2017-07-07",3462
4211,"Kevin Lee","Michael Chiesa",-140,110,"155","2017-06-25",3463
4212,"Tim Boetsch","Johny Hendricks",130,-155,"185","2017-06-25",3464
4213,"Felice Herrig","Justine Kish",130,-160,"115","2017-06-25",3465
4214,"Dominick Reyes","Joachim Christensen",-325,250,"205","2017-06-25",3466
4215,"Tim Means","Alex Garcia",-300,225,"170","2017-06-25",3467
4216,"Dennis Siver","BJ Penn",-165,135,"145","2017-06-25",3468
4217,"Clay Guida","Erik Koch",275,-340,"155","2017-06-25",3469
4218,"Marvin Vettori","Vitor Miranda",-360,300,"185","2017-06-25",3470
4219,"Carla Esparza","Maryna Moroz",-215,180,"115","2017-06-25",3471
4221,"Jared Gordon","Michel Quiñones",-150,125,"149","2017-06-25",3473
4222,"Anthony Rocco Martin","Johnny Case",-125,100,"155","2017-06-25",3474
4223,"Jeremy Kimball","Josh Stansbury",140,-160,"205","2017-06-25",3475
4224,"Holly Holm","Bethe Correia",-550,450,"135","2017-06-17",3476
4225,"Marcin Tybura","Andrei Arlovski",200,-260,"265","2017-06-17",3477
4226,"Colby Covington","Dong Hyun Kim",-240,220,"170","2017-06-17",3478
4228,"Jon Tuck","Takanori Gomi",-300,245,"155","2017-06-17",3480
4229,"Walt Harris","Cyril Asker",-330,265,"265","2017-06-17",3481
4138,"Abdul-Kerim Edilov","Bojan Mihajlović",-650,425,"205","2017-09-02",3390
4132,"Darren Till","Bojan Veličković",-200,170,"170","2017-09-02",3384
4149,"Jose Quinonez","Diego Rivas",-250,200,"135","2017-08-05",3401
4174,"Júnior Albini","Timothy Johnson",225,-285,"265","2017-07-22",3426
4154,"Cristiane Justino","Tonya Evinger",-1200,725,"145","2017-07-29",3406
4168,"Elizeu Zaleski dos Santos","Lyman Good",125,-155,"170","2017-07-22",3420
4227,"Rafael Dos Anjos","Tarec Saffiedine",-220,180,"170","2017-06-17",3479
4135,"Rustam Khabilov","Desmond Green",-265,2225,"155","2017-09-02",3387
4163,"Drew Dober","Joshua Burkman",-320,260,"155","2017-07-29",3415
4208,"CB Dollaway","Ed Herman",-160,140,"205","2017-07-07",3460
4234,"Naoki Inoue","Carls John de Tomas",-275,225,"125","2017-06-17",
4246,"JJ Aldrich","Chan Mi Jeon",-165,140,"115","2017-06-10",
4321,"Magomed Bibulatov","Jenel Lausa",-500,450,"125","2017-04-08",
4235,"Lucie Pudilová","Ji Yeon Kim",-145,115,"135","2017-06-17",3487
4236,"Mark Hunt","Derrick Lewis",120,-145,"265","2017-06-10",3488
4237,"Derek Brunson","Daniel Kelly",-270,225,"185","2017-06-10",3489
4238,"Dan Hooker","Ross Pearson",-145,120,"155","2017-06-10",3490
4240,"Ben Nguyen","Tim Elliott",175,-215,"125","2017-06-10",3492
4242,"Vinc Pichel","Damien Brown",-110,-115,"155","2017-06-10",3494
4243,"Luke Jumeau","Dominique Steele",145,-170,"170","2017-06-10",3495
4244,"John Moraga","Ashkan Mokhtarian",-175,150,"125","2017-06-10",3496
4245,"Zak Ottow","Kiichi Kunimoto",-340,290,"170","2017-06-10",3497
4247,"Max Holloway","José Aldo",125,-145,"145","2017-06-03",3499
4248,"Cláudia Gadelha","Karolina Kowalkiewicz",-350,280,"115","2017-06-03",3500
4249,"Vitor Belfort","Nate Marquardt",-185,145,"185","2017-06-03",3501
4250,"Paulo Costa","Oluwale Bamgbose",-295,235,"185","2017-06-03",3502
4251,"Yancy Medeiros","Erick Silva",-150,120,"170","2017-06-03",3503
4252,"Raphael Assunção","Marlon Moraes",185,-225,"135","2017-06-03",3504
4253,"Antônio Carlos Júnior","Eric Spicely",-280,230,"185","2017-06-03",3505
4254,"Matthew Lopez","Johnny Eduardo",-125,105,"135","2017-06-03",3506
4256,"Viviane Pereira","Jamie Moyle",-185,155,"115","2017-06-03",3508
4257,"Luan Chagas","Jim Wallhead",-265,225,"170","2017-06-03",3509
4258,"Deiveson Figueiredo","Marco Beltran",-150,125,"125","2017-06-03",3510
4259,"Alexander Gustafsson","Glover Teixeira",-300,250,"205","2017-05-28",3511
4260,"Volkan Oezdemir","Misha Cirkunov",325,-440,"205","2017-05-28",3512
4261,"Peter Sobotta","Ben Saunders",-125,105,"170","2017-05-28",3513
4262,"Omari Akhmedov","Abdul Razak Alhassan",225,-265,"170","2017-05-28",3514
4263,"Nordine Taleb","Oliver Enkamp",-375,275,"170","2017-05-28",3515
4264,"Jack Hermansson","Alex Nicholson",-190,150,"185","2017-05-28",3516
4265,"Pedro Munhoz","Damian Stasiak",-650,500,"135","2017-05-28",3517
4266,"Trevor Smith","Chris Camozzi",125,-155,"185","2017-05-28",3518
4267,"Joaquim Silva","Reza Madadi",-160,130,"155","2017-05-28",3519
4270,"Damir Hadžović","Marcin Held",245,-280,"155","2017-05-28",3522
4272,"Joanna Jędrzejczyk","Jéssica Andrade",-220,185,"115","2017-05-13",3524
4273,"Demian Maia","Jorge Masvidal",-125,105,"170","2017-05-13",3525
4274,"Frankie Edgar","Yair Rodriguez",-140,110,"145","2017-05-13",3526
4275,"David Branch","Krzysztof Jotko",145,-175,"185","2017-05-13",3527
4276,"Eddie Alvarez","Dustin Poirier",105,-135,"155","2017-05-13",3528
4277,"Jason Knight","Chas Skelly",-125,-105,"145","2017-05-13",3529
4278,"Chase Sherman","Rashad Coulter",-120,-110,"265","2017-05-13",3530
4280,"Cortney Casey","Jessica Aguilar",-165,135,"115","2017-05-13",3532
4281,"Enrique Barzola","Gabriel Benítez",125,-145,"145","2017-05-13",3533
4283,"Cub Swanson","Artem Lobov",-600,450,"145","2017-04-22",3535
4284,"Al Iaquinta","Diego Sanchez",-400,350,"155","2017-04-22",3536
4286,"John Dodson","Eddie Wineland",-385,315,"135","2017-04-22",3538
4287,"Stevie Ray","Joe Lauzon",-165,145,"155","2017-04-22",3539
4288,"Mike Perry","Jake Ellenberger",-120,100,"170","2017-04-22",3540
4289,"Thales Leites","Sam Alvey",-120,100,"185","2017-04-22",3541
4290,"Brandon Moreno","Dustin Ortiz",100,-120,"125","2017-04-22",3542
4291,"Scott Holtzman","Michael McBride",-250,210,"155","2017-04-22",3543
4292,"Danielle Taylor","Jessica Penne",-115,-105,"115","2017-04-22",3544
4293,"Alexis Davis","Cindy Dandois",-285,235,"135","2017-04-22",3545
4294,"Bryan Barberena","Joe Proctor",-315,285,"170","2017-04-22",3546
4295,"Hector Sandoval","Matt Schnell",120,-140,"125","2017-04-22",3547
4296,"Demetrious Johnson","Wilson Reis",-850,625,"125","2017-04-15",3548
4299,"Renato Moicano","Jeremy Stephens",150,-170,"145","2017-04-15",3551
4301,"Tom Duquesnoy","Patrick Williams",-1000,650,"135","2017-04-15",3553
4302,"Rashid Magomedov","Bobby Green",-330,270,"155","2017-04-15",3554
4303,"Tim Elliott","Louis Smolka",-180,150,"125","2017-04-15",3555
4304,"Aljamain Sterling","Augusto Mendes",-415,335,"135","2017-04-15",3556
4305,"Devin Clark","Jake Collier",-145,125,"205","2017-04-15",3557
4306,"Anthony Smith","Andrew Sanchez",270,-330,"185","2017-04-15",3558
4307,"Zak Cummings","Nathan Coy",-550,450,"170","2017-04-15",3559
4309,"Daniel Cormier","Anthony Johnson",125,-145,"205","2017-04-08",3561
4311,"Cynthia Calvillo","Pearl Gonzalez",-260,200,"115","2017-04-08",3563
4312,"Thiago Alves","Patrick Cote",110,-130,"170","2017-04-08",3564
4313,"Charles Oliveira","Will Brooks",180,-210,"155","2017-04-08",3565
4315,"Kamaru Usman","Sean Strickland",-260,215,"170","2017-04-08",3567
4316,"Shane Burgos","Charles Rosa",-235,195,"145","2017-04-08",3568
4317,"Patrick Cummins","Jan Błachowicz",100,-120,"205","2017-04-08",3569
4318,"Gregor Gillespie","Andrew Holbrook",-260,220,"155","2017-04-08",3570
4320,"Katlyn Chookagian","Irene Aldana",-140,120,"135","2017-04-08",3572
4323,"Gunnar Nelson","Alan Jouban",-350,280,"170","2017-03-18",3575
4324,"Marlon Vera","Brad Pickett",120,-140,"140","2017-03-18",3576
4325,"Arnold Allen","Makwan Amirkhani",-115,-105,"145","2017-03-18",3577
4326,"Joe Duffy","Reza Madadi",-575,425,"155","2017-03-18",3578
4327,"Francimar Barroso","Darren Stewart",165,-195,"205","2017-03-18",3579
4297,"Rose Namajunas","Michelle Waterson-Gomez",-110,-110,"115","2017-04-15",3549
4233,"Russell Doane","Kwan Ho Kwak",105,-125,"135","2017-06-17",3485
4308,"Ketlen Vieira","Ashlee Evans-Smith",135,-155,"135","2017-04-15",3560
4298,"Robert Whittaker","Jacare Souza",145,-170,"185","2017-04-15",3550
4232,"Li Jingliang","Frank Camacho",-500,350,"170","2017-06-17",3484
4268,"Bojan Veličković","Nicholas Musoke",105,-125,"170","2017-05-28",3520
4271,"Stipe Miocic","Junior Dos Santos",-170,140,"265","2017-05-13",3523
4239,"Ion Cutelaba","Henrique da Silva",-290,240,"205","2017-06-10",3491
4231,"Yuta Sasaki","Justin Scoggins",435,-550,"125","2017-06-17",3483
4319,"Desmond Green","Josh Emmett",170,-200,"155","2017-04-08",3571
4279,"James Vick","Marco Polo Reyes",-400,300,"155","2017-05-13",3531
4314,"Myles Jury","Mike de la Torre",-425,325,"145","2017-04-08",3566
4331,"Brad Scott","Scott Askham",135,-155,"185","2017-03-18",3583
4332,"Lina Länsberg","Lucie Pudilová",-345,285,"135","2017-03-18",3584
4333,"Vitor Belfort","Kelvin Gastelum",285,-355,"185","2017-03-11",3585
4342,"Michel Prazeres","Joshua Burkman",-275,225,"155","2017-03-11",3594
4335,"Edson Barboza","Beneil Dariush",-165,135,"155","2017-03-11",3587
4336,"Ray Borg","Jussier Formiga",-130,110,"125","2017-03-11",3588
4337,"Bethe Correia","Marion Reneau",-110,-110,"135","2017-03-11",3589
4338,"Alex Oliveira","Tim Means",170,-200,"170","2017-03-11",3590
4340,"Sérgio Moraes","Davi Ramos",-200,170,"170","2017-03-11",3592
4341,"Joe Soto","Rani Yahya",175,-225,"135","2017-03-11",3593
4343,"Jeremy Kennedy","Rony Jason",-120,100,"145","2017-03-11",3595
4344,"Paulo Costa","Garreth McLellan",-315,265,"185","2017-03-11",3596
4345,"Tyron Woodley","Stephen Thompson",115,-130,"170","2017-03-04",3597
4346,"David Teymur","Lando Vannata",300,-380,"155","2017-03-04",3598
4347,"Daniel Kelly","Rashad Evans",175,-225,"185","2017-03-04",3599
4348,"Cynthia Calvillo","Amanda Cooper",-155,135,"115","2017-03-04",3600
4350,"Marcin Tybura","Luis Henrique",-175,155,"265","2017-03-04",3602
4351,"Darren Elkins","Mirsad Bektić",500,-750,"145","2017-03-04",3603
4352,"Iuri Alcântara","Luke Sanders",130,-150,"135","2017-03-04",3604
4353,"Mark Godbeer","Daniel Spitz",-145,125,"265","2017-03-04",3605
4354,"Tyson Pedro","Paul Craig",-135,125,"205","2017-03-04",3606
4355,"Albert Morales","Andre Soukhamthath",-145,125,"135","2017-03-04",3607
4356,"Derrick Lewis","Travis Browne",-110,-110,"265","2017-02-19",3608
4357,"Johny Hendricks","Hector Lombard",105,-125,"185","2017-02-19",3609
4358,"Gavin Tucker","Sam Sicilia",-165,145,"145","2017-02-19",3610
4360,"Sara McMann","Gina Mazany",-700,475,"135","2017-02-19",3612
4361,"Paul Felder","Alex Ricci",-370,275,"155","2017-02-19",3613
4362,"Santiago Ponzinibbio","Nordine Taleb",-345,265,"170","2017-02-19",3614
4363,"Randa Markos","Carla Esparza",225,-265,"115","2017-02-19",3615
4364,"Aiemann Zahabi","Reginaldo Vieira",-270,225,"135","2017-02-19",3616
4365,"Thiago Santos","Jack Marshman",-160,135,"185","2017-02-19",3617
4366,"Gerald Meerschaert","Ryan Janes",-290,260,"185","2017-02-19",3618
4367,"Germaine de Randamie","Holly Holm",-125,105,"145","2017-02-11",3619
4368,"Anderson Silva","Derek Brunson",105,-125,"185","2017-02-11",3620
4370,"Glover Teixeira","Jared Cannonier",-235,195,"205","2017-02-11",3622
4371,"Dustin Poirier","Jim Miller",-450,350,"155","2017-02-11",3623
4374,"Islam Makhachev","Nik Lentz",-335,265,"155","2017-02-11",3626
4375,"Ricky Glenn","Phillipe Nover",-185,155,"145","2017-02-11",3627
4376,"Ryan LaFlare","Roan Carneiro",-310,260,"170","2017-02-11",3628
4377,"Chan Sung Jung","Dennis Bermudez",165,-185,"145","2017-02-04",3629
4378,"Felice Herrig","Alexa Grasso",315,-385,"115","2017-02-04",3630
4379,"James Vick","Abel Trujillo",-130,105,"155","2017-02-04",3631
4381,"Marcel Fortuna","Anthony Hamilton",200,-260,"265","2017-02-04",3633
4382,"Jéssica Andrade","Angela Hill",-650,475,"115","2017-02-04",3634
4383,"Adam Milstead","Curtis Blaydes",300,-370,"265","2017-02-04",3635
4385,"Ricardo Ramos","Michinori Tanaka",115,-125,"135","2017-02-04",3637
4386,"Tecia Torres","Bec Rawlings",-400,300,"115","2017-02-04",3638
4387,"Alex Morono","Niko Price",-105,-115,"170","2017-02-04",3639
4389,"Valentina Shevchenko","Julianna Peña",-180,150,"135","2017-01-28",3641
4390,"Jorge Masvidal","Donald Cerrone",145,-175,"170","2017-01-28",3642
4392,"Jason Knight","Alex Caceres",-135,115,"145","2017-01-28",3644
4393,"Sam Alvey","Nate Marquardt",-145,120,"185","2017-01-28",3645
4394,"Raphael Assunção","Aljamain Sterling",-145,125,"135","2017-01-28",3646
4397,"Eric Spicely","Alessio Di Chirico",-110,-110,"185","2017-01-28",3649
4399,"Alexandre Pantoja","Eric Shelton",105,-125,"125","2017-01-28",3651
4400,"Jason Gonzalez","JC Cottrell",115,-135,"155","2017-01-28",3652
4401,"Yair Rodriguez","BJ Penn",-425,330,"145","2017-01-15",3653
4402,"Joe Lauzon","Marcin Held",-130,110,"155","2017-01-15",3654
4403,"Ben Saunders","Court McGee",110,-130,"170","2017-01-15",3655
4404,"Sergio Pettis","John Moraga",-145,120,"125","2017-01-15",3656
4405,"Drakkar Klose","Devin Powell",-300,250,"155","2017-01-15",3657
4406,"Augusto Mendes","Frankie Saenz",135,-155,"135","2017-01-15",3658
4407,"Aleksei Oleinik","Viktor Pešta",-140,120,"265","2017-01-15",3659
4408,"Anthony Rocco Martin","Alex White",-165,145,"155","2017-01-15",3660
4411,"Joachim Christensen","Bojan Mihajlović",-235,195,"205","2017-01-15",3663
4413,"Amanda Nunes","Ronda Rousey",150,-175,"135","2016-12-30",3665
4414,"Cody Garbrandt","Dominick Cruz",180,-220,"135","2016-12-30",3666
4416,"Dong Hyun Kim","Tarec Saffiedine",-145,125,"170","2016-12-30",3668
4417,"Ray Borg","Louis Smolka",-125,105,"125","2016-12-30",3669
4418,"Neil Magny","Johny Hendricks",-200,170,"170","2016-12-30",3670
4419,"Antônio Carlos Júnior","Marvin Vettori",-125,105,"185","2016-12-30",3671
4420,"Alex Garcia","Mike Pyle",-195,165,"170","2016-12-30",3672
4421,"Niko Price","Brandon Thatch",135,-150,"170","2016-12-30",3673
4422,"Tim Means","Alex Oliveira",125,-150,"170","2016-12-30",3674
4425,"Urijah Faber","Brad Pickett",-315,265,"135","2016-12-17",3677
4426,"Alan Jouban","Mike Perry",115,-135,"170","2016-12-17",3678
4409,"Nina Nunes","Jocelyn Jones-Lybarger",-170,145,"115","2017-01-15",3661
4330,"Marc Diakiese","Teemu Packalén",-180,155,"155","2017-03-18",3582
4423,"Michelle Waterson-Gomez","Paige VanZant",-125,105,"115","2016-12-17",3675
4415,"TJ Dillashaw","John Lineker",-205,175,"135","2016-12-30",3667
4328,"Timothy Johnson","Daniel Omielańczuk",-200,170,"265","2017-03-18",3580
4380,"Volkan Oezdemir","Ovince Saint Preux",285,-350,"205","2017-02-04",3632
4391,"Francis Ngannou","Andrei Arlovski",-375,300,"265","2017-01-28",3643
4369,"Jacare Souza","Tim Boetsch",-530,400,"185","2017-02-11",3621
4373,"Wilson Reis","Yuta Sasaki",-600,455,"125","2017-02-11",3625
4334,"Mauricio Rua","Gian Villante",-155,135,"205","2017-03-11",3586
4395,"Li Jingliang","Bobby Nash",-140,120,"170","2017-01-28",3647
4412,"Cyril Asker","Dmitrii Smoliakov",-120,100,"265","2017-01-15",3664
4396,"Jordan Johnson","Henrique da Silva",-200,170,"205","2017-01-28",3648
4724,"Trevor Smith","Joe Gigliotti",105,-125,"185","2016-08-06",
4431,"Josh Emmett","Scott Holtzman",-180,155,"155","2016-12-17",3683
4432,"Leslie Smith","Irene Aldana",245,-295,"135","2016-12-17",3684
4433,"Eddie Wineland","Takeya Mizugaki",-175,145,"135","2016-12-17",3685
4434,"Hector Sandoval","Fredy Serrano",-125,105,"125","2016-12-17",3686
4435,"Sultan Aliev","Bojan Veličković",135,-160,"170","2016-12-17",3687
4436,"Max Holloway","Anthony Pettis",-300,250,"145","2016-12-10",3688
4437,"Donald Cerrone","Matt Brown",-280,240,"170","2016-12-10",3689
4439,"Kelvin Gastelum","Tim Kennedy",105,-125,"185","2016-12-10",3691
4441,"Misha Cirkunov","Nikita Krylov",-105,-115,"205","2016-12-10",3693
4444,"Matthew Lopez","Mitch Gagnon",110,-130,"135","2016-12-10",3696
4445,"Lando Vannata","John Makdessi",-185,160,"155","2016-12-10",3697
4446,"Rustam Khabilov","Jason Saggo",-210,180,"155","2016-12-10",3698
4447,"Dustin Ortiz","Zach Makovsky",120,-140,"125","2016-12-10",3699
4688,"Alexander Gustafsson","Jan Błachowicz",-700,500,"205","2016-09-03",3845
4698,"Demian Maia","Carlos Condit",115,-125,"170","2016-08-27",3855
4703,"Kyle Bochniak","Enrique Barzola",-150,120,"145","2016-08-27",3860
4708,"Conor McGregor","Nate Diaz",-135,115,"170","2016-08-20",3865
4713,"Cody Garbrandt","Takeya Mizugaki",-500,400,"135","2016-08-20",3870
4718,"Colby Covington","Max Griffin",-365,300,"170","2016-08-20",3875
4723,"Santiago Ponzinibbio","Zak Cummings",-115,-105,"170","2016-08-06",3880
4728,"David Teymur","Jason Novelli",-135,115,"155","2016-08-06",3885
4733,"Karolina Kowalkiewicz","Rose Namajunas",160,-175,"115","2016-07-30",3890
4738,"Jorge Masvidal","Ross Pearson",-275,215,"170","2016-07-30",3895
4748,"Darren Elkins","Godofredo Pepey",-250,205,"145","2016-07-23",3905
4758,"Keita Nakamura","Kyle Noke",145,-165,"170","2016-07-13",3915
4763,"Scott Holtzman","Cody Pfister",-160,130,"155","2016-07-13",3920
4768,"Daniel Cormier","Anderson Silva",-450,365,"205","2016-07-09",3925
4778,"Joanna Jędrzejczyk","Cláudia Gadelha",-120,110,"115","2016-07-08",3935
4783,"Joaquim Silva","Andrew Holbrook",105,-125,"155","2016-07-08",3940
4787,"Cezar Ferreira","Anthony Smith",100,-120,"185","2016-07-08",3944
4791,"Derrick Lewis","Roy Nelson",115,-140,"265","2016-07-07",3948
4795,"John Makdessi","Mehdi Baghdad",-135,115,"155","2016-07-07",3952
4799,"Gilbert Burns","Łukasz Sajewski",-255,215,"155","2016-07-07",3956
4803,"Donald Cerrone","Patrick Cote",-175,145,"170","2016-06-18",3960
4807,"Jason Saggo","Leandro Silva",-110,110,"155","2016-06-18",3964
4811,"Elias Theodorou","Sam Alvey",-250,205,"185","2016-06-18",3968
4819,"Dustin Poirier","Bobby Green",-175,145,"155","2016-06-04",3976
4823,"Alex Caceres","Cole Miller",155,-175,"145","2016-06-04",3980
6695,"Jacob Volkmann","Shane Roller",-185,155,"155","2012-10-05",5604
6705,"Akira Corassani","Andy Ogle",135,-160,"145","2012-09-29",5614
6715,"TJ Grant","Evan Dunham",115,-140,"155","2012-09-22",5624
6725,"Max Holloway","Justin Lawrence",-165,135,"145","2012-08-11",5634
6734,"Mike Swick","DaMarques Johnson",-250,200,"170","2012-08-04",5643
6743,"Cheick Kongo","Shawn Jordan",-125,105,"265","2012-07-21",5652
6752,"Chris Weidman","Mark Muñoz",-150,125,"185","2012-07-11",5661
6760,"Andrew Craig","Rafael Natal",-150,125,"185","2012-07-11",5669
6774,"Rich Franklin","Wanderlei Silva",-140,120,"190","2012-06-23",5683
6779,"Rodrigo Damm","Anistavio Medeiros",-220,180,"145","2012-06-23",5688
6784,"Felipe Arantes","Milton Vieira",-165,140,"145","2012-06-23",5693
6789,"Ricardo Lamas","Hatsu Hioki",150,-175,"145","2012-06-22",5698
6794,"Matt Brown","Luis Ramos",-165,140,"170","2012-06-22",5703
6799,"Mike Pyle","Josh Neer",-200,165,"170","2012-06-08",5708
6804,"Dustin Pague","Jared Papazian",130,-155,"135","2012-06-08",5713
6809,"Martin Kampmann","Jake Ellenberger",165,-195,"170","2012-06-01",5718
6824,"Darren Elkins","Diego Brandão",230,-280,"145","2012-05-26",5733
6829,"Glover Teixeira","Kyle Kingsbury",-245,205,"205","2012-05-26",5738
6834,"Yves Jabouin","Jeff Hougland",-305,265,"135","2012-05-15",5743
6839,"TJ Grant","Carlo Prater",-420,320,"155","2012-05-15",5748
6844,"Johny Hendricks","Josh Koscheck",-140,120,"170","2012-05-05",5753
6849,"John Hathaway","Pascal Krauss",-185,160,"170","2012-05-05",5758
6854,"Karlos Vémola","Mike Massenzio",105,-130,"185","2012-05-05",5763
6858,"Michael McDonald","Miguel Torres",-115,-115,"135","2012-04-21",5767
6862,"Matt Brown","Stephen Thompson",190,-225,"170","2012-04-21",5771
4689,"Ryan Bader","Ilir Latifi",-200,170,"205","2016-09-03",3846
4694,"Taylor Lapilus","Leandro Issa",-150,130,"135","2016-09-03",3851
4699,"Anthony Pettis","Charles Oliveira",-170,145,"145","2016-08-27",3856
4709,"Anthony Johnson","Glover Teixeira",-235,195,"205","2016-08-20",3866
4714,"Raquel Pennington","Elizabeth Phillips",-285,235,"135","2016-08-20",3871
4719,"Marvin Vettori","Alberto Uda",-170,145,"185","2016-08-20",3876
4729,"Teruto Ishihara","Horacio Gutiérrez",-225,195,"145","2016-08-06",3886
4734,"Jake Ellenberger","Matt Brown",245,-300,"170","2016-07-30",3891
4739,"Anthony Hamilton","Damian Grabowski",-135,115,"265","2016-07-30",3896
4744,"Edson Barboza","Gilbert Melendez",-245,205,"155","2016-07-23",3901
4749,"Kamaru Usman","Alexander Yakovlev",-250,220,"170","2016-07-23",3906
4754,"John Lineker","Michael McDonald",-105,-105,"135","2016-07-13",3911
4759,"Louis Smolka","Ben Nguyen",105,-125,"125","2016-07-13",3916
4764,"Rani Yahya","Matthew Lopez",145,-170,"135","2016-07-13",3921
4769,"José Aldo","Frankie Edgar",105,-125,"145","2016-07-09",3926
4442,"Olivier Aubin-Mercier","Drew Dober",-180,155,"155","2016-12-10",3694
4430,"Alex Morono","James Moontasri",110,-135,"170","2016-12-17",3682
4693,"Ashlee Evans-Smith","Veronica Hardy",-240,200,"135","2016-09-03",3850
4773,"TJ Dillashaw","Raphael Assunção",-400,325,"135","2016-07-09",3930
4779,"Andrew Sanchez","Khalil Rountree Jr.",-155,135,"205","2016-07-08",3936
4438,"Cub Swanson","Dooho Choi",195,-235,"145","2016-12-10",3690
4753,"Luis Henrique","Dmitrii Smoliakov",110,-130,"265","2016-07-23",3910
6819,"Junior Dos Santos","Frank Mir",-500,400,"265","2012-05-26",5728
4440,"Emil Meek","Jordan Mein",135,-155,"170","2016-12-10",3692
4427,"Paul Craig","Henrique da Silva",185,-225,"205","2016-12-17",3679
4549,"Gerald Meerschaert","Joe Gigliotti",-200,170,"185","2016-12-09",
4792,"Alan Jouban","Belal Muhammad",-145,125,"170","2016-07-07",3949
4796,"Anthony Birchak","Dileno Lopes",-240,185,"135","2016-07-07",3953
4804,"Steve Bossé","Sean O'Connell",-150,110,"205","2016-06-18",3961
4808,"Misha Cirkunov","Ion Cutelaba",-210,175,"205","2016-06-18",3965
4816,"Dominick Cruz","Urijah Faber",-425,335,"135","2016-06-04",3973
4820,"Brian Ortega","Clay Guida",-240,200,"145","2016-06-04",3977
6696,"Diego Nunes","Bart Palaszewski",-200,165,"145","2012-10-05",5605
6706,"Brad Tavares","Tom Watson",-165,135,"185","2012-09-29",5615
6716,"Sean Pierson","Lance Benoist",185,-220,"170","2012-09-22",5625
6726,"Dennis Bermudez","Tommy Hayden",-340,275,"145","2012-08-11",5635
6735,"Nam Phan","Cole Miller",125,-150,"145","2012-08-04",5644
6744,"James Head","Brian Ebersole",280,-340,"170","2012-07-21",5653
4543,"Derrick Lewis","Shamil Abdurakhimov",-245,205,"265","2016-12-09",3700
4545,"Corey Anderson","Sean O'Connell",-400,325,"205","2016-12-09",3702
4546,"Gian Villante","Saparbeg Safarov",-190,160,"205","2016-12-09",3703
4547,"Justine Kish","Ashley Yoder",-235,195,"115","2016-12-09",3704
4550,"Andrew Sanchez","Trevor Smith",-205,175,"185","2016-12-09",3707
4552,"Marc Diakiese","Frankie Perez",-270,230,"155","2016-12-09",3709
4553,"Ryan Janes","Keith Berish",-155,135,"185","2016-12-09",3710
4554,"Juliana Lima","JJ Aldrich",-240,200,"115","2016-12-09",3711
4555,"Demetrious Johnson","Tim Elliott",-1000,600,"125","2016-12-03",3712
4556,"Joseph Benavidez","Henry Cejudo",-200,170,"125","2016-12-03",3713
4557,"Jorge Masvidal","Jake Ellenberger",-220,185,"170","2016-12-03",3714
4558,"Jared Cannonier","Ion Cutelaba",200,-240,"205","2016-12-03",3715
4559,"Sara McMann","Alexis Davis",-160,135,"135","2016-12-03",3716
4561,"Ryan Hall","Gray Maynard",-160,135,"145","2016-12-03",3718
4562,"Rob Font","Matt Schnell",-280,220,"135","2016-12-03",3719
4563,"Dong Hyun Ma","Brendan O'Reilly",-135,125,"155","2016-12-03",3720
4564,"Jamie Moyle","Kailin Curran",100,-125,"115","2016-12-03",3721
4565,"Anthony Smith","Elvis Mutapčić",-120,100,"185","2016-12-03",3722
4566,"Devin Clark","Josh Stansbury",-120,100,"205","2016-12-03",3723
4567,"Robert Whittaker","Derek Brunson",105,-115,"185","2016-11-26",3724
4568,"Andrew Holbrook","Jake Matthews",400,-500,"155","2016-11-26",3725
4569,"Omari Akhmedov","Kyle Noke",-125,105,"170","2016-11-26",3726
4572,"Danielle Taylor","Seo Hee Ham",-115,-115,"115","2016-11-26",3729
4573,"Daniel Kelly","Chris Camozzi",185,-205,"185","2016-11-26",3730
4574,"Damien Brown","Jon Tuck",130,-150,"155","2016-11-26",3731
4575,"Jonathan Meunier","Richard Walsh",100,-130,"170","2016-11-26",3732
4576,"Ben Nguyen","Geane Herrera",-130,110,"125","2016-11-26",3733
4577,"Jason Knight","Dan Hooker",135,-155,"145","2016-11-26",3734
4578,"Marlon Vera","Guangyou Ning",-115,-105,"145","2016-11-26",3735
4581,"Thomas Almeida","Albert Morales",-300,260,"135","2016-11-19",3738
4582,"Cláudia Gadelha","Cortney Casey",-500,365,"115","2016-11-19",3739
4583,"Krzysztof Jotko","Thales Leites",115,-135,"185","2016-11-19",3740
4584,"Kamaru Usman","Warlley Alves",-200,170,"170","2016-11-19",3741
4586,"Cezar Ferreira","Jack Hermansson",115,-145,"185","2016-11-19",3743
4587,"Gadzhimurad Antigulov","Marcos Rogério de Lima",140,-170,"205","2016-11-19",3744
4589,"Luis Henrique","Christian Colombo",-300,235,"265","2016-11-19",3746
4590,"Pedro Munhoz","Justin Scoggins",120,-140,"135","2016-11-19",3747
4591,"Francimar Barroso","Darren Stewart",-150,130,"205","2016-11-19",3748
4592,"Gegard Mousasi","Uriah Hall",-550,415,"185","2016-11-19",3749
4593,"Stevie Ray","Ross Pearson",-115,-105,"155","2016-11-19",3750
4595,"Artem Lobov","Teruto Ishihara",210,-255,"145","2016-11-19",3752
4597,"Kyoji Horiguchi","Ali Bagautinov",-200,165,"125","2016-11-19",3754
4598,"Kevin Lee","Magomed Mustafaev",-145,125,"155","2016-11-19",3755
4599,"Amanda Cooper","Anna Elmose",120,-140,"115","2016-11-19",3756
4600,"Justin Ledet","Mark Godbeer",-130,105,"265","2016-11-19",3757
4601,"Zak Cummings","Alexander Yakovlev",-170,145,"170","2016-11-19",3758
4602,"Marion Reneau","Milana Dudieva",-210,180,"135","2016-11-19",3759
4603,"Brett Johns","Kwan Ho Kwak",-210,175,"135","2016-11-19",3760
4604,"Abdul Razak Alhassan","Charlie Ward",-295,245,"170","2016-11-19",3761
4606,"Tyron Woodley","Stephen Thompson",170,-200,"170","2016-11-12",3763
4607,"Joanna Jędrzejczyk","Karolina Kowalkiewicz",-400,300,"115","2016-11-12",3764
4608,"Yoel Romero","Chris Weidman",170,-210,"185","2016-11-12",3765
4609,"Raquel Pennington","Miesha Tate",115,-135,"135","2016-11-12",3766
4610,"Frankie Edgar","Jeremy Stephens",-330,270,"145","2016-11-12",3767
4611,"Khabib Nurmagomedov","Michael Johnson",-325,275,"155","2016-11-12",3768
4612,"Tim Boetsch","Rafael Natal",125,-145,"185","2016-11-12",3769
4613,"Vicente Luque","Belal Muhammad",-120,100,"170","2016-11-12",3770
4614,"Jim Miller","Thiago Alves",135,-155,"163","2016-11-12",3771
4617,"Diego Sanchez","Marcin Held",240,-300,"155","2016-11-05",3774
4618,"Ricardo Lamas","Charles Oliveira",-115,-115,"155","2016-11-05",3775
4619,"Martín Bravo","Claudio Puelles",-105,-115,"155","2016-11-05",3776
4620,"Beneil Dariush","Rashid Magomedov",-120,100,"155","2016-11-05",3777
4621,"Alexa Grasso","Heather Clark",-600,475,"115","2016-11-05",3778
4622,"Erik Perez","Felipe Arantes",-240,190,"135","2016-11-05",3779
4623,"Joe Soto","Marco Beltran",105,-125,"140","2016-11-05",3780
4624,"Max Griffin","Erick Montaño",-145,125,"170","2016-11-05",3781
4812,"Randa Markos","Jocelyn Jones-Lybarger",-120,110,"115","2016-06-18",3969
4588,"Johnny Eduardo","Manvel Gamburyan",-130,105,"135","2016-11-19",3745
4788,"Kevin Lee","Jake Matthews",130,-150,"155","2016-07-08",3945
4551,"Shane Burgos","Tiago dos Santos e Silva",-200,170,"145","2016-12-09",3708
4594,"Alexander Volkov","Timothy Johnson",125,-150,"265","2016-11-19",3751
4544,"Francis Ngannou","Anthony Hamilton",-430,340,"265","2016-12-09",3701
4571,"Tyson Pedro","Khalil Rountree Jr.",-115,105,"205","2016-11-26",3728
4616,"Tony Ferguson","Rafael Dos Anjos",125,-150,"155","2016-11-05",3773
4580,"Ryan Bader","Rogerio Nogueira",-325,275,"205","2016-11-19",3737
4579,"Jenel Lausa","Yao Zhikui",-140,110,"125","2016-11-26",3736
4664,"Gregor Gillespie","Glaico França",120,-140,"155","2016-09-24",
4628,"Enrique Barzola","Chris Avila",-515,395,"145","2016-11-05",3785
4629,"Michael Bisping","Dan Henderson",-240,200,"185","2016-10-08",3786
4630,"Gegard Mousasi","Vitor Belfort",-330,270,"185","2016-10-08",3787
4632,"Stefan Struve","Daniel Omielańczuk",-185,165,"265","2016-10-08",3789
4634,"Iuri Alcântara","Brad Pickett",-155,135,"135","2016-10-08",3791
4635,"Damian Stasiak","Davey Grant",150,-190,"135","2016-10-08",3792
4636,"Leon Edwards","Albert Tumenov",185,-225,"170","2016-10-08",3793
4637,"Marc Diakiese","Łukasz Sajewski",-280,230,"155","2016-10-08",3794
4638,"Mike Perry","Danny Roberts",-125,110,"170","2016-10-08",3795
4639,"Leonardo Santos","Adriano Martins",170,-200,"155","2016-10-08",3796
4640,"John Lineker","John Dodson",105,-125,"135","2016-10-01",3797
4641,"Alex Oliveira","Will Brooks",260,-305,"160","2016-10-01",3798
4643,"Brandon Moreno","Louis Smolka",385,-500,"125","2016-10-01",3800
4645,"Andre Fili","Hacran Dias",135,-165,"145","2016-10-01",3802
4648,"Nate Marquardt","Tamdan McCrory",135,-155,"185","2016-10-01",3805
4649,"Ion Cutelaba","Jonathan Wilson",-120,100,"205","2016-10-01",3806
4650,"Curtis Blaydes","Cody East",-240,190,"265","2016-10-01",3807
4651,"Ketlen Vieira","Kelly Faszholz",-105,-115,"135","2016-10-01",3808
4653,"Renan Barão","Phillipe Nover",-600,400,"145","2016-09-24",3810
4654,"Roy Nelson","Antônio Silva",-400,300,"265","2016-09-24",3811
4655,"Francisco Trinaldo","Paul Felder",-155,135,"155","2016-09-24",3812
4656,"Eric Spicely","Thiago Santos",450,-750,"185","2016-09-24",3813
4658,"Michel Prazeres","Gilbert Burns",200,-260,"155","2016-09-24",3815
4659,"Rani Yahya","Michinori Tanaka",-110,-110,"135","2016-09-24",3816
4660,"Jussier Formiga","Dustin Ortiz",-200,165,"125","2016-09-24",3817
4661,"Erick Silva","Luan Chagas",125,-140,"170","2016-09-24",3818
4663,"Vicente Luque","Hector Urbina",-550,400,"170","2016-09-24",3820
4665,"Michael Johnson","Dustin Poirier",150,-170,"155","2016-09-17",3822
4666,"Derek Brunson","Uriah Hall",-170,150,"185","2016-09-17",3823
4667,"Evan Dunham","Ricky Glenn",-330,270,"155","2016-09-17",3824
4668,"Roan Carneiro","Kenny Robertson",105,-125,"170","2016-09-17",3825
4669,"Islam Makhachev","Chris Wade",-130,105,"155","2016-09-17",3826
4670,"Chas Skelly","Maximo Blanco",-150,125,"145","2016-09-17",3827
4671,"Gabriel Benítez","Sam Sicilia",100,-130,"145","2016-09-17",3828
4673,"Antônio Carlos Júnior","Leonardo Guimarães",-265,215,"185","2016-09-17",3830
4675,"Randy Brown","Erick Montaño",-500,400,"170","2016-09-17",3832
4676,"Albert Morales","Alejandro Perez",-110,-120,"135","2016-09-17",3833
4677,"Stipe Miocic","Alistair Overeem",-120,100,"265","2016-09-10",3834
4678,"Fabrício Werdum","Travis Browne",-205,175,"265","2016-09-10",3835
4679,"Mickey Gall","CM Punk",-440,360,"170","2016-09-10",3836
4680,"Jimmie Rivera","Urijah Faber",-165,145,"135","2016-09-10",3837
4681,"Jéssica Andrade","Joanne Wood",-140,120,"115","2016-09-10",3838
4682,"Bethe Correia","Jessica Eye",125,-145,"135","2016-09-10",3839
4683,"Brad Tavares","Caio Magalhães",-195,170,"185","2016-09-10",3840
4684,"Nik Lentz","Michael McBride",-440,350,"158","2016-09-10",3841
4685,"Drew Dober","Jason Gonzalez",-165,140,"155","2016-09-10",3842
4695,"Jarjis Danho","Christian Colombo",-130,110,"265","2016-09-03",3852
4700,"Paige VanZant","Bec Rawlings",-210,175,"115","2016-08-27",3857
4705,"Felipe Silva","Shane Campbell",140,-160,"155","2016-08-27",3862
4710,"Donald Cerrone","Rick Story",-140,120,"170","2016-08-20",3867
4715,"Artem Lobov","Chris Avila",-135,115,"145","2016-08-20",3872
4720,"Yair Rodriguez","Alex Caceres",-275,235,"145","2016-08-06",3877
4725,"Maryna Moroz","Danielle Taylor",-270,225,"115","2016-08-06",3882
4730,"Cub Swanson","Tatsuya Kawajiri",-310,260,"145","2016-08-06",3887
4740,"Wilson Reis","Hector Sandoval",-240,195,"125","2016-07-30",3897
4750,"Michel Prazeres","JC Cottrell",-230,190,"155","2016-07-23",3907
4760,"Katlyn Chookagian","Lauren Murphy",160,-190,"135","2016-07-13",3917
4765,"Alex Nicholson","Devin Clark",175,-210,"185","2016-07-13",3922
4770,"Cain Velasquez","Travis Browne",-320,255,"265","2016-07-09",3927
4775,"Joe Lauzon","Diego Sanchez",105,-125,"155","2016-07-09",3932
4780,"Tatiana Suarez","Amanda Cooper",-365,285,"115","2016-07-08",3937
6697,"Darren Uyenoyama","Phil Harris",-300,245,"125","2012-10-05",5606
6707,"Gunnar Nelson","DaMarques Johnson",-375,300,"183","2012-09-29",5616
6717,"Marcus Brimage","Jimy Hettes",330,-440,"145","2012-09-22",5626
6727,"Michael Kuiper","Jared Hamman",-160,135,"185","2012-08-11",5636
6736,"Phil Davis","Wagner Prado",-775,600,"205","2012-08-04",5645
6753,"James Te Huna","Joey Beltran",-400,315,"205","2012-07-11",5662
6769,"Melvin Guillard","Fabrício Camões",-295,245,"155","2012-07-07",5678
6775,"Cezar Ferreira","Sérgio Moraes",-320,260,"185","2012-06-23",5684
6780,"Francisco Trinaldo","Delson Heleno",105,-130,"185","2012-06-23",5689
6785,"Gray Maynard","Clay Guida",-250,200,"155","2012-06-22",5694
6790,"Ramsey Nijem","CJ Keith",-160,135,"155","2012-06-22",5699
6795,"Dan Miller","Ricardo Funch",-350,290,"170","2012-06-22",5704
6800,"Eddie Wineland","Scott Jorgensen",150,-175,"135","2012-06-08",5709
6805,"Tim Means","Justin Salas",-130,105,"155","2012-06-08",5714
6810,"Michael Chiesa","Al Iaquinta",220,-270,"155","2012-06-01",5719
6820,"Cain Velasquez","Antônio Silva",-400,320,"265","2012-05-26",5729
6745,"Chris Clements","Matthew Riddle",140,-165,"170","2012-07-21",5654
4626,"Sam Alvey","Alex Nicholson",-175,155,"185","2016-11-05",3783
4735,"Erik Perez","Francisco Rivera",-155,135,"135","2016-07-30",3892
4674,"Jose Quinonez","Joey Gomez",125,-145,"135","2016-09-17",3831
4631,"Jimi Manuwa","Ovince Saint Preux",130,-155,"205","2016-10-08",3788
4652,"Cristiane Justino","Lina Länsberg",-1000,700,"140","2016-09-24",3809
4647,"Elizeu Zaleski dos Santos","Keita Nakamura",100,-125,"170","2016-10-01",3804
4644,"Henrique da Silva","Joachim Christensen",-115,100,"205","2016-10-01",3801
4627,"Marco Polo Reyes","Jason Novelli",-170,140,"155","2016-11-05",3784
4642,"Zak Ottow","Joshua Burkman",220,-260,"155","2016-10-01",3799
4657,"Godofredo Pepey","Mike de la Torre",-115,-105,"145","2016-09-24",3814
6905,"Stipe Miocic","Phil De Fries",-500,380,"265","2012-02-15",
6926,"Mike Russow","John Olav Einemo",-120,-110,"265","2012-01-28",
7012,"Phil De Fries","Rob Broughton",-160,135,"265","2011-11-05",
7035,"Darren Elkins","Tiequan Zhang",125,-150,"145","2011-10-08",
6835,"Igor Pokrajac","Fábio Maldonado",125,-150,"205","2012-05-15",5744
6850,"Louis Gaudinot","John Lineker",235,-285,"127","2012-05-05",5759
6855,"Jon Jones","Rashad Evans",-510,420,"205","2012-04-21",5764
6859,"Eddie Yagin","Mark Hominick",410,-520,"145","2012-04-21",5768
6863,"Anthony Njokuani","John Makdessi",-235,190,"155","2012-04-21",5772
6866,"Marcus Brimage","Maximo Blanco",205,-245,"145","2012-04-21",5775
6869,"Siyar Bahadurzada","Paulo Thiago",135,-155,"170","2012-04-14",5778
6872,"Brad Pickett","Damacio Page",-285,240,"135","2012-04-14",5781
6875,"Francis Carmont","Magnus Cedenblad",-300,245,"185","2012-04-14",5784
6878,"Jason Young","Eric Wisely",-170,150,"145","2012-04-14",5787
6884,"Anthony Perosh","Nick Penner",120,-145,"205","2012-03-02",5793
6887,"TJ Waldburger","Jake Hecht",-135,105,"170","2012-03-02",5796
6890,"Benson Henderson","Frankie Edgar",120,-145,"70","2012-02-25",5799
6893,"Jake Shields","Yoshihiro Akiyama",-350,290,"77","2012-02-25",5802
6896,"Anthony Pettis","Joe Lauzon",-285,245,"70","2012-02-25",5805
6899,"Riki Fukuda","Steve Cantwell",-310,260,"84","2012-02-25",5808
6902,"Jake Ellenberger","Diego Sanchez",-365,305,"170","2012-02-15",5811
6908,"Jonathan Brookins","Vagner Rocha",-180,150,"145","2012-02-15",5817
6911,"Carlos Condit","Nick Diaz",175,-205,"170","2012-02-04",5820
6917,"Edwin Figueroa","Alex Caceres",-135,110,"135","2012-02-04",5826
6920,"Rafael Natal","Michael Kuiper",-150,130,"185","2012-02-04",5829
6923,"Chael Sonnen","Michael Bisping",-400,310,"185","2012-01-28",5832
6929,"Michael Johnson","Shane Roller",210,-250,"155","2012-01-28",5838
6932,"Jim Miller","Melvin Guillard",-170,140,"155","2012-01-20",5841
6935,"Pat Barry","Christian Morecraft",-205,175,"265","2012-01-20",5844
6938,"Charlie Brenneman","Daniel Roberts",-375,305,"170","2012-01-20",5847
6941,"Nick Denis","Joseph Sandoval",-285,235,"135","2012-01-20",5850
6944,"Rousimar Palhares","Mike Massenzio",-575,425,"185","2012-01-14",5853
6947,"Thiago Tavares","Sam Stout",-125,-105,"155","2012-01-14",5856
6950,"Mike Pyle","Ricardo Funch",-550,430,"170","2012-01-14",5859
6956,"Jimy Hettes","Nam Phan",145,-170,"145","2011-12-30",5865
6959,"Dong Hyun Kim","Sean Pierson",-395,305,"170","2011-12-30",5868
6962,"Jon Jones","Lyoto Machida",-520,400,"205","2011-12-10",5871
6965,"Brian Ebersole","Claude Patrick",-115,-115,"170","2011-12-10",5874
6970,"Yves Jabouin","Walel Watson",-160,135,"135","2011-12-10",5879
6972,"Jake Hecht","Rich Attonito",190,-230,"170","2011-12-10",5881
6974,"Michael Bisping","Jason Miller",-190,160,"185","2011-12-03",5883
6978,"Johnny Bedford","Louis Gaudinot",-240,200,"135","2011-12-03",5887
6980,"John Albert","Dustin Pague",205,-250,"135","2011-12-03",5889
6968,"Constantinos Philippou","Jared Hamman",165,-195,"185","2011-12-10",5877
6986,"Urijah Faber","Brian Bowles",-185,165,"135","2011-11-19",5895
6988,"Stephan Bonnar","Kyle Kingsbury",130,-150,"205","2011-11-19",5897
6990,"Michael McDonald","Alex Soto",-440,350,"135","2011-11-19",5899
6994,"Seth Baczynski","Matt Brown",110,-135,"170","2011-11-19",5903
6998,"Dustin Poirier","Pablo Garza",-225,185,"145","2011-11-12",5907
7000,"DaMarques Johnson","Clay Harvison",-280,230,"170","2011-11-12",5909
7004,"Mike Pierce","Paul Bradley",-340,280,"170","2011-11-12",5913
7006,"Mark Muñoz","Chris Leben",-255,205,"185","2011-11-05",5915
7010,"Terry Etim","Edward Faaloloto",-650,475,"155","2011-11-05",5919
7014,"Che Mills","Chris Cope",-275,215,"170","2011-11-05",5923
7017,"Cheick Kongo","Matt Mitrione",110,-135,"265","2011-10-29",5926
7019,"Scott Jorgensen","Jeff Curran",-450,350,"135","2011-10-29",5928
7021,"Donald Cerrone","Dennis Siver",-280,220,"155","2011-10-29",5930
7023,"Brandon Vera","Eliot Marshall",-440,325,"205","2011-10-29",5932
7025,"Francis Carmont","Chris Camozzi",105,-130,"185","2011-10-29",5934
7027,"Frankie Edgar","Gray Maynard",-130,110,"155","2011-10-08",5936
7029,"Chael Sonnen","Brian Stann",-260,215,"185","2011-10-08",5938
7031,"Joe Lauzon","Melvin Guillard",400,-525,"155","2011-10-08",5940
7032,"Demian Maia","Jorge Santiago",-315,260,"185","2011-10-08",5941
7033,"Anthony Pettis","Jeremy Stephens",-295,245,"155","2011-10-08",5942
7034,"Stipe Miocic","Joey Beltran",-290,245,"265","2011-10-08",5943
7037,"Mike Massenzio","Steve Cantwell",140,-160,"185","2011-10-08",5946
6698,"Stefan Struve","Stipe Miocic",150,-175,"265","2012-09-29",5607
6718,"Seth Baczynski","Simeon Thoresen",-120,-105,"170","2012-09-22",5627
6728,"Erik Perez","Ken Stone",-165,135,"135","2012-08-11",5637
6737,"Rani Yahya","Josh Grispi",185,-215,"145","2012-08-04",5646
6746,"Nick Ring","Court McGee",105,-130,"185","2012-07-21",5655
6754,"Aaron Simpson","Kenny Robertson",-345,295,"170","2012-07-11",5663
6762,"Raphael Assunção","Issei Tamura",-190,160,"135","2012-07-11",5671
6770,"Khabib Nurmagomedov","Gleison Tibau",140,-165,"155","2012-07-07",5679
6776,"Rony Jason","Godofredo Pepey",-280,230,"145","2012-06-23",5685
6786,"Sam Stout","Spencer Fisher",-345,290,"155","2012-06-22",5695
6791,"Rick Story","Brock Jardine",-390,310,"170","2012-06-22",5700
6796,"Ken Stone","Dustin Pague",125,-155,"135","2012-06-22",5705
6801,"Mike Pierce","Carlos Eduardo Rocha",-235,190,"170","2012-06-08",5710
6806,"Buddy Roberts","Caio Magalhães",-135,110,"185","2012-06-08",5715
6811,"Charles Oliveira","Jonathan Brookins",-205,175,"145","2012-06-01",5720
6816,"Sam Sicilia","Cristiano Marcello",-200,170,"155","2012-06-01",5725
6821,"Roy Nelson","Dave Herman",-175,145,"265","2012-05-26",5730
6996,"Junior Dos Santos","Cain Velasquez",120,-140,"265","2011-11-12",5905
6976,"John Dodson","TJ Dillashaw",175,-215,"135","2011-12-03",5885
6840,"Rafael Dos Anjos","Kamal Shalorus",-375,310,"155","2012-05-15",5749
6984,"Dan Henderson","Mauricio Rua",130,-160,"205","2011-11-19",5893
7002,"Robbie Peralta","Mackens Semerzier",-110,-120,"145","2011-11-12",5911
6992,"Gleison Tibau","Rafael Dos Anjos",-160,135,"155","2011-11-19",5901
6708,"Robbie Peralta","Jason Young",105,-125,"145","2012-09-29",5617
5100,"James Vick","Glaico França",-195,165,"155","2016-04-23",
6841,"Johnny Eduardo","Jeff Curran",-125,-105,"135","2012-05-15",5750
6846,"Lavar Johnson","Pat Barry",135,-155,"265","2012-05-05",5755
6851,"Danny Castillo","John Cholish",125,-155,"155","2012-05-05",5760
6856,"Rory MacDonald","Che Mills",-670,480,"170","2012-04-21",5765
6860,"Mark Bocek","John Alessio",-315,260,"155","2012-04-21",5769
6864,"Mac Danzig","Efrain Escudero",-140,115,"155","2012-04-21",5773
6870,"Dennis Siver","Diego Nunes",170,-200,"145","2012-04-14",5779
6873,"James Head","Papy Abedi",175,-220,"170","2012-04-14",5782
6876,"Reza Madadi","Yoislandy Izquierdo",-260,220,"155","2012-04-14",5785
6879,"Martin Kampmann","Thiago Alves",120,-145,"170","2012-03-02",5788
6885,"Steven Siler","Cole Miller",380,-480,"145","2012-03-02",5794
6888,"Daniel Pineda","Mackens Semerzier",135,-160,"145","2012-03-02",5797
6891,"Ryan Bader","Quinton Jackson",125,-155,"96","2012-02-25",5800
6894,"Tim Boetsch","Yushin Okami",350,-450,"84","2012-02-25",5803
6897,"Takanori Gomi","Eiji Mitsuoka",-270,220,"70","2012-02-25",5806
6900,"Chris Cariaso","Takeya Mizugaki",250,-300,"61","2012-02-25",5809
6909,"Justin Salas","Anton Kuivanen",-150,125,"155","2012-02-15",5818
6912,"Fabrício Werdum","Roy Nelson",-160,135,"265","2012-02-04",5821
6915,"Ed Herman","Clifford Starks",-245,195,"185","2012-02-04",5824
6918,"Matt Brown","Chris Cope",-340,290,"170","2012-02-04",5827
6921,"Stephen Thompson","Dan Stittgen",-340,285,"170","2012-02-04",5830
6924,"Chris Weidman","Demian Maia",-150,125,"185","2012-01-28",5833
6927,"Cub Swanson","George Roop",115,-140,"145","2012-01-28",5836
6930,"Lavar Johnson","Joey Beltran",165,-200,"265","2012-01-28",5839
6933,"Josh Neer","Duane Ludwig",-170,145,"170","2012-01-20",5842
6936,"Jorge Rivera","Eric Schafer",130,-160,"185","2012-01-20",5845
6942,"José Aldo","Chad Mendes",-260,220,"145","2012-01-14",5851
6945,"Carlo Prater","Erick Silva",430,-570,"170","2012-01-14",5854
6948,"Gabriel Gonzaga","Ednaldo Oliveira",-145,115,"265","2012-01-14",5857
6951,"Felipe Arantes","Antonio Carvalho",140,-165,"145","2012-01-14",5860
6954,"Johny Hendricks","Jon Fitch",190,-235,"170","2011-12-30",5863
6957,"Ross Pearson","Júnior Assunção",-330,270,"145","2011-12-30",5866
6963,"Frank Mir","Antônio Rodrigo Nogueira",-220,180,"265","2011-12-10",5872
5055,"Cody Garbrandt","Thomas Almeida",170,-200,"135","2016-05-29",3985
5056,"Jeremy Stephens","Renan Barão",130,-155,"145","2016-05-29",3986
5057,"Rick Story","Tarec Saffiedine",-115,-105,"170","2016-05-29",3987
5058,"Chris Camozzi","Vitor Miranda",115,-135,"185","2016-05-29",3988
5059,"Lorenz Larkin","Jorge Masvidal",-105,-120,"170","2016-05-29",3989
5061,"Sara McMann","Jessica Eye",-135,115,"135","2016-05-29",3991
5062,"Abel Trujillo","Jordan Rinaldi",-300,245,"155","2016-05-29",3992
5063,"Jake Collier","Alberto Uda",110,-130,"185","2016-05-29",3993
5064,"Erik Koch","Shane Campbell",125,-145,"155","2016-05-29",3994
5065,"Bryan Caraway","Aljamain Sterling",265,-325,"135","2016-05-29",3995
5067,"Stipe Miocic","Fabrício Werdum",165,-185,"265","2016-05-14",3997
5071,"Bryan Barberena","Warlley Alves",450,-600,"170","2016-05-14",4001
5072,"Demian Maia","Matt Brown",-325,265,"170","2016-05-14",4002
5073,"Thiago Santos","Nate Marquardt",-360,280,"185","2016-05-14",4003
5074,"Francisco Trinaldo","Yancy Medeiros",-260,220,"155","2016-05-14",4004
5075,"John Lineker","Rob Font",-135,120,"135","2016-05-14",4005
5077,"Sérgio Moraes","Luan Chagas",-415,335,"170","2016-05-14",4007
5078,"Renato Moicano","Zubaira Tukhugov",105,-125,"145","2016-05-14",4008
5079,"Alistair Overeem","Andrei Arlovski",-200,170,"265","2016-05-08",4009
5080,"Stefan Struve","Antônio Silva",-205,175,"265","2016-05-08",4010
5081,"Gunnar Nelson","Albert Tumenov",135,-155,"170","2016-05-08",4011
5083,"Nikita Krylov","Francimar Barroso",-200,170,"205","2016-05-08",4013
5084,"Karolina Kowalkiewicz","Heather Clark",-300,235,"115","2016-05-08",4014
5085,"Rustam Khabilov","Chris Wade",-175,155,"155","2016-05-08",4015
5086,"Magnus Cedenblad","Garreth McLellan",-265,225,"185","2016-05-08",4016
5087,"Josh Emmett","Jon Tuck",105,-115,"155","2016-05-08",4017
5088,"Reza Madadi","Yan Cabral",145,-170,"155","2016-05-08",4018
5089,"Kyoji Horiguchi","Neil Seery",-600,450,"125","2016-05-08",4019
5090,"Leon Edwards","Dominic Waters",-275,225,"170","2016-05-08",4020
6966,"Chan Sung Jung","Mark Hominick",425,-560,"145","2011-12-10",5875
5093,"Demetrious Johnson","Henry Cejudo",-350,250,"125","2016-04-23",4023
5094,"Edson Barboza","Anthony Pettis",155,-180,"155","2016-04-23",4024
5095,"Robert Whittaker","Rafael Natal",-310,260,"185","2016-04-23",4025
5096,"Yair Rodriguez","Andre Fili",-115,-115,"145","2016-04-23",4026
5098,"Danny Roberts","Dominique Steele",-350,300,"170","2016-04-23",4028
5099,"Carla Esparza","Juliana Lima",-185,155,"115","2016-04-23",4029
5101,"Walt Harris","Cody East",145,-170,"265","2016-04-23",4031
5102,"Marcos Rogério de Lima","Clint Hester",-120,-110,"205","2016-04-23",4032
5103,"Kevin Lee","Efrain Escudero",-340,280,"155","2016-04-23",4033
5104,"Glover Teixeira","Rashad Evans",-220,180,"205","2016-04-16",4034
5105,"Rose Namajunas","Tecia Torres",-175,145,"115","2016-04-16",4035
5106,"Khabib Nurmagomedov","Darrell Horcher",-950,650,"160","2016-04-16",4036
5107,"Cub Swanson","Hacran Dias",-125,-105,"145","2016-04-16",4037
5108,"Michael Chiesa","Beneil Dariush",145,-170,"155","2016-04-16",4038
5109,"Raquel Pennington","Bethe Correia",-215,185,"135","2016-04-16",4039
5060,"Paul Felder","Joshua Burkman",-300,240,"155","2016-05-29",3990
6836,"Tom Lawlor","Jason MacDonald",-235,195,"185","2012-05-15",5745
6882,"Constantinos Philippou","Court McGee",115,-140,"185","2012-03-02",5791
6906,"TJ Dillashaw","Walel Watson",-265,220,"135","2012-02-15",5815
5092,"Jon Jones","Ovince Saint Preux",-750,500,"205","2016-04-23",4022
5069,"Cristiane Justino","Leslie Smith",-2000,1000,"140","2016-05-14",3999
5068,"Jacare Souza","Vitor Belfort",-280,245,"185","2016-05-14",3998
5066,"Adam Milstead","Chris de la Rocha",-265,225,"265","2016-05-29",3996
5076,"Rogerio Nogueira","Patrick Cummins",190,-230,"205","2016-05-14",4006
6826,"CB Dollaway","Jason Miller",140,-160,"185","2012-05-26",5735
5091,"Yuta Sasaki","Willie Gates",115,-135,"125","2016-05-08",4021
5111,"Mike Graves","Randy Brown",-140,120,"170","2016-04-16",
6738,"Phil De Fries","Oli Thompson",-220,185,"265","2012-08-04",
5119,"Jan Błachowicz","Igor Pokrajac",-350,290,"205","2016-04-10",4049
5121,"Zak Cummings","Nicolas Dalby",-115,-115,"170","2016-04-10",4051
5122,"Alejandro Perez","Ian Entwistle",130,-150,"135","2016-04-10",4052
5124,"Damian Stasiak","Filip Pejić",-115,-115,"135","2016-04-10",4054
5125,"Lucas Martins","Robert Whiteford",-120,105,"145","2016-04-10",4055
5126,"Jared Cannonier","Cyril Asker",-145,125,"265","2016-04-10",4056
5127,"Bojan Veličković","Alessio Di Chirico",-185,155,"185","2016-04-10",4057
5128,"Mark Hunt","Frank Mir",-145,125,"265","2016-03-19",4058
5129,"Neil Magny","Hector Lombard",-120,100,"170","2016-03-19",4059
5130,"Jake Matthews","Johnny Case",-110,-110,"155","2016-03-19",4060
5132,"Steve Bossé","James Te Huna",215,-260,"205","2016-03-19",4062
5133,"Bec Rawlings","Seo Hee Ham",-115,-105,"115","2016-03-19",4063
5134,"Alan Jouban","Brendan O'Reilly",-525,415,"170","2016-03-19",4064
5135,"Dan Hooker","Mark Eddiva",-180,150,"145","2016-03-19",4065
5136,"Leslie Smith","Rin Nakai",-130,110,"135","2016-03-19",4066
5137,"Viscardi Andrade","Richard Walsh",110,-130,"170","2016-03-19",4067
5138,"Ross Pearson","Chad Laprise",-110,-120,"155","2016-03-19",4068
5139,"Alan Patrick","Damien Brown",-285,225,"155","2016-03-19",4069
5140,"Nate Diaz","Conor McGregor",350,-450,"170","2016-03-05",4070
5141,"Miesha Tate","Holly Holm",260,-320,"135","2016-03-05",4071
5143,"Corey Anderson","Tom Lawlor",-255,225,"205","2016-03-05",4073
5144,"Amanda Nunes","Valentina Shevchenko",-105,-115,"135","2016-03-05",4074
5145,"Siyar Bahadurzada","Brandon Thatch",275,-335,"170","2016-03-05",4075
5146,"Nordine Taleb","Erick Silva",190,-230,"170","2016-03-05",4076
5147,"Vitor Miranda","Marcelo Guimarães",-310,265,"185","2016-03-05",4077
5148,"Darren Elkins","Chas Skelly",145,-170,"145","2016-03-05",4078
5150,"Jason Saggo","Justin Salas",-175,155,"155","2016-03-05",4080
5151,"Teruto Ishihara","Julian Erosa",155,-170,"145","2016-03-05",4081
5152,"Michael Bisping","Anderson Silva",210,-250,"185","2016-02-27",4082
5153,"Gegard Mousasi","Thales Leites",-335,275,"185","2016-02-27",4083
5154,"Tom Breese","Keita Nakamura",-1150,750,"170","2016-02-27",4084
5156,"Makwan Amirkhani","Mike Wilkinson",-170,145,"145","2016-02-27",4086
5157,"Davey Grant","Marlon Vera",-175,155,"135","2016-02-27",4087
5158,"Scott Askham","Chris Dempsey",-360,275,"185","2016-02-27",4088
5160,"Krzysztof Jotko","Brad Scott",-155,135,"185","2016-02-27",4090
5161,"Rustam Khabilov","Norman Parke",-205,175,"155","2016-02-27",4091
5162,"Daniel Omielańczuk","Jarjis Danho",-120,110,"265","2016-02-27",4092
5163,"Teemu Packalén","Thibault Gouti",-105,-115,"155","2016-02-27",4093
5164,"David Teymur","Martin Svensson",-125,105,"155","2016-02-27",4094
5165,"Donald Cerrone","Alex Oliveira",-245,195,"170","2016-02-21",4095
5166,"Derek Brunson","Roan Carneiro",-385,285,"185","2016-02-21",4096
5167,"Cody Garbrandt","Augusto Mendes",-400,325,"142","2016-02-21",4097
5168,"Dennis Bermudez","Tatsuya Kawajiri",-350,285,"145","2016-02-21",4098
5169,"Chris Camozzi","Joe Riggs",-225,185,"185","2016-02-21",4099
5171,"Sean Strickland","Alex Garcia",-110,-110,"170","2016-02-21",4101
5172,"Oluwale Bamgbose","Daniel Sarafian",120,-140,"185","2016-02-21",4102
5173,"Anthony Smith","Leonardo Guimarães",-140,120,"185","2016-02-21",4103
5174,"Nathan Coy","Jonavin Webb",215,-255,"170","2016-02-21",4104
5176,"Lauren Murphy","Kelly Faszholz",-330,270,"135","2016-02-21",4106
5177,"Shamil Abdurakhimov","Anthony Hamilton",-125,105,"265","2016-02-21",4107
5178,"Stephen Thompson","Johny Hendricks",215,-245,"170","2016-02-06",4108
5179,"Roy Nelson","Jared Rosholt",-160,135,"265","2016-02-06",4109
5182,"Misha Cirkunov","Alex Nicholson",-950,650,"205","2016-02-06",4112
5183,"Mike Pyle","Sean Spencer",115,-135,"170","2016-02-06",4113
5185,"Derrick Lewis","Damian Grabowski",100,-115,"265","2016-02-06",4115
5186,"Justin Scoggins","Ray Borg",225,-260,"125","2016-02-06",4116
5187,"Diego Rivas","Noad Lahat",275,-335,"145","2016-02-06",4117
5188,"Mickey Gall","Mike Jackson",-550,425,"170","2016-02-06",4118
5189,"Alex White","Artem Lobov",115,-135,"145","2016-02-06",4119
6699,"Dan Hardy","Amir Sadollah",-230,190,"170","2012-09-29",5608
6719,"Mitch Gagnon","Walel Watson",160,-190,"135","2012-09-22",5628
6700,"Brad Pickett","Yves Jabouin",-170,145,"135","2012-09-29",5609
6710,"Demetrious Johnson","Joseph Benavidez",215,-265,"125","2012-09-22",5619
6720,"Kyle Noke","Charlie Brenneman",185,-225,"170","2012-09-22",5629
6729,"Chico Camus","Dustin Pague",140,-170,"135","2012-08-11",5638
6755,"Francis Carmont","Karlos Vémola",-220,185,"185","2012-07-11",5664
6763,"Anderson Silva","Chael Sonnen",-285,235,"185","2012-07-07",5672
5201,"Anthony Johnson","Ryan Bader",-265,215,"205","2016-01-30",4120
5202,"Ben Rothwell","Josh Barnett",115,-135,"265","2016-01-30",4121
5204,"Bryan Barberena","Sage Northcutt",210,-255,"170","2016-01-30",4123
5205,"Tarec Saffiedine","Jake Ellenberger",-255,210,"170","2016-01-30",4124
5207,"Rafael Natal","Kevin Casey",-175,150,"185","2016-01-30",4126
5208,"Wilson Reis","Dustin Ortiz",195,-230,"125","2016-01-30",4127
5209,"Alexander Yakovlev","George Sullivan",-120,-105,"170","2016-01-30",4128
5210,"Alex Caceres","Masio Fullen",-280,240,"145","2016-01-30",4129
5175,"Ashlee Evans-Smith","Marion Reneau",150,-175,"135","2016-02-21",4105
5206,"Diego Ferreira","Olivier Aubin-Mercier",225,-270,"155","2016-01-30",4125
5116,"Derrick Lewis","Gabriel Gonzaga",-150,135,"265","2016-04-10",4046
5112,"John Dodson","Manvel Gamburyan",-545,425,"135","2016-04-16",4042
5115,"Junior Dos Santos","Ben Rothwell",-120,-105,"265","2016-04-10",4045
5155,"Brad Pickett","Francisco Rivera",135,-155,"135","2016-02-27",4085
5118,"Timothy Johnson","Marcin Tybura",-110,-110,"265","2016-04-10",4048
5180,"Ovince Saint Preux","Rafael Cavalcante",-385,315,"205","2016-02-06",4110
5117,"Francis Ngannou","Curtis Blaydes",145,-155,"265","2016-04-10",4047
5114,"Elizeu Zaleski dos Santos","Omari Akhmedov",125,-145,"170","2016-04-16",4044
5184,"Joshua Burkman","KJ Noons",-160,140,"155","2016-02-06",4114
5215,"Eddie Alvarez","Anthony Pettis",295,-365,"155","2016-01-17",4134
5216,"Travis Browne","Matt Mitrione",-165,140,"265","2016-01-17",4135
5217,"Francisco Trinaldo","Ross Pearson",120,-140,"155","2016-01-17",4136
5218,"Patrick Cote","Ben Saunders",130,-150,"170","2016-01-17",4137
5219,"Ed Herman","Tim Boetsch",145,-165,"205","2016-01-17",4138
5220,"Chris Wade","Mehdi Baghdad",-400,325,"155","2016-01-17",4139
5221,"Luke Sanders","Maximo Blanco",105,-120,"145","2016-01-17",4140
5222,"Paul Felder","Daron Cruickshank",-235,195,"155","2016-01-17",4141
5223,"Ilir Latifi","Sean O'Connell",-275,230,"205","2016-01-17",4142
5224,"Charles Rosa","Kyle Bochniak",-245,205,"145","2016-01-17",4143
5225,"Rob Font","Joey Gomez",-210,180,"135","2016-01-17",4144
5226,"Francimar Barroso","Elvis Mutapčić",135,-160,"205","2016-01-17",4145
5227,"Robbie Lawler","Carlos Condit",-110,-110,"170","2016-01-02",4146
5228,"Stipe Miocic","Andrei Arlovski",-225,190,"265","2016-01-02",4147
5229,"Albert Tumenov","Lorenz Larkin",-220,185,"170","2016-01-02",4148
5230,"Brian Ortega","Diego Brandão",-170,145,"145","2016-01-02",4149
5232,"Michael McDonald","Masanori Kanehara",-525,475,"135","2016-01-02",4151
5233,"Alex Morono","Kyle Noke",315,-385,"170","2016-01-02",4152
5234,"Justine Kish","Nina Nunes",-205,180,"115","2016-01-02",4153
5235,"Drew Dober","Scott Holtzman",170,-200,"155","2016-01-02",4154
5236,"Dustin Poirier","Joe Duffy",130,-145,"155","2016-01-02",4155
5237,"Michinori Tanaka","Joe Soto",-135,120,"135","2016-01-02",4156
5238,"Sheldon Westcott","Edgar Garcia",-160,135,"170","2016-01-02",4157
5241,"Nate Diaz","Michael Johnson",325,-400,"155","2015-12-19",4160
5243,"Charles Oliveira","Myles Jury",145,-165,"145","2015-12-19",4162
5245,"Valentina Shevchenko","Sarah Kaufman",115,-135,"135","2015-12-19",4164
5246,"Tamdan McCrory","Josh Samman",160,-190,"185","2015-12-19",4165
5247,"Nik Lentz","Danny Castillo",-125,105,"155","2015-12-19",4166
5248,"Cole Miller","Jim Alers",-115,-115,"145","2015-12-19",4167
5249,"Kamaru Usman","Leon Edwards",-300,220,"170","2015-12-19",4168
5250,"Vicente Luque","Hayder Hassan",-135,115,"170","2015-12-19",4169
5252,"Conor McGregor","José Aldo",-105,-115,"145","2015-12-12",4171
5253,"Luke Rockhold","Chris Weidman",135,-155,"185","2015-12-12",4172
5255,"Demian Maia","Gunnar Nelson",100,-120,"170","2015-12-12",4174
5256,"Max Holloway","Jeremy Stephens",-500,435,"145","2015-12-12",4175
5257,"Urijah Faber","Frankie Saenz",-450,350,"135","2015-12-12",4176
5259,"Warlley Alves","Colby Covington",105,-125,"170","2015-12-12",4178
5260,"Leonardo Santos","Kevin Lee",450,-600,"155","2015-12-12",4179
5262,"Yancy Medeiros","John Makdessi",145,-165,"155","2015-12-12",4181
5264,"Frankie Edgar","Chad Mendes",-140,120,"145","2015-12-11",4183
5265,"Ryan Hall","Artem Lobov",140,-165,"155","2015-12-11",4184
5266,"Tony Ferguson","Edson Barboza",-160,140,"155","2015-12-11",4185
5267,"Evan Dunham","Joe Lauzon",-215,180,"155","2015-12-11",4186
5268,"Tatsuya Kawajiri","Jason Knight",-290,240,"145","2015-12-11",4187
5269,"Julian Erosa","Marcin Wrzosek",100,-120,"155","2015-12-11",4188
5270,"Gabriel Gonzaga","Konstantin Erokhin",105,-125,"265","2015-12-11",4189
5271,"Ryan LaFlare","Mike Pierce",-220,185,"170","2015-12-11",4190
5272,"Geane Herrera","Joby Sanchez",-110,-110,"125","2015-12-11",4191
5274,"Rose Namajunas","Paige VanZant",120,-140,"115","2015-12-10",4193
5275,"Michael Chiesa","Jim Miller",-145,125,"155","2015-12-10",4194
5276,"Sage Northcutt","Cody Pfister",-950,615,"155","2015-12-10",4195
5277,"Thiago Santos","Elias Theodorou",190,-225,"185","2015-12-10",4196
5278,"Tim Means","John Howard",-360,300,"170","2015-12-10",4197
5279,"Sérgio Moraes","Omari Akhmedov",120,-140,"170","2015-12-10",4198
5280,"Kevin Casey","Antônio Carlos Júnior",265,-325,"185","2015-12-10",4199
5281,"Aljamain Sterling","Johnny Eduardo",-600,450,"135","2015-12-10",4200
5282,"Santiago Ponzinibbio","Andreas Stahl",-170,145,"170","2015-12-10",4201
5283,"Danny Roberts","Nathan Coy",-160,135,"170","2015-12-10",4202
5284,"Zubaira Tukhugov","Phillipe Nover",-325,265,"145","2015-12-10",4203
5285,"Kailin Curran","Emily Kagan",-325,265,"115","2015-12-10",4204
5287,"Dong Hyun Kim","Dominic Waters",-800,550,"170","2015-11-28",4206
5288,"Alberto Mina","Yoshihiro Akiyama",130,-155,"170","2015-11-28",4207
5290,"Dongi Yang","Jake Collier",105,-125,"185","2015-11-28",4209
5292,"Tae Hyun Bang","Leo Kuntz",285,-385,"155","2015-11-28",4211
5293,"Seo Hee Ham","Cortney Casey",130,-150,"115","2015-11-28",4212
5295,"Marco Beltran","Guangyou Ning",135,-160,"135","2015-11-28",4214
5296,"Dominique Steele","Dong Hyun Ma",-135,115,"170","2015-11-28",4215
5297,"Neil Magny","Kelvin Gastelum",265,-335,"170","2015-11-21",4216
5298,"Ricardo Lamas","Diego Sanchez",-550,350,"145","2015-11-21",4217
5299,"Henry Cejudo","Jussier Formiga",-550,450,"125","2015-11-21",4218
5300,"Erick Montaño","Enrique Marín",170,-200,"170","2015-11-21",4219
5301,"Enrique Barzola","Horacio Gutiérrez",160,-180,"155","2015-11-21",4220
5302,"Leandro Silva","Efrain Escudero",-150,130,"155","2015-11-21",4221
5303,"Erik Perez","Taylor Lapilus",-140,120,"135","2015-11-21",4222
5305,"Alejandro Perez","Scott Jorgensen",120,-140,"135","2015-11-21",4224
5306,"Andre Fili","Gabriel Benítez",-220,185,"145","2015-11-21",4225
5309,"Michel Prazeres","Valmir Lázaro",-130,110,"155","2015-11-21",4228
5258,"Tecia Torres","Jocelyn Jones-Lybarger",-300,250,"115","2015-12-12",4177
5212,"Damon Jackson","Levan Makashvili",280,-320,"145","2016-01-30",4131
5214,"Dominick Cruz","TJ Dillashaw",130,-150,"135","2016-01-17",4133
5251,"Francis Ngannou","Luis Henrique",-140,120,"265","2015-12-19",4170
5254,"Yoel Romero","Jacare Souza",110,-130,"185","2015-12-12",4173
5239,"Rafael Dos Anjos","Donald Cerrone",-185,155,"155","2015-12-19",4158
5289,"Dooho Choi","Sam Sicilia",-250,210,"145","2015-11-28",4208
5294,"Fredy Serrano","Yao Zhikui",-170,145,"125","2015-11-28",4213
5307,"Alvaro Herrera Mendoza","Vernon Ramos",140,-165,"170","2015-11-21",
5244,"Nate Marquardt","CB Dollaway",340,-420,"185","2015-12-19",4163
5291,"Mike de la Torre","Yui Chul Nam",-105,-115,"145","2015-11-28",4210
5308,"Marco Polo Reyes","Cesar Arzamendia",155,-180,"155","2015-11-21",4227
5263,"Court McGee","Marcio Alexandre Junior",-165,145,"170","2015-12-12",4182
5320,"Richard Walsh","Steven Kennedy",-365,300,"170","2015-11-14",
5377,"Joe Riggs","Ronald Stallings",190,-230,"185","2015-09-05",
5403,"Scott Holtzman","Tony Christodoulou",-800,1000,"155","2015-08-08",
5406,"Glaico França","Fernando Bruno",-195,165,"155","2015-08-01",
5312,"Mark Hunt","Antônio Silva",-240,200,"265","2015-11-14",4231
5313,"Robert Whittaker","Uriah Hall",135,-155,"185","2015-11-14",4232
5315,"Jake Matthews","Akbarh Arreola",-1000,650,"155","2015-11-14",4234
5316,"Kyle Noke","Peter Sobotta",165,-185,"170","2015-11-14",4235
5317,"Gian Villante","Anthony Perosh",-440,355,"205","2015-11-14",4236
5318,"Danny Martinez","Richie Vaculik",-105,-115,"125","2015-11-14",4237
5319,"Daniel Kelly","Steve Montgomery",215,-260,"185","2015-11-14",4238
5321,"James Moontasri","Anton Zafir",-400,300,"170","2015-11-14",4240
5322,"Ben Nguyen","Ryan Benoit",-130,110,"125","2015-11-14",4241
5323,"Vitor Belfort","Dan Henderson",-320,260,"185","2015-11-07",4242
5328,"Corey Anderson","Fábio Maldonado",-550,400,"205","2015-11-07",4247
5329,"Abel Trujillo","Gleison Tibau",100,-130,"155","2015-11-07",4248
5330,"Johnny Case","Yan Cabral",-215,175,"155","2015-11-07",4249
5331,"Thiago Tavares","Clay Guida",140,-155,"145","2015-11-07",4250
5332,"Chas Skelly","Edimilson Souza",-185,165,"145","2015-11-07",4251
5333,"Viscardi Andrade","Gasan Umalatov",110,-130,"170","2015-11-07",4252
5334,"Jimmie Rivera","Pedro Munhoz",145,-170,"135","2015-11-07",4253
5335,"Matheus Nicolau","Bruno Korea",-200,170,"135","2015-11-07",4254
5336,"Louis Smolka","Paddy Holohan",-120,100,"125","2015-10-24",4255
5337,"Norman Parke","Reza Madadi",-275,225,"155","2015-10-24",4256
5338,"Darren Till","Nicolas Dalby",120,-145,"170","2015-10-24",4257
5339,"Neil Seery","Jon Delos Reyes",-155,135,"125","2015-10-24",4258
5340,"Stevie Ray","Mickael Lebout",-500,400,"155","2015-10-24",4259
5341,"Aisling Daly","Ericka Almeida",-135,115,"115","2015-10-24",4260
5342,"Krzysztof Jotko","Scott Askham",120,-140,"185","2015-10-24",4261
5343,"Tom Breese","Cathal Pendred",-255,210,"170","2015-10-24",4262
5344,"Darren Elkins","Robert Whiteford",-145,125,"145","2015-10-24",4263
5345,"Garreth McLellan","Bubba Bush",230,-275,"185","2015-10-24",4264
5346,"Daniel Cormier","Alexander Gustafsson",-285,235,"205","2015-10-03",4265
5347,"Ryan Bader","Rashad Evans",120,-140,"205","2015-10-03",4266
5348,"Ruslan Magomedov","Shawn Jordan",-190,160,"265","2015-10-03",4267
5349,"Joseph Benavidez","Ali Bagautinov",-350,285,"125","2015-10-03",4268
5350,"Julianna Peña","Jessica Eye",-250,210,"135","2015-10-03",4269
5351,"Yair Rodriguez","Dan Hooker",-355,290,"145","2015-10-03",4270
5352,"Albert Tumenov","Alan Jouban",-270,225,"170","2015-10-03",4271
5353,"Adriano Martins","Islam Makhachev",115,-135,"155","2015-10-03",4272
5354,"Rose Namajunas","Angela Hill",-240,200,"115","2015-10-03",4273
5355,"Sage Northcutt","Francisco Trevino",-450,350,"160","2015-10-03",4274
5356,"Sergio Pettis","Chris Cariaso",-200,170,"125","2015-10-03",4275
5357,"Derrick Lewis","Viktor Pešta",150,-170,"265","2015-10-03",4276
5358,"Josh Barnett","Roy Nelson",-330,260,"120","2015-09-26",4277
5359,"Uriah Hall","Gegard Mousasi",375,-525,"84","2015-09-26",4278
5360,"Kyoji Horiguchi","Chico Camus",-450,350,"57","2015-09-26",4279
5361,"Takeya Mizugaki","George Roop",-240,200,"61","2015-09-26",4280
5362,"Diego Brandão","Katsunori Kikuno",-260,210,"66","2015-09-26",4281
5363,"Mizuto Hirota","Teruto Ishihara",-280,235,"66","2015-09-26",4282
5365,"Nick Hein","Yusuke Kasuya",-370,310,"70","2015-09-26",4284
5366,"Kajan Johnson","Naoyuki Kotani",-310,260,"70","2015-09-26",4285
5367,"Shinsho Anzai","Roger Zapata",-115,-105,"77","2015-09-26",4286
5368,"Demetrious Johnson","John Dodson",-620,440,"125","2015-09-05",4287
5369,"Andrei Arlovski","Frank Mir",-155,140,"265","2015-09-05",4288
5370,"Anthony Johnson","Jimi Manuwa",-710,500,"205","2015-09-05",4289
5371,"Corey Anderson","Jan Błachowicz",-110,-110,"205","2015-09-05",4290
5372,"Paige VanZant","Alex Chambers",-1500,800,"115","2015-09-05",4291
5375,"Raquel Pennington","Jéssica Andrade",150,-175,"135","2015-09-05",4294
5378,"Joaquim Silva","Nazareno Malegarie",105,-125,"155","2015-09-05",4297
5379,"Max Holloway","Charles Oliveira",-245,200,"145","2015-08-23",4298
5380,"Neil Magny","Erick Silva",160,-185,"170","2015-08-23",4299
5382,"Francisco Trinaldo","Chad Laprise",305,-365,"155","2015-08-23",4301
5384,"Valérie Létourneau","Maryna Moroz",180,-205,"115","2015-08-23",4303
5385,"Frankie Perez","Sam Stout",-135,115,"155","2015-08-23",4304
5386,"Felipe Arantes","Yves Jabouin",-220,185,"135","2015-08-23",4305
5388,"Chris Kelades","Chris Beal",140,-165,"125","2015-08-23",4307
5389,"Shane Campbell","Elias Silvério",225,-265,"155","2015-08-23",4308
5390,"Misha Cirkunov","Daniel Jolly",-510,410,"205","2015-08-23",4309
5392,"Beneil Dariush","Michael Johnson",125,-145,"155","2015-08-08",4311
5393,"Derek Brunson","Sam Alvey",-400,330,"185","2015-08-08",4312
5395,"Amanda Nunes","Sara McMann",250,-300,"135","2015-08-08",4314
5396,"Ray Borg","Geane Herrera",-400,340,"125","2015-08-08",4315
5397,"Uriah Hall","Oluwale Bamgbose",-360,295,"185","2015-08-08",4316
5398,"Chris Camozzi","Tom Watson",-125,105,"185","2015-08-08",4317
5400,"Frankie Saenz","Sirwan Kakai",110,-130,"135","2015-08-08",4319
5401,"Jonathan Wilson","Chris Dempsey",-130,115,"205","2015-08-08",4320
5402,"Marlon Vera","Roman Salazar",-130,105,"135","2015-08-08",4321
5404,"Ronda Rousey","Bethe Correia",-1800,900,"135","2015-08-01",4323
5407,"Reginaldo Vieira","Dileno Lopes",300,-380,"135","2015-08-01",4326
5408,"Stefan Struve","Antônio Rodrigo Nogueira",-170,150,"265","2015-08-01",4327
5383,"Olivier Aubin-Mercier","Tony Sims",-240,200,"155","2015-08-23",4302
5311,"Joanna Jędrzejczyk","Valérie Létourneau",-1600,900,"115","2015-11-14",4230
5364,"Keita Nakamura","Li Jingliang",260,-310,"77","2015-09-26",4283
5374,"John Lineker","Francisco Rivera",-155,130,"135","2015-09-05",4293
5394,"Jared Rosholt","Timothy Johnson",-260,225,"265","2015-08-08",4313
5391,"Glover Teixeira","Ovince Saint Preux",110,-130,"205","2015-08-08",4310
5405,"Mauricio Rua","Rogerio Nogueira",-220,180,"205","2015-08-01",4324
5381,"Patrick Cote","Joshua Burkman",115,-135,"170","2015-08-23",4300
5455,"Mike Graves","Vicente Luque",155,-175,"170","2015-07-12",
5480,"Alex Oliveira","Joey Merritt",-450,350,"170","2015-06-27",
5486,"Peter Sobotta","Steven Kennedy",-350,310,"170","2015-06-20",
5411,"Demian Maia","Neil Magny",-235,195,"170","2015-08-01",4330
5412,"Patrick Cummins","Rafael Cavalcante",-185,155,"205","2015-08-01",4331
5413,"Warlley Alves","Nordine Taleb",-300,245,"170","2015-08-01",4332
5414,"Iuri Alcântara","Leandro Issa",-240,205,"135","2015-08-01",4333
5416,"Guido Cannetti","Hugo Viana",450,-700,"135","2015-08-01",4335
5418,"Miesha Tate","Jessica Eye",-200,170,"135","2015-07-25",4337
5419,"Edson Barboza","Paul Felder",-155,135,"155","2015-07-25",4338
5420,"Joe Lauzon","Takanori Gomi",-315,275,"155","2015-07-25",4339
5421,"Tom Lawlor","Gian Villante",185,-210,"205","2015-07-25",4340
5422,"Jim Miller","Danny Castillo",-140,120,"155","2015-07-25",4341
5423,"Ben Saunders","Kenny Robertson",115,-125,"170","2015-07-25",4342
5424,"Bryan Caraway","Eddie Wineland",100,-125,"135","2015-07-25",4343
5426,"Andrew Holbrook","Ramsey Nijem",130,-150,"155","2015-07-25",4345
5427,"Elizabeth Phillips","Jessamyn Duke",-150,130,"135","2015-07-25",4346
5428,"Zak Cummings","Dominique Steele",-400,325,"170","2015-07-25",4347
5429,"Michael Bisping","Thales Leites",-130,115,"185","2015-07-18",4348
5430,"Evan Dunham","Ross Pearson",195,-235,"155","2015-07-18",4349
5431,"Joe Duffy","Ivan Jorge",-900,600,"155","2015-07-18",4350
5432,"Joanne Wood","Cortney Casey",-230,180,"115","2015-07-18",4351
5433,"Leon Edwards","Paweł Pawlak",-400,300,"170","2015-07-18",4352
5434,"Stevie Ray","Leonardo Mafra",-215,175,"155","2015-07-18",4353
5435,"Paddy Holohan","Vaughan Lee",-145,125,"125","2015-07-18",4354
5437,"Mickael Lebout","Teemu Packalén",120,-140,"155","2015-07-18",4356
5438,"Robert Whiteford","Paul Redmond",-140,120,"145","2015-07-18",4357
5439,"Jimmie Rivera","Marcus Brimage",-140,120,"135","2015-07-18",4358
5441,"Frank Mir","Todd Duffee",170,-190,"265","2015-07-15",4360
5442,"Tony Ferguson","Josh Thomson",-265,225,"155","2015-07-15",4361
5443,"Holly Holm","Marion Reneau",-230,200,"135","2015-07-15",4362
5445,"Kevin Lee","James Moontasri",-300,250,"155","2015-07-15",4364
5446,"Alan Jouban","Matt Dwyer",-600,420,"170","2015-07-15",4365
5447,"Sam Sicilia","Yaotzin Meza",-245,205,"145","2015-07-15",4366
5449,"Rani Yahya","Masanori Kanehara",105,-120,"135","2015-07-15",4368
5450,"Sean Strickland","Igor Araújo",-425,350,"170","2015-07-15",4369
5451,"Kevin Casey","Ildemar Alcântara",110,-130,"185","2015-07-15",4370
5452,"Lyman Good","Andrew Craig",-270,225,"170","2015-07-15",4371
5453,"Stephen Thompson","Jake Ellenberger",-250,210,"170","2015-07-12",4372
5454,"Kamaru Usman","Hayder Hassan",-235,190,"170","2015-07-12",4373
5456,"Jorge Masvidal","Cezar Ferreira",-200,165,"170","2015-07-12",4375
5459,"Josh Samman","Caio Magalhães",100,-120,"185","2015-07-12",4378
5460,"Jerrod Sanders","Russell Doane",375,-450,"135","2015-07-12",4379
5461,"Trevor Smith","Dan Miller",-110,-110,"185","2015-07-12",4380
5463,"Willie Gates","Darrell Montague",100,-120,"125","2015-07-12",4382
5464,"Conor McGregor","Chad Mendes",-185,155,"145","2015-07-11",4383
5465,"Robbie Lawler","Rory MacDonald",145,-165,"170","2015-07-11",4384
5466,"Jeremy Stephens","Dennis Bermudez",200,-240,"145","2015-07-11",4385
5467,"Gunnar Nelson","Brandon Thatch",155,-175,"170","2015-07-11",4386
5468,"Thomas Almeida","Brad Pickett",-700,550,"135","2015-07-11",4387
5469,"Matt Brown","Tim Means",-145,125,"170","2015-07-11",4388
5470,"Alex Garcia","Mike Swick",-500,350,"170","2015-07-11",4389
5471,"John Howard","Cathal Pendred",120,-140,"170","2015-07-11",4390
5472,"Cody Garbrandt","Henry Briones",-1000,650,"135","2015-07-11",4391
5473,"Louis Smolka","Neil Seery",-135,115,"125","2015-07-11",4392
5474,"Cody Pfister","Yosdenis Cedeno",170,-200,"155","2015-07-11",4393
5475,"Yoel Romero","Lyoto Machida",140,-170,"185","2015-06-27",4394
5477,"Antônio Carlos Júnior","Eddie Gordon",-170,150,"185","2015-06-27",4396
5478,"Thiago Santos","Steve Bossé",-190,160,"185","2015-06-27",4397
5479,"Hacran Dias","Levan Makashvili",-160,130,"145","2015-06-27",4398
5481,"Leandro Silva","Lewis Gonzalez",-185,165,"170","2015-06-27",4400
5482,"Tony Sims","Steve Montgomery",-115,-105,"170","2015-06-27",4401
5483,"Sirwan Kakai","Danny Martinez",100,-120,"135","2015-06-27",4402
5484,"Joanna Jędrzejczyk","Jessica Penne",-800,500,"115","2015-06-20",4403
5485,"Tatsuya Kawajiri","Dennis Siver",155,-180,"145","2015-06-20",4404
5487,"Nick Hein","Łukasz Sajewski",-160,135,"155","2015-06-20",4406
5488,"Makwan Amirkhani","Masio Fullen",-245,220,"145","2015-06-20",4407
5489,"Mairbek Taisumov","Alan Patrick",-165,135,"155","2015-06-20",4408
5490,"Arnold Allen","Alan Omer",150,-170,"145","2015-06-20",4409
5491,"Noad Lahat","Niklas Bäckström",170,-220,"145","2015-06-20",4410
5493,"Magomed Mustafaev","Piotr Hallmann",-120,105,"155","2015-06-20",4412
5496,"Eddie Alvarez","Gilbert Melendez",125,-155,"155","2015-06-13",4415
5497,"Kelvin Gastelum","Nate Marquardt",-500,400,"185","2015-06-13",4416
5498,"Yair Rodriguez","Charles Rosa",180,-215,"145","2015-06-13",4417
5499,"Tecia Torres","Angela Hill",-245,220,"115","2015-06-13",4418
5500,"Henry Cejudo","Chico Camus",-1200,900,"125","2015-06-13",4419
5501,"Efrain Escudero","Drew Dober",115,-130,"155","2015-06-13",4420
5502,"Patrick Williams","Alejandro Perez",140,-165,"135","2015-06-13",4421
5503,"Johnny Case","Francisco Trevino",-500,400,"155","2015-06-13",4422
5504,"Cathal Pendred","Augusto Montaño",-115,-115,"170","2015-06-13",4423
5505,"Gabriel Benítez","Clay Collard",210,-250,"145","2015-06-13",4424
5507,"Ben Rothwell","Matt Mitrione",140,-165,"265","2015-06-06",4426
5457,"Michelle Waterson-Gomez","Angela Magana",-1000,700,"115","2015-07-12",4376
5410,"Cláudia Gadelha","Jessica Aguilar",-425,330,"115","2015-08-01",4329
5417,"TJ Dillashaw","Renan Barão",-225,175,"135","2015-07-25",4336
5458,"Maximo Blanco","Mike de la Torre",-150,130,"145","2015-07-12",4377
5444,"Manvel Gamburyan","Scott Jorgensen",-175,150,"135","2015-07-15",4363
5494,"Taylor Lapilus","Yuta Sasaki",240,-280,"135","2015-06-20",4413
5440,"Daniel Omielańczuk","Chris de la Rocha",-140,120,"265","2015-07-18",4359
5492,"Scott Askham","Antonio Dos Santos",-240,180,"185","2015-06-20",4411
5523,"Darren Till","Wendell Oliveira",100,-125,"170","2015-05-30",
5529,"Tom Breese","Luiz Dutra Jr.",-170,145,"170","2015-05-30",
5548,"Kajan Johnson","Lipeng Zhang",-115,100,"155","2015-05-16",
5551,"Jon Delos Reyes","Roldan Sangcha-an",-155,135,"125","2015-05-16",
5564,"Ben Nguyen","Alp Ozkilic",185,-220,"125","2015-05-09",
5510,"Anthony Birchak","Joe Soto",155,-180,"135","2015-06-06",4429
5512,"Shawn Jordan","Derrick Lewis",-115,-105,"265","2015-06-06",4431
5513,"Omari Akhmedov","Brian Ebersole",-140,120,"170","2015-06-06",4432
5514,"Chris Wade","Christos Giagos",-170,145,"155","2015-06-06",4433
5515,"Joe Proctor","Justin Edwards",-205,180,"155","2015-06-06",4434
5516,"Jake Collier","Ricardo Abreu",155,-180,"185","2015-06-06",4435
5518,"Carlos Condit","Thiago Alves",-340,260,"170","2015-05-30",4437
5519,"Charles Oliveira","Nik Lentz",-260,215,"145","2015-05-30",4438
5520,"Alex Oliveira","KJ Noons",-165,145,"170","2015-05-30",4439
5521,"Francimar Barroso","Ryan Jimmo",245,-295,"205","2015-05-30",4440
5524,"Rony Jason","Damon Jackson",-145,125,"145","2015-05-30",4443
5525,"Jussier Formiga","Wilson Reis",-115,-105,"125","2015-05-30",4444
5527,"Mirsad Bektić","Lucas Martins",-450,345,"145","2015-05-30",4446
5528,"Juliana Lima","Ericka Almeida",-225,190,"115","2015-05-30",4447
5530,"Daniel Cormier","Anthony Johnson",105,-125,"205","2015-05-23",4449
5531,"Chris Weidman","Vitor Belfort",-400,325,"185","2015-05-23",4450
5532,"Donald Cerrone","John Makdessi",-600,465,"155","2015-05-23",4451
5533,"Andrei Arlovski","Travis Browne",350,-450,"265","2015-05-23",4452
5534,"Joseph Benavidez","John Moraga",-710,500,"125","2015-05-23",4453
5535,"John Dodson","Zach Makovsky",-775,575,"125","2015-05-23",4454
5537,"Rafael Natal","Uriah Hall",320,-400,"185","2015-05-23",4456
5538,"Colby Covington","Mike Pyle",-330,265,"170","2015-05-23",4457
5540,"Justin Scoggins","Josh Sampo",-470,370,"125","2015-05-23",4459
5541,"Frankie Edgar","Urijah Faber",-600,400,"145","2015-05-16",4460
5543,"Mark Muñoz","Luke Barnatt",115,-135,"185","2015-05-16",4462
5544,"Neil Magny","Hyun Gyu Lim",-125,105,"170","2015-05-16",4463
5545,"Phillipe Nover","Yui Chul Nam",150,-170,"145","2015-05-16",4464
5546,"Levan Makashvili","Mark Eddiva",-400,300,"145","2015-05-16",4465
5547,"Jon Tuck","Tae Hyun Bang",-220,185,"155","2015-05-16",4466
5550,"Guangyou Ning","Royston Wee",-135,125,"145","2015-05-16",4469
5554,"Robert Whittaker","Brad Tavares",115,-135,"185","2015-05-09",4473
5555,"Sean O'Connell","Anthony Perosh",120,-140,"205","2015-05-09",4474
5556,"James Vick","Jake Matthews",170,-200,"155","2015-05-09",4475
5557,"Dan Hooker","Hatsu Hioki",250,-300,"145","2015-05-09",4476
5558,"Kyle Noke","Jonavin Webb",-110,-110,"170","2015-05-09",4477
5559,"Sam Alvey","Daniel Kelly",-350,310,"185","2015-05-09",4478
5560,"Bec Rawlings","Lisa Ellis",-200,170,"115","2015-05-09",4479
5561,"Brad Scott","Dylan Andrews",105,-120,"185","2015-05-09",4480
5563,"Brendan O'Reilly","Vik Grujic",110,-130,"170","2015-05-09",4482
5565,"Demetrious Johnson","Kyoji Horiguchi",-900,700,"125","2015-04-25",4484
5566,"Quinton Jackson","Fábio Maldonado",-170,145,"215","2015-04-25",4485
5568,"John Makdessi","Shane Campbell",-115,-105,"160","2015-04-25",4487
5569,"Thomas Almeida","Yves Jabouin",-400,325,"135","2015-04-25",4488
5570,"Patrick Cote","Joe Riggs",-240,195,"170","2015-04-25",4489
5571,"Alexis Davis","Sarah Kaufman",175,-210,"135","2015-04-25",4490
5572,"Chad Laprise","Bryan Barberena",-420,340,"155","2015-04-25",4491
5574,"Nordine Taleb","Chris Clements",-225,190,"170","2015-04-25",4493
5575,"Valérie Létourneau","Jessica Rakoczy",-115,-105,"115","2015-04-25",4494
5576,"Randa Markos","Aisling Daly",-270,240,"115","2015-04-25",4495
5577,"Luke Rockhold","Lyoto Machida",-145,125,"185","2015-04-18",4496
5580,"Paige VanZant","Felice Herrig",-120,105,"115","2015-04-18",4499
5581,"Beneil Dariush","Jim Miller",-165,145,"155","2015-04-18",4500
5583,"Gian Villante","Corey Anderson",340,-380,"205","2015-04-18",4502
5584,"Aljamain Sterling","Takeya Mizugaki",-360,300,"135","2015-04-18",4503
5585,"Tim Means","George Sullivan",-150,130,"170","2015-04-18",4504
5586,"Diego Brandão","Jimy Hettes",-135,125,"145","2015-04-18",4505
5587,"Chris Dempsey","Eddie Gordon",325,-400,"185","2015-04-18",4506
5588,"Mirko Filipović","Gabriel Gonzaga",175,-210,"265","2015-04-11",4507
5589,"Jimi Manuwa","Jan Błachowicz",-115,-115,"205","2015-04-11",4508
5591,"Maryna Moroz","Joanne Wood",500,-700,"115","2015-04-11",4510
5592,"Leon Edwards","Seth Baczynski",-160,140,"170","2015-04-11",4511
5593,"Bartosz Fabiński","Garreth McLellan",-130,110,"185","2015-04-11",4512
5594,"Sérgio Moraes","Mickael Lebout",-510,390,"170","2015-04-11",4513
5595,"Yaotzin Meza","Damian Stasiak",110,-130,"145","2015-04-11",4514
5596,"Anthony Hamilton","Daniel Omielańczuk",125,-145,"265","2015-04-11",4515
5597,"Aleksandra Albu","Izabela Badurek",-225,185,"115","2015-04-11",4516
5598,"Stevie Ray","Marcin Bandel",-165,145,"155","2015-04-11",4517
5599,"Taylor Lapilus","Rocky Lee",-165,140,"145","2015-04-11",4518
5600,"Chad Mendes","Ricardo Lamas",-450,350,"145","2015-04-04",4519
5601,"Al Iaquinta","Jorge Masvidal",-105,-115,"155","2015-04-04",4520
5603,"Julianna Peña","Milana Dudieva",-400,325,"135","2015-04-04",4522
5605,"Dustin Poirier","Diego Ferreira",-145,125,"155","2015-04-04",4524
5606,"Liz Carmouche","Lauren Murphy",-105,-115,"135","2015-04-04",4525
5573,"Olivier Aubin-Mercier","David Michaud",-340,270,"155","2015-04-25",4492
5509,"Brian Ortega","Thiago Tavares",115,-135,"145","2015-06-06",4428
5567,"Michael Bisping","CB Dollaway",-155,135,"185","2015-04-25",4486
5511,"Francisco Rivera","Alex Caceres",-140,120,"135","2015-06-06",4430
5517,"Jose Quinonez","Leonardo Morales",150,-175,"135","2015-06-06",4436
5582,"Ovince Saint Preux","Patrick Cummins",-105,-115,"205","2015-04-18",4501
5578,"Jacare Souza","Chris Camozzi",-1500,900,"185","2015-04-18",4497
5526,"Nicolas Dalby","Elizeu Zaleski dos Santos",-315,245,"170","2015-05-30",4445
5549,"Li Jingliang","Dhiego Lima",120,-150,"170","2015-05-16",4468
5604,"Clay Guida","Robbie Peralta",-260,210,"145","2015-04-04",4523
5536,"Dong Hyun Kim","Joshua Burkman",-210,180,"170","2015-05-23",4455
5552,"Yao Zhikui","Nolan Ticman",235,-275,"125","2015-05-16",4471
5609,"Ronald Stallings","Justin Jones",160,-185,"185","2015-04-04",
5644,"Masio Fullen","Alexander Torres",-105,-115,"145","2015-02-28",
5659,"Daniel Kelly","Pat Walsh",110,-120,"185","2015-02-14",
5685,"Mairbek Taisumov","Tony Christodoulou",-1200,800,"155","2015-01-24",
5691,"Uriah Hall","Ronald Stallings",-800,570,"185","2015-01-18",
5695,"Chris Wade","Lipeng Zhang",-500,400,"155","2015-01-18",
5612,"Leonardo Santos","Anthony Rocco Martin",145,-155,"155","2015-03-21",4531
5613,"Amanda Nunes","Shayna Baszler",-650,450,"135","2015-03-21",4532
5614,"Gilbert Burns","Alex Oliveira",-750,550,"155","2015-03-21",4533
5615,"Godofredo Pepey","Andre Fili",275,-315,"145","2015-03-21",4534
5616,"Francisco Trinaldo","Akbarh Arreola",-200,170,"155","2015-03-21",4535
5617,"Edimilson Souza","Katsunori Kikuno",-250,205,"145","2015-03-21",4536
5618,"Drew Dober","Leandro Silva",135,-145,"155","2015-03-21",4537
5619,"Leonardo Mafra","Cain Carrizosa",-170,150,"155","2015-03-21",4538
5620,"Christos Giagos","Jorge de Oliveira",-200,170,"155","2015-03-21",4539
5623,"Joanna Jędrzejczyk","Carla Esparza",135,-155,"115","2015-03-14",4542
5624,"Johny Hendricks","Matt Brown",-400,345,"170","2015-03-14",4543
5625,"Alistair Overeem","Roy Nelson",-155,135,"265","2015-03-14",4544
5626,"Henry Cejudo","Chris Cariaso",-750,550,"125","2015-03-14",4545
5627,"Ross Pearson","Sam Stout",-400,315,"155","2015-03-14",4546
5628,"Elias Theodorou","Roger Narvaez",-325,275,"185","2015-03-14",4547
5629,"Beneil Dariush","Daron Cruickshank",-110,-115,"155","2015-03-14",4548
5630,"Jared Rosholt","Josh Copeland",-320,250,"265","2015-03-14",4549
5631,"Ryan Benoit","Sergio Pettis",500,-700,"125","2015-03-14",4550
5632,"Joe Duffy","Jake Lindsey",-750,550,"155","2015-03-14",4551
5634,"Ronda Rousey","Cat Zingano",-700,500,"135","2015-02-28",4553
5635,"Holly Holm","Raquel Pennington",-550,450,"135","2015-02-28",4554
5636,"Jake Ellenberger","Josh Koscheck",-170,145,"170","2015-02-28",4555
5637,"Alan Jouban","Richard Walsh",-230,195,"170","2015-02-28",4556
5638,"Tony Ferguson","Gleison Tibau",-250,205,"155","2015-02-28",4557
5639,"Roan Carneiro","Mark Muñoz",215,-270,"185","2015-02-28",4558
5640,"Norifumi Yamamoto","Roman Salazar",-135,120,"135","2015-02-28",4559
5641,"Tim Means","Dhiego Lima",-150,130,"170","2015-02-28",4560
5642,"Derrick Lewis","Ruan Potts",-700,500,"265","2015-02-28",4561
5643,"Valmir Lázaro","James Krause",170,-200,"155","2015-02-28",4562
5646,"Michael Johnson","Edson Barboza",130,-150,"155","2015-02-22",4565
5647,"Sam Alvey","Cezar Ferreira",300,-360,"185","2015-02-22",4566
5648,"Adriano Martins","Rustam Khabilov",350,-500,"155","2015-02-22",4567
5649,"Frankie Saenz","Iuri Alcântara",700,-1000,"135","2015-02-22",4568
5650,"Santiago Ponzinibbio","Sean Strickland",180,-230,"170","2015-02-22",4569
5651,"Marion Reneau","Jéssica Andrade",250,-280,"135","2015-02-22",4570
5652,"Matt Dwyer","William Macário",340,-400,"170","2015-02-22",4571
5654,"Douglas Silva de Andrade","Cody Gibson",215,-255,"135","2015-02-22",4573
5655,"Ivan Jorge","Josh Shockley",-270,230,"155","2015-02-22",4574
5657,"Max Holloway","Cole Miller",-430,350,"145","2015-02-14",4576
5658,"Neil Magny","Kiichi Kunimoto",-850,600,"170","2015-02-14",4577
5660,"Kevin Lee","Michel Prazeres",-160,140,"155","2015-02-14",4579
5661,"Ray Borg","Chris Kelades",-1000,700,"125","2015-02-14",4580
5662,"Efrain Escudero","Rodrigo de Lima",125,-145,"155","2015-02-14",4581
5663,"Chas Skelly","Jim Alers",-240,200,"145","2015-02-14",4582
5664,"Zach Makovsky","Tim Elliott",110,-120,"125","2015-02-14",4583
5665,"James Moontasri","Cody Pfister",-240,210,"155","2015-02-14",4584
5666,"Anderson Silva","Nick Diaz",-400,300,"185","2015-01-31",4585
5668,"Al Iaquinta","Joe Lauzon",-200,165,"155","2015-01-31",4587
5669,"Thales Leites","Tim Boetsch",-335,275,"185","2015-01-31",4588
5670,"Thiago Alves","Jordan Mein",125,-135,"170","2015-01-31",4589
5671,"Miesha Tate","Sara McMann",155,-185,"135","2015-01-31",4590
5672,"Derek Brunson","Ed Herman",-700,500,"185","2015-01-31",4591
5673,"John Lineker","Ian McCall",200,-240,"130","2015-01-31",4592
5675,"Ildemar Alcântara","Richardson Moreira",-175,145,"185","2015-01-31",4594
5676,"Thiago Santos","Andy Enz",-185,155,"185","2015-01-31",4595
5677,"Anthony Johnson","Alexander Gustafsson",250,-300,"205","2015-01-24",4596
5678,"Gegard Mousasi","Dan Henderson",-500,385,"185","2015-01-24",4597
5679,"Ryan Bader","Phil Davis",170,-210,"205","2015-01-24",4598
5680,"Sam Sicilia","Akira Corassani",100,-120,"145","2015-01-24",4599
5682,"Kenny Robertson","Sultan Aliev",170,-180,"170","2015-01-24",4601
5683,"Makwan Amirkhani","Andy Ogle",145,-170,"145","2015-01-24",4602
5684,"Nikita Krylov","Stanislav Nedkov",-125,105,"205","2015-01-24",4603
5686,"Mirsad Bektić","Paul Redmond",-900,600,"145","2015-01-24",4605
5687,"Viktor Pešta","Konstantin Erokhin",600,-800,"265","2015-01-24",4606
5688,"Neil Seery","Chris Beal",180,-220,"125","2015-01-24",4607
5690,"Donald Cerrone","Benson Henderson",115,-135,"155","2015-01-18",4609
5692,"Gleison Tibau","Norman Parke",-135,115,"155","2015-01-18",4611
5693,"Cathal Pendred","Sean Spencer",140,-165,"170","2015-01-18",4612
5694,"Lorenz Larkin","John Howard",-170,150,"170","2015-01-18",4613
5696,"Paddy Holohan","Shane Howell",-300,250,"125","2015-01-18",4615
5697,"Johnny Case","Frankie Perez",-165,145,"155","2015-01-18",4616
5698,"Charles Rosa","Sean Soriano",-140,120,"145","2015-01-18",4617
5699,"Sean O'Connell","Matt Van Buren",-205,175,"205","2015-01-18",4618
5700,"Joby Sanchez","Tateki Matsuda",-185,160,"125","2015-01-18",4619
5701,"Jon Jones","Daniel Cormier",-170,145,"205","2015-01-03",4620
5703,"Brad Tavares","Nate Marquardt",-125,105,"185","2015-01-03",4622
5704,"Kyoji Horiguchi","Louis Gaudinot",-550,450,"125","2015-01-03",4623
5706,"Paul Felder","Danny Castillo",235,-275,"155","2015-01-03",4625
5608,"Timothy Johnson","Shamil Abdurakhimov",220,-260,"265","2015-04-04",4527
5610,"Demian Maia","Ryan LaFlare",-105,-115,"170","2015-03-21",4529
5622,"Rafael Dos Anjos","Anthony Pettis",400,-500,"155","2015-03-14",4541
5681,"Albert Tumenov","Nicholas Musoke",-155,135,"170","2015-01-24",4600
5705,"Hector Lombard","Joshua Burkman",-900,700,"170","2015-01-03",4624
5786,"Diego Rivas","Rodolfo Rubio",-145,125,"145","2014-11-08",
5801,"Marcus Brimage","Zhumabek Tursyn",-650,450,"135","2014-11-07",
5709,"Evan Dunham","Rodrigo Damm",-600,450,"155","2015-01-03",4628
5710,"Omari Akhmedov","Mats Nilsson",-200,165,"170","2015-01-03",4629
5713,"Renan Barão","Mitch Gagnon",-1000,625,"135","2014-12-20",4632
5714,"Patrick Cummins","Antônio Carlos Júnior",-155,125,"205","2014-12-20",4633
5715,"Rashid Magomedov","Elias Silvério",-130,115,"155","2014-12-20",4634
5716,"Erick Silva","Mike Rhodes",-380,300,"170","2014-12-20",4635
5718,"Marcos Rogério de Lima","Igor Pokrajac",-415,335,"205","2014-12-20",4637
5719,"Renato Moicano","Tom Niinimaki",-130,110,"145","2014-12-20",4638
5720,"Hacran Dias","Darren Elkins",-220,190,"145","2014-12-20",4639
5723,"Vitor Miranda","Jake Collier",150,-180,"185","2014-12-20",4642
5726,"Alistair Overeem","Stefan Struve",-220,200,"265","2014-12-13",4645
5727,"Matt Mitrione","Gabriel Gonzaga",-120,110,"265","2014-12-13",4646
5729,"John Moraga","Willie Gates",-550,450,"125","2014-12-13",4648
5730,"Ben Saunders","Joe Riggs",-275,230,"170","2014-12-13",4649
5731,"Drew Dober","Jamie Varner",350,-450,"155","2014-12-13",4650
5732,"Bryan Barberena","Joe Ellenberger",180,-220,"155","2014-12-13",4651
5733,"David Michaud","Garett Whiteley",-230,180,"155","2014-12-13",4652
5734,"Henry Cejudo","Dustin Kimura",-220,185,"135","2014-12-13",4653
5735,"Ian Entwistle","Anthony Birchak",220,-280,"135","2014-12-13",4654
5736,"Carla Esparza","Rose Namajunas",115,-135,"115","2014-12-12",4655
5740,"Jessica Penne","Randa Markos",105,-130,"115","2014-12-12",4659
5742,"Heather Clark","Bec Rawlings",170,-200,"115","2014-12-12",4661
5743,"Joanne Wood","Seo Hee Ham",-700,525,"115","2014-12-12",4662
5744,"Tecia Torres","Angela Magana",-600,450,"115","2014-12-12",4663
5745,"Aisling Daly","Alex Chambers",-220,185,"115","2014-12-12",4664
5746,"Angela Hill","Emily Kagan",-185,160,"115","2014-12-12",4665
5747,"Robbie Lawler","Johny Hendricks",185,-225,"170","2014-12-06",4666
5748,"Anthony Pettis","Gilbert Melendez",-325,275,"155","2014-12-06",4667
5749,"Travis Browne","Brendan Schaub",-450,380,"265","2014-12-06",4668
5750,"Todd Duffee","Anthony Hamilton",-360,280,"265","2014-12-06",4669
5751,"Tony Ferguson","Abel Trujillo",-285,245,"155","2014-12-06",4670
5753,"Josh Samman","Eddie Gordon",125,-145,"185","2014-12-06",4672
5756,"Sergio Pettis","Matt Hobar",-240,200,"135","2014-12-06",4675
5757,"Clay Collard","Alex White",-115,-105,"145","2014-12-06",4676
5758,"Frankie Edgar","Cub Swanson",-200,170,"145","2014-11-22",4677
5759,"Edson Barboza","Bobby Green",-145,125,"155","2014-11-22",4678
5760,"Chico Camus","Brad Pickett",160,-185,"125","2014-11-22",4679
5761,"Aleksei Oleinik","Jared Rosholt",300,-400,"265","2014-11-22",4680
5762,"Joseph Benavidez","Dustin Ortiz",-450,350,"125","2014-11-22",4681
5765,"Roger Narvaez","Luke Barnatt",325,-400,"185","2014-11-22",4684
5766,"James Vick","Nick Hein",-290,220,"155","2014-11-22",4685
5767,"Akbarh Arreola","Yves Edwards",225,-265,"155","2014-11-22",4686
5768,"Paige VanZant","Kailin Curran",-115,-115,"115","2014-11-22",4687
5770,"Fabrício Werdum","Mark Hunt",-420,345,"265","2014-11-15",4689
5771,"Kelvin Gastelum","Jake Ellenberger",-230,190,"170","2014-11-15",4690
5772,"Ricardo Lamas","Dennis Bermudez",150,-170,"145","2014-11-15",4691
5773,"Augusto Montaño","Chris Heatherly",-240,190,"170","2014-11-15",4692
5774,"Hector Urbina","Edgar Garcia",170,-205,"170","2014-11-15",4693
5775,"Yair Rodriguez","Leonardo Morales",-165,135,"145","2014-11-15",4694
5777,"Jessica Eye","Leslie Smith",-260,200,"135","2014-11-15",4696
5779,"Henry Briones","Guido Cannetti",-125,-105,"135","2014-11-15",4698
5780,"Marco Beltran","Marlon Vera",210,-260,"135","2014-11-15",4699
5782,"Warlley Alves","Alan Jouban",-400,345,"170","2014-11-08",4701
5783,"Claudio Silva","Leon Edwards",180,-230,"170","2014-11-08",4702
5784,"Dhiego Lima","Jorge de Oliveira",-440,375,"170","2014-11-08",4703
5785,"Juliana Lima","Nina Nunes",120,-140,"115","2014-11-08",4704
5787,"Caio Magalhães","Trevor Smith",-260,210,"185","2014-11-08",4706
5788,"Leandro Silva","Charlie Brenneman",105,-125,"155","2014-11-08",4707
5789,"Thomas Almeida","Tim Gorman",-420,350,"135","2014-11-08",4708
5790,"Colby Covington","Wagner Silva",-500,400,"170","2014-11-08",4709
5791,"Luke Rockhold","Michael Bisping",-500,380,"185","2014-11-07",4710
5792,"Al Iaquinta","Ross Pearson",120,-140,"155","2014-11-07",4711
5793,"Robert Whittaker","Clint Hester",155,-185,"185","2014-11-07",4712
5795,"Jake Matthews","Vagner Rocha",-500,355,"155","2014-11-07",4714
5796,"Anthony Perosh","Guto Inocente",180,-210,"205","2014-11-07",4715
5797,"Sam Alvey","Dylan Andrews",145,-165,"185","2014-11-07",4716
5798,"Louis Smolka","Richie Vaculik",-355,300,"125","2014-11-07",4717
5799,"Chris Clements","Vik Grujic",-105,-115,"170","2014-11-07",4718
5800,"Daniel Kelly","Luke Zachrich",250,-300,"185","2014-11-07",4719
5802,"José Aldo","Chad Mendes",-210,180,"145","2014-10-25",4721
5803,"Phil Davis","Glover Teixeira",275,-355,"205","2014-10-25",4722
5804,"Fábio Maldonado","Hans Stringer",-125,100,"205","2014-10-25",4723
5805,"Darren Elkins","Lucas Martins",-185,165,"145","2014-10-25",4724
5755,"Raquel Pennington","Ashlee Evans-Smith",170,-190,"135","2014-12-06",4674
5763,"Matt Wiman","Isaac Vallie-Flagg",-180,155,"155","2014-11-22",4682
5724,"Junior Dos Santos","Stipe Miocic",-450,370,"265","2014-12-13",4643
5752,"Urijah Faber","Francisco Rivera",-900,600,"135","2014-12-06",4671
5776,"Alejandro Perez","Jose Quinonez",190,-230,"135","2014-11-15",4695
5725,"Rafael Dos Anjos","Nate Diaz",-300,245,"155","2014-12-13",4644
5781,"Ovince Saint Preux","Mauricio Rua",135,-165,"205","2014-11-08",4700
5769,"Dooho Choi","Juan Manuel Puig",-420,350,"145","2014-11-22",4688
5722,"Tim Means","Marcio Alexandre Junior",-190,165,"170","2014-12-20",4641
5712,"Lyoto Machida","CB Dollaway",-1000,650,"185","2014-12-20",4631
5721,"Leandro Issa","Yuta Sasaki",350,-500,"135","2014-12-20",4640
5717,"Daniel Sarafian","Antonio Dos Santos",-160,145,"185","2014-12-20",4636
5871,"Santiago Ponzinibbio","Wendell Oliveira",-110,-110,"170","2014-09-13",
5808,"Yan Cabral","Naoyuki Kotani",-700,500,"155","2014-10-25",4727
5809,"Wilson Reis","Scott Jorgensen",-180,160,"125","2014-10-25",4728
5810,"Andre Fili","Felipe Arantes",-145,125,"145","2014-10-25",4729
5811,"Gilbert Burns","Christos Giagos",-360,300,"155","2014-10-25",4730
5812,"Anthony Rocco Martin","Fabrício Camões",-105,-115,"158","2014-10-25",4731
5813,"Rory MacDonald","Tarec Saffiedine",-450,350,"170","2014-10-04",4732
5815,"Chad Laprise","Yosdenis Cedeno",-325,275,"155","2014-10-04",4734
5816,"Elias Theodorou","Bruno Santos",-340,285,"185","2014-10-04",4735
5818,"Mitch Gagnon","Roman Salazar",-750,550,"135","2014-10-04",4737
5819,"Daron Cruickshank","Anthony Njokuani",-120,110,"155","2014-10-04",4738
5821,"Paul Felder","Jason Saggo",155,-175,"155","2014-10-04",4740
5822,"Chris Kelades","Paddy Holohan",350,-450,"125","2014-10-04",4741
5823,"Albert Tumenov","Matt Dwyer",-425,355,"170","2014-10-04",4742
5824,"Pedro Munhoz","Jerrod Sanders",-500,400,"135","2014-10-04",4743
5825,"Rick Story","Gunnar Nelson",290,-370,"170","2014-10-04",4744
5826,"Max Holloway","Akira Corassani",-650,450,"145","2014-10-04",4745
5827,"Jan Błachowicz","Ilir Latifi",200,-270,"205","2014-10-04",4746
5828,"Mike Wilkinson","Niklas Bäckström",550,-900,"145","2014-10-04",4747
5831,"Dennis Siver","Charles Rosa",-285,230,"145","2014-10-04",4750
5832,"Cathal Pendred","Gasan Umalatov",-145,125,"170","2014-10-04",4751
5833,"Krzysztof Jotko","Tor Troéng",-145,130,"185","2014-10-04",4752
5834,"Mairbek Taisumov","Marcin Bandel",-150,140,"155","2014-10-04",4753
5835,"Zubaira Tukhugov","Ernest Chavez",-280,230,"145","2014-10-04",4754
6701,"Matt Wiman","Paul Sass",-115,-115,"155","2012-09-29",5610
6711,"Michael Bisping","Brian Stann",-200,165,"185","2012-09-22",5620
6721,"Benson Henderson","Frankie Edgar",-200,170,"155","2012-08-11",5630
6730,"Nik Lentz","Eiji Mitsuoka",-500,400,"145","2012-08-11",5639
6748,"Ryan Jimmo","Anthony Perosh",-235,195,"205","2012-07-21",5657
5845,"Demetrious Johnson","Chris Cariaso",-1600,800,"125","2014-09-27",4755
5846,"Donald Cerrone","Eddie Alvarez",-145,125,"155","2014-09-27",4756
5847,"Conor McGregor","Dustin Poirier",-280,240,"145","2014-09-27",4757
5848,"Yoel Romero","Tim Kennedy",110,-130,"185","2014-09-27",4758
5849,"Cat Zingano","Amanda Nunes",-280,230,"135","2014-09-27",4759
5850,"Dominick Cruz","Takeya Mizugaki",-600,450,"135","2014-09-27",4760
5851,"Jorge Masvidal","James Krause",-360,270,"155","2014-09-27",4761
5852,"Stephen Thompson","Patrick Cote",-400,330,"170","2014-09-27",4762
5853,"Brian Ebersole","John Howard",205,-240,"170","2014-09-27",4763
5854,"Kevin Lee","Jon Tuck",-240,200,"155","2014-09-27",4764
5856,"Mark Hunt","Roy Nelson",-120,-110,"120","2014-09-20",4766
5857,"Myles Jury","Takanori Gomi",-600,450,"70","2014-09-20",4767
5859,"Miesha Tate","Rin Nakai",-310,280,"61","2014-09-20",4769
5860,"Kiichi Kunimoto","Richard Walsh",-235,205,"77","2014-09-20",4770
5861,"Kyoji Horiguchi","Jon Delos Reyes",-650,500,"57","2014-09-20",4771
5862,"Masanori Kanehara","Alex Caceres",250,-300,"61","2014-09-20",4772
5863,"Katsunori Kikuno","Sam Sicilia",-145,125,"66","2014-09-20",4773
5864,"Hyun Gyu Lim","Takenori Sato",-600,475,"77","2014-09-20",4774
5865,"Kyung Ho Kang","Michinori Tanaka",135,-155,"61","2014-09-20",4775
5866,"Johnny Case","Kazuki Tokudome",120,-130,"70","2014-09-20",4776
5867,"Maximo Blanco","Dan Hooker",-155,125,"66","2014-09-20",4777
5868,"Andrei Arlovski","Antônio Silva",350,-450,"265","2014-09-13",4778
5870,"Leonardo Santos","Efrain Escudero",-220,180,"155","2014-09-13",4780
5872,"Iuri Alcântara","Russell Doane",-325,275,"135","2014-09-13",4782
5873,"Jéssica Andrade","Larissa Pacheco",-110,-105,"135","2014-09-13",4783
5874,"Godofredo Pepey","Dashon Johnson",-140,120,"145","2014-09-13",4784
5875,"George Sullivan","Igor Araújo",120,-135,"170","2014-09-13",4785
5876,"Francisco Trinaldo","Leandro Silva",-190,170,"155","2014-09-13",4786
5877,"Sean Spencer","Paulo Thiago",-235,195,"170","2014-09-13",4787
5878,"Rani Yahya","Johnny Bedford",110,-130,"135","2014-09-13",4788
5881,"Matt Mitrione","Derrick Lewis",110,-130,"265","2014-09-05",4791
5882,"Joe Lauzon","Michael Chiesa",180,-220,"155","2014-09-05",4792
5883,"John Moraga","Justin Scoggins",220,-260,"125","2014-09-05",4793
5884,"Al Iaquinta","Rodrigo Damm",-600,450,"155","2014-09-05",4794
5885,"Rafael Natal","Chris Camozzi",-185,155,"185","2014-09-05",4795
5886,"Chris Beal","Tateki Matsuda",-500,375,"135","2014-09-05",4796
5887,"Chas Skelly","Sean Soriano",-185,165,"145","2014-09-05",4797
5889,"Tony Ferguson","Danny Castillo",-275,235,"155","2014-08-30",4799
5890,"Bethe Correia","Shayna Baszler",-145,125,"135","2014-08-30",4800
5891,"Diego Ferreira","Ramsey Nijem",-185,160,"155","2014-08-30",4801
5892,"Yancy Medeiros","Damon Jackson",-105,-115,"155","2014-08-30",4802
5893,"Derek Brunson","Lorenz Larkin",-165,145,"185","2014-08-30",4803
5895,"Chris Wade","Cain Carrizosa",-140,120,"155","2014-08-30",4805
5897,"Jordan Mein","Mike Pyle",-265,225,"170","2014-08-23",4807
5898,"Thales Leites","Francis Carmont",180,-210,"185","2014-08-23",4808
5899,"Max Holloway","Clay Collard",-900,550,"149","2014-08-23",4809
5900,"James Vick","Valmir Lázaro",-140,120,"155","2014-08-23",4810
5901,"Chas Skelly","Tom Niinimaki",125,-145,"145","2014-08-23",4811
5902,"Neil Magny","Alex Garcia",125,-145,"170","2014-08-23",4812
5903,"Beneil Dariush","Anthony Rocco Martin",125,-145,"155","2014-08-23",4813
5904,"Matt Hobar","Aaron Phillips",-170,150,"135","2014-08-23",4814
5820,"Olivier Aubin-Mercier","Jake Lindsey",-550,400,"155","2014-10-04",4739
6739,"Manvel Gamburyan","Michihiro Omigawa",-200,175,"145","2012-08-04",5648
6756,"TJ Dillashaw","Vaughan Lee",-415,335,"135","2012-07-11",5665
5888,"TJ Dillashaw","Joe Soto",-1200,750,"135","2014-08-30",4798
5879,"Jacare Souza","Gegard Mousasi",-200,180,"185","2014-09-05",4789
5817,"Nordine Taleb","Li Jingliang",-430,340,"170","2014-10-04",4736
5896,"Rafael Dos Anjos","Benson Henderson",400,-600,"155","2014-08-23",4806
6771,"Constantinos Philippou","Riki Fukuda",-200,170,"185","2012-07-07",5680
5830,"Nicholas Musoke","Alexander Yakovlev",-200,185,"170","2014-10-04",4749
5909,"Lipeng Zhang","Brendan O'Reilly",115,-135,"155","2014-08-23",
5953,"John Lineker","Alp Ozkilic",-335,285,"125","2014-07-16",
5966,"Leandro Issa","Zhumabek Tursyn",-135,115,"135","2014-07-06",
5968,"Pat Walsh","Dan Spohn",200,-250,"205","2014-07-06",
5979,"Luke Zachrich","Guilherme Bomba",150,-180,"185","2014-07-05",
5997,"Richie Vaculik","Roldan Sangcha-an",-155,125,"125","2014-06-28",
5907,"Michael Bisping","Cung Le",-300,220,"185","2014-08-23",4817
5908,"Tyron Woodley","Dong Hyun Kim",-210,170,"170","2014-08-23",4818
5910,"Guangyou Ning","Jianping Yang",170,-200,"145","2014-08-23",4820
5911,"Sai Wang","Danny Mitchell",175,-205,"170","2014-08-23",4821
5912,"Alberto Mina","Shinsho Anzai",-225,195,"170","2014-08-23",4822
5916,"Milana Dudieva","Elizabeth Phillips",-150,130,"135","2014-08-23",4826
5918,"Ross Pearson","Gray Maynard",-165,135,"155","2014-08-16",4828
5919,"Tim Boetsch","Brad Tavares",265,-320,"185","2014-08-16",4829
5920,"Alan Jouban","Seth Baczynski",135,-160,"170","2014-08-16",4830
5921,"Shawn Jordan","Jack May",-190,160,"265","2014-08-16",4831
5923,"Jussier Formiga","Zach Makovsky",270,-330,"125","2014-08-16",4833
5924,"Sara McMann","Lauren Murphy",-600,430,"135","2014-08-16",4834
5925,"Tom Watson","Sam Alvey",-125,110,"185","2014-08-16",4835
5926,"Frankie Saenz","Nolan Ticman",-120,105,"135","2014-08-16",4836
5927,"Robbie Lawler","Matt Brown",-350,290,"170","2014-07-26",4837
5930,"Bobby Green","Josh Thomson",225,-270,"155","2014-07-26",4840
5931,"Jorge Masvidal","Daron Cruickshank",-245,205,"155","2014-07-26",4841
5932,"Patrick Cummins","Kyle Kingsbury",-180,160,"205","2014-07-26",4842
5933,"Tim Means","Hernani Perpétuo",-220,190,"170","2014-07-26",4843
5936,"Gilbert Burns","Andreas Stahl",-165,135,"170","2014-07-26",4846
5937,"Joanna Jędrzejczyk","Juliana Lima",-305,255,"115","2014-07-26",4847
5938,"Noad Lahat","Steven Siler",200,-245,"145","2014-07-26",4848
5939,"Conor McGregor","Diego Brandão",-600,450,"145","2014-07-19",4849
5940,"Gunnar Nelson","Zak Cummings",-750,550,"170","2014-07-19",4850
5941,"Ian McCall","Brad Pickett",-160,135,"125","2014-07-19",4851
5943,"Ilir Latifi","Chris Dempsey",-290,250,"205","2014-07-19",4853
5944,"Neil Seery","Phil Harris",-155,125,"125","2014-07-19",4854
5945,"Cathal Pendred","Mike King",-135,125,"185","2014-07-19",4855
5946,"Trevor Smith","Tor Troéng",145,-160,"185","2014-07-19",4856
5947,"Nikita Krylov","Cody Donovan",-130,115,"205","2014-07-19",4857
5948,"Paddy Holohan","Josh Sampo",220,-260,"125","2014-07-19",4858
5949,"Donald Cerrone","Jim Miller",-260,220,"155","2014-07-16",4859
5951,"Rick Story","Leonardo Mafra",-330,270,"170","2014-07-16",4861
5952,"Joe Proctor","Justin Salas",120,-135,"155","2014-07-16",4862
5954,"Lucas Martins","Alex White",155,-175,"145","2014-07-16",4864
5955,"Gleison Tibau","Pat Healy",-170,140,"155","2014-07-16",4865
5956,"Leslie Smith","Jessamyn Duke",-145,125,"135","2014-07-16",4866
5957,"Aljamain Sterling","Hugo Viana",-225,180,"135","2014-07-16",4867
5958,"Yosdenis Cedeno","Jerrod Sanders",160,-185,"155","2014-07-16",4868
5960,"Frankie Edgar","BJ Penn",-450,350,"145","2014-07-06",4870
5961,"Corey Anderson","Matt Van Buren",-260,230,"205","2014-07-06",4871
5962,"Eddie Gordon","Dhiego Lima",125,-145,"185","2014-07-06",4872
5963,"Derrick Lewis","Guto Inocente",-200,170,"265","2014-07-06",4873
5964,"Dustin Ortiz","Justin Scoggins",250,-300,"125","2014-07-06",4874
5965,"Kevin Lee","Jesse Ronson",-230,205,"155","2014-07-06",4875
5967,"Adriano Martins","Juan Manuel Puig",-400,330,"155","2014-07-06",4877
5969,"Sarah Moras","Alexis Dufresne",180,-220,"143","2014-07-06",4879
5970,"Robert Drysdale","Keith Berish",-800,600,"205","2014-07-06",4880
5971,"Chris Weidman","Lyoto Machida",-190,160,"185","2014-07-05",4881
5972,"Ronda Rousey","Alexis Davis",-1000,700,"135","2014-07-05",4882
5973,"Uriah Hall","Thiago Santos",-300,250,"185","2014-07-05",4883
5975,"Urijah Faber","Alex Caceres",-750,500,"135","2014-07-05",4885
5976,"Kenny Robertson","Ildemar Alcântara",115,-135,"170","2014-07-05",4886
5977,"Bruno Santos","Chris Camozzi",190,-230,"185","2014-07-05",4887
5978,"Rob Font","George Roop",165,-200,"135","2014-07-05",4888
5980,"Kevin Casey","Bubba Bush",170,-200,"185","2014-07-05",4890
5981,"Cub Swanson","Jeremy Stephens",-250,210,"145","2014-06-28",4891
5983,"Cezar Ferreira","Andrew Craig",-190,160,"185","2014-06-28",4893
5984,"Ricardo Lamas","Hacran Dias",-195,165,"145","2014-06-28",4894
5985,"Clint Hester","Antônio Braga Neto",135,-155,"185","2014-06-28",4895
5986,"Joe Ellenberger","James Moontasri",-225,185,"155","2014-06-28",4896
5988,"Cody Gibson","Johnny Bedford",195,-240,"135","2014-06-28",4898
5989,"Marcelo Guimarães","Andy Enz",155,-180,"185","2014-06-28",4899
5990,"Ray Borg","Shane Howell",-410,310,"125","2014-06-28",4900
5991,"Aleksei Oleinik","Anthony Hamilton",-140,120,"265","2014-06-28",4901
5992,"Nate Marquardt","James Te Huna",155,-190,"185","2014-06-28",4902
5993,"Jared Rosholt","Soa Palelei",-170,145,"265","2014-06-28",4903
5994,"Charles Oliveira","Hatsu Hioki",-200,165,"145","2014-06-28",4904
5995,"Robert Whittaker","Mike Rhodes",-260,215,"170","2014-06-28",4905
5996,"Jake Matthews","Dashon Johnson",-155,130,"155","2014-06-28",4906
5998,"Vik Grujic","Chris Indich",-110,-110,"170","2014-06-28",4908
5999,"Neil Magny","Rodrigo de Lima",-290,240,"170","2014-06-28",4909
6000,"Dan Hooker","Ian Entwistle",-125,105,"145","2014-06-28",4910
6002,"Demetrious Johnson","Ali Bagautinov",-700,500,"125","2014-06-14",4912
6003,"Rory MacDonald","Tyron Woodley",-120,-105,"170","2014-06-14",4913
6004,"Ryan Bader","Rafael Cavalcante",-170,145,"205","2014-06-14",4914
5935,"Tiago dos Santos e Silva","Akbarh Arreola",-240,200,"155","2014-07-26",4845
5906,"Wilson Reis","Joby Sanchez",-335,275,"125","2014-08-23",4816
5917,"Ryan Bader","Ovince Saint Preux",-200,170,"205","2014-08-16",4827
5934,"Brian Ortega","Mike de la Torre",-170,145,"145","2014-07-26",4844
5928,"Anthony Johnson","Rogerio Nogueira",-550,430,"205","2014-07-26",4838
5913,"Yuta Sasaki","Roland Delorme",-150,130,"135","2014-08-23",4823
5922,"Thiago Tavares","Robbie Peralta",-150,130,"145","2014-08-16",4832
5915,"Royston Wee","Yao Zhikui",-250,200,"135","2014-08-23",4825
6008,"Valérie Létourneau","Elizabeth Phillips",105,-125,"135","2014-06-14",4918
6009,"Yves Jabouin","Mike Easton",180,-220,"135","2014-06-14",4919
6011,"Michinori Tanaka","Roland Delorme",-155,135,"135","2014-06-14",4921
6012,"Jason Saggo","Josh Shockley",100,-115,"155","2014-06-14",4922
6013,"Benson Henderson","Rustam Khabilov",-225,190,"155","2014-06-07",4923
6014,"Diego Sanchez","Ross Pearson",120,-150,"155","2014-06-07",4924
6015,"John Dodson","John Moraga",-550,450,"125","2014-06-07",4925
6017,"Piotr Hallmann","Yves Edwards",-160,140,"155","2014-06-07",4927
6018,"Bryan Caraway","Erik Perez",110,-130,"135","2014-06-07",4928
6019,"Sergio Pettis","Yaotzin Meza",-600,500,"135","2014-06-07",4929
6020,"Lance Benoist","Bobby Voelker",100,-125,"170","2014-06-07",4930
6022,"Jon Tuck","Jake Lindsey",-150,130,"155","2014-06-07",4932
6023,"Patrick Cummins","Roger Narvaez",-330,270,"205","2014-06-07",4933
6024,"Stipe Miocic","Fábio Maldonado",-675,500,"265","2014-05-31",4934
6025,"Antônio Carlos Júnior","Vitor Miranda",-205,175,"265","2014-05-31",4935
6027,"Demian Maia","Alexander Yakovlev",-500,360,"170","2014-05-31",4937
6029,"Rashid Magomedov","Rodrigo Damm",-330,270,"155","2014-05-31",4939
6030,"Elias Silvério","Ernest Chavez",-475,375,"155","2014-05-31",4940
6031,"Gasan Umalatov","Paulo Thiago",170,-200,"170","2014-05-31",4941
6032,"Edimilson Souza","Mark Eddiva",-330,270,"145","2014-05-31",4942
6033,"Ricardo Abreu","Wagner Silva",-310,260,"185","2014-05-31",4943
6034,"Marcos Rogério de Lima","Richardson Moreira",-160,140,"265","2014-05-31",4944
6035,"Pedro Munhoz","Matt Hobar",-300,250,"135","2014-05-31",4945
6036,"Gegard Mousasi","Mark Muñoz",-275,235,"185","2014-05-31",4946
6038,"Sean Strickland","Luke Barnatt",145,-170,"185","2014-05-31",4948
6039,"Niklas Bäckström","Tom Niinimaki",210,-250,"145","2014-05-31",4949
6040,"Nick Hein","Drew Dober",-140,130,"155","2014-05-31",4950
6042,"Iuri Alcântara","Vaughan Lee",-375,285,"135","2014-05-31",4952
6043,"Peter Sobotta","Paweł Pawlak",140,-160,"170","2014-05-31",4953
6044,"Maximo Blanco","Andy Ogle",-225,195,"145","2014-05-31",4954
6045,"Ruslan Magomedov","Viktor Pešta",-180,155,"265","2014-05-31",4955
6047,"Daniel Cormier","Dan Henderson",-900,600,"205","2014-05-24",4957
6048,"Robbie Lawler","Jake Ellenberger",-200,165,"170","2014-05-24",4958
6050,"James Krause","Jamie Varner",170,-200,"155","2014-05-24",4960
6051,"Michael Chiesa","Francisco Trinaldo",-155,125,"155","2014-05-24",4961
6053,"Chris Holdsworth","Chico Camus",-380,320,"135","2014-05-24",4963
6054,"Mitch Clarke","Al Iaquinta",350,-450,"155","2014-05-24",4964
6055,"Vinc Pichel","Anthony Njokuani",225,-265,"155","2014-05-24",4965
6056,"Sam Sicilia","Aaron Phillips",-155,135,"145","2014-05-24",4966
6058,"Matt Brown","Erick Silva",185,-230,"170","2014-05-10",4968
6060,"Daron Cruickshank","Erik Koch",280,-340,"155","2014-05-10",4970
6061,"Neil Magny","Tim Means",250,-300,"170","2014-05-10",4971
6062,"Soa Palelei","Ruan Potts",-345,265,"265","2014-05-10",4972
6063,"Chris Cariaso","Louis Smolka",130,-150,"125","2014-05-10",4973
6064,"Ed Herman","Rafael Natal",145,-170,"185","2014-05-10",4974
6065,"Kyoji Horiguchi","Darrell Montague",-210,180,"125","2014-05-10",4975
6067,"Johnny Eduardo","Eddie Wineland",600,-900,"135","2014-05-10",4977
6069,"Justin Salas","Ben Wall",-280,260,"155","2014-05-10",4979
6070,"Albert Tumenov","Anthony Lapsley",-275,235,"170","2014-05-10",4980
6071,"Jon Jones","Glover Teixeira",-450,350,"205","2014-04-26",4981
6072,"Anthony Johnson","Phil Davis",220,-250,"205","2014-04-26",4982
6073,"Luke Rockhold","Tim Boetsch",-1000,725,"185","2014-04-26",4983
6074,"Jim Miller","Yancy Medeiros",-175,155,"155","2014-04-26",4984
6075,"Max Holloway","Andre Fili",125,-145,"145","2014-04-26",4985
6076,"Joseph Benavidez","Tim Elliott",-500,385,"125","2014-04-26",4986
6078,"Bethe Correia","Jessamyn Duke",120,-130,"135","2014-04-26",4988
6080,"Chris Beal","Patrick Williams",-130,110,"135","2014-04-26",4990
6081,"Fabrício Werdum","Travis Browne",190,-230,"265","2014-04-19",4991
6082,"Miesha Tate","Liz Carmouche",-180,160,"135","2014-04-19",4992
6083,"Donald Cerrone","Edson Barboza",140,-170,"155","2014-04-19",4993
6084,"Yoel Romero","Brad Tavares",135,-160,"185","2014-04-19",4994
6086,"Thiago Alves","Seth Baczynski",-480,385,"170","2014-04-19",4996
6087,"Jorge Masvidal","Pat Healy",-275,235,"155","2014-04-19",4997
6088,"Alex White","Estevan Payan",125,-145,"145","2014-04-19",4998
6089,"Caio Magalhães","Luke Zachrich",-315,265,"185","2014-04-19",4999
6090,"Jordan Mein","Hernani Perpétuo",-425,335,"170","2014-04-19",5000
6091,"Dustin Ortiz","Ray Borg",-155,135,"125","2014-04-19",5001
6093,"Derrick Lewis","Jack May",-300,250,"265","2014-04-19",5003
6094,"Tim Kennedy","Michael Bisping",175,-205,"185","2014-04-16",5004
6095,"Patrick Cote","Kyle Noke",180,-200,"170","2014-04-16",5005
6096,"Elias Theodorou","Sheldon Westcott",-185,145,"185","2014-04-16",5006
6098,"Dustin Poirier","Akira Corassani",-1200,750,"145","2014-04-16",5008
6099,"KJ Noons","Sam Stout",-120,105,"170","2014-04-16",5009
6100,"Sarah Kaufman","Leslie Smith",-255,230,"135","2014-04-16",5010
6101,"Ryan Jimmo","Sean O'Connell",-650,500,"205","2014-04-16",5011
6102,"George Roop","Dustin Kimura",-150,130,"135","2014-04-16",5012
6077,"Takanori Gomi","Isaac Vallie-Flagg",-155,135,"155","2014-04-26",4987
6097,"Chad Laprise","Olivier Aubin-Mercier",145,-160,"170","2014-04-16",5007
6068,"Nik Lentz","Manvel Gamburyan",-550,430,"145","2014-05-10",4978
6049,"Takeya Mizugaki","Francisco Rivera",-165,145,"135","2014-05-24",4959
6046,"TJ Dillashaw","Renan Barão",650,-1000,"135","2014-05-24",4956
6006,"Ovince Saint Preux","Ryan Jimmo",-170,145,"205","2014-06-14",4916
6057,"Li Jingliang","David Michaud",115,-135,"170","2014-05-24",4967
6085,"Khabib Nurmagomedov","Rafael Dos Anjos",-315,265,"155","2014-04-19",4995
6016,"Rafael Dos Anjos","Jason High",-270,225,"155","2014-06-07",4926
6103,"Mark Bocek","Mike de la Torre",-660,540,"155","2014-04-16",5013
6059,"Constantinos Philippou","Lorenz Larkin",170,-230,"185","2014-05-10",4969
6037,"CB Dollaway","Francis Carmont",130,-150,"185","2014-05-31",4947
6028,"Robbie Peralta","Rony Jason",265,-325,"145","2014-05-31",4938
6137,"Sean Strickland","Bubba McDaniel",-155,135,"185","2014-03-15",
6149,"Lipeng Zhang","Sai Wang",260,-300,"170","2014-03-01",
6155,"Mark Eddiva","Zhumabek Tursyn",350,-440,"145","2014-03-01",
6106,"Mitch Gagnon","Tim Gorman",-330,270,"135","2014-04-16",5016
6107,"Roy Nelson","Antônio Rodrigo Nogueira",-165,135,"265","2014-04-11",5017
6108,"Clay Guida","Tatsuya Kawajiri",-140,120,"145","2014-04-11",5018
6109,"Ryan LaFlare","John Howard",-400,330,"170","2014-04-11",5019
6111,"Jared Rosholt","Daniel Omielańczuk",-280,240,"265","2014-04-11",5021
6112,"Thales Leites","Trevor Smith",-550,450,"185","2014-04-11",5022
6113,"Jim Alers","Alan Omer",-235,195,"145","2014-04-11",5023
6114,"Johnny Bedford","Rani Yahya",145,-170,"135","2014-04-11",5024
6202,"Luke Rockhold","Constantinos Philippou",-400,325,"185","2014-01-15",5112
6117,"Leonardo Santos","Norman Parke",260,-280,"155","2014-03-23",5027
6118,"Fábio Maldonado","Gian Villante",210,-250,"205","2014-03-23",5028
6119,"Michel Prazeres","Mairbek Taisumov",275,-345,"155","2014-03-23",5029
6120,"Rony Jason","Steven Siler",-185,170,"145","2014-03-23",5030
6121,"Thiago Santos","Ronny Markes",600,-800,"185","2014-03-23",5031
6123,"Kenny Robertson","Thiago Perpétuo",125,-135,"170","2014-03-23",5033
6124,"Hans Stringer","Francimar Barroso",120,-135,"205","2014-03-23",5034
6125,"Godofredo Pepey","Noad Lahat",245,-300,"145","2014-03-23",5035
6126,"Johny Hendricks","Robbie Lawler",-375,325,"170","2014-03-15",5036
6127,"Tyron Woodley","Carlos Condit",160,-200,"170","2014-03-15",5037
6128,"Myles Jury","Diego Sanchez",-185,145,"155","2014-03-15",5038
6129,"Hector Lombard","Jake Shields",-170,145,"170","2014-03-15",5039
6131,"Kelvin Gastelum","Rick Story",-180,155,"170","2014-03-15",5041
6132,"Jéssica Andrade","Raquel Pennington",-240,210,"135","2014-03-15",5042
6133,"Dennis Bermudez","Jimy Hettes",-270,230,"145","2014-03-15",5043
6134,"Alex Garcia","Sean Spencer",-365,300,"170","2014-03-15",5044
6135,"Francisco Trevino","Renee Forte",140,-160,"155","2014-03-15",5045
6138,"Robert Whiteford","Daniel Pineda",185,-215,"145","2014-03-15",5048
6139,"Alexander Gustafsson","Jimi Manuwa",-550,450,"205","2014-03-08",5049
6140,"Michael Johnson","Melvin Guillard",-170,140,"155","2014-03-08",5050
6141,"Brad Pickett","Neil Seery",-1000,675,"125","2014-03-08",5051
6142,"Gunnar Nelson","Omari Akhmedov",-300,255,"170","2014-03-08",5052
6143,"Ilir Latifi","Cyrille Diabate",-135,125,"205","2014-03-08",5053
6144,"Luke Barnatt","Mats Nilsson",-425,355,"185","2014-03-08",5054
6145,"Claudio Silva","Brad Scott",220,-260,"185","2014-03-08",5055
6147,"Louis Gaudinot","Phil Harris",-170,145,"125","2014-03-08",5057
6148,"Dong Hyun Kim","John Hathaway",-300,260,"170","2014-03-01",5058
6150,"Matt Mitrione","Shawn Jordan",105,-125,"265","2014-03-01",5060
6151,"Hatsu Hioki","Ivan Menjivar",-440,350,"145","2014-03-01",5061
6152,"Yui Chul Nam","Kazuki Tokudome",-200,175,"155","2014-03-01",5062
6153,"Vaughan Lee","Nam Phan",150,-165,"135","2014-03-01",5063
6154,"Anying Wang","Albert Cheng",-125,105,"170","2014-03-01",5064
6156,"Ronda Rousey","Sara McMann",-400,325,"135","2014-02-22",5066
6157,"Daniel Cormier","Patrick Cummins",-800,600,"205","2014-02-22",5067
6158,"Rory MacDonald","Demian Maia",-300,240,"170","2014-02-22",5068
6159,"Mike Pyle","TJ Waldburger",-185,155,"170","2014-02-22",5069
6161,"Alexis Davis","Jessica Eye",-160,130,"135","2014-02-22",5071
6162,"Raphael Assunção","Pedro Munhoz",-290,240,"135","2014-02-22",5072
6163,"Aljamain Sterling","Cody Gibson",-325,265,"135","2014-02-22",5073
6164,"Zach Makovsky","Josh Sampo",-230,200,"125","2014-02-22",5074
6165,"Erik Koch","Rafaello Oliveira",-500,350,"155","2014-02-22",5075
6166,"Ernest Chavez","Yosdenis Cedeno",275,-325,"155","2014-02-22",5076
6167,"Lyoto Machida","Gegard Mousasi",-225,185,"185","2014-02-15",5077
6169,"Erick Silva","Takenori Sato",-1200,800,"170","2014-02-15",5079
6171,"Charles Oliveira","Andy Ogle",-640,460,"145","2014-02-15",5081
6172,"Joe Proctor","Cristiano Marcello",-250,205,"155","2014-02-15",5082
6173,"Rodrigo Damm","Ivan Jorge",140,-165,"155","2014-02-15",5083
6175,"Iuri Alcântara","Wilson Reis",-220,185,"135","2014-02-15",5085
6176,"Felipe Arantes","Maximo Blanco",-115,-115,"145","2014-02-15",5086
6177,"Ildemar Alcântara","Albert Tumenov",185,-225,"170","2014-02-15",5087
6178,"Zubaira Tukhugov","Douglas Silva de Andrade",-115,-115,"145","2014-02-15",5088
6179,"Renan Barão","Urijah Faber",-350,280,"135","2014-02-01",5089
6180,"José Aldo","Ricardo Lamas",-800,550,"145","2014-02-01",5090
6181,"Alistair Overeem","Frank Mir",-420,330,"265","2014-02-01",5091
6182,"Ali Bagautinov","John Lineker",-145,125,"125","2014-02-01",5092
6183,"Abel Trujillo","Jamie Varner",105,-125,"155","2014-02-01",5093
6184,"Alan Patrick","John Makdessi",115,-145,"155","2014-02-01",5094
6186,"Nick Catone","Tom Watson",115,-150,"185","2014-02-01",5096
6187,"Al Iaquinta","Kevin Lee",-165,140,"155","2014-02-01",5097
6188,"Clint Hester","Andy Enz",-220,185,"185","2014-02-01",5098
6189,"Rashid Magomedov","Anthony Rocco Martin",-180,130,"155","2014-02-01",5099
6190,"Neil Magny","Gasan Umalatov",135,-150,"170","2014-02-01",5100
6191,"Benson Henderson","Josh Thomson",-320,270,"155","2014-01-25",5101
6192,"Stipe Miocic","Gabriel Gonzaga",-300,260,"265","2014-01-25",5102
6193,"Donald Cerrone","Adriano Martins",-170,150,"155","2014-01-25",5103
6194,"Jeremy Stephens","Darren Elkins",-140,110,"145","2014-01-25",5104
6195,"Alex Caceres","Sergio Pettis",170,-200,"135","2014-01-25",5105
6196,"Eddie Wineland","Yves Jabouin",-500,370,"135","2014-01-25",5106
6197,"Chico Camus","Yaotzin Meza",-200,160,"135","2014-01-25",5107
6199,"Daron Cruickshank","Mike Rio",-240,220,"155","2014-01-25",5109
6200,"George Sullivan","Mike Rhodes",225,-260,"170","2014-01-25",5110
6201,"Nikita Krylov","Walt Harris",330,-420,"265","2014-01-25",5111
6130,"Ovince Saint Preux","Nikita Krylov",-550,420,"205","2014-03-15",5040
6105,"Richard Walsh","Chris Indich",-240,200,"170","2014-04-16",5015
6168,"Jacare Souza","Francis Carmont",-510,400,"185","2014-02-15",5078
6115,"Dan Henderson","Mauricio Rua",125,-155,"205","2014-03-23",5025
6116,"CB Dollaway","Cezar Ferreira",300,-350,"185","2014-03-23",5026
6170,"Nicholas Musoke","Viscardi Andrade",125,-145,"170","2014-02-15",5080
6211,"Louis Smolka","Alp Ozkilic",220,-280,"125","2014-01-15",
6216,"Kiichi Kunimoto","Luiz Dutra Jr.",140,-160,"170","2014-01-04",
6245,"Alp Ozkilic","Darren Uyenoyama",-240,190,"125","2013-12-14",
6289,"Dustin Ortiz","José Maria Tomé",110,-125,"125","2013-11-09",
6206,"John Moraga","Dustin Ortiz",-220,190,"125","2014-01-15",5116
6207,"Cole Miller","Sam Sicilia",-135,-105,"145","2014-01-15",5117
6208,"Ramsey Nijem","Justin Edwards",-155,135,"155","2014-01-15",5118
6210,"Trevor Smith","Brian Houston",-140,120,"185","2014-01-15",5120
6212,"Vinc Pichel","Garett Whiteley",-160,130,"155","2014-01-15",5122
6214,"Tarec Saffiedine","Hyun Gyu Lim",-220,180,"170","2014-01-04",5124
6215,"Tatsuya Kawajiri","Sean Soriano",-120,-110,"145","2014-01-04",5125
6218,"Max Holloway","Will Chope",-250,200,"145","2014-01-04",5128
6219,"Katsunori Kikuno","Quinn Mulhern",-175,145,"155","2014-01-04",5129
6220,"Royston Wee","Dave Galera",170,-200,"135","2014-01-04",5130
6221,"Mairbek Taisumov","Tae Hyun Bang",-350,300,"155","2014-01-04",5131
6222,"Dustin Kimura","Jon Delos Reyes",-370,300,"135","2014-01-04",5132
6223,"Russell Doane","Leandro Issa",110,-130,"135","2014-01-04",5133
6224,"Chris Weidman","Anderson Silva",145,-175,"185","2013-12-28",5134
6225,"Ronda Rousey","Miesha Tate",-650,450,"135","2013-12-28",5135
6226,"Travis Browne","Josh Barnett",160,-165,"265","2013-12-28",5136
6227,"Jim Miller","Fabrício Camões",-420,315,"155","2013-12-28",5137
6228,"Dustin Poirier","Diego Brandão",-250,205,"145","2013-12-28",5138
6229,"Uriah Hall","Chris Leben",-340,260,"185","2013-12-28",5139
6232,"John Howard","Siyar Bahadurzada",130,-155,"170","2013-12-28",5142
6233,"William Macário","Bobby Voelker",125,-145,"170","2013-12-28",5143
6235,"Demetrious Johnson","Joseph Benavidez",-145,125,"125","2013-12-14",5145
6236,"Urijah Faber","Michael McDonald",-150,120,"135","2013-12-14",5146
6237,"Chad Mendes","Nik Lentz",-900,600,"145","2013-12-14",5147
6238,"Joe Lauzon","Mac Danzig",-175,150,"155","2013-12-14",5148
6239,"Ryan LaFlare","Court McGee",-130,100,"170","2013-12-14",5149
6240,"Edson Barboza","Danny Castillo",-300,250,"155","2013-12-14",5150
6241,"Bobby Green","Pat Healy",135,-155,"155","2013-12-14",5151
6242,"Zach Makovsky","Scott Jorgensen",200,-250,"125","2013-12-14",5152
6243,"Sam Stout","Cody McKenzie",-275,235,"155","2013-12-14",5153
6244,"Abel Trujillo","Roger Bowling",125,-145,"155","2013-12-14",5154
6267,"Georges St-Pierre","Johny Hendricks",-215,180,"170","2013-11-16",5177
6248,"Ryan Bader","Anthony Perosh",-600,500,"205","2013-12-06",5158
6249,"Soa Palelei","Pat Barry",155,-170,"265","2013-12-06",5159
6250,"Clint Hester","Dylan Andrews",125,-150,"185","2013-12-06",5160
6251,"Bethe Correia","Julie Kedzie",155,-170,"135","2013-12-06",5161
6252,"Takeya Mizugaki","Nam Phan",-325,275,"135","2013-12-06",5162
6253,"Caio Magalhães","Nick Ring",155,-200,"185","2013-12-06",5163
6254,"Justin Scoggins","Richie Vaculik",-350,270,"125","2013-12-06",5164
6255,"Krzysztof Jotko","Bruno Santos",190,-220,"185","2013-12-06",5165
6256,"Alex Garcia","Ben Wall",-700,500,"170","2013-12-06",5166
6258,"Julianna Peña","Jessica Rakoczy",-250,200,"135","2013-11-30",5168
6259,"Chris Holdsworth","Davey Grant",-215,175,"135","2013-11-30",5169
6260,"Jessamyn Duke","Peggy Morgan",-250,200,"135","2013-11-30",5170
6261,"Raquel Pennington","Roxanne Modafferi",-450,350,"135","2013-11-30",5171
6262,"Akira Corassani","Maximo Blanco",130,-170,"145","2013-11-30",5172
6263,"Tom Niinimaki","Rani Yahya",-115,-120,"145","2013-11-30",5173
6264,"Jared Rosholt","Walt Harris",-245,225,"265","2013-11-30",5174
6265,"Sean Spencer","Drew Dober",-220,190,"170","2013-11-30",5175
6266,"Josh Sampo","Ryan Benoit",-130,110,"125","2013-11-30",5176
6269,"Robbie Lawler","Rory MacDonald",330,-430,"170","2013-11-16",5179
6270,"Tyron Woodley","Josh Koscheck",-130,100,"170","2013-11-16",5180
6271,"Ali Bagautinov","Tim Elliott",140,-170,"125","2013-11-16",5181
6272,"Donald Cerrone","Evan Dunham",-125,-110,"155","2013-11-16",5182
6273,"Thales Leites","Ed Herman",-185,155,"185","2013-11-16",5183
6274,"Rick Story","Brian Ebersole",-220,190,"170","2013-11-16",5184
6275,"Erik Perez","Edwin Figueroa",-440,350,"135","2013-11-16",5185
6276,"Jason High","Anthony Lapsley",-350,275,"170","2013-11-16",5186
6277,"Sergio Pettis","Will Campuzano",-420,320,"135","2013-11-16",5187
6278,"Gian Villante","Cody Donovan",-350,290,"205","2013-11-16",5188
6279,"Vitor Belfort","Dan Henderson",-220,180,"205","2013-11-09",5189
6281,"Rafael Cavalcante","Igor Pokrajac",-335,265,"205","2013-11-09",5191
6282,"Brandon Thatch","Paulo Thiago",-400,325,"170","2013-11-09",5192
6283,"Ryan LaFlare","Santiago Ponzinibbio",-125,105,"170","2013-11-09",5193
6284,"Jeremy Stephens","Rony Jason",160,-185,"145","2013-11-09",5194
6285,"Sam Sicilia","Godofredo Pepey",105,-120,"145","2013-11-09",5195
6286,"Omari Akhmedov","Thiago Perpétuo",-155,140,"185","2013-11-09",5196
6287,"Thiago Tavares","Justin Salas",-260,210,"155","2013-11-09",5197
6288,"Adriano Martins","Daron Cruickshank",125,-145,"155","2013-11-09",5198
6290,"Tim Kennedy","Rafael Natal",-400,310,"185","2013-11-06",5200
6291,"Alexis Davis","Liz Carmouche",165,-200,"135","2013-11-06",5201
6293,"Rustam Khabilov","Jorge Masvidal",-135,120,"155","2013-11-06",5203
6294,"Michael Chiesa","Colton Smith",-145,110,"155","2013-11-06",5204
6295,"Bobby Green","James Krause",105,-120,"155","2013-11-06",5205
6297,"Dennis Bermudez","Steven Siler",-190,160,"145","2013-11-06",5207
6298,"Amanda Nunes","Germaine de Randamie",110,-130,"135","2013-11-06",5208
6299,"Lorenz Larkin","Chris Camozzi",-450,325,"185","2013-11-06",5209
6300,"Yves Edwards","Yancy Medeiros",225,-255,"155","2013-11-06",5210
6301,"Seth Baczynski","Neil Magny",-145,135,"170","2013-11-06",5211
6209,"Elias Silvério","Isaac Vallie-Flagg",-180,150,"155","2014-01-15",5119
6231,"Dennis Siver","Manvel Gamburyan",-300,260,"145","2013-12-28",5141
6205,"Yoel Romero","Derek Brunson",-230,190,"185","2014-01-15",5115
6296,"Francisco Rivera","George Roop",-135,125,"135","2013-11-06",5206
6204,"TJ Dillashaw","Mike Easton",-320,240,"135","2014-01-15",5114
6234,"Robbie Peralta","Estevan Payan",-175,145,"145","2013-12-28",5144
6247,"Mauricio Rua","James Te Huna",125,-135,"205","2013-12-06",5157
6379,"Brad Tavares","Bubba McDaniel",-500,400,"185","2013-08-28",
6384,"Zak Cummings","Benny Alloway",-130,115,"170","2013-08-28",
6304,"Ross Pearson","Melvin Guillard",130,-140,"155","2013-10-26",5214
6305,"Jimi Manuwa","Ryan Jimmo",-160,120,"205","2013-10-26",5215
6306,"Norman Parke","Jon Tuck",-180,150,"155","2013-10-26",5216
6308,"John Lineker","Phil Harris",-425,375,"128","2013-10-26",5218
6309,"Al Iaquinta","Piotr Hallmann",-160,130,"155","2013-10-26",5219
6311,"Jéssica Andrade","Rosi Sexton",-125,-110,"135","2013-10-26",5221
6312,"Cole Miller","Andy Ogle",-200,170,"145","2013-10-26",5222
6313,"Jimy Hettes","Robert Whiteford",-450,350,"145","2013-10-26",5223
6314,"Brad Scott","Michael Kuiper",265,-355,"185","2013-10-26",5224
6316,"Daniel Cormier","Roy Nelson",-500,375,"265","2013-10-19",5226
6317,"Gilbert Melendez","Diego Sanchez",-550,425,"155","2013-10-19",5227
6318,"Gabriel Gonzaga","Shawn Jordan",135,-155,"265","2013-10-19",5228
6319,"John Dodson","Darrell Montague",-425,325,"125","2013-10-19",5229
6321,"Hector Lombard","Nate Marquardt",-200,170,"170","2013-10-19",5231
6322,"Sarah Kaufman","Jessica Eye",-220,175,"135","2013-10-19",5232
6324,"Adlan Amagov","TJ Waldburger",-190,170,"170","2013-10-19",5234
6325,"Tony Ferguson","Mike Rio",-425,375,"155","2013-10-19",5235
6326,"Andre Fili","Jeremy Larsen",-200,170,"148","2013-10-19",5236
6327,"Kyoji Horiguchi","Dustin Pague",-150,135,"135","2013-10-19",5237
6328,"Jake Shields","Demian Maia",305,-355,"170","2013-10-09",5238
6329,"Dong Hyun Kim","Erick Silva",160,-180,"170","2013-10-09",5239
6330,"Thiago Silva","Matt Hamill",-350,300,"205","2013-10-09",5240
6331,"Fábio Maldonado","Joey Beltran",-170,145,"205","2013-10-09",5241
6332,"Rousimar Palhares","Mike Pierce",200,-240,"170","2013-10-09",5242
6335,"Yan Cabral","David Mitchell",-320,250,"170","2013-10-09",5245
6336,"Chris Cariaso","Iliarde Santos",140,-170,"125","2013-10-09",5246
6337,"Alan Patrick","Garett Whiteley",-260,220,"155","2013-10-09",5247
6338,"Jon Jones","Alexander Gustafsson",-875,600,"205","2013-09-21",5248
6339,"Renan Barão","Eddie Wineland",-700,500,"135","2013-09-21",5249
6340,"Brendan Schaub","Matt Mitrione",135,-155,"265","2013-09-21",5250
6342,"Khabib Nurmagomedov","Pat Healy",-270,220,"155","2013-09-21",5252
6343,"Myles Jury","Mike Ricci",-420,330,"155","2013-09-21",5253
6344,"Wilson Reis","Ivan Menjivar",115,-135,"135","2013-09-21",5254
6345,"Stephen Thompson","Chris Clements",-440,340,"170","2013-09-21",5255
6346,"Mitch Gagnon","Dustin Kimura",145,-165,"135","2013-09-21",5256
6347,"John Makdessi","Renee Forte",-155,140,"155","2013-09-21",5257
6349,"Alex Caceres","Roland Delorme",-145,125,"135","2013-09-21",5259
6350,"Daniel Omielańczuk","Nandor Guelmino",-260,220,"265","2013-09-21",5260
6351,"Glover Teixeira","Ryan Bader",-420,300,"205","2013-09-04",5261
6353,"Joseph Benavidez","Jussier Formiga",-700,500,"125","2013-09-04",5263
6354,"Piotr Hallmann","Francisco Trinaldo",250,-325,"155","2013-09-04",5264
6355,"Rafael Natal","Tor Troéng",-265,220,"185","2013-09-04",5265
6356,"Ali Bagautinov","Marcos Vinicius",-350,280,"125","2013-09-04",5266
6357,"Edimilson Souza","Felipe Arantes",230,-270,"145","2013-09-04",5267
6359,"Elias Silvério","João Zeferino",-115,-110,"170","2013-09-04",5269
6360,"Ivan Jorge","Keith Wisniewski",-280,220,"170","2013-09-04",5270
6361,"Sean Spencer","Yuri Villefort",180,-200,"170","2013-09-04",5271
6362,"Anthony Pettis","Benson Henderson",-115,-115,"155","2013-08-31",5272
6363,"Josh Barnett","Frank Mir",-185,155,"265","2013-08-31",5273
6364,"Chad Mendes","Clay Guida",-525,400,"145","2013-08-31",5274
6365,"Ben Rothwell","Brandon Vera",-150,130,"265","2013-08-31",5275
6366,"Dustin Poirier","Erik Koch",175,-210,"145","2013-08-31",5276
6367,"Gleison Tibau","Jamie Varner",-110,-110,"155","2013-08-31",5277
6369,"Hyun Gyu Lim","Pascal Krauss",190,-230,"170","2013-08-31",5279
6370,"Chico Camus","Kyung Ho Kang",190,-240,"135","2013-08-31",5280
6371,"Soa Palelei","Nikita Krylov",115,-140,"265","2013-08-31",5281
6372,"Al Iaquinta","Ryan Couture",-220,185,"155","2013-08-31",5282
6373,"Magnus Cedenblad","Jared Hamman",-130,110,"185","2013-08-31",5283
6374,"Carlos Condit","Martin Kampmann",-280,230,"170","2013-08-28",5284
6376,"Kelvin Gastelum","Brian Melancon",-300,245,"170","2013-08-28",5286
6377,"Court McGee","Robert Whittaker",155,-175,"170","2013-08-28",5287
6378,"Takeya Mizugaki","Erik Perez",145,-175,"135","2013-08-28",5288
6380,"Dylan Andrews","Papy Abedi",-330,275,"185","2013-08-28",5290
6382,"Darren Elkins","Hatsu Hioki",130,-160,"145","2013-08-28",5292
6383,"Jason High","James Head",110,-130,"170","2013-08-28",5293
6385,"Roger Bowling","Abel Trujillo",110,-135,"155","2013-08-28",5295
6320,"Tim Boetsch","CB Dollaway",-145,125,"185","2013-10-19",5230
6387,"Travis Browne","Alistair Overeem",145,-170,"265","2013-08-17",5297
6388,"Urijah Faber","Iuri Alcântara",-235,195,"135","2013-08-17",5298
6389,"Matt Brown","Mike Pyle",-130,115,"170","2013-08-17",5299
6390,"John Howard","Uriah Hall",380,-480,"185","2013-08-17",5300
6391,"Michael Johnson","Joe Lauzon",220,-245,"155","2013-08-17",5301
6392,"Michael McDonald","Brad Pickett",-320,250,"135","2013-08-17",5302
6393,"Conor McGregor","Max Holloway",-300,250,"145","2013-08-17",5303
6394,"Steven Siler","Mike Brown",180,-220,"145","2013-08-17",5304
6398,"James Vick","Ramsey Nijem",165,-205,"155","2013-08-17",5308
6399,"José Aldo","Chan Sung Jung",-900,650,"145","2013-08-03",5309
6400,"Phil Davis","Lyoto Machida",280,-320,"205","2013-08-03",5310
6401,"Cezar Ferreira","Thiago Santos",-500,365,"185","2013-08-03",5311
6341,"Francis Carmont","Constantinos Philippou",130,-150,"185","2013-09-21",5251
6303,"Lyoto Machida","Mark Muñoz",-400,300,"185","2013-10-26",5213
6396,"Manvel Gamburyan","Cole Miller",-145,125,"145","2013-08-17",5306
6315,"Cain Velasquez","Junior Dos Santos",-205,175,"265","2013-10-19",5225
6333,"Raphael Assunção","TJ Dillashaw",180,-220,"135","2013-10-09",5243
6397,"Ovince Saint Preux","Cody Donovan",-430,350,"205","2013-08-17",5307
6352,"Jacare Souza","Yushin Okami",-245,195,"185","2013-09-04",5262
6386,"Chael Sonnen","Mauricio Rua",145,-170,"205","2013-08-17",5296
6307,"Nicholas Musoke","Alessio Sakara",165,-200,"185","2013-10-26",5217
6403,"John Lineker","José Maria Tomé",-435,345,"129","2013-08-03",
6466,"Stephen Thompson","Nah-shon Burrell",-175,155,"170","2013-05-25",
6405,"Amanda Nunes","Sheila Gaff",-225,175,"135","2013-08-03",5315
6406,"Sérgio Moraes","Neil Magny",-160,145,"170","2013-08-03",5316
6407,"Ian McCall","Iliarde Santos",-470,370,"125","2013-08-03",5317
6409,"Francimar Barroso","Ednaldo Oliveira",110,-130,"205","2013-08-03",5319
6410,"Viscardi Andrade","Bristol Marunde",-200,175,"170","2013-08-03",5320
6411,"Demetrious Johnson","John Moraga",-485,385,"125","2013-07-27",5321
6412,"Rory MacDonald","Jake Ellenberger",-230,205,"170","2013-07-27",5322
6413,"Robbie Lawler","Bobby Voelker",-400,300,"170","2013-07-27",5323
6414,"Liz Carmouche","Jéssica Andrade",-600,435,"135","2013-07-27",5324
6415,"Jorge Masvidal","Michael Chiesa",-300,240,"155","2013-07-27",5325
6416,"Danny Castillo","Tim Means",-275,230,"155","2013-07-27",5326
6418,"Daron Cruickshank","Yves Edwards",-190,160,"155","2013-07-27",5328
6419,"Ed Herman","Trevor Smith",-200,160,"185","2013-07-27",5329
6420,"Germaine de Randamie","Julie Kedzie",-200,155,"135","2013-07-27",5330
6421,"Justin Salas","Aaron Riley",-240,190,"155","2013-07-27",5331
6422,"Yaotzin Meza","John Albert",190,-250,"135","2013-07-27",5332
6423,"Chris Weidman","Anderson Silva",195,-240,"185","2013-07-06",5333
6425,"Tim Kennedy","Roger Gracie",-160,130,"185","2013-07-06",5335
6426,"Mark Muñoz","Tim Boetsch",105,-125,"185","2013-07-06",5336
6427,"Cub Swanson","Dennis Siver",-190,160,"145","2013-07-06",5337
6428,"Andrew Craig","Chris Leben",-155,125,"185","2013-07-06",5338
6429,"Norman Parke","Kazuki Tokudome",-150,120,"155","2013-07-06",5339
6430,"Gabriel Gonzaga","Dave Herman",-170,150,"265","2013-07-06",5340
6431,"Edson Barboza","Rafaello Oliveira",-600,450,"155","2013-07-06",5341
6432,"Brian Melancon","Seth Baczynski",240,-300,"170","2013-07-06",5342
6433,"Mike Pierce","David Mitchell",-700,500,"170","2013-07-06",5343
6434,"Rashad Evans","Dan Henderson",-200,160,"205","2013-06-15",5344
6435,"Stipe Miocic","Roy Nelson",225,-285,"265","2013-06-15",5345
6437,"Alexis Davis","Rosi Sexton",-500,400,"135","2013-06-15",5347
6438,"Shawn Jordan","Pat Barry",-115,-120,"265","2013-06-15",5348
6439,"Jake Shields","Tyron Woodley",190,-220,"170","2013-06-15",5349
6440,"James Krause","Sam Stout",245,-300,"155","2013-06-15",5350
6441,"Sean Pierson","Kenny Robertson",-150,125,"170","2013-06-15",5351
6442,"Roland Delorme","Edwin Figueroa",-150,125,"135","2013-06-15",5352
6443,"Mitch Clarke","John Maguire",220,-250,"155","2013-06-15",5353
6444,"Yves Jabouin","Dustin Pague",-350,275,"135","2013-06-15",5354
6446,"Leonardo Santos","William Macário",-170,160,"170","2013-06-08",5356
6447,"Thiago Silva","Rafael Cavalcante",185,-230,"205","2013-06-08",5357
6448,"Erick Silva","Jason High",-425,350,"170","2013-06-08",5358
6449,"Daniel Sarafian","Eddie Mendez",-450,350,"185","2013-06-08",5359
6450,"Rony Jason","Mike Wilkinson",-350,270,"145","2013-06-08",5360
6451,"Raphael Assunção","Vaughan Lee",-430,350,"135","2013-06-08",5361
6452,"Felipe Arantes","Godofredo Pepey",-225,185,"145","2013-06-08",5362
6453,"Ildemar Alcântara","Leandro Silva",-175,150,"170","2013-06-08",5363
6454,"Rodrigo Damm","Mizuto Hirota",-155,135,"145","2013-06-08",5364
6456,"Antônio Braga Neto","Anthony Smith",-250,200,"185","2013-06-08",5366
6457,"Cain Velasquez","Antônio Silva",-700,550,"265","2013-05-25",5367
6459,"Glover Teixeira","James Te Huna",-400,325,"205","2013-05-25",5369
6460,"TJ Grant","Gray Maynard",130,-170,"155","2013-05-25",5370
6461,"Donald Cerrone","KJ Noons",-280,240,"155","2013-05-25",5371
6462,"Mike Pyle","Rick Story",130,-170,"170","2013-05-25",5372
6463,"Dennis Bermudez","Max Holloway",-300,250,"145","2013-05-25",5373
6464,"Robert Whittaker","Colton Smith",130,-160,"170","2013-05-25",5374
6465,"Khabib Nurmagomedov","Abel Trujillo",-300,240,"155","2013-05-25",5375
6467,"George Roop","Brian Bowles",240,-300,"135","2013-05-25",5377
6468,"Jeremy Stephens","Estevan Payan",-200,160,"145","2013-05-25",5378
6469,"Vitor Belfort","Luke Rockhold",-110,-115,"185","2013-05-18",5379
6473,"Nik Lentz","Hacran Dias",-115,-115,"145","2013-05-18",5383
6474,"Francisco Trinaldo","Mike Rio",-350,270,"155","2013-05-18",5384
6475,"Gleison Tibau","John Cholish",-255,215,"155","2013-05-18",5385
6476,"Paulo Thiago","Michel Prazeres",-200,175,"170","2013-05-18",5386
6477,"Iuri Alcântara","Iliarde Santos",-575,450,"135","2013-05-18",5387
6478,"Fábio Maldonado","Roger Hollett",-275,225,"205","2013-05-18",5388
6479,"John Lineker","Azamat Gashimov",105,-130,"125","2013-05-18",5389
6480,"Jussier Formiga","Chris Cariaso",-175,150,"125","2013-05-18",5390
6481,"Lucas Martins","Jeremy Larsen",-350,275,"155","2013-05-18",5391
6482,"Jon Jones","Chael Sonnen",-1000,675,"205","2013-04-27",5392
6483,"Michael Bisping","Alan Belcher",-175,150,"185","2013-04-27",5393
6484,"Roy Nelson","Cheick Kongo",-245,190,"265","2013-04-27",5394
6486,"Jim Miller","Pat Healy",-285,230,"155","2013-04-27",5396
6487,"Rustam Khabilov","Yancy Medeiros",-215,180,"155","2013-04-27",5397
6489,"Sara McMann","Sheila Gaff",-600,450,"135","2013-04-27",5399
6490,"Bryan Caraway","Johnny Bedford",105,-130,"135","2013-04-27",5400
6491,"Cody McKenzie","Leonard Garcia",175,-210,"145","2013-04-27",5401
6492,"Steven Siler","Kurt Holobaugh",-120,110,"145","2013-04-27",5402
7207,"BJ Penn","Jon Fitch",160,-190,"170","2011-02-26",6143
6494,"Benson Henderson","Gilbert Melendez",-330,270,"155","2013-04-20",5403
6495,"Daniel Cormier","Frank Mir",-390,310,"265","2013-04-20",5404
6496,"Josh Thomson","Nate Diaz",130,-155,"155","2013-04-20",5405
6498,"Chad Mendes","Darren Elkins",-640,460,"145","2013-04-20",5407
6499,"Francis Carmont","Lorenz Larkin",-120,-110,"185","2013-04-20",5408
6500,"Myles Jury","Ramsey Nijem",-220,180,"155","2013-04-20",5409
6501,"Joseph Benavidez","Darren Uyenoyama",-595,415,"125","2013-04-20",5410
6470,"Jacare Souza","Chris Camozzi",-600,425,"185","2013-05-18",5380
6404,"Anthony Perosh","Vinny Magalhães",375,-500,"205","2013-08-03",5314
6471,"Rafael Dos Anjos","Evan Dunham",-220,180,"155","2013-05-18",5381
6458,"Junior Dos Santos","Mark Hunt",-475,400,"265","2013-05-25",5368
6510,"Bubba McDaniel","Gilbert Smith",-240,190,"185","2013-04-13",
6520,"Matt Mitrione","Phil De Fries",-275,225,"265","2013-04-06",
6528,"Ryan LaFlare","Benny Alloway",-285,235,"170","2013-04-06",
6565,"Nah-shon Burrell","Yuri Villefort",130,-155,"176","2013-02-23",
6505,"Yoel Romero","Clifford Starks",-175,145,"185","2013-04-20",5414
6506,"Urijah Faber","Scott Jorgensen",-475,375,"135","2013-04-13",5415
6507,"Kelvin Gastelum","Uriah Hall",285,-300,"185","2013-04-13",5416
6508,"Cat Zingano","Miesha Tate",-120,115,"135","2013-04-13",5417
6509,"Travis Browne","Gabriel Gonzaga",-250,200,"265","2013-04-13",5418
6511,"Josh Samman","Kevin Casey",-500,400,"185","2013-04-13",5420
6512,"Luke Barnatt","Collin Hart",-120,-115,"185","2013-04-13",5421
6513,"Dylan Andrews","Jimmy Quinlan",-155,125,"185","2013-04-13",5422
6514,"Clint Hester","Bristol Marunde",-150,130,"185","2013-04-13",5423
6516,"Maximo Blanco","Sam Sicilia",-225,175,"145","2013-04-13",5425
6517,"Daniel Pineda","Justin Lawrence",-115,-115,"145","2013-04-13",5426
6518,"Gegard Mousasi","Ilir Latifi",-1000,600,"205","2013-04-06",5427
6519,"Ross Pearson","Ryan Couture",-350,300,"155","2013-04-06",5428
6521,"Brad Pickett","Mike Easton",-160,135,"135","2013-04-06",5430
6522,"Diego Brandão","Pablo Garza",-220,170,"145","2013-04-06",5431
6524,"Reza Madadi","Michael Johnson",250,-290,"155","2013-04-06",5433
6525,"Tor Troéng","Adam Cella",-250,210,"185","2013-04-06",5434
6526,"Adlan Amagov","Chris Spang",-200,170,"170","2013-04-06",5435
6527,"Conor McGregor","Marcus Brimage",-155,130,"145","2013-04-06",5436
6530,"Papy Abedi","Besam Yousef",-135,110,"170","2013-04-06",5439
6532,"Johny Hendricks","Carlos Condit",-115,-115,"170","2013-03-16",5441
6533,"Jake Ellenberger","Nate Marquardt",-150,125,"170","2013-03-16",5442
6534,"Chris Camozzi","Nick Ring",130,-150,"185","2013-03-16",5443
6535,"Mike Ricci","Colin Fletcher",-450,350,"155","2013-03-16",5444
6536,"Patrick Cote","Bobby Voelker",-200,175,"170","2013-03-16",5445
6537,"Darren Elkins","Antonio Carvalho",-250,210,"145","2013-03-16",5446
6538,"Jordan Mein","Dan Miller",-315,255,"170","2013-03-16",5447
6540,"Rick Story","Quinn Mulhern",-385,300,"170","2013-03-16",5449
6542,"George Roop","Reuben Duran",110,-130,"135","2013-03-16",5451
6543,"Wanderlei Silva","Brian Stann",260,-325,"93","2013-03-02",5452
6544,"Mark Hunt","Stefan Struve",180,-205,"120","2013-03-02",5453
6545,"Diego Sanchez","Takanori Gomi",-225,180,"70","2013-03-02",5454
6546,"Yushin Okami","Hector Lombard",170,-200,"84","2013-03-02",5455
6547,"Rani Yahya","Mizuto Hirota",135,-150,"66","2013-03-02",5456
6548,"Dong Hyun Kim","Siyar Bahadurzada",-185,165,"77","2013-03-02",5457
6550,"Takeya Mizugaki","Bryan Caraway",-230,185,"61","2013-03-02",5459
6551,"Kazuki Tokudome","Cristiano Marcello",-130,-110,"70","2013-03-02",5460
6552,"Alex Caceres","Kyung Ho Kang",-120,-115,"61","2013-03-02",5461
6553,"Hyun Gyu Lim","Marcelo Guimarães",-285,235,"77","2013-03-02",5462
6554,"Ronda Rousey","Liz Carmouche",-1000,650,"135","2013-02-23",5463
6555,"Lyoto Machida","Dan Henderson",-220,180,"205","2013-02-23",5464
6556,"Urijah Faber","Ivan Menjivar",-375,300,"135","2013-02-23",5465
6557,"Court McGee","Josh Neer",-370,300,"170","2013-02-23",5466
6558,"Robbie Lawler","Josh Koscheck",285,-375,"170","2013-02-23",5467
6559,"Brendan Schaub","Lavar Johnson",-130,-125,"265","2013-02-23",5468
6560,"Michael Chiesa","Anton Kuivanen",-200,170,"155","2013-02-23",5469
6561,"Dennis Bermudez","Matt Grice",-425,325,"145","2013-02-23",5470
6562,"Sam Stout","Caros Fodor",140,-165,"155","2013-02-23",5471
6564,"Neil Magny","Jon Manley",-155,135,"170","2013-02-23",5473
6566,"Renan Barão","Michael McDonald",-300,265,"135","2013-02-16",5475
6567,"Cub Swanson","Dustin Poirier",-110,-125,"145","2013-02-16",5476
6568,"Jimi Manuwa","Cyrille Diabate",-205,185,"205","2013-02-16",5477
6569,"Gunnar Nelson","Jorge Santiago",-345,275,"170","2013-02-16",5478
6570,"James Te Huna","Ryan Jimmo",-230,190,"205","2013-02-16",5479
6572,"Renee Forte","Terry Etim",265,-365,"155","2013-02-16",5481
6573,"Danny Castillo","Paul Sass",-115,-115,"155","2013-02-16",5482
6574,"Andy Ogle","Josh Grispi",145,-160,"145","2013-02-16",5483
6575,"Tom Watson","Stanislav Nedkov",-130,105,"185","2013-02-16",5484
6576,"Vaughan Lee","Motonobu Tezuka",-145,125,"135","2013-02-16",5485
6577,"Phil Harris","Ulysses Gomez",185,-225,"125","2013-02-16",5486
6580,"Antônio Silva","Alistair Overeem",375,-475,"265","2013-02-02",5489
6581,"Demian Maia","Jon Fitch",160,-200,"170","2013-02-02",5490
6582,"Joseph Benavidez","Ian McCall",-225,190,"125","2013-02-02",5491
6583,"Evan Dunham","Gleison Tibau",-135,115,"155","2013-02-02",5492
6584,"Tyron Woodley","Jay Hieron",-160,150,"170","2013-02-02",5493
6585,"Bobby Green","Jacob Volkmann",340,-450,"155","2013-02-02",5494
6587,"Dustin Kimura","Chico Camus",125,-145,"139","2013-02-02",5496
6590,"Glover Teixeira","Quinton Jackson",-275,225,"205","2013-01-26",5499
6591,"Anthony Pettis","Donald Cerrone",-160,140,"155","2013-01-26",5500
6592,"Ricardo Lamas","Erik Koch",185,-230,"145","2013-01-26",5501
6593,"TJ Grant","Matt Wiman",-185,160,"155","2013-01-26",5502
6594,"Clay Guida","Hatsu Hioki",-250,190,"145","2013-01-26",5503
6595,"Pascal Krauss","Mike Stumpf",-285,225,"170","2013-01-26",5504
6596,"Ryan Bader","Vladimir Matyushenko",-550,450,"205","2013-01-26",5505
6597,"Shawn Jordan","Mike Russow",120,-150,"265","2013-01-26",5506
6598,"Rafael Natal","Sean Spencer",-250,210,"185","2013-01-26",5507
6600,"Vitor Belfort","Michael Bisping",-120,-115,"185","2013-01-19",5509
6586,"Isaac Vallie-Flagg","Yves Edwards",190,-220,"155","2013-02-02",5495
6504,"Anthony Njokuani","Roger Bowling",-185,155,"155","2013-04-20",5413
6579,"Rogerio Nogueira","Rashad Evans",425,-550,"205","2013-02-02",5488
6571,"Che Mills","Matthew Riddle",-125,-110,"170","2013-02-16",5480
6588,"Francisco Rivera","Edwin Figueroa",-320,260,"135","2013-02-02",5497
6503,"TJ Dillashaw","Hugo Viana",-330,260,"135","2013-04-20",5412
6523,"Akira Corassani","Robbie Peralta",400,-500,"145","2013-04-06",5432
6531,"Georges St-Pierre","Nick Diaz",-525,425,"170","2013-03-16",5440
6601,"CB Dollaway","Daniel Sarafian",130,-155,"185","2013-01-19",5510
6620,"Todd Duffee","Phil De Fries",-375,300,"265","2012-12-29",
6625,"Pat Barry","Shane Del Rosario",220,-270,"265","2012-12-15",
6641,"Benny Alloway","Manny Rodriguez",-250,200,"170","2012-12-14",
6671,"Jon Tuck","Tiequan Zhang",-345,285,"155","2012-11-10",
6604,"Godofredo Pepey","Milton Vieira",170,-200,"145","2013-01-19",5513
6605,"Ronny Markes","Andrew Craig",-350,280,"185","2013-01-19",5514
6606,"Nik Lentz","Diego Nunes",130,-150,"145","2013-01-19",5515
6608,"Iuri Alcântara","Pedro Nobre",-600,475,"135","2013-01-19",5517
6609,"Ildemar Alcântara","Wagner Prado",185,-225,"205","2013-01-19",5518
6610,"Francisco Trinaldo","CJ Keith",-475,375,"155","2013-01-19",5519
6612,"Jim Miller","Joe Lauzon",-195,165,"155","2012-12-29",5521
6614,"Yushin Okami","Alan Belcher",-110,-120,"185","2012-12-29",5523
6615,"Derek Brunson","Chris Leben",135,-155,"185","2012-12-29",5524
6616,"Eddie Wineland","Brad Pickett",-165,140,"135","2012-12-29",5525
6617,"Erik Perez","Byron Bloodworth",-500,375,"135","2012-12-29",5526
6618,"Jamie Varner","Melvin Guillard",125,-145,"155","2012-12-29",5527
6619,"Myles Jury","Michael Johnson",210,-255,"155","2012-12-29",5528
6621,"Max Holloway","Leonard Garcia",-475,350,"145","2012-12-29",5530
6622,"John Moraga","Chris Cariaso",-150,125,"125","2012-12-29",5531
6624,"Colton Smith","Mike Ricci",260,-320,"170","2012-12-15",5533
6626,"Dustin Poirier","Jonathan Brookins",-325,250,"145","2012-12-15",5535
6627,"Mike Pyle","James Head",-145,120,"170","2012-12-15",5536
6628,"Johnny Bedford","Marcos Vinicius",-270,230,"135","2012-12-15",5537
6629,"Rustam Khabilov","Vinc Pichel",-285,250,"155","2012-12-15",5538
6630,"TJ Waldburger","Nick Catone",-110,-125,"170","2012-12-15",5539
6631,"Hugo Viana","Reuben Duran",110,-135,"135","2012-12-15",5540
6632,"Mike Rio","John Cofer",-125,-110,"155","2012-12-15",5541
6634,"Ross Pearson","George Sotiropoulos",-225,180,"155","2012-12-14",5543
6635,"Robert Whittaker","Brad Scott",-255,210,"170","2012-12-14",5544
6636,"Norman Parke","Colin Fletcher",-130,120,"155","2012-12-14",5545
6637,"Hector Lombard","Rousimar Palhares",-225,185,"185","2012-12-14",5546
6638,"Chad Mendes","Yaotzin Meza",-1600,1100,"145","2012-12-14",5547
6639,"Igor Pokrajac","Joey Beltran",-270,220,"205","2012-12-14",5548
6640,"Mike Pierce","Seth Baczynski",-425,350,"170","2012-12-14",5549
6642,"Mike Wilkinson","Brendan Loughnane",-250,210,"155","2012-12-14",5551
6643,"Cody Donovan","Nick Penner",125,-145,"205","2012-12-14",5552
6644,"Benson Henderson","Nate Diaz",-235,185,"155","2012-12-08",5553
6646,"Rory MacDonald","BJ Penn",-320,260,"170","2012-12-08",5555
6647,"Matt Brown","Mike Swick",120,-145,"170","2012-12-08",5556
6648,"Yves Edwards","Jeremy Stephens",195,-235,"155","2012-12-08",5557
6649,"Raphael Assunção","Mike Easton",240,-295,"135","2012-12-08",5558
6650,"Ramsey Nijem","Joe Proctor",-235,195,"155","2012-12-08",5559
6651,"Daron Cruickshank","Henry Martinez",-175,145,"155","2012-12-08",5560
6652,"Abel Trujillo","Marcus LeVesseur",120,-145,"155","2012-12-08",5561
6653,"Dennis Siver","Nam Phan",-305,250,"145","2012-12-08",5562
6654,"Scott Jorgensen","John Albert",-290,240,"135","2012-12-08",5563
6656,"Johny Hendricks","Martin Kampmann",-160,140,"170","2012-11-17",5565
6657,"Francis Carmont","Tom Lawlor",-250,210,"185","2012-11-17",5566
6659,"Pablo Garza","Mark Hominick",245,-285,"145","2012-11-17",5568
6661,"Cyrille Diabate","Chad Griggs",-135,110,"205","2012-11-17",5570
6662,"John Makdessi","Sam Stout",185,-215,"155","2012-11-17",5571
6663,"Antonio Carvalho","Rodrigo Damm",-240,185,"145","2012-11-17",5572
6665,"Ivan Menjivar","Azamat Gashimov",-235,190,"135","2012-11-17",5574
6666,"Darren Elkins","Steven Siler",-115,-115,"145","2012-11-17",5575
6667,"Cung Le","Rich Franklin",325,-400,"185","2012-11-10",5576
6668,"Thiago Silva","Stanislav Nedkov",-375,300,"205","2012-11-10",5577
6669,"Dong Hyun Kim","Paulo Thiago",-295,250,"170","2012-11-10",5578
6670,"Takanori Gomi","Mac Danzig",175,-215,"155","2012-11-10",5579
6672,"Takeya Mizugaki","Jeff Hougland",-450,350,"135","2012-11-10",5581
6673,"Alex Caceres","Motonobu Tezuka",-225,195,"135","2012-11-10",5582
6674,"John Lineker","Yasuhiro Urushitani",-210,180,"125","2012-11-10",5583
6676,"Anderson Silva","Stephan Bonnar",-1000,700,"205","2012-10-13",5585
6677,"Antônio Rodrigo Nogueira","Dave Herman",-230,190,"265","2012-10-13",5586
6678,"Glover Teixeira","Fábio Maldonado",-490,380,"205","2012-10-13",5587
6679,"Jon Fitch","Erick Silva",170,-195,"170","2012-10-13",5588
6680,"Phil Davis","Wagner Prado",-370,300,"205","2012-10-13",5589
6681,"Demian Maia","Rick Story",-125,100,"170","2012-10-13",5590
6682,"Rony Jason","Sam Sicilia",-230,190,"145","2012-10-13",5591
6684,"Diego Brandão","Joey Gambino",-250,200,"145","2012-10-13",5593
6685,"Sérgio Moraes","Renee Forte",-225,185,"170","2012-10-13",5594
6686,"Chris Camozzi","Luiz Cané",125,-150,"185","2012-10-13",5595
6687,"Cristiano Marcello","Reza Madadi",140,-165,"155","2012-10-13",5596
6688,"Antônio Silva","Travis Browne",170,-205,"265","2012-10-05",5597
6689,"Jake Ellenberger","Jay Hieron",-310,260,"170","2012-10-05",5598
6690,"John Dodson","Jussier Formiga",-255,210,"125","2012-10-05",5599
6691,"Justin Edwards","Josh Neer",255,-300,"170","2012-10-05",5600
6692,"Michael Johnson","Danny Castillo",-185,155,"155","2012-10-05",5601
6702,"John Hathaway","John Maguire",-275,230,"170","2012-09-29",5611
6712,"Matt Hamill","Roger Hollett",-360,290,"205","2012-09-22",5621
6655,"Georges St-Pierre","Carlos Condit",-325,260,"170","2012-11-17",5564
6740,"John Moraga","Ulysses Gomez",110,-130,"125","2012-08-04",5649
6749,"Bryan Caraway","Mitch Gagnon",-240,200,"135","2012-07-21",5658
6765,"Cung Le","Patrick Cote",180,-220,"185","2012-07-07",5674
6772,"Shane Roller","John Alessio",-165,140,"155","2012-07-07",5681
6664,"Matthew Riddle","John Maguire",-230,195,"170","2012-11-17",5573
6603,"Khabib Nurmagomedov","Thiago Tavares",-200,165,"155","2013-01-19",5512
6613,"Constantinos Philippou","Tim Boetsch",130,-155,"185","2012-12-29",5522
6611,"Cain Velasquez","Junior Dos Santos",175,-210,"265","2012-12-29",5520
6731,"Mauricio Rua","Brandon Vera",-425,350,"205","2012-08-04",5640
6658,"Rafael Dos Anjos","Mark Bocek",-215,185,"155","2012-11-17",5567
6822,"Stipe Miocic","Shane Del Rosario",-170,145,"265","2012-05-26",
6901,"Issei Tamura","Tiequan Zhang",190,-230,"66","2012-02-25",
6787,"Brian Ebersole","TJ Waldburger",-240,195,"170","2012-06-22",5696
6792,"Steven Siler","Joey Gambino",105,-125,"145","2012-06-22",5701
6797,"Demetrious Johnson","Ian McCall",-125,-105,"125","2012-06-08",5706
6807,"Henry Martinez","Bernardo Magalhães",-240,200,"155","2012-06-08",5716
6812,"Max Holloway","Pat Schilling",-150,125,"145","2012-06-01",5721
6817,"Joe Proctor","Jeremy Larsen",-290,240,"155","2012-06-01",5726
6827,"Dan Hardy","Duane Ludwig",-135,110,"170","2012-05-26",5736
6832,"Amir Sadollah","Jorge Lopez",-130,110,"170","2012-05-15",5741
6837,"Brad Tavares","Dongi Yang",-160,140,"185","2012-05-15",5746
6847,"Michael Johnson","Tony Ferguson",270,-320,"155","2012-05-05",5756
6852,"Dennis Bermudez","Pablo Garza",-120,-110,"145","2012-05-05",5761
6857,"Ben Rothwell","Brendan Schaub",195,-245,"265","2012-04-21",5766
6861,"Travis Browne","Chad Griggs",-310,255,"265","2012-04-21",5770
6868,"Brian Stann","Alessio Sakara",-420,325,"185","2012-04-14",5777
6871,"John Maguire","DaMarques Johnson",-180,155,"170","2012-04-14",5780
6874,"Cyrille Diabate","Tom DeBlass",170,-200,"205","2012-04-14",5783
6877,"Simeon Thoresen","Besam Yousef",-335,280,"170","2012-04-14",5786
6880,"Joseph Benavidez","Yasuhiro Urushitani",-850,620,"125","2012-03-02",5789
6883,"James Te Huna","Aaron Rosa",-350,300,"205","2012-03-02",5792
6886,"Andrew Craig","Kyle Noke",230,-280,"185","2012-03-02",5795
6889,"Shawn Jordan","Oli Thompson",-225,180,"265","2012-03-02",5798
6892,"Mark Hunt","Cheick Kongo",225,-275,"120","2012-02-25",5801
6895,"Hatsu Hioki","Bart Palaszewski",-185,155,"66","2012-02-25",5804
6904,"Ronny Markes","Aaron Simpson",-135,110,"185","2012-02-15",5813
6907,"Ivan Menjivar","John Albert",-245,200,"135","2012-02-15",5816
6910,"Tim Means","Bernardo Magalhães",105,-130,"155","2012-02-15",5819
6913,"Josh Koscheck","Mike Pierce",-280,235,"170","2012-02-04",5822
6916,"Dustin Poirier","Max Holloway",-545,425,"145","2012-02-04",5825
6922,"Rashad Evans","Phil Davis",-225,185,"205","2012-01-28",5831
6925,"Evan Dunham","Nik Lentz",-390,310,"155","2012-01-28",5834
6928,"Charles Oliveira","Eric Wisely",-550,450,"145","2012-01-28",5837
6931,"Chris Camozzi","Dustin Jacoby",-150,125,"185","2012-01-28",5840
6934,"Mike Easton","Jared Papazian",-450,350,"135","2012-01-20",5843
6937,"Khabib Nurmagomedov","Kamal Shalorus",-115,-115,"155","2012-01-20",5846
6940,"Daniel Pineda","Pat Schilling",-140,115,"145","2012-01-20",5849
6943,"Vitor Belfort","Anthony Johnson",-135,110,"197","2012-01-14",5852
6946,"Edson Barboza","Terry Etim",-300,245,"155","2012-01-14",5855
6952,"Alistair Overeem","Brock Lesnar",-145,125,"265","2011-12-30",5861
6955,"Alexander Gustafsson","Vladimir Matyushenko",-335,275,"205","2011-12-30",5864
6958,"Danny Castillo","Anthony Njokuani",-190,160,"155","2011-12-30",5867
6967,"Igor Pokrajac","Krzysztof Soszynski",225,-275,"205","2011-12-10",5876
6969,"Dennis Hallman","John Makdessi",145,-170,"158","2011-12-10",5878
6971,"Mark Bocek","Nik Lentz",-150,130,"155","2011-12-10",5880
6973,"John Cholish","Mitch Clarke",-375,305,"155","2011-12-10",5882
6975,"Diego Brandão","Dennis Bermudez",-335,275,"145","2011-12-03",5884
6979,"Marcus Brimage","Stephen Bass",115,-140,"145","2011-12-03",5888
6981,"Roland Delorme","Josh Ferguson",-115,-115,"135","2011-12-03",5890
6983,"Bryan Caraway","Dustin Neace",-460,345,"145","2011-12-03",5892
6985,"Wanderlei Silva","Cung Le",175,-215,"185","2011-11-19",5894
6987,"Martin Kampmann","Rick Story",105,-130,"170","2011-11-19",5896
6989,"Ryan Bader","Jason Brilz",-415,335,"205","2011-11-19",5898
6991,"Chris Weidman","Tom Lawlor",-365,300,"185","2011-11-19",5900
6993,"Miguel Torres","Nick Pace",-400,310,"141","2011-11-19",5902
6995,"Danny Castillo","Shamar Bailey",-380,280,"158","2011-11-19",5904
6997,"Benson Henderson","Clay Guida",-285,235,"155","2011-11-12",5906
6999,"Ricardo Lamas","Cub Swanson",-175,145,"145","2011-11-12",5908
7003,"Alex Caceres","Cole Escovedo",245,-295,"135","2011-11-12",5912
7005,"Aaron Rosa","Matt Lucas",-130,105,"205","2011-11-12",5914
7007,"Renan Barão","Brad Pickett",-135,110,"135","2011-11-05",5916
7009,"Anthony Perosh","Cyrille Diabate",295,-370,"205","2011-11-05",5918
7011,"John Maguire","Justin Edwards",110,-135,"170","2011-11-05",5920
7013,"Michihiro Omigawa","Jason Young",-220,180,"145","2011-11-05",5922
7015,"Chris Cariaso","Vaughan Lee",-215,180,"135","2011-11-05",5924
7018,"Roy Nelson","Mirko Filipović",-240,195,"265","2011-10-29",5927
7020,"Hatsu Hioki","George Roop",-340,280,"145","2011-10-29",5929
7022,"Bart Palaszewski","Tyson Griffin",250,-310,"148","2011-10-29",5931
7024,"Ramsey Nijem","Danny Downes",-205,175,"155","2011-10-29",5933
7028,"José Aldo","Kenny Florian",-420,310,"145","2011-10-08",5937
7030,"Nam Phan","Leonard Garcia",-230,190,"145","2011-10-08",5939
7038,"Dominick Cruz","Demetrious Johnson",-560,415,"135","2011-10-01",5947
7039,"Stefan Struve","Pat Barry",150,-175,"265","2011-10-01",5948
7040,"Anthony Johnson","Charlie Brenneman",-210,180,"170","2011-10-01",5949
7041,"Matt Wiman","Mac Danzig",-225,185,"155","2011-10-01",5950
7043,"Paul Sass","Michael Johnson",150,-180,"155","2011-10-01",5952
7044,"Mike Easton","Byron Bloodworth",-410,320,"138","2011-10-01",5953
7045,"TJ Grant","Shane Roller",155,-185,"155","2011-10-01",5954
7046,"Josh Neer","Keith Wisniewski",-280,230,"170","2011-10-01",5955
7047,"Walel Watson","Joseph Sandoval",-115,-115,"135","2011-10-01",5956
7048,"Jon Jones","Quinton Jackson",-515,400,"205","2011-09-24",5957
7049,"Josh Koscheck","Matt Hughes",-450,350,"170","2011-09-24",5958
7050,"Mark Hunt","Ben Rothwell",300,-360,"265","2011-09-24",5959
7051,"Travis Browne","Rob Broughton",-460,360,"265","2011-09-24",5960
7052,"Nate Diaz","Takanori Gomi",-260,215,"155","2011-09-24",5961
7053,"Tony Ferguson","Aaron Riley",-380,300,"155","2011-09-24",5962
6919,"Matthew Riddle","Henry Martinez",-400,315,"170","2012-02-04",5828
6961,"Diego Nunes","Manvel Gamburyan",-230,190,"145","2011-12-30",5870
6842,"Francisco Rivera","Alex Soto",-240,205,"135","2012-05-15",5751
6964,"Rogerio Nogueira","Tito Ortiz",-265,220,"205","2011-12-10",5873
7091,"Cole Miller","T.J. O'Brien",-475,375,"155","2011-08-14",
7130,"Dave Herman","John Olav Einemo",-150,130,"265","2011-06-11",
7056,"Takeya Mizugaki","Cole Escovedo",-220,185,"135","2011-09-24",5965
7057,"James Te Huna","Ricardo Romero",-155,130,"205","2011-09-24",5966
7058,"Jake Ellenberger","Jake Shields",130,-160,"170","2011-09-17",5967
7059,"Court McGee","Dongi Yang",-185,155,"185","2011-09-17",5968
7061,"Alan Belcher","Jason MacDonald",-300,240,"185","2011-09-17",5970
7062,"Vagner Rocha","Cody McKenzie",-195,165,"155","2011-09-17",5971
7063,"Evan Dunham","Shamar Bailey",-450,350,"155","2011-09-17",5972
7065,"Ken Stone","Donny Walker",-170,145,"135","2011-09-17",5974
7066,"Seth Baczynski","Clay Harvison",-165,140,"170","2011-09-17",5975
7067,"TJ Waldburger","Mike Stumpf",-240,200,"170","2011-09-17",5976
7069,"Justin Edwards","Jorge Lopez",320,-420,"170","2011-09-17",5978
7070,"Anderson Silva","Yushin Okami",-600,440,"185","2011-08-27",5979
7086,"Jared Hamman","CB Dollaway",210,-260,"185","2011-08-14",5995
7072,"Edson Barboza","Ross Pearson",-290,240,"155","2011-08-27",5981
7074,"Stanislav Nedkov","Luiz Cané",200,-245,"205","2011-08-27",5983
7075,"Thiago Tavares","Spencer Fisher",-195,165,"155","2011-08-27",5984
7076,"Rousimar Palhares","Dan Miller",-285,235,"185","2011-08-27",5985
7077,"Paulo Thiago","David Mitchell",-480,360,"170","2011-08-27",5986
7078,"Raphael Assunção","Johnny Eduardo",-160,135,"135","2011-08-27",5987
7079,"Erick Silva","Luis Ramos",-300,250,"170","2011-08-27",5988
7080,"Iuri Alcântara","Felipe Arantes",-500,390,"145","2011-08-27",5989
7081,"Yves Jabouin","Ian Loveland",165,-195,"135","2011-08-27",5990
7082,"Chris Lytle","Dan Hardy",-115,-115,"170","2011-08-14",5991
7083,"Benson Henderson","Jim Miller",150,-175,"155","2011-08-14",5992
7084,"Donald Cerrone","Charles Oliveira",-110,-120,"155","2011-08-14",5993
7085,"Duane Ludwig","Amir Sadollah",325,-400,"170","2011-08-14",5994
7087,"Joseph Benavidez","Eddie Wineland",-300,250,"135","2011-08-14",5996
7088,"Ed Herman","Kyle Noke",115,-140,"185","2011-08-14",5997
7090,"Jimy Hettes","Alex Caceres",-450,350,"145","2011-08-14",5999
7092,"Jacob Volkmann","Danny Castillo",-120,-110,"155","2011-08-14",6001
7093,"Edwin Figueroa","Jason Reinhardt",-450,350,"135","2011-08-14",6002
7094,"Rashad Evans","Tito Ortiz",-410,315,"205","2011-08-06",6030
7095,"Vitor Belfort","Yoshihiro Akiyama",-335,285,"185","2011-08-06",6031
7096,"Brian Ebersole","Dennis Hallman",-130,110,"170","2011-08-06",6032
7098,"Rory MacDonald","Mike Pyle",-280,230,"170","2011-08-06",6034
7100,"Chad Mendes","Rani Yahya",-625,435,"145","2011-08-06",6036
7101,"Ivan Menjivar","Nick Pace",-165,140,"138","2011-08-06",6037
7102,"Johny Hendricks","Mike Pierce",-150,125,"170","2011-08-06",6038
7103,"Mike Brown","Nam Phan",-230,190,"145","2011-08-06",6039
7104,"Rafael Natal","Paul Bradley",115,-140,"185","2011-08-06",6040
7105,"Dominick Cruz","Urijah Faber",-190,155,"135","2011-07-02",6041
7106,"Chris Leben","Wanderlei Silva",170,-200,"185","2011-07-02",6042
7107,"Dennis Siver","Matt Wiman",-125,-105,"155","2011-07-02",6043
7108,"Tito Ortiz","Ryan Bader",485,-625,"205","2011-07-02",6044
7109,"Carlos Condit","Dong Hyun Kim",-115,-115,"170","2011-07-02",6045
7110,"Melvin Guillard","Shane Roller",-295,245,"155","2011-07-02",6046
7112,"Brian Bowles","Takeya Mizugaki",-360,285,"135","2011-07-02",6048
7113,"Aaron Simpson","Brad Tavares",-250,210,"185","2011-07-02",6049
7114,"Anthony Njokuani","Andre Winner",-155,130,"155","2011-07-02",6050
7116,"Cheick Kongo","Pat Barry",-220,180,"265","2011-06-26",6052
7117,"Charlie Brenneman","Rick Story",380,-500,"170","2011-06-26",6053
7118,"Matt Brown","John Howard",230,-290,"170","2011-06-26",6054
7119,"Matt Mitrione","Christian Morecraft",-255,210,"265","2011-06-26",6055
7121,"Javier Vazquez","Joe Stevenson",150,-180,"145","2011-06-26",6057
7122,"Joe Lauzon","Curt Warburton",-325,255,"155","2011-06-26",6058
7123,"Rich Attonito","Daniel Roberts",-110,-120,"170","2011-06-26",6059
7124,"Nik Lentz","Charles Oliveira",140,-160,"155","2011-06-26",6060
7125,"Ricardo Lamas","Matt Grice",-175,150,"145","2011-06-26",6061
7128,"Kenny Florian","Diego Nunes",-250,195,"145","2011-06-11",6064
7129,"Mark Muñoz","Demian Maia",-150,125,"185","2011-06-11",6065
7131,"Donald Cerrone","Vagner Rocha",-800,500,"155","2011-06-11",6067
7132,"Sam Stout","Yves Edwards",-180,160,"155","2011-06-11",6068
7133,"Chris Weidman","Jesse Bongfeldt",-500,400,"185","2011-06-11",6069
7134,"Krzysztof Soszynski","Mike Massenzio",-350,280,"205","2011-06-11",6070
7135,"Nick Ring","James Head",-130,105,"185","2011-06-11",6071
7136,"Dustin Poirier","Jason Young",-350,280,"145","2011-06-11",6072
7137,"Joey Beltran","Aaron Rosa",115,-140,"265","2011-06-11",6073
7138,"Darren Elkins","Michihiro Omigawa",180,-220,"145","2011-06-11",6074
7139,"Tony Ferguson","Ramsey Nijem",-145,120,"170","2011-06-04",6075
7141,"Ed Herman","Tim Credeur",-130,110,"185","2011-06-04",6077
7142,"Kyle Kingsbury","Fábio Maldonado",-190,160,"205","2011-06-04",6078
7143,"Chris Cope","Chuck O'Neil",155,-175,"170","2011-06-04",6079
7144,"Jeremy Stephens","Danny Downes",-420,310,"155","2011-06-04",6080
7145,"George Roop","Josh Grispi",345,-440,"145","2011-06-04",6081
7146,"Shamar Bailey","Ryan McGillivray",-300,245,"170","2011-06-04",6082
7147,"Clay Harvison","Justin Edwards",175,-210,"170","2011-06-04",6083
7148,"Scott Jorgensen","Ken Stone",-480,380,"135","2011-06-04",6084
7151,"Frank Mir","Roy Nelson",-125,-105,"265","2011-05-28",6087
7152,"Travis Browne","Stefan Struve",-135,110,"265","2011-05-28",6088
7153,"Rick Story","Thiago Alves",195,-230,"170","2011-05-28",6089
7064,"Lance Benoist","Matthew Riddle",170,-205,"170","2011-09-17",5973
7055,"Júnior Assunção","Eddie Yagin",125,-150,"145","2011-09-24",5964
7097,"Constantinos Philippou","Jorge Rivera",120,-145,"185","2011-08-06",6033
7120,"Tyson Griffin","Manvel Gamburyan",-255,215,"145","2011-06-26",6056
7149,"Reuben Duran","Francisco Rivera",-235,190,"135","2011-06-04",6085
7068,"Robbie Peralta","Mike Lullo",-140,115,"145","2011-09-17",5977
7071,"Mauricio Rua","Forrest Griffin",-225,185,"205","2011-08-27",5980
7111,"Rafael Dos Anjos","George Sotiropoulos",190,-225,"155","2011-07-02",6047
7216,"Tiequan Zhang","Jason Reinhardt",-310,250,"145","2011-02-26",
7156,"Tim Boetsch","Kendall Grove",115,-140,"185","2011-05-28",6092
7158,"Michael McDonald","Chris Cariaso",-400,340,"135","2011-05-28",6094
7159,"Renan Barão","Cole Escovedo",-380,300,"135","2011-05-28",6095
7161,"José Aldo","Mark Hominick",-600,450,"145","2011-04-30",6097
7162,"Lyoto Machida","Randy Couture",-350,300,"205","2011-04-30",6098
7163,"Vladimir Matyushenko","Jason Brilz",105,-130,"205","2011-04-30",6099
7164,"Benson Henderson","Mark Bocek",-165,-135,"155","2011-04-30",6100
7165,"Rory MacDonald","Nate Diaz",-135,110,"170","2011-04-30",6101
7166,"Jake Ellenberger","Sean Pierson",-210,175,"170","2011-04-30",6102
7167,"Claude Patrick","Daniel Roberts",-130,110,"170","2011-04-30",6103
7169,"Jason MacDonald","Ryan Jensen",-110,-120,"185","2011-04-30",6105
7170,"John Makdessi","Kyle Watson",-180,155,"155","2011-04-30",6106
7171,"Pablo Garza","Yves Jabouin",145,-165,"145","2011-04-30",6107
7173,"Anthony Johnson","Dan Hardy",-175,155,"170","2011-03-26",6109
7174,"Amir Sadollah","DaMarques Johnson",-260,215,"170","2011-03-26",6110
7175,"Chan Sung Jung","Leonard Garcia",-125,-105,"145","2011-03-26",6111
7176,"Mike Russow","Jon Madsen",245,-300,"265","2011-03-26",6112
7177,"Mackens Semerzier","Alex Caceres",-230,195,"145","2011-03-26",6113
7178,"John Hathaway","Kris McCray",-400,320,"170","2011-03-26",6114
7180,"Christian Morecraft","Sean McCorkle",-235,190,"265","2011-03-26",6116
7181,"Johny Hendricks","TJ Waldburger",-380,290,"170","2011-03-26",6117
7182,"Aaron Simpson","Mario Miranda",-220,180,"185","2011-03-26",6118
7183,"Nik Lentz","Waylon Lowe",-195,165,"155","2011-03-26",6119
7160,"Georges St-Pierre","Jake Shields",-500,350,"170","2011-04-30",6096
7185,"Urijah Faber","Eddie Wineland",-410,300,"135","2011-03-19",6121
7186,"Jim Miller","Kamal Shalorus",-270,215,"155","2011-03-19",6122
7187,"Nate Marquardt","Dan Miller",-330,260,"185","2011-03-19",6123
7189,"Luiz Cané","Eliot Marshall",-190,160,"205","2011-03-19",6125
7190,"Edson Barboza","Anthony Njokuani",-280,225,"155","2011-03-19",6126
7191,"Mike Pyle","Ricardo Almeida",130,-155,"170","2011-03-19",6127
7192,"Gleison Tibau","Kurt Pellegrino",-155,125,"155","2011-03-19",6128
7193,"Joseph Benavidez","Ian Loveland",-450,330,"135","2011-03-19",6129
7195,"Erik Koch","Raphael Assunção",-165,135,"145","2011-03-19",6131
7196,"Diego Sanchez","Martin Kampmann",115,-135,"170","2011-03-03",6132
7198,"Chris Weidman","Alessio Sakara",-240,190,"185","2011-03-03",6134
7199,"Brian Bowles","Damacio Page",-300,240,"135","2011-03-03",6135
7200,"Cyrille Diabate","Steve Cantwell",120,-145,"205","2011-03-03",6136
7201,"Danny Castillo","Joe Stevenson",110,-135,"155","2011-03-03",6137
7202,"Shane Roller","Thiago Tavares",-130,105,"155","2011-03-03",6138
7204,"Dongi Yang","Rob Kimmons",-225,185,"185","2011-03-03",6140
7205,"Rousimar Palhares","David Branch",-170,140,"185","2011-03-03",6141
7206,"Igor Pokrajac","Todd Brown",-245,195,"205","2011-03-03",6142
7208,"Michael Bisping","Jorge Rivera",-290,240,"185","2011-02-26",6144
7209,"Dennis Siver","George Sotiropoulos",315,-400,"155","2011-02-26",6145
7210,"Brian Ebersole","Chris Lytle",265,-325,"170","2011-02-26",6146
7211,"Kyle Noke","Chris Camozzi",-215,175,"185","2011-02-26",6147
7212,"Ross Pearson","Spencer Fisher",-185,155,"155","2011-02-26",6148
7214,"Nick Ring","Riki Fukuda",-105,-125,"185","2011-02-26",6150
7215,"Anthony Perosh","Tom Blackledge",155,-185,"205","2011-02-26",6151
7217,"Mark Hunt","Chris Tuchscherer",215,-265,"265","2011-02-26",6153
7218,"Curt Warburton","Maciej Jewtuszko",135,-160,"155","2011-02-26",6154
7219,"Anderson Silva","Vitor Belfort",-220,185,"185","2011-02-05",6155
7220,"Forrest Griffin","Rich Franklin",115,-135,"205","2011-02-05",6156
7221,"Jon Jones","Ryan Bader",-295,250,"205","2011-02-05",6157
7222,"Jake Ellenberger","Carlos Eduardo Rocha",-290,240,"170","2011-02-05",6158
7223,"Miguel Torres","Antonio Banuelos",-360,295,"135","2011-02-05",6159
7224,"Donald Cerrone","Paul Kelly",-300,240,"155","2011-02-05",6160
7225,"Chad Mendes","Michihiro Omigawa",-360,290,"145","2011-02-05",6161
7226,"Demetrious Johnson","Norifumi Yamamoto",-105,-125,"135","2011-02-05",6162
7227,"Paul Taylor","Gabe Ruediger",-240,190,"155","2011-02-05",6163
7228,"Kyle Kingsbury","Ricardo Romero",105,-130,"205","2011-02-05",6164
7229,"Mike Pierce","Kenny Robertson",-250,200,"170","2011-02-05",6165
7230,"Melvin Guillard","Evan Dunham",195,-240,"155","2011-01-22",6166
7232,"Mark Hominick","George Roop",-260,220,"145","2011-01-22",6168
7233,"Pat Barry","Joey Beltran",-190,160,"265","2011-01-22",6169
7234,"Matt Wiman","Cole Miller",125,-150,"155","2011-01-22",6170
7235,"Yves Edwards","Cody McKenzie",-325,250,"155","2011-01-22",6171
7236,"DaMarques Johnson","Mike Guymon",-135,110,"170","2011-01-22",6172
7237,"Rani Yahya","Mike Brown",280,-350,"145","2011-01-22",6173
7238,"Waylon Lowe","Willamy Freire",-110,-120,"155","2011-01-22",6174
7239,"Charlie Brenneman","Amilcar Alves",-225,180,"170","2011-01-22",6175
7240,"Chris Cariaso","Will Campuzano",-115,-115,"135","2011-01-22",6176
7241,"Frankie Edgar","Gray Maynard",125,-150,"155","2011-01-01",6177
7243,"Brandon Vera","Thiago Silva",125,-145,"205","2011-01-01",6179
7244,"Dong Hyun Kim","Nate Diaz",-130,110,"170","2011-01-01",6180
7245,"Clay Guida","Takanori Gomi",-145,120,"155","2011-01-01",6181
7246,"Jeremy Stephens","Marcus Davis",-290,235,"155","2011-01-01",6182
7247,"Dustin Poirier","Josh Grispi",250,-310,"145","2011-01-01",6183
7248,"Brad Tavares","Phil Baroni",-285,235,"185","2011-01-01",6184
7249,"Diego Nunes","Mike Brown",190,-240,"145","2011-01-01",6185
7250,"Daniel Roberts","Greg Soto",-120,-110,"170","2011-01-01",6186
7253,"Stefan Struve","Sean McCorkle",-130,105,"265","2010-12-11",6189
7254,"Jim Miller","Charles Oliveira",140,-155,"155","2010-12-11",6190
7172,"Phil Davis","Rogerio Nogueira",-300,240,"205","2011-03-26",6108
7155,"Demetrious Johnson","Miguel Torres",110,-130,"135","2011-05-28",6091
7197,"Mark Muñoz","CB Dollaway",-190,160,"185","2011-03-03",6133
7194,"Nick Catone","Constantinos Philippou",-205,170,"195","2011-03-19",6130
7184,"Jon Jones","Mauricio Rua",-210,170,"205","2011-03-19",6120
7283,"Paul Kelly","T.J. O'Brien",-190,160,"155","2010-11-20",
7257,"Dan Miller","Joe Doerksen",-270,215,"185","2010-12-11",6193
7258,"Mark Bocek","Dustin Hazelett",-155,125,"155","2010-12-11",6194
7259,"Rafael Natal","Jesse Bongfeldt",-165,135,"185","2010-12-11",6195
7261,"Ricardo Almeida","TJ Grant",-155,130,"170","2010-12-11",6197
7264,"Stephan Bonnar","Igor Pokrajac",-250,200,"205","2010-12-04",6200
7265,"Demian Maia","Kendall Grove",-320,260,"185","2010-12-04",6201
7266,"Rick Story","Johny Hendricks",175,-210,"170","2010-12-04",6202
7267,"Leonard Garcia","Nam Phan",-180,150,"145","2010-12-04",6203
7268,"Cody McKenzie","Aaron Wilkinson",-120,-110,"155","2010-12-04",6204
7269,"Ian Loveland","Tyler Toner",220,-270,"145","2010-12-04",6205
7270,"Kyle Watson","Sako Chivitchian",-180,150,"155","2010-12-04",6206
7271,"Nick Pace","Will Campuzano",110,-130,"138","2010-12-04",6207
7273,"David Branch","Rich Attonito",-160,140,"185","2010-12-04",6209
7274,"Quinton Jackson","Lyoto Machida",190,-240,"205","2010-11-20",6210
7275,"BJ Penn","Matt Hughes",-220,180,"170","2010-11-20",6211
7276,"Maiquel Falcão","Gerald Harris",220,-270,"185","2010-11-20",6212
7277,"Phil Davis","Tim Boetsch",-550,415,"205","2010-11-20",6213
7278,"George Sotiropoulos","Joe Lauzon",-230,190,"155","2010-11-20",6214
7279,"Brian Foster","Matt Brown",-140,115,"170","2010-11-20",6215
7280,"Mark Muñoz","Aaron Simpson",-130,110,"185","2010-11-20",6216
7281,"Dennis Hallman","Karo Parisyan",135,-160,"170","2010-11-20",6217
7282,"Edson Barboza","Mike Lullo",-475,350,"155","2010-11-20",6218
7285,"Yushin Okami","Nate Marquardt",175,-215,"185","2010-11-13",6221
7286,"Dennis Siver","Andre Winner",-120,-105,"155","2010-11-13",6222
7287,"Amir Sadollah","Peter Sobotta",-310,245,"170","2010-11-13",6223
7288,"Krzysztof Soszynski","Goran Reljić",-115,-115,"205","2010-11-13",6224
7289,"Duane Ludwig","Nick Osipczak",275,-340,"170","2010-11-13",6225
7290,"Vladimir Matyushenko","Alexandre Ferreira",-250,190,"205","2010-11-13",6226
7291,"Pascal Krauss","Mark Scanlon",-245,195,"170","2010-11-13",6227
7292,"Kyle Noke","Rob Kimmons",-240,190,"185","2010-11-13",6228
7293,"Karlos Vémola","Seth Petruzelli",-120,-110,"205","2010-11-13",6229
7295,"Cain Velasquez","Brock Lesnar",160,-180,"265","2010-10-23",6231
7296,"Jake Shields","Martin Kampmann",-180,155,"170","2010-10-23",6232
7297,"Diego Sanchez","Paulo Thiago",120,-140,"170","2010-10-23",6233
7298,"Matt Hamill","Tito Ortiz",-175,145,"205","2010-10-23",6234
7299,"Brendan Schaub","Gabriel Gonzaga",125,-150,"265","2010-10-23",6235
7300,"Court McGee","Ryan Jensen",-235,185,"185","2010-10-23",6236
7301,"Tom Lawlor","Patrick Cote",155,-185,"185","2010-10-23",6237
7302,"Daniel Roberts","Mike Guymon",-145,120,"170","2010-10-23",6238
7303,"Sam Stout","Paul Taylor",-210,170,"155","2010-10-23",6239
7304,"Chris Camozzi","Dongi Yang",-110,-120,"185","2010-10-23",6240
7306,"Michael Bisping","Yoshihiro Akiyama",-210,175,"185","2010-10-16",6242
7307,"Carlos Condit","Dan Hardy",155,-175,"170","2010-10-16",6243
7308,"Mike Pyle","John Hathaway",400,-500,"170","2010-10-16",6244
7309,"Cheick Kongo","Travis Browne",-190,160,"265","2010-10-16",6245
7310,"Claude Patrick","James Wilks",-175,145,"170","2010-10-16",6246
7311,"Alexander Gustafsson","Cyrille Diabate",-140,115,"205","2010-10-16",6247
7312,"Rob Broughton","Vinicius Queiroz",140,-170,"265","2010-10-16",6248
7313,"Paul Sass","Mark Holst",-200,165,"155","2010-10-16",6249
7314,"Spencer Fisher","Curt Warburton",-220,180,"155","2010-10-16",6250
7316,"Frank Mir","Mirko Filipović",-225,185,"265","2010-09-25",6252
7318,"Chris Lytle","Matt Serra",-140,120,"170","2010-09-25",6254
7319,"Sean Sherk","Evan Dunham",155,-185,"155","2010-09-25",6255
7320,"Melvin Guillard","Jeremy Stephens",-120,-110,"155","2010-09-25",6256
7322,"Matt Mitrione","Joey Beltran",-190,165,"265","2010-09-25",6258
7323,"Thiago Tavares","Pat Audinwood",-300,240,"155","2010-09-25",6259
7324,"Waylon Lowe","Steve Lopez",-170,140,"155","2010-09-25",6260
7325,"TJ Grant","Julio Paulino",-210,170,"170","2010-09-25",6261
7326,"Sean McCorkle","Mark Hunt",160,-195,"265","2010-09-25",6262
7328,"Charles Oliveira","Efrain Escudero",130,-155,"159","2010-09-15",6264
7329,"Jim Miller","Gleison Tibau",-135,110,"155","2010-09-15",6265
7330,"Cole Miller","Ross Pearson",185,-215,"155","2010-09-15",6266
7331,"Yves Edwards","John Gunderson",105,-130,"155","2010-09-15",6267
7332,"Kyle Kingsbury","Jared Hamman",155,-180,"205","2010-09-15",6268
7333,"David Branch","Tomasz Drwal",140,-165,"185","2010-09-15",6269
7334,"Rich Attonito","Rafael Natal",160,-190,"185","2010-09-15",6270
7335,"TJ Waldburger","David Mitchell",145,-170,"170","2010-09-15",6271
7336,"Brian Foster","Forrest Petz",-265,215,"170","2010-09-15",6272
7337,"Frankie Edgar","BJ Penn",240,-290,"155","2010-08-28",6273
7339,"Demian Maia","Mario Miranda",-220,190,"185","2010-08-28",6275
7340,"Gray Maynard","Kenny Florian",130,-150,"155","2010-08-28",6276
7341,"Nate Diaz","Marcus Davis",-220,175,"170","2010-08-28",6277
7342,"Joe Lauzon","Gabe Ruediger",-375,290,"155","2010-08-28",6278
7343,"Nik Lentz","Andre Winner",105,-125,"155","2010-08-28",6279
7344,"Dan Miller","John Salter",-240,190,"185","2010-08-28",6280
7345,"Greg Soto","Nick Osipczak",170,-205,"170","2010-08-28",6281
7347,"Anderson Silva","Chael Sonnen",-475,350,"185","2010-08-07",6283
7348,"Jon Fitch","Thiago Alves",105,-125,"170","2010-08-07",6284
7350,"Matt Hughes","Ricardo Almeida",160,-200,"170","2010-08-07",6286
7352,"Rick Story","Dustin Hazelett",130,-150,"170","2010-08-07",6288
7353,"Phil Davis","Rodney Wallace",-900,600,"205","2010-08-07",6289
7354,"Johny Hendricks","Charlie Brenneman",-425,325,"170","2010-08-07",6290
7355,"Tim Boetsch","Todd Brown",-400,300,"205","2010-08-07",6291
7260,"Sean Pierson","Matthew Riddle",210,-265,"170","2010-12-11",6196
7351,"Junior Dos Santos","Roy Nelson",-350,280,"265","2010-08-07",6287
7256,"Thiago Alves","John Howard",-320,260,"170","2010-12-11",6192
7349,"Clay Guida","Rafael Dos Anjos",110,-130,"155","2010-08-07",6285
7317,"Ryan Bader","Rogerio Nogueira",-180,155,"205","2010-09-25",6253
7321,"CB Dollaway","Joe Doerksen",-270,220,"185","2010-09-25",6257
7414,"Matt Mitrione","Kimbo Slice",-120,-110,"265","2010-05-08",
7431,"Jon Madsen","Mostapha Al Turk",-279,213,"265","2010-04-10",
7359,"Yushin Okami","Mark Muñoz",-200,175,"185","2010-08-01",6295
7360,"Jake Ellenberger","John Howard",-200,175,"170","2010-08-01",6296
7361,"Takanori Gomi","Tyson Griffin",260,-320,"155","2010-08-01",6297
7362,"Jacob Volkmann","Paul Kelly",-120,-105,"155","2010-08-01",6298
7364,"Igor Pokrajac","James Irvin",140,-170,"205","2010-08-01",6300
7365,"Brian Stann","Mike Massenzio",160,-200,"185","2010-08-01",6301
7366,"Charles Oliveira","Darren Elkins",-260,220,"155","2010-08-01",6302
7367,"Rob Kimmons","Steve Steinbeiss",-200,165,"185","2010-08-01",6303
7368,"Brock Lesnar","Shane Carwin",-155,120,"265","2010-07-03",6304
7369,"Chris Leben","Yoshihiro Akiyama",180,-210,"185","2010-07-03",6305
7371,"Stephan Bonnar","Krzysztof Soszynski",185,-220,"205","2010-07-03",6307
7372,"George Sotiropoulos","Kurt Pellegrino",-175,145,"155","2010-07-03",6308
7373,"Brendan Schaub","Chris Tuchscherer",-280,230,"265","2010-07-03",6309
7374,"Ricardo Romero","Seth Petruzelli",-185,155,"205","2010-07-03",6310
7375,"Kendall Grove","Goran Reljić",120,-140,"185","2010-07-03",6311
7376,"Gerald Harris","David Branch",-245,205,"185","2010-07-03",6312
7377,"Daniel Roberts","Forrest Petz",-195,170,"170","2010-07-03",6313
7378,"Jon Madsen","Karlos Vémola",130,-155,"265","2010-07-03",6314
7379,"Court McGee","Kris McCray",-210,180,"185","2010-06-19",6315
7380,"Matt Hamill","Keith Jardine",-150,130,"205","2010-06-19",6316
7382,"Dennis Siver","Spencer Fisher",160,-195,"155","2010-06-19",6318
7383,"Rich Attonito","Jamie Yager",-130,110,"185","2010-06-19",6319
7384,"John Gunderson","Mark Holst",-195,160,"155","2010-06-19",6320
7385,"Brad Tavares","Seth Baczynski",-240,200,"185","2010-06-19",6321
7386,"Kyle Noke","Josh Bryant",-180,145,"185","2010-06-19",6322
7387,"Chris Camozzi","James Hammortree",-145,120,"185","2010-06-19",6323
7388,"Travis Browne","James McSweeney",-200,165,"265","2010-06-19",6324
7389,"Rich Franklin","Chuck Liddell",110,-120,"205","2010-06-12",6325
7390,"Mirko Filipović","Pat Barry",150,-170,"265","2010-06-12",6326
7391,"Martin Kampmann","Paulo Thiago",205,-245,"170","2010-06-12",6327
7393,"Carlos Condit","Rory MacDonald",105,-125,"170","2010-06-12",6329
7394,"Evan Dunham","Tyson Griffin",170,-205,"155","2010-06-12",6330
7395,"Matt Wiman","Mac Danzig",-105,-115,"155","2010-06-12",6331
7396,"Mario Miranda","David Loiseau",-235,195,"185","2010-06-12",6332
7397,"James Wilks","Peter Sobotta",-385,280,"170","2010-06-12",6333
7398,"Claude Patrick","Ricardo Funch",-295,220,"170","2010-06-12",6334
7399,"Mike Pyle","Jesse Lennox",105,-125,"170","2010-06-12",6335
7400,"Rashad Evans","Quinton Jackson",-105,-105,"205","2010-05-29",6336
7401,"Michael Bisping","Dan Miller",-170,145,"185","2010-05-29",6337
7402,"Mike Russow","Todd Duffee",270,-325,"265","2010-05-29",6338
7405,"Dong Hyun Kim","Amir Sadollah",120,-145,"170","2010-05-29",6341
7406,"Efrain Escudero","Dan Lauzon",-515,390,"155","2010-05-29",6342
7407,"Melvin Guillard","Waylon Lowe",-295,250,"155","2010-05-29",6343
7408,"Cyrille Diabate","Luiz Cané",305,-430,"205","2010-05-29",6344
7409,"Aaron Riley","Joe Brammer",-185,160,"155","2010-05-29",6345
7410,"Ryan Jensen","Jesse Forbes",115,-130,"185","2010-05-29",6346
7443,"Georges St-Pierre","Dan Hardy",-600,450,"170","2010-03-27",6379
7412,"Josh Koscheck","Paul Daley",-263,237,"170","2010-05-08",6348
7413,"Jeremy Stephens","Sam Stout",178,-218,"155","2010-05-08",6349
7415,"Alan Belcher","Patrick Cote",-111,-113,"185","2010-05-08",6351
7417,"Marcus Davis","Jonathan Goulet",-518,368,"170","2010-05-08",6353
7418,"Johny Hendricks","TJ Grant",-500,373,"170","2010-05-08",6354
7419,"Joey Beltran","Tim Hague",187,-227,"265","2010-05-08",6355
7420,"Mike Guymon","Yoshiyuki Yoshida",240,-278,"170","2010-05-08",6356
7421,"John Salter","Jason MacDonald",156,-180,"185","2010-05-08",6357
7422,"Anderson Silva","Demian Maia",-875,525,"185","2010-04-10",6358
7423,"Frankie Edgar","BJ Penn",588,-900,"155","2010-04-10",6359
7424,"Matt Hughes","Renzo Gracie",-408,318,"170","2010-04-10",6360
7426,"Mark Muñoz","Kendall Grove",-163,150,"185","2010-04-10",6362
7428,"Rick Story","Nick Osipczak",-168,144,"170","2010-04-10",6364
7429,"DaMarques Johnson","Brad Blackburn",144,-160,"170","2010-04-10",6365
7430,"Paul Kelly","Matt Veach",240,-300,"170","2010-04-10",6366
7432,"Kenny Florian","Takanori Gomi",-338,286,"155","2010-03-31",6368
7433,"Roy Nelson","Stefan Struve",-423,303,"265","2010-03-31",6369
7434,"Jorge Rivera","Nate Quarry",210,-260,"185","2010-03-31",6370
7435,"Ross Pearson","Dennis Siver",-237,196,"155","2010-03-31",6371
7436,"Andre Winner","Rafaello Oliveira",-225,183,"155","2010-03-31",6372
7437,"Jacob Volkmann","Ronys Torres",185,-235,"155","2010-03-31",6373
7438,"Nik Lentz","Rob Emerson",-145,131,"155","2010-03-31",6374
7440,"Yushin Okami","Lucio Linhares",-600,400,"185","2010-03-31",6376
7441,"Gerald Harris","Mario Miranda",-145,120,"185","2010-03-31",6377
7442,"Charlie Brenneman","Jason High",174,-224,"170","2010-03-31",6378
7444,"Shane Carwin","Frank Mir",145,-158,"265","2010-03-27",6380
7445,"Kurt Pellegrino","Fabrício Camões",-206,185,"155","2010-03-27",6381
7446,"Jon Fitch","Ben Saunders",-360,280,"170","2010-03-27",6382
7447,"Jim Miller","Mark Bocek",-423,320,"155","2010-03-27",6383
7448,"Nate Diaz","Rory Markham",-263,220,"177","2010-03-27",6384
7449,"Ricardo Almeida","Matt Brown",-181,146,"170","2010-03-27",6385
7451,"Jared Hamman","Rodney Wallace",130,-153,"205","2010-03-27",6387
7453,"Jon Jones","Brandon Vera",-239,201,"205","2010-03-21",6389
7455,"Cheick Kongo","Paul Buentello",-461,308,"265","2010-03-21",6391
7456,"Alessio Sakara","James Irvin",113,-134,"185","2010-03-21",6392
7403,"Rogerio Nogueira","Jason Brilz",-660,470,"205","2010-05-29",6339
7357,"Dennis Hallman","Ben Saunders",230,-290,"170","2010-08-07",6293
7363,"Matthew Riddle","DaMarques Johnson",-220,180,"170","2010-08-01",6299
7454,"Junior Dos Santos","Gabriel Gonzaga",-290,238,"265","2010-03-21",6390
7411,"Mauricio Rua","Lyoto Machida",166,-195,"205","2010-05-08",6347
7425,"Rafael Dos Anjos","Terry Etim",130,-156,"155","2010-04-10",6361
7518,"Kimbo Slice","Houston Alexander",172,-201,"215","2009-12-05",
7546,"Andre Winner","Roli Delgado",-417,273,"155","2009-11-14",
7459,"Darren Elkins","Duane Ludwig",141,-164,"155","2010-03-21",6395
7460,"John Howard","Daniel Roberts",-230,180,"170","2010-03-21",6396
7461,"Brendan Schaub","Chase Gormley",-233,183,"265","2010-03-21",6397
7462,"Mike Pierce","Julio Paulino",-420,325,"170","2010-03-21",6398
7465,"Wanderlei Silva","Michael Bisping",-208,173,"185","2010-02-20",6401
7466,"George Sotiropoulos","Joe Stevenson",211,-251,"155","2010-02-20",6402
7467,"Ryan Bader","Keith Jardine",-153,132,"205","2010-02-20",6403
7468,"Mirko Filipović","Anthony Perosh",-575,425,"265","2010-02-20",6404
7469,"Krzysztof Soszynski","Stephan Bonnar",-202,169,"205","2010-02-20",6405
7470,"Chris Lytle","Brian Foster",-135,115,"170","2010-02-20",6406
7473,"Randy Couture","Mark Coleman",-363,275,"205","2010-02-06",6409
7474,"Chael Sonnen","Nate Marquardt",360,-438,"185","2010-02-06",6410
7475,"Paulo Thiago","Mike Swick",170,-187,"170","2010-02-06",6411
7476,"Demian Maia","Dan Miller",-386,258,"185","2010-02-06",6412
7477,"Matt Serra","Frank Trigg",-178,143,"170","2010-02-06",6413
7478,"Mac Danzig","Justin Buchholz",-390,273,"155","2010-02-06",6414
7479,"Melvin Guillard","Ronys Torres",107,-127,"155","2010-02-06",6415
7480,"Rob Emerson","Phillipe Nover",-118,-103,"155","2010-02-06",6416
7481,"Phil Davis","Brian Stann",-265,215,"205","2010-02-06",6417
7482,"Chris Tuchscherer","Tim Hague",-224,174,"265","2010-02-06",6418
7483,"Joey Beltran","Rolles Gracie",633,-730,"265","2010-02-06",6419
7485,"Evan Dunham","Efrain Escudero",209,-248,"155","2010-01-11",6421
7486,"Aaron Simpson","Tom Lawlor",-295,238,"185","2010-01-11",6422
7487,"Amir Sadollah","Brad Blackburn",-156,134,"170","2010-01-11",6423
7488,"Chris Leben","Jay Silva",-168,138,"185","2010-01-11",6424
7489,"Rick Story","Jesse Lennox",-276,216,"170","2010-01-11",6425
7490,"Nik Lentz","Thiago Tavares",185,-238,"155","2010-01-11",6426
7491,"Rory MacDonald","Mike Guymon",-213,173,"170","2010-01-11",6427
7493,"Gerald Harris","John Salter",-280,220,"185","2010-01-11",6429
7494,"Nick Catone","Jesse Forbes",-205,165,"185","2010-01-11",6430
7496,"Paul Daley","Dustin Hazelett",-102,-119,"172","2010-01-02",6432
7497,"Sam Stout","Joe Lauzon",240,-298,"155","2010-01-02",6433
7498,"Jim Miller","Duane Ludwig",-430,369,"155","2010-01-02",6434
7500,"Martin Kampmann","Jacob Volkmann",-285,223,"170","2010-01-02",6436
7501,"Cole Miller","Dan Lauzon",-160,130,"155","2010-01-02",6437
7502,"Mark Muñoz","Ryan Jensen",-373,283,"185","2010-01-02",6438
7503,"Jake Ellenberger","Mike Pyle",-148,118,"170","2010-01-02",6439
7505,"BJ Penn","Diego Sanchez",-268,225,"155","2009-12-12",6441
7506,"Frank Mir","Cheick Kongo",-192,164,"265","2009-12-12",6442
7507,"Jon Fitch","Mike Pierce",-508,385,"170","2009-12-12",6443
7508,"Kenny Florian","Clay Guida",-188,172,"155","2009-12-12",6444
7509,"Stefan Struve","Paul Buentello",-132,111,"265","2009-12-12",6445
7510,"Alan Belcher","Wilson Gouveia",-113,-118,"195","2009-12-12",6446
7511,"Matt Wiman","Shane Nelson",-338,265,"155","2009-12-12",6447
7512,"Johny Hendricks","Ricardo Funch",-450,313,"170","2009-12-12",6448
7513,"Rousimar Palhares","Lucio Linhares",-365,278,"185","2009-12-12",6449
7514,"DaMarques Johnson","Edgar Garcia",200,-250,"170","2009-12-12",6450
7515,"TJ Grant","Kevin Burns",-130,-100,"170","2009-12-12",6451
7516,"Roy Nelson","Brendan Schaub",-165,138,"265","2009-12-05",6452
7519,"Frankie Edgar","Matt Veach",-600,463,"155","2009-12-05",6455
7520,"Matt Mitrione","Marcus Jones",260,-301,"265","2009-12-05",6456
7521,"James McSweeney","Darrill Schoonover",-115,-110,"265","2009-12-05",6457
7522,"Jon Madsen","Justin Wren",283,-363,"265","2009-12-05",6458
7523,"Brian Stann","Rodney Wallace",-105,-125,"205","2009-12-05",6459
7524,"John Howard","Dennis Hallman",-260,205,"170","2009-12-05",6460
7525,"Mark Bocek","Joe Brammer",-488,375,"155","2009-12-05",6461
7526,"Forrest Griffin","Tito Ortiz",-129,108,"205","2009-11-21",6462
7527,"Josh Koscheck","Anthony Johnson",103,-129,"170","2009-11-21",6463
7528,"Paulo Thiago","Jacob Volkmann",-190,160,"170","2009-11-21",6464
7531,"Ben Saunders","Marcus Davis",210,-230,"170","2009-11-21",6467
7532,"Kendall Grove","Jake Rosholt",156,-176,"185","2009-11-21",6468
7533,"Brian Foster","Brock Larson",388,-563,"170","2009-11-21",6469
7534,"Caol Uno","Fabrício Camões",-165,140,"155","2009-11-21",6470
7535,"George Sotiropoulos","Jason Dent",-673,453,"155","2009-11-21",6471
7536,"Randy Couture","Brandon Vera",117,-140,"205","2009-11-14",6472
7537,"Dan Hardy","Mike Swick",223,-290,"170","2009-11-14",6473
7538,"Michael Bisping","Denis Kang",103,-123,"185","2009-11-14",6474
7539,"Matt Brown","James Wilks",-153,137,"170","2009-11-14",6475
7540,"Ross Pearson","Aaron Riley",165,-191,"155","2009-11-14",6476
7541,"John Hathaway","Paul Taylor",-263,203,"170","2009-11-14",6477
7542,"Terry Etim","Shannon Gugerty",-385,305,"155","2009-11-14",6478
7544,"Dennis Siver","Paul Kelly",275,-400,"155","2009-11-14",6480
7545,"Alexander Gustafsson","Jared Hamman",118,-148,"205","2009-11-14",6481
7529,"Rogerio Nogueira","Luiz Cané",-118,-108,"205","2009-11-21",6465
7548,"Cain Velasquez","Ben Rothwell",-308,253,"265","2009-10-24",6484
7549,"Gleison Tibau","Josh Neer",-121,101,"157","2009-10-24",6485
7551,"Anthony Johnson","Yoshiyuki Yoshida",-328,292,"176","2009-10-24",6487
7552,"Ryan Bader","Eric Schafer",-400,323,"205","2009-10-24",6488
7553,"Pat Barry","Antoni Hardonk",132,-162,"265","2009-10-24",6489
7554,"Chael Sonnen","Yushin Okami",228,-276,"185","2009-10-24",6490
7555,"Jorge Rivera","Rob Kimmons",143,-175,"185","2009-10-24",6491
7556,"Kyle Kingsbury","Razak Al-Hassan",-128,-103,"205","2009-10-24",6492
7543,"Nick Osipczak","Matthew Riddle",248,-308,"170","2009-11-14",6479
7458,"Vladimir Matyushenko","Eliot Marshall",-183,155,"205","2010-03-21",6394
7499,"Junior Dos Santos","Gilbert Yvel",-311,262,"265","2010-01-02",6435
7547,"Lyoto Machida","Mauricio Rua",-428,353,"205","2009-10-24",6483
7492,"Rafael Dos Anjos","Kyle Bradley",-383,293,"155","2010-01-11",6428
7471,"CB Dollaway","Goran Reljić",178,-208,"185","2010-02-20",6407
7626,"Mirko Filipović","Mostapha Al Turk",-409,290,"265","2009-06-13",
7633,"Paul Kelly","Roli Delgado",-405,315,"155","2009-06-13",
7646,"George Roop","Dave Kaplan",-166,146,"155","2009-05-23",
7560,"Paul Daley","Martin Kampmann",293,-408,"170","2009-09-19",6496
7561,"Josh Koscheck","Frank Trigg",-420,352,"170","2009-09-19",6497
7563,"Efrain Escudero","Cole Miller",-130,105,"155","2009-09-19",6499
7564,"Tomasz Drwal","Drew McFedries",-122,101,"185","2009-09-19",6500
7565,"Jim Miller","Steve Lopez",-511,381,"155","2009-09-19",6501
7566,"Nik Lentz","Rafaello Oliveira",231,-265,"155","2009-09-19",6502
7567,"Rick Story","Brian Foster",-132,110,"170","2009-09-19",6503
7568,"Eliot Marshall","Jason Brilz",118,-143,"205","2009-09-19",6504
7569,"Vladimir Matyushenko","Igor Pokrajac",-290,242,"205","2009-09-19",6505
7571,"Nate Diaz","Melvin Guillard",-238,203,"155","2009-09-16",6507
7572,"Gray Maynard","Roger Huerta",-303,243,"155","2009-09-16",6508
7574,"Nate Quarry","Tim Credeur",-258,233,"185","2009-09-16",6510
7575,"Brian Stann","Steve Cantwell",255,-310,"205","2009-09-16",6511
7576,"Mike Pyle","Chris Wilson",-130,104,"170","2009-09-16",6512
7578,"Jeremy Stephens","Justin Buchholz",-250,211,"155","2009-09-16",6514
7579,"Mike Pierce","Brock Larson",423,-500,"170","2009-09-16",6515
7580,"Ryan Jensen","Steve Steinbeiss",-163,133,"185","2009-09-16",6516
7581,"Antônio Rodrigo Nogueira","Randy Couture",153,-198,"265","2009-08-29",6517
7582,"Thiago Silva","Keith Jardine",120,-140,"205","2009-08-29",6518
7583,"Jake Rosholt","Chris Leben",116,-136,"185","2009-08-29",6519
7585,"Brandon Vera","Krzysztof Soszynski",-215,194,"205","2009-08-29",6521
7586,"Aaron Simpson","Ed Herman",-119,-103,"185","2009-08-29",6522
7587,"Gabriel Gonzaga","Chris Tuchscherer",-433,293,"265","2009-08-29",6523
7588,"Mike Russow","Justin McCully",-310,248,"265","2009-08-29",6524
7589,"Todd Duffee","Tim Hague",-228,183,"265","2009-08-29",6525
7590,"Mark Muñoz","Nick Catone",-231,193,"185","2009-08-29",6526
7591,"Evan Dunham","Marcus Aurelio",140,-165,"155","2009-08-29",6527
7592,"BJ Penn","Kenny Florian",-255,205,"155","2009-08-08",6528
7593,"Anderson Silva","Forrest Griffin",-308,263,"205","2009-08-08",6529
7594,"Aaron Riley","Shane Nelson",-163,133,"155","2009-08-08",6530
7596,"Ricardo Almeida","Kendall Grove",-160,137,"185","2009-08-08",6532
7597,"Kurt Pellegrino","Josh Neer",185,-215,"155","2009-08-08",6533
7598,"John Howard","Tamdan McCrory",166,-191,"170","2009-08-08",6534
7599,"Alessio Sakara","Thales Leites",295,-345,"185","2009-08-08",6535
7601,"George Sotiropoulos","George Roop",-478,385,"155","2009-08-08",6537
7602,"Jesse Lennox","Danillo Villefort",176,-207,"170","2009-08-08",6538
7603,"Jon Fitch","Paulo Thiago",-525,385,"170","2009-07-11",6539
7604,"Brock Lesnar","Frank Mir",-225,185,"265","2009-07-11",6540
7607,"Yoshihiro Akiyama","Alan Belcher",-245,190,"185","2009-07-11",6543
7608,"Mark Coleman","Stephan Bonnar",302,-380,"205","2009-07-11",6544
7609,"Jim Miller","Mac Danzig",-180,157,"155","2009-07-11",6545
7610,"Jon Jones","Jake O'Brien",-445,305,"205","2009-07-11",6546
7611,"Dong Hyun Kim","TJ Grant",-228,188,"170","2009-07-11",6547
7613,"Shannon Gugerty","Matt Grice",-138,113,"155","2009-07-11",6549
7614,"Diego Sanchez","Clay Guida",-347,260,"155","2009-06-20",6550
7615,"James Wilks","DaMarques Johnson",261,-335,"170","2009-06-20",6551
7616,"Chris Lytle","Kevin Burns",-263,208,"170","2009-06-20",6552
7617,"Ross Pearson","Andre Winner",198,-238,"155","2009-06-20",6553
7619,"Melvin Guillard","Gleison Tibau",220,-265,"155","2009-06-20",6555
7620,"Brad Blackburn","Edgar Garcia",-135,118,"170","2009-06-20",6556
7621,"Tomasz Drwal","Mike Ciesnolevicz",108,-129,"208","2009-06-20",6557
7622,"Nick Osipczak","Frank Lester",-250,205,"170","2009-06-20",6558
7623,"Jason Dent","Cameron Dollar",-225,185,"155","2009-06-20",6559
7624,"Rich Franklin","Wanderlei Silva",-156,132,"195","2009-06-13",6560
7625,"Cain Velasquez","Cheick Kongo",-190,161,"265","2009-06-13",6561
7627,"Mike Swick","Ben Saunders",-217,178,"170","2009-06-13",6563
7628,"Spencer Fisher","Caol Uno",-190,161,"155","2009-06-13",6564
7630,"Terry Etim","Justin Buchholz",-400,270,"155","2009-06-13",6566
7631,"Dennis Siver","Dale Hartt",-178,150,"155","2009-06-13",6567
7632,"Paul Taylor","Peter Sobotta",-338,233,"170","2009-06-13",6568
7634,"Stefan Struve","Denis Stojnić",-175,140,"265","2009-06-13",6570
7635,"John Hathaway","Rick Story",-153,128,"170","2009-06-13",6571
7636,"Lyoto Machida","Rashad Evans",-201,176,"205","2009-05-23",6572
7637,"Matt Hughes","Matt Serra",-253,218,"170","2009-05-23",6573
7639,"Chael Sonnen","Dan Miller",180,-230,"185","2009-05-23",6575
7641,"Brock Larson","Mike Pyle",-475,325,"170","2009-05-23",6577
7643,"Kyle Bradley","Phillipe Nover",326,-386,"155","2009-05-23",6579
7644,"Krzysztof Soszynski","Andre Gusmao",118,-143,"205","2009-05-23",6580
7645,"Yoshiyuki Yoshida","Brandon Wolff",-421,361,"170","2009-05-23",6581
7647,"Anderson Silva","Thales Leites",-533,458,"185","2009-04-18",6583
7648,"Sam Stout","Matt Wiman",105,-135,"155","2009-04-18",6584
7605,"Georges St-Pierre","Thiago Alves",-248,215,"170","2009-07-11",6541
7650,"Krzysztof Soszynski","Brian Stann",-154,134,"205","2009-04-18",6586
7651,"Cheick Kongo","Antoni Hardonk",-310,245,"265","2009-04-18",6587
7654,"Nate Quarry","Jason MacDonald",110,-138,"185","2009-04-18",6590
7655,"Ed Herman","David Loiseau",-103,-134,"185","2009-04-18",6591
7656,"Mark Bocek","David Bielkheden",-270,215,"155","2009-04-18",6592
7657,"TJ Grant","Ryo Chonan",153,-188,"170","2009-04-18",6593
7658,"Eliot Marshall","Vinny Magalhães",118,-143,"205","2009-04-18",6594
7638,"Drew McFedries","Xavier Foupa-Pokam",165,-190,"185","2009-05-23",6574
7558,"Vitor Belfort","Rich Franklin",106,-128,"195","2009-09-19",6494
7653,"Denis Kang","Xavier Foupa-Pokam",-333,253,"185","2009-04-18",6589
7612,"Tom Lawlor","CB Dollaway",235,-295,"185","2009-07-11",6548
7600,"Matthew Riddle","Dan Cramer",-228,188,"170","2009-08-08",6536
7649,"Mauricio Rua","Chuck Liddell",148,-168,"205","2009-04-18",6585
7570,"Rafael Dos Anjos","Rob Emerson",-140,123,"155","2009-09-19",6506
7577,"CB Dollaway","Jay Silva",-348,275,"185","2009-09-16",6513
7678,"Brandon Vera","Mike Patt",-528,413,"205","2009-03-07",
7724,"Cheick Kongo","Mostapha Al Turk",-325,260,"265","2008-12-27",
7734,"Junie Browning","Dave Kaplan",-288,228,"155","2008-12-13",
7739,"Roli Delgado","John Polakowski",109,-129,"155","2008-12-13",
7662,"Cole Miller","Junie Browning",-158,128,"155","2009-04-01",6598
7663,"Gleison Tibau","Jeremy Stephens",-170,155,"158","2009-04-01",6599
7665,"Brock Larson","Jesse Sanders",-538,443,"170","2009-04-01",6601
7666,"Tim Credeur","Nick Catone",-108,-123,"185","2009-04-01",6602
7667,"Jorge Rivera","Nissen Osterneck",-163,143,"185","2009-04-01",6603
7668,"Rob Kimmons","Joe Vedepo",-250,215,"185","2009-04-01",6604
7669,"Aaron Simpson","Tim McKenzie",-203,168,"185","2009-04-01",6605
7670,"Quinton Jackson","Keith Jardine",-313,253,"205","2009-03-07",6606
7671,"Shane Carwin","Gabriel Gonzaga",118,-143,"265","2009-03-07",6607
7672,"Matt Brown","Pete Sell",140,-165,"170","2009-03-07",6608
7673,"Matt Hamill","Mark Muñoz",-173,148,"205","2009-03-07",6609
7674,"Gray Maynard","Jim Miller",-193,163,"155","2009-03-07",6610
7675,"Tamdan McCrory","Ryan Madigan",-293,225,"170","2009-03-07",6611
7676,"Kendall Grove","Jason Day",-196,173,"185","2009-03-07",6612
7679,"Shane Nelson","Aaron Riley",210,-255,"155","2009-03-07",6615
7680,"Diego Sanchez","Joe Stevenson",-316,271,"155","2009-02-21",6616
7681,"Dan Hardy","Rory Markham",-109,-112,"170","2009-02-21",6617
7682,"Nate Marquardt","Wilson Gouveia",-295,245,"185","2009-02-21",6618
7683,"Demian Maia","Chael Sonnen",-270,230,"185","2009-02-21",6619
7684,"Paulo Thiago","Josh Koscheck",388,-476,"170","2009-02-21",6620
7685,"Terry Etim","Brian Cobb",-238,188,"155","2009-02-21",6621
10242,"Kaan Ofli","Yizha",190,-235,"145","2026-01-31",8174
7687,"Evan Dunham","Per Eklund",126,-146,"155","2009-02-21",6623
7689,"Paul Kelly","Troy Mandaloniz",-325,255,"170","2009-02-21",6625
7690,"Joe Lauzon","Jeremy Stephens",-200,165,"155","2009-02-07",6626
7691,"Cain Velasquez","Denis Stojnić",-700,500,"265","2009-02-07",6627
7692,"Josh Neer","Mac Danzig",128,-158,"155","2009-02-07",6628
7693,"Anthony Johnson","Luigi Fioravanti",-351,298,"170","2009-02-07",6629
7694,"Kurt Pellegrino","Rob Emerson",-221,186,"155","2009-02-07",6630
7695,"Dan Miller","Jake Rosholt",-190,155,"185","2009-02-07",6631
7696,"Matt Veach","Matt Grice",138,-173,"155","2009-02-07",6632
7697,"Gleison Tibau","Rich Clementi",-110,-115,"155","2009-02-07",6633
7698,"Nick Catone","Derek Downey",-231,196,"185","2009-02-07",6634
7701,"Lyoto Machida","Thiago Silva",-245,190,"205","2009-01-31",6637
7702,"Jon Jones","Stephan Bonnar",149,-186,"205","2009-01-31",6638
7704,"Clay Guida","Nate Diaz",106,-131,"155","2009-01-31",6640
7705,"Jon Fitch","Akihiro Gono",-665,458,"170","2009-01-31",6641
7707,"John Howard","Chris Wilson",263,-308,"170","2009-01-31",6643
7708,"Jake O'Brien","Christian Wellisch",-266,226,"205","2009-01-31",6644
7709,"Dan Cramer","Matt Arroyo",159,-186,"170","2009-01-31",6645
7710,"Dan Henderson","Rich Franklin",-135,115,"205","2009-01-17",6646
7700,"Georges St-Pierre","BJ Penn",-169,149,"170","2009-01-31",6636
7712,"Rousimar Palhares","Jeremy Horn",-426,363,"185","2009-01-17",6648
7713,"Alan Belcher","Denis Kang",226,-271,"185","2009-01-17",6649
7714,"Marcus Davis","Chris Lytle",-158,138,"170","2009-01-17",6650
7716,"Martin Kampmann","Alexandre Barros",-501,401,"170","2009-01-17",6652
7717,"Eric Schafer","Antonio Mendes",-133,108,"205","2009-01-17",6653
7718,"Tomasz Drwal","Ivan Serati",-276,228,"205","2009-01-17",6654
7719,"Dennis Siver","Nate Mohr",-161,148,"155","2009-01-17",6655
7720,"Rashad Evans","Forrest Griffin",-120,-105,"205","2008-12-27",6656
7721,"Frank Mir","Antônio Rodrigo Nogueira",278,-345,"265","2008-12-27",6657
7723,"Quinton Jackson","Wanderlei Silva",116,-136,"205","2008-12-27",6659
7725,"Yushin Okami","Dean Lister",-381,313,"185","2008-12-27",6661
7727,"Matt Hamill","Reese Andy",-363,301,"205","2008-12-27",6663
7728,"Brad Blackburn","Ryo Chonan",131,-156,"170","2008-12-27",6664
7729,"Pat Barry","Dan Evensen",-285,228,"265","2008-12-27",6665
7730,"Efrain Escudero","Phillipe Nover",295,-350,"155","2008-12-13",6666
7731,"Ryan Bader","Vinny Magalhães",188,-238,"205","2008-12-13",6667
7732,"Anthony Johnson","Kevin Burns",-350,243,"170","2008-12-13",6668
7733,"Wilson Gouveia","Jason MacDonald",-106,-120,"189","2008-12-13",6669
7735,"Krzysztof Soszynski","Shane Primm",-495,333,"205","2008-12-13",6671
7737,"Tom Lawlor","Kyle Kingsbury",104,-124,"205","2008-12-13",6673
7738,"Shane Nelson","George Roop",-103,-123,"155","2008-12-13",6674
7740,"Josh Koscheck","Yoshiyuki Yoshida",-278,220,"170","2008-12-10",6676
7741,"Mike Swick","Jonathan Goulet",-442,377,"170","2008-12-10",6677
7743,"Tim Credeur","Nate Loughran",-133,113,"185","2008-12-10",6679
7744,"Jim Miller","Matt Wiman",-125,-100,"155","2008-12-10",6680
7745,"Luigi Fioravanti","Brodie Farber",-332,287,"174","2008-12-10",6681
7746,"Steve Bruno","Johnny Rees",-112,-108,"170","2008-12-10",6682
7748,"Dale Hartt","Corey Hill",256,-296,"155","2008-12-10",6684
7749,"Justin McCully","Eddie Sanchez",161,-181,"265","2008-12-10",6685
7750,"Brock Lesnar","Randy Couture",-136,116,"265","2008-11-15",6686
7751,"Kenny Florian","Joe Stevenson",-208,178,"155","2008-11-15",6687
7752,"Dustin Hazelett","Tamdan McCrory",-218,188,"170","2008-11-15",6688
7753,"Gabriel Gonzaga","Josh Hendricks",-360,307,"265","2008-11-15",6689
7754,"Demian Maia","Nate Quarry",-238,195,"185","2008-11-15",6690
7755,"Aaron Riley","Jorge Gurgel",-111,-114,"155","2008-11-15",6691
7757,"Mark Bocek","Alvin Robinson",-126,106,"155","2008-11-15",6693
7758,"Matt Brown","Ryan Thomas",-184,164,"170","2008-11-15",6694
7742,"Steve Cantwell","Razak Al-Hassan",-318,271,"205","2008-12-10",6678
7660,"Ryan Bader","Carmelo Marrero",-401,336,"205","2009-04-01",6596
7699,"Matthew Riddle","Steve Bruno",-145,115,"170","2009-02-07",6635
7706,"Thiago Tavares","Manvel Gamburyan",-123,103,"155","2009-01-31",6642
7686,"Junior Dos Santos","Stefan Struve",-293,233,"265","2009-02-21",6622
7711,"Mauricio Rua","Mark Coleman",-386,326,"205","2009-01-17",6647
7661,"Tyson Griffin","Rafael Dos Anjos",-515,395,"155","2009-04-01",6597
7722,"CB Dollaway","Mike Massenzio",-163,133,"185","2008-12-27",6658
7796,"Tim Boetsch","Mike Patt",-393,306,"205","2008-09-06",
7763,"Sean Sherk","Tyson Griffin",-248,195,"155","2008-10-25",6699
7764,"Thales Leites","Drew McFedries",-451,376,"185","2008-10-25",6700
7766,"Dan Miller","Matt Horwich",-358,313,"185","2008-10-25",6702
7767,"Hermes França","Marcus Aurelio",-188,163,"155","2008-10-25",6703
7769,"Michael Bisping","Chris Leben",-238,188,"185","2008-10-18",6705
7770,"Keith Jardine","Brandon Vera",163,-188,"205","2008-10-18",6706
7771,"Luiz Cané","Rameau Thierry Sokoudjou",106,-116,"205","2008-10-18",6707
7772,"Chris Lytle","Paul Taylor",-356,291,"170","2008-10-18",6708
7773,"Marcus Davis","Paul Kelly",-313,263,"170","2008-10-18",6709
7774,"Dan Hardy","Akihiro Gono",276,-311,"170","2008-10-18",6710
7775,"Shane Carwin","Neil Wain",-738,513,"265","2008-10-18",6711
7776,"David Bielkheden","Jess Liaudin",-173,153,"155","2008-10-18",6712
7777,"Terry Etim","Sam Stout",246,-291,"155","2008-10-18",6713
7779,"Per Eklund","Samy Schiavo",-208,178,"155","2008-10-18",6715
7780,"Nate Diaz","Josh Neer",-240,190,"155","2008-09-17",6716
7781,"Clay Guida","Mac Danzig",-135,110,"155","2008-09-17",6717
7782,"Alan Belcher","Ed Herman",215,-260,"185","2008-09-17",6718
7783,"Eric Schafer","Houston Alexander",201,-251,"205","2008-09-17",6719
7784,"Alessio Sakara","Joe Vedepo",-136,111,"185","2008-09-17",6720
7785,"Wilson Gouveia","Ryan Jensen",-376,316,"185","2008-09-17",6721
7786,"Joe Lauzon","Kyle Bradley",-685,460,"155","2008-09-17",6722
7788,"Mike Massenzio","Drew McFedries",196,-249,"185","2008-09-17",6724
7789,"Dan Miller","Rob Kimmons",-113,-118,"185","2008-09-17",6725
7790,"Rashad Evans","Chuck Liddell",198,-253,"205","2008-09-06",6726
7791,"Rich Franklin","Matt Hamill",-228,193,"205","2008-09-06",6727
7792,"Dan Henderson","Rousimar Palhares",-196,173,"185","2008-09-06",6728
7793,"Nate Marquardt","Martin Kampmann",-161,136,"185","2008-09-06",6729
7794,"Dong Hyun Kim","Matt Brown",-413,326,"170","2008-09-06",6730
7797,"Jason MacDonald","Jason Lambert",-160,135,"185","2008-09-06",6733
7798,"Ryo Chonan","Roan Carneiro",-104,-116,"170","2008-09-06",6734
7800,"Brock Lesnar","Heath Herring",-208,180,"265","2008-08-09",6736
7802,"Kenny Florian","Roger Huerta",-149,139,"155","2008-08-09",6738
7803,"Demian Maia","Jason MacDonald",-246,211,"185","2008-08-09",6739
7804,"Tamdan McCrory","Luke Cummo",119,-139,"170","2008-08-09",6740
7805,"Cheick Kongo","Dan Evensen",-513,363,"265","2008-08-09",6741
7806,"Jon Jones","Andre Gusmao",183,-218,"205","2008-08-09",6742
7807,"Chris Wilson","Steve Bruno",-316,273,"170","2008-08-09",6743
7808,"Ben Saunders","Ryan Thomas",-251,216,"170","2008-08-09",6744
7810,"Brandon Vera","Reese Andy",-461,401,"205","2008-07-19",6746
7811,"Frankie Edgar","Hermes França",-158,148,"155","2008-07-19",6747
7812,"Cain Velasquez","Jake O'Brien",-333,243,"265","2008-07-19",6748
7813,"Kevin Burns","Anthony Johnson",213,-263,"170","2008-07-19",6749
7815,"Tim Credeur","Cale Yarbrough",-387,327,"185","2008-07-19",6751
7816,"Rory Markham","Brodie Farber",-266,226,"170","2008-07-19",6752
7817,"Nate Loughran","Johnny Rees",-155,135,"185","2008-07-19",6753
7818,"Brad Blackburn","James Giboo",-238,188,"170","2008-07-19",6754
7819,"Shannon Gugerty","Dale Hartt",-233,193,"155","2008-07-19",6755
7820,"Forrest Griffin","Quinton Jackson",239,-259,"205","2008-07-05",6756
7821,"Patrick Cote","Ricardo Almeida",109,-129,"185","2008-07-05",6757
7822,"Joe Stevenson","Gleison Tibau",-240,190,"155","2008-07-05",6758
7824,"Tyson Griffin","Marcus Aurelio",-315,250,"155","2008-07-05",6760
7825,"Gabriel Gonzaga","Justin McCully",-485,388,"265","2008-07-05",6761
7826,"Cole Miller","Jorge Gurgel",-137,117,"155","2008-07-05",6762
7827,"Melvin Guillard","Dennis Siver",-205,178,"155","2008-07-05",6763
7828,"Justin Buchholz","Corey Hill",195,-225,"155","2008-07-05",6764
7829,"Kendall Grove","Evan Tanner",133,-173,"185","2008-06-21",6765
7831,"Diego Sanchez","Luigi Fioravanti",-560,385,"170","2008-06-21",6767
7832,"Spencer Fisher","Jeremy Stephens",-171,151,"155","2008-06-21",6768
7836,"Matt Brown","Matt Arroyo",150,-185,"170","2008-06-21",6772
7837,"Dean Lister","Jeremy Horn",-115,-115,"185","2008-06-21",6773
7838,"Rob Kimmons","Rob Yundt",-161,151,"185","2008-06-21",6774
7839,"Thiago Alves","Matt Hughes",201,-231,"174","2008-06-07",6775
7840,"Michael Bisping","Jason Day",-341,311,"185","2008-06-07",6776
7841,"Mike Swick","Marcus Davis",-119,104,"170","2008-06-07",6777
7842,"Thales Leites","Nate Marquardt",193,-233,"185","2008-06-07",6778
7843,"Fabrício Werdum","Brandon Vera",163,-183,"265","2008-06-07",6779
7844,"Martin Kampmann","Jorge Rivera",-353,268,"185","2008-06-07",6780
7845,"Matt Wiman","Thiago Tavares",361,-401,"155","2008-06-07",6781
7847,"Luiz Cané","Jason Lambert",123,-153,"205","2008-06-07",6783
7848,"Paul Taylor","Jess Liaudin",-233,193,"170","2008-06-07",6784
7849,"Antoni Hardonk","Eddie Sanchez",-205,165,"265","2008-06-07",6785
7850,"BJ Penn","Sean Sherk",-253,208,"155","2008-05-24",6786
7851,"Wanderlei Silva","Keith Jardine",-163,148,"205","2008-05-24",6787
7852,"Goran Reljić","Wilson Gouveia",127,-147,"185","2008-05-24",6788
7853,"Lyoto Machida","Tito Ortiz",-190,155,"205","2008-05-24",6789
7854,"Thiago Silva","Antonio Mendes",-621,561,"205","2008-05-24",6790
7856,"Rameau Thierry Sokoudjou","Kazuhiro Nakamura",-241,201,"205","2008-05-24",6792
7857,"Rich Clementi","Terry Etim",-237,194,"155","2008-05-24",6793
7858,"Yoshiyuki Yoshida","War Machine",-166,146,"170","2008-05-24",6794
7859,"Dong Hyun Kim","Jason Tan",-293,246,"170","2008-05-24",6795
7860,"Shane Carwin","Christian Wellisch",-233,178,"265","2008-05-24",6796
7768,"Pete Sell","Joshua Burkman",193,-223,"170","2008-10-25",6704
7761,"Gray Maynard","Rich Clementi",-240,188,"155","2008-10-25",6697
7830,"Amir Sadollah","CB Dollaway",148,-183,"185","2008-06-21",6766
7833,"Matthew Riddle","Dante Rivera",-253,198,"185","2008-06-21",6769
7801,"Rob Emerson","Manvel Gamburyan",291,-321,"155","2008-08-09",6737
7762,"Junior Dos Santos","Fabrício Werdum",450,-650,"265","2008-10-25",6698
7799,"Georges St-Pierre","Jon Fitch",-360,300,"170","2008-08-09",6735
7814,"CB Dollaway","Jesse Taylor",-133,103,"185","2008-07-19",6750
7883,"Anthony Johnson","Thomas Speer",200,-250,"170","2008-04-02",
7929,"Mark Bocek","Douglas Evans",-118,-103,"155","2007-12-29",
7931,"Mac Danzig","Thomas Speer",-178,148,"170","2007-12-08",
7934,"Ben Saunders","Daniel Barrera",-231,201,"170","2007-12-08",
7864,"Michael Bisping","Charles McCarthy",-353,303,"185","2008-04-19",6800
7865,"Mac Danzig","Mark Bocek",-440,350,"155","2008-04-19",6801
7866,"Jason MacDonald","Joe Doerksen",-168,148,"185","2008-04-19",6802
7867,"Jason Day","Alan Belcher",301,-356,"185","2008-04-19",6803
7868,"Demian Maia","Ed Herman",-180,155,"185","2008-04-19",6804
7869,"Rich Clementi","Sam Stout",113,-133,"155","2008-04-19",6805
7870,"Cain Velasquez","Brad Morris",-283,215,"265","2008-04-19",6806
7872,"Kenny Florian","Joe Lauzon",-203,168,"155","2008-04-02",6808
7873,"Gray Maynard","Frankie Edgar",193,-223,"155","2008-04-02",6809
7874,"Thiago Alves","Karo Parisyan",133,-168,"170","2008-04-02",6810
7875,"Matt Hamill","Tim Boetsch",-203,178,"205","2008-04-02",6811
7876,"Nate Diaz","Kurt Pellegrino",-146,126,"155","2008-04-02",6812
7877,"James Irvin","Houston Alexander",233,-273,"205","2008-04-02",6813
7878,"Josh Neer","Din Thomas",183,-213,"155","2008-04-02",6814
7879,"Marcus Aurelio","Ryan Roberts",-701,566,"155","2008-04-02",6815
7881,"Clay Guida","Samy Schiavo",-675,475,"155","2008-04-02",6817
7882,"George Sotiropoulos","Roman Mitichyan",-211,181,"170","2008-04-02",6818
7884,"Anderson Silva","Dan Henderson",-143,123,"185","2008-03-01",6820
7885,"Heath Herring","Cheick Kongo",150,-190,"265","2008-03-01",6821
7886,"Chris Leben","Alessio Sakara",-153,128,"185","2008-03-01",6822
7887,"Yushin Okami","Evan Tanner",-208,178,"185","2008-03-01",6823
7889,"Andrei Arlovski","Jake O'Brien",-411,296,"265","2008-03-01",6825
7890,"Luigi Fioravanti","Luke Cummo",151,-176,"170","2008-03-01",6826
7891,"Josh Koscheck","Dustin Hazelett",-418,348,"170","2008-03-01",6827
7892,"Diego Sanchez","David Bielkheden",-575,400,"170","2008-03-01",6828
7893,"Jorge Gurgel","John Halverson",-180,150,"155","2008-03-01",6829
7894,"Antônio Rodrigo Nogueira","Tim Sylvia",-168,140,"265","2008-02-02",6830
7895,"Frank Mir","Brock Lesnar",138,-163,"265","2008-02-02",6831
7896,"Nate Marquardt","Jeremy Horn",-288,243,"185","2008-02-02",6832
7897,"Tyson Griffin","Gleison Tibau",-358,303,"155","2008-02-02",6834
7898,"Chris Lytle","Kyle Bradley",-488,388,"170","2008-02-02",6835
7899,"Tim Boetsch","David Heath",231,-271,"205","2008-02-02",6836
7901,"Rob Emerson","Keita Nakamura",238,-283,"155","2008-02-02",6838
7903,"Patrick Cote","Drew McFedries",-141,121,"185","2008-01-23",6840
7904,"Thiago Tavares","Michihiro Omigawa",-725,475,"155","2008-01-23",6841
7905,"Nate Diaz","Alvin Robinson",-166,150,"155","2008-01-23",6842
7906,"Kurt Pellegrino","Alberto Crane",-320,260,"155","2008-01-23",6843
7907,"Gray Maynard","Dennis Siver",-331,301,"155","2008-01-23",6844
7908,"Jeremy Stephens","Cole Miller",143,-173,"155","2008-01-23",6845
7909,"Corey Hill","Joe Veres",-178,153,"155","2008-01-23",6846
7910,"Matt Wiman","Justin Buchholz",-223,193,"155","2008-01-23",6847
7911,"BJ Penn","Joe Stevenson",-340,265,"155","2008-01-19",6848
7912,"Fabrício Werdum","Gabriel Gonzaga",200,-240,"265","2008-01-19",6849
7914,"Wilson Gouveia","Jason Lambert",-133,118,"205","2008-01-19",6851
7915,"Jorge Rivera","Kendall Grove",248,-368,"185","2008-01-19",6852
7916,"Antoni Hardonk","Colin Robinson",-333,303,"265","2008-01-19",6853
7917,"Paul Kelly","Paul Taylor",196,-231,"170","2008-01-19",6854
7918,"Alessio Sakara","James Lee",-145,125,"205","2008-01-19",6855
7919,"Sam Stout","Per Eklund",-243,208,"155","2008-01-19",6856
7921,"Chuck Liddell","Wanderlei Silva",118,-143,"205","2007-12-29",6858
7922,"Eddie Sanchez","Soa Palelei",163,-188,"265","2007-12-29",6859
7924,"Rich Clementi","Melvin Guillard",168,-193,"155","2007-12-29",6861
7925,"James Irvin","Luiz Cané",158,-173,"205","2007-12-29",6862
7927,"Dean Lister","Jordan Radev",-305,245,"185","2007-12-29",6864
7928,"Roan Carneiro","Tony DeSouza",-145,121,"170","2007-12-29",6865
7930,"Roger Huerta","Clay Guida",109,-129,"155","2007-12-08",6867
7932,"War Machine","Jared Rollins",111,-131,"170","2007-12-08",6869
7933,"George Sotiropoulos","Billy Miles",-361,331,"170","2007-12-08",6870
7935,"Troy Mandaloniz","Richie Hightower",113,-133,"170","2007-12-08",6872
7936,"Matt Arroyo","John Kolosci",-308,256,"170","2007-12-08",6873
7937,"Roman Mitichyan","Dorian Price",-325,258,"170","2007-12-08",6874
7939,"Rashad Evans","Michael Bisping",-263,217,"205","2007-11-17",6876
7940,"Thiago Silva","Houston Alexander",140,-175,"205","2007-11-17",6877
7941,"Karo Parisyan","Ryo Chonan",-341,296,"170","2007-11-17",6878
7942,"Ed Herman","Joe Doerksen",-148,133,"185","2007-11-17",6879
7943,"Frankie Edgar","Spencer Fisher",-128,108,"155","2007-11-17",6880
7944,"Thiago Alves","Chris Lytle",-188,167,"170","2007-11-17",6881
7945,"Joe Lauzon","Jason Reinhardt",-441,361,"155","2007-11-17",6882
7946,"Marcus Aurelio","Luke Caudillo",-411,353,"155","2007-11-17",6883
7947,"Akihiro Gono","Tamdan McCrory",-213,168,"170","2007-11-17",6884
7948,"Anderson Silva","Rich Franklin",-215,175,"185","2007-10-20",6885
7949,"Tim Sylvia","Brandon Vera",118,-143,"265","2007-10-20",6886
7950,"Alvin Robinson","Jorge Gurgel",135,-160,"155","2007-10-20",6887
7952,"Alan Belcher","Kalib Starnes",-103,-123,"185","2007-10-20",6889
7953,"Yushin Okami","Jason MacDonald",-264,206,"185","2007-10-20",6890
7954,"Demian Maia","Ryan Jensen",-198,163,"185","2007-10-20",6891
7956,"Matt Grice","Jason Black",253,-383,"155","2007-10-20",6893
7957,"Keith Jardine","Chuck Liddell",290,-395,"205","2007-09-22",6894
7861,"Georges St-Pierre","Matt Serra",-448,373,"170","2008-04-19",6797
7959,"Jon Fitch","Diego Sanchez",-135,105,"170","2007-09-22",6896
7960,"Lyoto Machida","Kazuhiro Nakamura",-250,203,"205","2007-09-22",6897
7955,"Joshua Burkman","Forrest Petz",-308,248,"170","2007-10-20",6892
7863,"Nate Quarry","Kalib Starnes",-255,205,"185","2008-04-19",6799
7902,"Mike Swick","Joshua Burkman",-196,166,"170","2008-01-23",6839
7880,"Manvel Gamburyan","Jeff Cox",-661,601,"155","2008-04-02",6816
7958,"Forrest Griffin","Mauricio Rua",233,-293,"205","2007-09-22",6895
8005,"Roger Huerta","Douglas Evans",-725,525,"155","2007-06-23",
8009,"Leonard Garcia","Allen Berubie",-825,513,"155","2007-06-23",
8018,"Dustin Hazelett","Steven Lynch",-268,208,"170","2007-06-16",
8053,"Kenny Florian","Yoshitomi Mishima",-215,185,"155","2007-04-05",
7963,"Jeremy Stephens","Diego Saraiva",-198,158,"155","2007-09-22",6900
7964,"Christian Wellisch","Scott Junk",-225,175,"265","2007-09-22",6901
7965,"Matt Wiman","Michihiro Omigawa",-293,233,"155","2007-09-22",6902
7966,"Kenny Florian","Din Thomas",-155,130,"155","2007-09-19",6903
7967,"Chris Leben","Terry Martin",180,-220,"185","2007-09-19",6904
7968,"Nate Diaz","Júnior Assunção",-198,165,"155","2007-09-19",6905
7969,"Nate Quarry","Pete Sell",-230,180,"185","2007-09-19",6906
7970,"Luke Cummo","Edilberto de Oliveira",-118,-108,"170","2007-09-19",6907
7971,"Cole Miller","Leonard Garcia",-140,115,"155","2007-09-19",6908
7973,"Thiago Alves","Kuniyoshi Hironaka",-235,190,"170","2007-09-19",6910
7974,"Dustin Hazelett","Jonathan Goulet",110,-140,"170","2007-09-19",6911
7975,"Jess Liaudin","Anthony Torres",-123,-108,"170","2007-09-08",6920
7976,"Quinton Jackson","Dan Henderson",-120,-105,"205","2007-09-08",6912
7977,"Michael Bisping","Matt Hamill",-265,215,"205","2007-09-08",6913
7978,"Cheick Kongo","Mirko Filipović",315,-380,"265","2007-09-08",6914
7979,"Marcus Davis","Paul Taylor",-188,155,"170","2007-09-08",6915
7980,"Houston Alexander","Alessio Sakara",-160,135,"205","2007-09-08",6916
7981,"Gleison Tibau","Terry Etim",-183,148,"155","2007-09-08",6917
7983,"Dennis Siver","Naoyuki Kotani",165,-210,"155","2007-09-08",6919
7984,"Randy Couture","Gabriel Gonzaga",108,-133,"265","2007-08-25",6921
7986,"Roger Huerta","Alberto Crane",-475,300,"155","2007-08-25",6923
7987,"Joe Stevenson","Kurt Pellegrino",-300,240,"155","2007-08-25",6924
7988,"Patrick Cote","Kendall Grove",225,-288,"185","2007-08-25",6925
7989,"Renato Sobral","David Heath",-243,193,"205","2007-08-25",6926
7990,"Frank Mir","Antoni Hardonk",-170,140,"265","2007-08-25",6927
7991,"Thales Leites","Ryan Jensen",-315,225,"185","2007-08-25",6928
7992,"Clay Guida","Marcus Aurelio",-125,-105,"155","2007-08-25",6929
7994,"Anderson Silva","Nate Marquardt",-163,133,"185","2007-07-07",6931
7995,"Rashad Evans","Tito Ortiz",103,-133,"205","2007-07-07",6932
7996,"Sean Sherk","Hermes França",-253,208,"155","2007-07-07",6933
7998,"Stephan Bonnar","Mike Nickels",-557,350,"205","2007-07-07",6935
7999,"Jorge Gurgel","Diego Saraiva",-220,180,"155","2007-07-07",6936
8000,"Chris Lytle","Jason Gilliam",-415,333,"170","2007-07-07",6937
8001,"Frankie Edgar","Mark Bocek",-220,175,"155","2007-07-07",6938
8002,"BJ Penn","Jens Pulver",-340,270,"155","2007-06-23",6939
8004,"Thales Leites","Floyd Sword",-500,385,"185","2007-06-23",6941
8007,"Cole Miller","Andy Wang",-563,413,"155","2007-06-23",6944
8008,"Gray Maynard","Rob Emerson",-425,300,"155","2007-06-23",6945
8010,"Matt Wiman","Brian Geraghty",-450,325,"155","2007-06-23",6947
8011,"Rich Franklin","Yushin Okami",-215,173,"185","2007-06-16",6948
8012,"Forrest Griffin","Hector Ramirez",-230,180,"205","2007-06-16",6949
8013,"Jason MacDonald","Rory Singer",-245,195,"185","2007-06-16",6950
8014,"Tyson Griffin","Clay Guida",-230,180,"155","2007-06-16",6951
8015,"Ed Herman","Scott Smith",-163,133,"185","2007-06-16",6952
8016,"Marcus Davis","Jason Tan",-388,310,"170","2007-06-16",6953
8019,"Spencer Fisher","Sam Stout",-240,200,"155","2007-06-12",6956
8020,"Jon Fitch","Roan Carneiro",-360,300,"170","2007-06-12",6957
8021,"Drew McFedries","Jordan Radev",-145,125,"185","2007-06-12",6958
8022,"Thiago Tavares","Jason Black",115,-135,"155","2007-06-12",6959
8023,"Forrest Petz","Luigi Fioravanti",265,-325,"170","2007-06-12",6960
8024,"Tamdan McCrory","Pete Spratt",-150,130,"170","2007-06-12",6961
8025,"Gleison Tibau","Jeff Cox",-360,300,"155","2007-06-12",6962
8026,"Nate Mohr","Luke Caudillo",-165,145,"155","2007-06-12",6964
8027,"Quinton Jackson","Chuck Liddell",165,-175,"205","2007-05-26",6965
8029,"Terry Martin","Ivan Salaverry",130,-160,"185","2007-05-26",6967
8031,"Kalib Starnes","Chris Leben",210,-260,"185","2007-05-26",6969
8032,"Gabriel Gonzaga","Mirko Filipović",400,-500,"265","2007-04-21",6974
8033,"Andrei Arlovski","Fabrício Werdum",-120,-110,"265","2007-04-21",6975
8034,"Michael Bisping","Elvis Sinosic",-525,425,"205","2007-04-21",6976
8035,"Lyoto Machida","David Heath",-355,285,"205","2007-04-21",6977
8036,"Cheick Kongo","Assuério Silva",195,-245,"265","2007-04-21",6978
8037,"Terry Etim","Matt Grice",-120,-110,"155","2007-04-21",6979
8038,"Júnior Assunção","David Lee",-200,160,"155","2007-04-21",6980
8039,"Alessio Sakara","Victor Valimaki",-150,120,"205","2007-04-21",6981
8040,"Jess Liaudin","Dennis Siver",105,-135,"170","2007-04-21",6982
8043,"Josh Koscheck","Diego Sanchez",160,-190,"170","2007-04-07",6985
8044,"Roger Huerta","Leonard Garcia",-610,485,"155","2007-04-07",6986
8045,"Yushin Okami","Mike Swick",105,-125,"185","2007-04-07",6987
8046,"Kendall Grove","Alan Belcher",-165,145,"185","2007-04-07",6988
8047,"Heath Herring","Brad Imes",-265,225,"265","2007-04-07",6989
8048,"Thales Leites","Pete Sell",-275,235,"185","2007-04-07",6990
8049,"Marcus Davis","Pete Spratt",-330,280,"170","2007-04-07",6991
8050,"Luke Cummo","Josh Haynes",-160,140,"170","2007-04-07",6992
8051,"Joe Stevenson","Melvin Guillard",-160,140,"155","2007-04-05",6993
8054,"Wilson Gouveia","Seth Petruzelli",-260,220,"205","2007-04-05",6996
8055,"Drew Fickett","Keita Nakamura",-145,125,"170","2007-04-05",6997
8056,"Kuniyoshi Hironaka","Forrest Petz",-175,155,"170","2007-04-05",6999
8057,"Roan Carneiro","Rich Clementi",-115,-115,"170","2007-04-05",7000
8058,"Thiago Tavares","Naoyuki Kotani",-285,245,"155","2007-04-05",7001
8059,"Randy Couture","Tim Sylvia",205,-235,"265","2007-03-03",7002
8060,"Martin Kampmann","Drew McFedries",-250,210,"185","2007-03-03",7003
8042,"Matt Serra","Georges St-Pierre",850,-1300,"170","2007-04-07",6984
8028,"Karo Parisyan","Joshua Burkman",-320,260,"170","2007-05-26",6966
7962,"Rich Clementi","Anthony Johnson",184,-228,"177","2007-09-22",6899
8003,"Nate Diaz","Manvel Gamburyan",-100,-130,"155","2007-06-23",6940
7985,"Georges St-Pierre","Josh Koscheck",-286,200,"170","2007-08-25",6922
8101,"Joe Stevenson","Yoshitomi Mishima",-315,255,"155","2006-11-18",
8105,"Jorge Rivera","Edwin Dewees",-300,240,"185","2006-11-11",
8142,"Forrest Petz","Sam Morgan",-200,160,"170","2006-08-17",
8063,"Jason Lambert","Renato Sobral",365,-445,"205","2007-03-03",7006
8064,"Anderson Silva","Travis Lutter",-500,400,"187","2007-02-03",7011
8065,"Mirko Filipović","Eddie Sanchez",-1400,900,"265","2007-02-03",7012
8066,"Roger Huerta","John Halverson",-750,600,"155","2007-02-03",7013
8068,"Patrick Cote","Scott Smith",-150,130,"185","2007-02-03",7015
8069,"Terry Martin","Jorge Rivera",185,-215,"185","2007-02-03",7016
8070,"Frankie Edgar","Tyson Griffin",525,-700,"155","2007-02-03",7017
8071,"Lyoto Machida","Sam Hoger",-600,475,"205","2007-02-03",7018
8072,"Dustin Hazelett","Diego Saraiva",190,-220,"155","2007-02-03",7019
8073,"Rashad Evans","Sean Salmon",-650,450,"205","2007-01-25",7020
8074,"Jake O'Brien","Heath Herring",325,-450,"265","2007-01-25",7021
8075,"Hermes França","Spencer Fisher",-170,140,"155","2007-01-25",7022
8076,"Nate Marquardt","Dean Lister",-200,160,"185","2007-01-25",7023
8078,"Ed Herman","Chris Price",-450,325,"185","2007-01-25",7025
8079,"Din Thomas","Clay Guida",100,-120,"155","2007-01-25",7026
8080,"Rich Clementi","Ross Pointon",-450,325,"170","2007-01-25",7027
8082,"Keith Jardine","Forrest Griffin",280,-350,"205","2006-12-30",7029
8083,"Jason MacDonald","Chris Leben",140,-170,"185","2006-12-30",7030
8084,"Andrei Arlovski","Marcio Cruz",-470,390,"265","2006-12-30",7031
8085,"Michael Bisping","Eric Schafer",-580,430,"205","2006-12-30",7032
8086,"Thiago Alves","Tony DeSouza",-136,126,"170","2006-12-30",7033
8087,"Gabriel Gonzaga","Carmelo Marrero",-276,256,"265","2006-12-30",7034
8088,"Yushin Okami","Rory Singer",-421,381,"185","2006-12-30",7035
8089,"Christian Wellisch","Anthony Perosh",-136,126,"265","2006-12-30",7036
8090,"Diego Sanchez","Joe Riggs",-500,350,"170","2006-12-13",7037
8092,"Karo Parisyan","Drew Fickett",-400,300,"170","2006-12-13",7039
8093,"Marcus Davis","Shonie Carter",115,-145,"170","2006-12-13",7040
8094,"David Heath","Victor Valimaki",-180,150,"205","2006-12-13",7041
8095,"Alan Belcher","Jorge Santiago",110,-140,"185","2006-12-13",7042
8096,"Luigi Fioravanti","Dave Menne",-450,350,"170","2006-12-13",7043
8098,"Tim Sylvia","Jeff Monson",-260,210,"265","2006-11-18",7047
8099,"Drew McFedries","Alessio Sakara",455,-605,"205","2006-11-18",7048
8100,"Brandon Vera","Frank Mir",-365,295,"265","2006-11-18",7049
8102,"Matt Serra","Chris Lytle",135,-165,"170","2006-11-11",7055
8103,"Travis Lutter","Patrick Cote",-160,130,"185","2006-11-11",7056
8104,"Din Thomas","Rich Clementi",-360,290,"155","2006-11-11",7057
8107,"Sean Sherk","Kenny Florian",-365,295,"155","2006-10-14",7064
8108,"Jon Fitch","Kuniyoshi Hironaka",-255,205,"170","2006-10-14",7065
8109,"Carmelo Marrero","Cheick Kongo",450,-550,"265","2006-10-14",7066
8110,"Spencer Fisher","Dan Lauzon",-455,375,"155","2006-10-14",7067
8111,"Yushin Okami","Kalib Starnes",-115,-115,"185","2006-10-14",7068
8112,"Clay Guida","Justin James",-260,200,"155","2006-10-14",7069
8113,"Kurt Pellegrino","Júnior Assunção",-280,220,"155","2006-10-14",7070
8114,"Tito Ortiz","Ken Shamrock",-800,600,"205","2006-10-10",7071
8115,"Kendall Grove","Chris Price",-520,420,"185","2006-10-10",7072
8117,"Matt Hamill","Seth Petruzelli",-255,205,"205","2006-10-10",7074
8118,"Matt Hughes","BJ Penn",-225,195,"170","2006-09-23",7080
8119,"Mike Swick","David Loiseau",-145,125,"185","2006-09-23",7081
8120,"Melvin Guillard","Gabe Ruediger",-120,100,"155","2006-09-23",7082
8121,"Rashad Evans","Jason Lambert",-240,200,"205","2006-09-23",7083
8122,"Joe Lauzon","Jens Pulver",330,-400,"155","2006-09-23",7084
8123,"Roger Huerta","Jason Dent",-600,475,"155","2006-09-23",7085
8124,"Jorge Gurgel","Danny Abbadi",-550,450,"155","2006-09-23",7087
8125,"Tyson Griffin","David Lee",-600,475,"155","2006-09-23",7088
8127,"Forrest Griffin","Stephan Bonnar",-260,210,"205","2006-08-26",7090
8128,"Nick Diaz","Josh Neer",-200,160,"170","2006-08-26",7091
8129,"Cheick Kongo","Christian Wellisch",-170,140,"265","2006-08-26",7092
8130,"Hermes França","Jamie Varner",-550,400,"155","2006-08-26",7093
8131,"Eric Schafer","Rob MacDonald",145,-175,"205","2006-08-26",7094
8132,"Wilson Gouveia","Wes Combs",-105,-125,"205","2006-08-26",7095
8133,"David Heath","Cory Walmsley",-215,175,"205","2006-08-26",7096
8134,"Yushin Okami","Alan Belcher",-185,155,"185","2006-08-26",7097
8136,"Chris Leben","Jorge Santiago",-300,240,"185","2006-08-17",7099
8137,"Dean Lister","Yuki Sasaki",-900,650,"185","2006-08-17",7100
8138,"Josh Koscheck","Jonathan Goulet",-350,290,"170","2006-08-17",7101
8139,"Martin Kampmann","Crafton Wallace",-210,170,"185","2006-08-17",7102
8140,"Joe Riggs","Jason Von Flue",-460,360,"170","2006-08-17",7103
8141,"Jake O'Brien","Kristof Midoux",-400,300,"265","2006-08-17",7104
8143,"Anthony Torres","Pat Healy",135,-165,"170","2006-08-17",7106
8144,"Tim Sylvia","Andrei Arlovski",225,-285,"265","2006-07-08",7107
8146,"Tito Ortiz","Ken Shamrock",-480,380,"205","2006-07-08",7109
8147,"Frank Mir","Dan Christison",-305,245,"265","2006-07-08",7110
8149,"Jeff Monson","Anthony Perosh",-594,534,"265","2006-07-08",7113
8150,"Cheick Kongo","Gilbert Aldana",-117,107,"265","2006-07-08",7114
8151,"Drew Fickett","Kurt Pellegrino",-150,140,"170","2006-07-08",7115
8152,"Jonathan Goulet","Luke Cummo",-150,130,"170","2006-06-28",7116
8153,"Anderson Silva","Chris Leben",-200,170,"185","2006-06-28",7117
8154,"Rashad Evans","Stephan Bonnar",165,-185,"205","2006-06-28",7118
8155,"Mark Hominick","Jorge Gurgel",-150,120,"155","2006-06-28",7119
8156,"Josh Koscheck","Dave Menne",-475,375,"170","2006-06-28",7120
8157,"Jason Lambert","Branden Lee Hinkle",-185,155,"205","2006-06-28",7121
8158,"Jon Fitch","Thiago Alves",-225,185,"170","2006-06-28",7122
8159,"Kenny Florian","Sam Stout",-105,-125,"155","2006-06-24",7125
8161,"Kendall Grove","Ed Herman",155,-185,"185","2006-06-24",7127
8077,"Joshua Burkman","Chad Reiner",-350,275,"170","2007-01-25",7024
8062,"Matt Hughes","Chris Lytle",-650,525,"170","2007-03-03",7005
8097,"Georges St-Pierre","Matt Hughes",115,-145,"170","2006-11-18",7046
8202,"Renato Sobral","Mike Van Arsdale",-375,315,"205","2006-02-04",
8226,"Randy Couture","Mike Van Arsdale",-400,300,"205","2005-08-20",
8238,"Mike Van Arsdale","John Marsh",185,-225,"265","2005-04-16",
8164,"Kalib Starnes","Danny Abbadi",-800,500,"185","2006-06-24",7130
8165,"Luigi Fioravanti","Solomon Hutcherson",-160,130,"185","2006-06-24",7131
8166,"Matt Hamill","Jesse Forbes",-525,425,"205","2006-06-24",7132
8167,"Mike Nickels","Wes Combs",400,-500,"205","2006-06-24",7133
8168,"Matt Hughes","Royce Gracie",-300,240,"175","2006-05-27",7134
8169,"Dean Lister","Alessio Sakara",-265,215,"205","2006-05-27",7135
8170,"Diego Sanchez","John Alessio",-460,380,"170","2006-05-27",7136
8171,"Brandon Vera","Assuério Silva",-240,190,"265","2006-05-27",7137
8172,"Mike Swick","Joe Riggs",-100,-120,"185","2006-05-27",7138
8174,"Gabriel Gonzaga","Fabiano Scherner",-330,260,"265","2006-05-27",7141
8175,"Melvin Guillard","Rick Davis",-330,260,"155","2006-05-27",7142
8176,"Tim Sylvia","Andrei Arlovski",335,-415,"265","2006-04-15",7143
8177,"Sean Sherk","Nick Diaz",-180,150,"170","2006-04-15",7144
8178,"Tito Ortiz","Forrest Griffin",-335,275,"205","2006-04-15",7145
8179,"Evan Tanner","Justin Levens",-325,295,"185","2006-04-15",7146
8180,"Jeff Monson","Marcio Cruz",-230,190,"265","2006-04-15",7147
8181,"Karo Parisyan","Nick Thompson",-274,254,"170","2006-04-15",7148
8182,"David Terrell","Scott Smith",-189,169,"185","2006-04-15",7149
8183,"Jason Lambert","Terry Martin",-247,227,"205","2006-04-15",7150
8185,"Stephan Bonnar","Keith Jardine",-335,255,"205","2006-04-06",7152
8186,"Rashad Evans","Sam Hoger",-205,155,"205","2006-04-06",7153
8187,"Josh Neer","Joe Stevenson",400,-500,"170","2006-04-06",7154
8188,"Chris Leben","Luigi Fioravanti",-575,450,"185","2006-04-06",7155
8189,"Luke Cummo","Jason Von Flue",-200,160,"170","2006-04-06",7156
8191,"Dan Christison","Brad Imes",175,-225,"265","2006-04-06",7158
8192,"Josh Koscheck","Ansar Chalangov",-270,210,"170","2006-04-06",7159
8193,"Chael Sonnen","Trevor Prangley",190,-250,"185","2006-04-06",7160
8194,"Rich Franklin","David Loiseau",-300,230,"185","2006-03-04",7161
8195,"Mike Swick","Steve Vigneault",-575,275,"185","2006-03-04",7162
8197,"Nate Marquardt","Joe Doerksen",-200,160,"185","2006-03-04",7164
8198,"Mark Hominick","Yves Edwards",250,-550,"155","2006-03-04",7165
8200,"Brandon Vera","Justin Eilers",-200,170,"265","2006-02-04",7170
8201,"Marcio Cruz","Frank Mir",250,-300,"265","2006-02-04",7171
8203,"Joe Riggs","Nick Diaz",120,-140,"170","2006-02-04",7173
8204,"Alessio Sakara","Elvis Sinosic",-392,352,"205","2006-02-04",7174
8205,"Paul Buentello","Gilbert Aldana",-275,235,"265","2006-02-04",7175
8206,"Jeff Monson","Branden Lee Hinkle",-180,150,"265","2006-02-04",7176
8207,"Keith Jardine","Mike Whitehead",-170,140,"205","2006-02-04",7177
8208,"Tim Sylvia","Assuério Silva",-325,250,"265","2006-01-16",7178
8209,"Stephan Bonnar","James Irvin",-175,145,"205","2006-01-16",7179
8211,"Chris Leben","Jorge Rivera",-135,105,"185","2006-01-16",7181
8212,"Josh Neer","Melvin Guillard",-230,190,"170","2006-01-16",7182
8213,"Duane Ludwig","Jonathan Goulet",160,-200,"170","2006-01-16",7183
8214,"Spencer Fisher","Aaron Riley",-220,180,"170","2006-01-16",7184
8215,"Jason Von Flue","Alex Karalexis",-200,160,"170","2006-01-16",7185
8217,"Gabriel Gonzaga","Kevin Jordan",-350,280,"265","2005-11-19",7187
8218,"Matt Hughes","Joe Riggs",-360,290,"173","2005-11-19",7188
8220,"Jeremy Horn","Trevor Prangley",-290,230,"185","2005-11-19",7190
8221,"Sam Hoger","Jeff Newton",-260,210,"205","2005-11-19",7191
8222,"Thiago Alves","Ansar Chalangov",215,-265,"170","2005-11-19",7192
8223,"Nick Thompson","Keith Wisniewski",110,-140,"170","2005-11-19",7193
8224,"Chuck Liddell","Jeremy Horn",-200,170,"205","2005-08-20",7216
8225,"Tim Sylvia","Tra Telligman",-205,175,"265","2005-08-20",7217
8227,"Diego Sanchez","Brian Gassaway",-600,450,"170","2005-08-20",7219
8229,"Matt Lindland","Joe Doerksen",-325,250,"185","2005-08-20",7221
8230,"Trevor Prangley","Travis Lutter",-125,-105,"185","2005-08-20",7222
8231,"James Irvin","Terry Martin",-110,-110,"205","2005-08-20",7223
8233,"Renato Sobral","Travis Wiuff",-110,-110,"205","2005-04-16",7241
8234,"Matt Hughes","Frank Trigg",-200,170,"170","2005-04-16",7242
8235,"Matt Lindland","Travis Lutter",-185,155,"185","2005-04-16",7243
8237,"Ivan Salaverry","Joe Riggs",140,-160,"185","2005-04-16",7245
8239,"Rich Franklin","Ken Shamrock",-200,170,"205","2005-04-09",7248
8240,"Tito Ortiz","Vitor Belfort",105,-125,"205","2005-02-05",7257
8241,"Pete Sell","Phil Baroni",250,-300,"185","2005-02-05",7258
8242,"Andrei Arlovski","Tim Sylvia",-120,-100,"265","2005-02-05",7259
8243,"Evan Tanner","David Terrell",120,-140,"185","2005-02-05",7260
8244,"Paul Buentello","Justin Eilers",-110,-110,"265","2005-02-05",7261
8245,"Mike Kyle","James Irvin",110,-130,"265","2005-02-05",7262
8247,"Nick Diaz","Drew Fickett",-230,,"170","2005-02-05",7265
8248,"Tito Ortiz","Patrick Cote",-550,350,"205","2004-10-22",7266
8249,"Rich Franklin","Jorge Rivera",-350,275,"185","2004-10-22",7267
8251,"Frank Trigg","Renato Verissimo",115,-145,"170","2004-10-22",7269
8252,"Evan Tanner","Robbie Lawler",-160,130,"185","2004-10-22",7270
8253,"Ivan Salaverry","Tony Fryklund",-125,-105,"185","2004-10-22",7271
8254,"Randy Couture","Vitor Belfort",-165,135,"205","2004-08-21",7273
8255,"Chuck Liddell","Vernon White",-280,230,"205","2004-08-21",7275
8256,"David Terrell","Matt Lindland",100,-130,"185","2004-08-21",7276
8257,"Justin Eilers","Mike Kyle",-160,130,"265","2004-08-21",7277
8258,"Chris Lytle","Ronald Jhun",-180,150,"170","2004-08-21",7278
8260,"Frank Trigg","Dennis Hallman",-135,105,"170","2004-06-19",7282
8261,"Frank Mir","Tim Sylvia",185,-225,"265","2004-06-19",7283
8210,"Joshua Burkman","Drew Fickett",185,-225,"170","2006-01-16",7180
8163,"Rory Singer","Ross Pointon",-275,225,"185","2006-06-24",7129
8250,"Matt Hughes","Georges St-Pierre",-285,225,"170","2004-10-22",7268
8190,"Jon Fitch","Joshua Burkman",190,-240,"170","2006-04-06",7157
8196,"Georges St-Pierre","BJ Penn",-115,-115,"170","2006-03-04",7163
8264,"Matt Serra","Ivan Menjivar",-160,130,"155","2004-06-19",7286
8267,"Chuck Liddell","Tito Ortiz",145,-185,"205","2004-04-02",7289
8268,"Chris Lytle","Tiki Ghosn",-325,250,"170","2004-04-02",7290
8269,"Yves Edwards","Hermes França",100,-140,"155","2004-04-02",7291
8270,"Nick Diaz","Robbie Lawler",200,-260,"170","2004-04-02",7293
8271,"Jonathan Wiezorek","Wade Shipp",-200,160,"265","2004-04-02",7295
8272,"Genki Sudo","Mike Brown",-325,250,"155","2004-04-02",7296
8273,"Vitor Belfort","Randy Couture",185,-225,"205","2004-01-31",7297
8274,"Renato Verissimo","Carlos Newton",185,-225,"175","2004-01-31",7298
8275,"BJ Penn","Matt Hughes",200,-240,"170","2004-01-31",7299
8276,"Frank Mir","Wes Sims",-225,185,"265","2004-01-31",7300
8277,"Lee Murray","Jorge Rivera",-115,-115,"185","2004-01-31",7301
8280,"Matt Serra","Jeff Curran",-350,275,"155","2004-01-31",7304
8281,"Randy Couture","Tito Ortiz",150,-180,"205","2003-09-26",7313
8282,"Tim Sylvia","Gan McGee",-144,104,"265","2003-09-26",7315
8283,"Randy Couture","Chuck Liddell",170,-230,"205","2003-06-06",7322
8284,"Kimo Leopoldo","David Abbott",-150,110,"265","2003-06-06",7323
8285,"Vitor Belfort","Marvin Eastman",-240,170,"205","2003-06-06",7324
8286,"Vernon White","Ian Freeman",-140,100,"265","2003-06-06",7325
8287,"Frank Mir","Wes Sims",-500,300,"265","2003-06-06",7326
8288,"Falaniko Vitale","Matt Lindland",350,-500,"185","2003-06-06",7328
8289,"Pedro Rizzo","Tra Telligman",-170,130,"265","2003-06-06",7329
8290,"Matt Hughes","Sean Sherk",-600,400,"170","2003-04-25",7330
8292,"Dave Strasser","Romie Aram",220,-300,"170","2003-04-25",7332
8293,"Wesley Correira","Sean Alvarez",-125,-115,"265","2003-04-25",7333
8294,"Rich Franklin","Evan Tanner",160,-200,"205","2003-04-25",7334
8295,"Duane Ludwig","Genki Sudo",105,-145,"155","2003-04-25",7335
8296,"Hermes França","Richard Crunkilton",260,-340,"155","2003-04-25",7336
8297,"David Loiseau","Mark Weir",-280,200,"185","2003-04-25",7337
8299,"Frank Mir","David Abbott",105,-145,"265","2003-02-28",7339
8301,"Matt Lindland","Phil Baroni",-140,100,"185","2003-02-28",7341
8302,"Vladimir Matyushenko","Pedro Rizzo",-140,100,"265","2003-02-28",7342
8303,"Din Thomas","Matt Serra",-125,-115,"155","2003-02-28",7343
8304,"Gan McGee","Alexandre Dantas",-800,500,"265","2003-02-28",7344
8305,"Yves Edwards","Rich Clementi",-500,350,"155","2003-02-28",7345
8306,"Tito Ortiz","Ken Shamrock",-160,120,"205","2002-11-22",7346
8307,"Chuck Liddell","Renato Sobral",-375,275,"205","2002-11-22",7347
8308,"Matt Hughes","Gil Castillo",-550,350,"170","2002-11-22",7348
8309,"Carlos Newton","Pete Spratt",-350,250,"170","2002-11-22",7349
8311,"Andrei Arlovski","Ian Freeman",120,-160,"265","2002-11-22",7351
8312,"Phillip Miller","Mark Weir",160,-120,"185","2002-11-22",7353
558,"CJ Vergara","Vinicius Salvador",-175,145,"125","2023-07-29",392
562,"Miranda Maverick","Priscila Cachoeira",-285,240,"125","2023-07-29",396
592,"Alexandre Pantoja","Brandon Moreno",165,-200,"125","2023-07-08",426
618,"Justin Tafa","Austen Lane",-180,150,"265","2023-06-24",452
622,"Randy Brown","Wellington Turman",-230,190,"170","2023-06-24",456
638,"Tereza Bledá","Gabriella Fernandes",-230,185,"125","2023-06-17",472
664,"Philipe Lins","Maxim Grishin",110,-130,"205","2023-06-03",498
694,"Kennedy Nzechukwu","Devin Clark",-185,150,"205","2023-05-06",528
740,"Christian Rodriguez","Raul Rosas Jr.",200,-250,"135","2023-04-08",574
584,"Melsik Baghdasaryan","Tucker Lutz",-160,135,"145","2023-07-15",418
567,"Fares Ziam","Jai Herbert",-165,140,"155","2023-07-22",401
577,"Jafel Filho","Daniel Barez",-120,100,"125","2023-07-22",411
599,"Alonzo Menifield","Jimmy Crute",120,-150,"205","2023-07-08",433
554,"Derrick Lewis","Marcos Rogério de Lima",180,-225,"265","2023-07-29",388
647,"Jasmine Jasudavicius","Miranda Maverick",200,-250,"125","2023-06-10",481
671,"Karolina Kowalkiewicz","Vanessa Demopoulos",-135,110,"115","2023-05-20",505
707,"Cody Durden","Charles Johnson",115,-140,"125","2023-04-29",541
727,"Rafa García","Clay Guida",-270,210,"155","2023-04-15",561
748,"Cory Sandhagen","Marlon Vera",-160,135,"135","2023-03-25",582
756,"CJ Vergara","Daniel Lacerda",-295,220,"125","2023-03-25",590
761,"Jennifer Maia","Casey O'Neill",145,-175,"125","2023-03-18",595
776,"Jonathan Martinez","Said Nurmagomedov",190,-230,"135","2023-03-11",610
787,"Alexa Grasso","Valentina Shevchenko",575,-900,"125","2023-03-04",621
802,"Tatiana Suarez","Montana De La Rosa",-800,550,"125","2023-02-25",636
814,"Alexander Hernandez","Jim Miller",-235,190,"155","2023-02-18",648
826,"Modestas Bukauskas","Tyson Pedro",190,-230,"205","2023-02-11",660
841,"Rinya Nakamura","Toshiomi Kazama",-450,350,"135","2023-02-04",675
853,"Gabriel Bonfim","Mounir Lazzez",-175,145,"170","2023-01-21",687
854,"Jailton Almeida","Shamil Abdurakhimov",-1100,700,"265","2023-01-21",688
862,"Roman Kopylov","Punahele Soriano",130,-160,"185","2023-01-14",696
874,"Alex Caceres","Julian Erosa",145,-170,"145","2022-12-17",708
902,"Phil Rowe","Niko Price",115,-140,"170","2022-12-03",736
912,"Muslim Salikhov","Andre Fialho",-105,-115,"170","2022-11-19",746
928,"Erin Blanchfield","Molly McCann",-400,310,"125","2022-11-12",762
940,"Miranda Maverick","Shanna Young",-650,475,"125","2022-11-05",774
951,"Roman Dolidze","Phil Hawes",145,-175,"185","2022-10-29",785
957,"Islam Makhachev","Charles Oliveira",-190,160,"155","2022-10-22",791
969,"Alexa Grasso","Viviane Araujo",-230,190,"125","2022-10-15",803
979,"Pete Rodriguez","Mike Jackson",-700,500,"170","2022-10-15",813
994,"Joe Pyfer","Alen Amedovski",-550,400,"185","2022-09-17",828
1005,"Khamzat Chimaev","Kevin Holland",-610,460,"180","2022-09-10",839
1021,"William Gomis","Jarno Errens",-220,180,"145","2022-09-03",855
1030,"Paulo Costa","Luke Rockhold",-350,275,"185","2022-08-20",864
1042,"Nate Landwehr","David Onama",270,-340,"145","2022-08-13",876
1049,"Nina Nunes","Cynthia Calvillo",165,-200,"125","2022-08-13",883
1054,"Jamahal Hill","Thiago Santos",-330,260,"205","2022-08-06",888
8263,"Evan Tanner","Phil Baroni",-115,-115,"185","2004-06-19",7285
8265,"Georges St-Pierre","Jay Hieron",-275,225,"170","2004-06-19",7287
8315,"Benoit Saint-Denis","Thiago Moisés",-165,135,"155","2023-09-02",7599
8316,"Volkan Oezdemir","Bogdan Guskov",-190,155,"205","2023-09-02",7600
8317,"William Gomis","Yanis Ghemmouri",-210,170,"145","2023-09-02",7601
8318,"Morgan Charriere","Manolo Zecchini",-345,275,"145","2023-09-02",7602
8319,"Taylor Lapilus","Caolán Loughran",-175,145,"135","2023-09-02",7603
8320,"Ange Loosa","Rhys McKee",-165,140,"170","2023-09-02",7604
8321,"Nora Cornolle","Joselyne Edwards",100,-120,"135","2023-09-02",7605
8322,"Farid Basharat","Kleydson Rodrigues",-370,290,"135","2023-09-02",7606
8324,"Max Holloway","Chan Sung Jung",-800,550,"145","2023-08-26",7608
8325,"Anthony Smith","Ryan Spann",110,-130,"205","2023-08-26",7609
8326,"Giga Chikadze","Alex Caceres",-240,200,"145","2023-08-26",7610
8327,"Rinya Nakamura","Fernie Garcia",-800,550,"135","2023-08-26",7611
8328,"Erin Blanchfield","Taila Santos",-150,125,"125","2023-08-26",7612
8329,"Junior Tafa","Parker Porter",-145,120,"265","2023-08-26",7613
8330,"Waldo Cortes-Acosta","Łukasz Brzeski",-225,185,"265","2023-08-26",7614
8331,"Garrett Armfield","Toshiomi Kazama",-165,135,"135","2023-08-26",7615
8332,"Michał Oleksiejczuk","Chidi Njokuani",-115,-105,"185","2023-08-26",7616
8333,"Kenan Song","Rolando Bedoya",260,-325,"170","2023-08-26",7617
8334,"Billy Goff","Yusaku Kinoshita",115,-135,"170","2023-08-26",7618
8335,"JJ Aldrich","Na Liang",-550,400,"125","2023-08-26",7619
8336,"Seung Woo Choi","Jarno Errens",-155,130,"145","2023-08-26",7620
8338,"Weili Zhang","Amanda Lemos",-330,260,"115","2023-08-19",7622
8339,"Ian Machado Garry","Neil Magny",-500,380,"170","2023-08-19",7623
8340,"Mario Bautista","Da'Mon Blackshear",-210,170,"135","2023-08-19",7624
8341,"Marlon Vera","Pedro Munhoz",-185,155,"135","2023-08-19",7625
8342,"Brad Tavares","Chris Weidman",-245,200,"185","2023-08-19",7626
8343,"Gregory Rodrigues","Denis Tiuliulin",-375,290,"185","2023-08-19",7627
8313,"Ciryl Gane","Serghei Spivac",-175,150,"265","2023-09-02",7597
8314,"Manon Fiorot","Rose Namajunas",-200,160,"125","2023-09-02",7598
8323,"Jacqueline Cavalcanti","Zarah Fairn",-380,300,"140","2023-09-02",7607
8337,"Sean O'Malley","Aljamain Sterling",200,-250,"135","2023-08-19",7621
8344,"Kurt Holobaugh","Austin Hubbard",150,-175,"155","2023-08-19",7628
8345,"Brad Katona","Cody Gibson",-175,145,"135","2023-08-19",7629
8346,"Andre Petroski","Gerald Meerschaert",-230,190,"185","2023-08-19",7630
8347,"Natália Silva","Andrea Lee",-320,250,"125","2023-08-19",7631
8348,"Karine Silva","Maryna Moroz",-135,110,"125","2023-08-19",7632
8349,"Vicente Luque","Rafael dos Anjos",105,-125,"170","2023-08-12",7633
8350,"Cub Swanson","Hakeem Dawodu",185,-225,"145","2023-08-12",7634
8351,"Khalil Rountree","Chris Daukaus",-175,150,"205","2023-08-12",7635
8352,"Iasmin Lucindo","Polyana Viana",-200,165,"115","2023-08-12",7636
8353,"AJ Dobson","Tafon Nchukwi",125,-150,"185","2023-08-12",7637
8354,"Josh Fremd","Jamie Pickett",-350,275,"185","2023-08-12",7638
8355,"Marcus McGhee","JP Buys",-370,290,"135","2023-08-12",7639
8356,"Terrance McKinney","Mike Breeden",-275,225,"155","2023-08-12",7640
8357,"Isaac Dulgarian","Francis Marshall",145,-175,"145","2023-08-12",7641
8358,"Martin Buday","Josh Parisian",-220,180,"265","2023-08-12",7642
8359,"Jaqueline Amorim","Montserrat Ruiz",-240,200,"115","2023-08-12",7643
8360,"Da'Mon Blackshear","Jose Johnson",-290,235,"135","2023-08-12",7644
8361,"Luana Santos","Juliana Miller",-150,125,"125","2023-08-12",7645
8362,"Cory Sandhagen","Rob Font",-350,275,"140","2023-08-05",7646
8363,"Tatiana Suarez","Jéssica Andrade",-375,280,"115","2023-08-05",7647
8364,"Dustin Jacoby","Kennedy Nzechukwu",130,-155,"205","2023-08-05",7648
8365,"Diego Lopes","Gavin Tucker",-170,140,"145","2023-08-05",7649
8366,"Tanner Boser","Aleksa Camur",-155,130,"205","2023-08-05",7650
8367,"Ľudovít Klein","Ignacio Bahamondes",190,-225,"155","2023-08-05",7651
8368,"Kyler Phillips","Raoni Barcelos",-205,170,"135","2023-08-05",7652
8369,"Carlston Harris","Jeremiah Wells",100,-120,"170","2023-08-05",7653
8370,"Billy Quarantillo","Damon Jackson",-175,145,"145","2023-08-05",7654
8371,"Cody Durden","Jake Hadley",165,-200,"125","2023-08-05",7655
8372,"Sean Woodson","Dennis Buzukja",-185,155,"145","2023-08-05",7656
8373,"Asu Almabaev","Ode Osbourne",-190,160,"125","2023-08-05",7657
8399,"Kyle Nelson","Fernando Padilla",205,-250,"145","2023-09-16",7683
8401,"Roman Kopylov","Josh Fremd",-340,260,"185","2023-09-16",7685
8403,"Tracy Cortez","Jasmine Jasudavicius",-125,105,"125","2023-09-16",7687
8404,"Charlie Campbell","Alex Reyes",-500,360,"155","2023-09-16",7688
8405,"Josefine Knutsson","Marnic Mann",-700,500,"115","2023-09-16",7689
8406,"Sean Strickland","Israel Adesanya",470,-650,"185","2023-09-09",7690
8379,"Karolina Kowalkiewicz","Diana Belbiţă",-155,130,"115","2023-10-07",7663
8380,"Nate Maness","Mateus Mendonça",195,-240,"125","2023-10-07",7664
8382,"Aoriqileng","Johnny Munoz Jr.",-110,-110,"135","2023-10-07",7666
8393,"Mizuki Inoue","Hannah Goldy",-340,265,"115","2023-09-23",7677
8400,"Lupita Godinez","Elise Reed",-440,330,"115","2023-09-16",7684
8402,"Edgar Cháirez","Daniel Lacerda",-225,185,"125","2023-09-16",7686
8387,"Bryan Battle","AJ Fletcher",-190,160,"170","2023-09-23",7671
8388,"Charles Jourdain","Ricardo Ramos",-145,120,"145","2023-09-23",7672
8389,"Miles Johns","Dan Argueta",155,-185,"135","2023-09-23",7673
8390,"Tim Means","Andre Fialho",135,-165,"170","2023-09-23",7674
8391,"Cody Brundage","Jacob Malkoun",450,-600,"185","2023-09-23",7675
8392,"Mohammed Usman","Jake Collier",-145,120,"265","2023-09-23",7676
8396,"Jack Della Maddalena","Kevin Holland",-150,125,"170","2023-09-16",7680
8397,"Raul Rosas Jr.","Terrence Mitchell",-750,525,"135","2023-09-16",7681
8398,"Daniel Zellhuber","Christos Giagos",-290,235,"155","2023-09-16",7682
8374,"Bobby Green","Grant Dawson",350,-455,"155","2023-10-07",7658
8376,"Joaquin Buckley","Alex Morono",-170,145,"170","2023-10-07",7660
8377,"Drew Dober","Ricky Glenn",-410,320,"155","2023-10-07",7661
8378,"Bill Algeo","Alexander Hernandez",100,-120,"145","2023-10-07",7662
8381,"Vanessa Demopoulos","Kanako Murata",250,-320,"115","2023-10-07",7665
8383,"JJ Aldrich","Montana De La Rosa",125,-150,"125","2023-10-07",7667
8384,"Mateusz Gamrot","Rafael Fiziev",130,-155,"155","2023-09-23",7668
8385,"Bryce Mitchell","Dan Ige",-205,170,"145","2023-09-23",7669
8386,"Marina Rodriguez","Michelle Waterson-Gomez",-310,250,"115","2023-09-23",7670
8375,"Joe Pyfer","Abdul Razak Alhassan",-400,300,"185","2023-10-07",7659
8394,"Montserrat Rendon","Tamires Vidal",200,-250,"135","2023-09-23",7678
8395,"Alexa Grasso","Valentina Shevchenko",145,-175,"125","2023-09-16",7679
8419,"Khalil Rountree Jr.","Anthony Smith",-200,165,"205","2023-12-09",7703
8420,"Nasrat Haqparast","Jamie Mullarkey",-195,160,"155","2023-12-09",7704
8421,"Tim Elliott","Sumudaerji",-135,115,"135","2023-12-09",7705
8423,"Kevin Jousset","Kenan Song",-165,130,"170","2023-12-09",7707
8425,"Steve Garcia","Melquizael Costa",215,-270,"155","2023-12-09",7709
8426,"Luana Santos","Stephanie Egger",-150,125,"135","2023-12-09",7710
8427,"Tatsuro Taira","Carlos Hernandez",-600,430,"125","2023-12-09",7711
8428,"Talita Alencar","Rayanne Amanda",135,-165,"115","2023-12-09",7712
8429,"Arman Tsarukyan","Beneil Dariush",-300,240,"155","2023-12-02",7713
8430,"Jalin Turner","Bobby Green",-205,170,"155","2023-12-02",7714
8431,"Deiveson Figueiredo","Rob Font",110,-130,"135","2023-12-02",7715
8432,"Sean Brady","Kelvin Gastelum",-120,100,"170","2023-12-02",7716
8433,"Joaquim Silva","Clay Guida",-320,250,"155","2023-12-02",7717
8434,"Dustin Stoltzfus","Punahele Soriano",260,-325,"185","2023-12-02",7718
8435,"Miesha Tate","Julia Avila",115,-135,"135","2023-12-02",7719
8436,"Cody Brundage","Zach Reese",185,-225,"185","2023-12-02",7720
8437,"Drakkar Klose","Joe Solecki",-135,115,"155","2023-12-02",7721
8438,"Rodolfo Bellato","Ihor Potieria",-440,335,"205","2023-12-02",7722
8439,"Jared Gooden","Wellington Turman",165,-200,"170","2023-12-02",7723
8440,"Veronica Hardy","Jamey-Lyn Horth",160,-190,"125","2023-12-02",7724
8441,"Brendan Allen","Paul Craig",-435,330,"185","2023-11-18",7725
8442,"Michael Morales","Jake Matthews",-305,245,"170","2023-11-18",7726
8443,"Chase Hooper","Jordan Leavitt",-220,180,"155","2023-11-18",7727
8444,"Payton Talbott","Nick Aguirre",-775,525,"135","2023-11-18",7728
8445,"Amanda Ribas","Luana Pinheiro",-240,195,"115","2023-11-18",7729
8446,"Myktybek Orolbai","Uros Medic",-150,120,"170","2023-11-18",7730
8447,"Joanderson Brito","Jonathan Pearce",110,-130,"145","2023-11-18",7731
8448,"Jose Johnson","Chad Anheliger",-190,160,"135","2023-11-18",7732
8449,"Christian Leroy Duncan","Denis Tiuliulin",-385,295,"185","2023-11-18",7733
8450,"Mick Parkin","Caio Machado",-360,270,"265","2023-11-18",7734
8411,"Carlos Ulberg","Da Un Jung",-280,230,"205","2023-09-09",7695
8414,"Nasrat Haqparast","Landon Quiñones",-475,360,"155","2023-09-09",7698
8415,"Charles Radtke","Mike Mathetha",-330,260,"170","2023-09-09",7699
8407,"Alexander Volkov","Tai Tuivasa",-250,200,"265","2023-09-09",7691
8408,"Manel Kape","Felipe dos Santos",-400,310,"125","2023-09-09",7692
8409,"Justin Tafa","Austen Lane",-205,170,"265","2023-09-09",7693
8410,"Tyson Pedro","Anton Turkalj",-105,-115,"205","2023-09-09",7694
8412,"Chepe Mariscal","Jack Jenkins",170,-210,"145","2023-09-09",7696
8413,"Jamie Mullarkey","John Makdessi",-270,220,"155","2023-09-09",7697
8416,"Gabriel Miranda","Shane Young",140,-165,"145","2023-09-09",7700
8417,"Kevin Jousset","Kiefer Crosbie",-155,130,"170","2023-09-09",7701
8451,"Jeka Saragih","Lucas Alexander",390,-530,"148","2023-11-18",7735
8453,"Nikolas Motta","Trey Ogden",-135,110,"155","2023-11-18",7737
8454,"Rafael Estevam","Charles Johnson",-145,120,"128","2023-11-18",7738
8456,"Tom Aspinall","Sergei Pavlovich",-115,-105,"265","2023-11-11",7740
8457,"Jéssica Andrade","Mackenzie Dern",170,-205,"115","2023-11-11",7741
8458,"Benoit Saint-Denis","Matt Frevola",-235,185,"155","2023-11-11",7742
8459,"Diego Lopes","Pat Sabatini",100,-120,"145","2023-11-11",7743
8460,"Steve Erceg","Alessandro Costa",-200,165,"125","2023-11-11",7744
8461,"Lupita Godinez","Tabatha Ricci",-170,140,"115","2023-11-11",7745
8463,"Nazim Sadykhov","Viacheslav Borshchev",-135,115,"155","2023-11-11",7747
8422,"André Muniz","Jun Yong Park",145,-175,"185","2023-12-09",7706
8424,"Hyun Sung Park","Shannon Ross",-600,440,"125","2023-12-09",7708
8452,"Ailin Perez","Lucie Pudilová",-190,160,"135","2023-11-18",7736
8455,"Alex Pereira","Jiří Procházka",-125,105,"205","2023-11-11",7739
8462,"Mateusz Rębecki","Roosevelt Roberts",-625,440,"158","2023-11-11",7746
8418,"Yadong Song","Chris Gutierrez",-375,290,"135","2023-12-09",7702
8464,"Jared Gordon","Mark Madsen",-215,180,"155","2023-11-11",7748
8466,"Joshua Van","Kevin Borjas",-235,190,"125","2023-11-11",7750
8467,"Jamall Emmers","Dennis Buzukja",-265,215,"147","2023-11-11",7751
8468,"Jailton Almeida","Derrick Lewis",-500,370,"265","2023-11-04",7752
8469,"Nicolas Dalby","Gabriel Bonfim",455,-650,"170","2023-11-04",7753
8470,"Rodrigo Nascimento","Don'Tale Mayes",-200,165,"265","2023-11-04",7754
8471,"Caio Borralho","Abus Magomedov",-300,240,"185","2023-11-04",7755
8472,"Elves Brener","Kaynan Kruschewsky",-210,175,"165","2023-11-04",7756
8474,"Vitor Petrino","Modestas Bukauskas",-245,200,"205","2023-11-04",7758
8475,"Angela Hill","Denise Gomes",115,-135,"115","2023-11-04",7759
8476,"Eduarda Moura","Montserrat Conejo Ruiz",-625,450,"115","2023-11-04",7760
8478,"Islam Makhachev","Alexander Volkanovski",-260,210,"155","2023-10-21",7762
8479,"Khamzat Chimaev","Kamaru Usman",-350,270,"185","2023-10-21",7763
8480,"Magomed Ankalaev","Johnny Walker",-375,280,"205","2023-10-21",7764
8481,"Ikram Aliskerov","Warlley Alves",-600,430,"185","2023-10-21",7765
8482,"Said Nurmagomedov","Muin Gafurov",-230,190,"135","2023-10-21",7766
8483,"Muhammad Mokaev","Tim Elliott",-400,310,"125","2023-10-21",7767
8484,"Trevor Peek","Mohammad Yahya",-170,140,"155","2023-10-21",7768
8485,"Javid Basharat","Victor Henry",-600,425,"135","2023-10-21",7769
8486,"Sedriques Dumas","Abu Azaitar",-250,200,"185","2023-10-21",7770
8487,"Mike Breeden","Anshul Jubli",220,-270,"155","2023-10-21",7771
8488,"Muhammad Naimov","Nathaniel Wood",265,-340,"145","2023-10-21",7772
8490,"Shara Magomedov","Bruno Silva",-300,240,"185","2023-10-21",7774
8491,"Edson Barboza","Sodiq Yusuff",140,-165,"145","2023-10-14",7775
8492,"Viviane Araujo","Jennifer Maia",130,-155,"125","2023-10-14",7776
8493,"Jonathan Martinez","Adrian Yanez",-105,-115,"135","2023-10-14",7777
8494,"Michel Pereira","Andre Petroski",-205,170,"185","2023-10-14",7778
8495,"Christian Rodriguez","Cameron Saaiman",-160,135,"135","2023-10-14",7779
8496,"Darren Elkins","TJ Brown",150,-180,"145","2023-10-14",7780
8497,"Tainara Lisboa","Ravena Oliveira",-330,260,"135","2023-10-14",7781
8498,"Terrance McKinney","Brendon Marotte",-550,400,"155","2023-10-14",7782
8499,"Melissa Dixon","Irina Alekseeva",-150,125,"135","2023-10-14",7783
8500,"Chris Gutierrez","Alatengheili",-290,235,"135","2023-10-14",7784
8501,"Emily Ducote","Ashley Yoder",-400,310,"115","2023-10-14",7785
8465,"John Castañeda","Kyung Ho Kang",-135,110,"138","2023-11-11",7749
8473,"Elizeu Zaleski","Rinat Fakhretdinov",280,-370,"170","2023-11-04",7757
8477,"Marc Diakiese","Kauê Fernandes",-190,160,"155","2023-11-04",7761
8489,"Victoria Dudakova","Jinh Yu Frey",-535,400,"115","2023-10-21",7773
8502,"Leon Edwards","Colby Covington",-160,135,"170","2023-12-16",9226
8504,"Alexandre Pantoja","Brandon Royval",-190,160,"125","2023-12-16",9227
8506,"Shavkat Rakhmonov","Stephen Thompson",-650,455,"170","2023-12-16",9228
8508,"Paddy Pimblett","Tony Ferguson",-300,250,"155","2023-12-16",9229
8510,"Josh Emmett","Bryce Mitchell",185,-225,"145","2023-12-16",9230
8512,"Alonzo Menifield","Dustin Jacoby",220,-270,"205","2023-12-16",9231
8514,"Irene Aldana","Karol Rosa",-185,150,"135","2023-12-16",9232
8516,"Cody Garbrandt","Brian Kelleher",-190,160,"135","2023-12-16",9233
8520,"Tagir Ulanbekov","Cody Durden",-175,145,"125","2023-12-16",9235
8522,"Andre Fili","Lucas Almeida",-170,140,"145","2023-12-16",9236
8524,"Shamil Gaziev","Martin Buday",115,-135,"265","2023-12-16",9237
8526,"Magomed Ankalaev","Johnny Walker",-550,400,"205","2024-01-13",9215
8532,"Brunno Ferreira","Phil Hawes",-130,110,"185","2024-01-13",9218
8536,"Preston Parsons","Matthew Semelsberger",-105,-115,"170","2024-01-13",9220
8540,"Farid Basharat","Taylor Lapilus",-280,225,"135","2024-01-13",9222
8542,"Jean Silva","Westin Wilson",-950,625,"145","2024-01-13",9223
8544,"Nikolas Motta","Tom Nolan",275,-350,"155","2024-01-13",9224
8546,"Joshua Van","Felipe Bunes",-265,210,"125","2024-01-13",9225
8548,"Dricus Du Plessis","Sean Strickland",-110,-110,"185","2024-01-20",9203
8550,"Raquel Pennington","Mayra Bueno Silva",140,-165,"135","2024-01-20",9204
8552,"Neil Magny","Mike Malott",300,-380,"170","2024-01-20",9205
8556,"Movsar Evloev","Arnold Allen",-190,160,"145","2024-01-20",9207
8558,"Garrett Armfield","Brad Katona",185,-225,"135","2024-01-20",9208
8560,"Sean Woodson","Charles Jourdain",175,-210,"145","2024-01-20",9209
8562,"Ramon Taveras","Serhiy Sidey",165,-200,"139","2024-01-20",9210
8564,"Gillian Robertson","Polyana Viana",-300,250,"115","2024-01-20",9211
8566,"Sam Patterson","Yohan Lainesse",120,-140,"170","2024-01-20",9212
8568,"Jasmine Jasudavicius","Priscila Cachoeira",-425,330,"135","2024-01-20",9213
8570,"Jimmy Flick","Malcolm Gordon",165,-200,"127","2024-01-20",9214
8572,"Nassourdine Imavov","Roman Dolidze",-165,140,"185","2024-02-03",9190
8574,"Renato Moicano","Drew Dober",-180,155,"155","2024-02-03",9191
8576,"Randy Brown","Muslim Salikhov",-280,225,"170","2024-02-03",9192
8578,"Natália Silva","Viviane Araujo",-360,280,"125","2024-02-03",9193
8580,"Aliaskhab Khizriev","Makhmud Muradov",-150,125,"185","2024-02-03",9194
8582,"Charles Radtke","Gilbert Urbina",165,-200,"170","2024-02-03",9195
8584,"Molly McCann","Diana Belbiţă",-265,215,"115","2024-02-03",9196
8586,"Charles Johnson","Azat Maksum",190,-230,"125","2024-02-03",9197
8588,"Themba Gorimbo","Pete Rodriguez",-250,200,"170","2024-02-03",9198
8528,"Jim Miller","Gabriel Benítez",-155,125,"155","2024-01-13",9216
8530,"Mario Bautista","Ricky Simón",160,-190,"135","2024-01-13",9217
8538,"Marcus McGhee","Gaston Bolaños",-230,190,"135","2024-01-13",9221
8554,"Chris Curtis","Marc-André Barriault",-185,155,"185","2024-01-20",9206
8534,"Waldo Cortes-Acosta","Andrei Arlovski",-750,525,"265","2024-01-13",9219
8518,"Ariane Lipski","Casey O'Neill",160,-190,"125","2023-12-16",9234
8590,"Jeong Yeong Lee","Blake Bilder",-165,135,"145","2024-02-03",9199
8592,"Luana Carolina","Julija Stoliarenko",125,-150,"125","2024-02-03",9200
8594,"MarQuel Mederos","Landon Quiñones",-135,110,"155","2024-02-03",9201
8596,"Jamal Pogues","Thomas Petersen",140,-165,"265","2024-02-03",9202
8598,"Jack Hermansson","Joe Pyfer",210,-270,"185","2024-02-10",9176
8602,"Ihor Potieria","Robert Bryczek",135,-160,"185","2024-02-10",9178
8604,"Gregory Rodrigues","Brad Tavares",-250,205,"185","2024-02-10",9179
8606,"Michael Johnson","Darrius Flowers",-140,120,"155","2024-02-10",9180
8608,"Rodolfo Vieira","Armen Petrosyan",-120,100,"185","2024-02-10",9181
8610,"Carlos Prates","Trevin Giles",-225,185,"170","2024-02-10",9182
8612,"Bolaji Oki","Timmy Cuamba",-175,145,"155","2024-02-10",9183
8616,"Marcin Prachnio","Devin Clark",195,-240,"205","2024-02-10",9185
8618,"Max Griffin","Jeremiah Wells",125,-150,"170","2024-02-10",9186
8620,"Bogdan Guskov","Zac Pauga",100,-120,"205","2024-02-10",9187
8622,"Hyder Amil","Fernie Garcia",165,-195,"145","2024-02-10",9188
8624,"Daniel Marcos","Aoriqileng",-275,220,"135","2024-02-10",9189
8626,"Ilia Topuria","Alexander Volkanovski",115,-140,"145","2024-02-17",9164
8628,"Robert Whittaker","Paulo Costa",-205,170,"185","2024-02-17",9165
8630,"Ian Machado Garry","Geoff Neal",-275,210,"170","2024-02-17",9166
8632,"Merab Dvalishvili","Henry Cejudo",-260,210,"135","2024-02-17",9167
8634,"Anthony Hernandez","Roman Kopylov",-190,160,"185","2024-02-17",9168
8636,"Amanda Lemos","Mackenzie Dern",-135,115,"115","2024-02-17",9169
8638,"Rinya Nakamura","Carlos Vera",-1400,800,"135","2024-02-17",9171
8642,"Danny Barlow","Josh Quinlan",-200,165,"170","2024-02-17",9173
8644,"Oban Elliott","Val Woodburn",-310,250,"170","2024-02-17",9174
8646,"Miranda Maverick","Andrea Lee",-185,155,"125","2024-02-17",9175
8648,"Brandon Royval","Brandon Moreno",240,-300,"125","2024-02-24",9152
8650,"Brian Ortega","Yair Rodriguez",125,-150,"145","2024-02-24",9153
8652,"Daniel Zellhuber","Francisco Prado",-275,230,"155","2024-02-24",9154
8654,"Yazmin Jauregui","Sam Hughes",-600,425,"115","2024-02-24",9155
8656,"Manuel Torres","Chris Duncan",-190,160,"155","2024-02-24",9156
8660,"Jesus Aguilar","Mateus Mendonça",105,-125,"125","2024-02-24",9158
8662,"Edgar Cháirez","Daniel Lacerda",-500,370,"125","2024-02-24",9159
8664,"Fares Ziam","Claudio Puelles",-210,170,"155","2024-02-24",9160
8668,"Felipe dos Santos","Victor Altamirano",-300,240,"125","2024-02-24",9162
8670,"Muhammad Naimov","Erik Silva",-600,425,"145","2024-02-24",9163
8672,"Jairzinho Rozenstruik","Shamil Gaziev",150,-175,"265","2024-03-02",9141
8674,"Vitor Petrino","Tyson Pedro",-325,250,"205","2024-03-02",9142
8676,"Muhammad Mokaev","Alex Perez",-350,280,"125","2024-03-02",9143
8678,"Umar Nurmagomedov","Bekzat Almakhan",-1400,775,"135","2024-03-02",9144
8680,"Steve Erceg","Matt Schnell",-440,340,"125","2024-03-02",9145
8682,"Eryk Anders","Jamie Pickett",-520,390,"185","2024-03-02",9146
8684,"Vinicius Oliveira","Benardo Sopaj",-135,115,"135","2024-03-02",9147
8686,"Aiemann Zahabi","Javid Basharat",575,-900,"135","2024-03-02",9148
8688,"Christian Leroy Duncan","Claudio Ribeiro",-325,260,"185","2024-03-02",9149
8690,"Ľudovít Klein","AJ Cunningham",-900,600,"155","2024-03-02",9150
8694,"Sean O'Malley","Marlon Vera",-275,225,"135","2024-03-09",9127
8696,"Dustin Poirier","Benoit Saint Denis",175,-210,"155","2024-03-09",9128
8658,"Raoni Barcelos","Cristian Quiñonez",-170,145,"135","2024-02-24",9157
8666,"Ronaldo Rodríguez","Denys Bondar",-120,100,"125","2024-02-24",9161
8640,"Mingyang Zhang","Brendson Ribeiro",-120,100,"205","2024-02-17",9172
8692,"Loik Radzhabov","A. Al-Selwady",150,-185,"155","2024-03-02",9151
8698,"Michael Page","Kevin Holland",115,-135,"170","2024-03-09",9129
8700,"Jack Della Maddalena","Gilbert Burns",-165,135,"170","2024-03-09",9130
8702,"Petr Yan","Yadong Song",-155,130,"135","2024-03-09",9131
8704,"Curtis Blaydes","Jailton Almeida",115,-135,"265","2024-03-09",9132
8706,"Maycee Barber","Katlyn Cerminara",-205,165,"125","2024-03-09",9133
8708,"Mateusz Gamrot","Rafael dos Anjos",-480,360,"155","2024-03-09",9134
8710,"Kyler Phillips","Pedro Munhoz",-220,180,"135","2024-03-09",9135
8712,"Philipe Lins","Ion Cutelaba",120,-140,"205","2024-03-09",9136
8714,"Michel Pereira","Michał Oleksiejczuk",-150,125,"185","2024-03-09",9137
8716,"Robelis Despaigne","Josh Parisian",-400,310,"265","2024-03-09",9138
8718,"Asu Almabayev","CJ Vergara",-600,425,"125","2024-03-09",9139
8720,"Joanne Wood","Maryna Moroz",180,-225,"125","2024-03-09",9140
8722,"Marcin Tybura","Tai Tuivasa",-105,-115,"265","2024-03-16",9114
8724,"Bryan Battle","Ange Loosa",-180,150,"170","2024-03-16",9115
8728,"Christian Rodriguez","Isaac Dulgarian",165,-200,"145","2024-03-16",9117
8730,"Macy Chiasson","Pannie Kianzad",-230,190,"135","2024-03-16",9118
8732,"Gerald Meerschaert","Bryan Barberena",-250,200,"185","2024-03-16",9119
8734,"Mike Davis","Natan Levy",-500,380,"155","2024-03-16",9120
8736,"Chelsea Chandler","Josiane Nunes",120,-145,"135","2024-03-16",9121
8738,"Jafel Filho","Ode Osbourne",-160,130,"125","2024-03-16",9122
8740,"Danny Silva","Josh Culibao",150,-185,"145","2024-03-16",9123
8742,"Jaqueline Amorim","Cory McKenna",150,-180,"115","2024-03-16",9124
8744,"Thiago Moisés","Mitch Ramirez",-420,310,"155","2024-03-16",9125
8746,"Chad Anheliger","Charalampos Grigoriou",140,-165,"135","2024-03-16",9126
8748,"Rose Namajunas","Amanda Ribas",-210,170,"125","2024-03-23",9101
8750,"Karl Williams","Justin Tafa",-190,155,"265","2024-03-23",9102
8752,"Edmen Shahbazyan","AJ Dobson",-205,165,"185","2024-03-23",9103
8754,"Payton Talbott","Cameron Saaiman",-150,125,"135","2024-03-23",9104
8756,"Youssef Zalal","Billy Quarantillo",-110,-115,"145","2024-03-23",9105
8758,"Fernando Padilla","Luis Pajuelo",-165,140,"145","2024-03-23",9106
8760,"Trey Ogden","Kurt Holobaugh",-150,125,"155","2024-03-23",9107
8762,"Julian Erosa","Ricardo Ramos",140,-170,"145","2024-03-23",9108
8764,"Miles Johns","Cody Gibson",-140,115,"135","2024-03-23",9109
8766,"Jarno Errens","Steven Nguyen",150,-185,"145","2024-03-23",9110
8772,"Mick Parkin","Mohammed Usman",-150,125,"265","2024-03-23",9113
8774,"Manon Fiorot","Erin Blanchfield",160,-190,"125","2024-03-30",9088
8776,"Joaquin Buckley","Vicente Luque",-105,-115,"170","2024-03-30",9089
8778,"Chris Weidman","Bruno Silva",195,-235,"185","2024-03-30",9090
8780,"Nursulton Ruziboev","Sedriques Dumas",-225,185,"185","2024-03-30",9091
8782,"Kyle Nelson","Bill Algeo",200,-245,"145","2024-03-30",9092
8784,"Chidi Njokuani","Rhys McKee",-140,115,"170","2024-03-30",9093
8786,"Nate Landwehr","Jamall Emmers",155,-185,"145","2024-03-30",9094
8788,"Virna Jandiroba","Loopy Godinez",190,-230,"115","2024-03-30",9095
8790,"Julio Arce","Herbert Burns",-400,310,"145","2024-03-30",9096
8792,"Dennis Buzukja","Connor Matthews",-115,-105,"145","2024-03-30",9097
8794,"Ibo Aslan","Anton Turkalj",-125,105,"205","2024-03-30",9098
8796,"Jacob Malkoun","Andre Petroski",-250,200,"185","2024-03-30",9099
8798,"Caolán Loughran","Angel Pacheco",-375,290,"135","2024-03-30",9100
8770,"André Lima","Igor Severino",-185,150,"125","2024-03-23",9112
8768,"Darya Zheleznyakova","Montse Rendon",-215,175,"135","2024-03-23",9111
8726,"Ovince St. Preux","Kennedy Nzechukwu",500,-700,"205","2024-03-16",9116
8800,"Brendan Allen","Chris Curtis",-220,180,"185","2024-04-06",9076
8802,"Damon Jackson","Alexander Hernandez",160,-190,"145","2024-04-06",9077
8806,"Ignacio Bahamondes","Christos Giagos",-310,250,"155","2024-04-06",9079
8808,"Charlie Campbell","Trevor Peek",-160,135,"155","2024-04-06",9080
8810,"Alex Morono","Court McGee",-360,285,"170","2024-04-06",9081
8812,"Łukasz Brzeski","Valter Walker",200,-250,"265","2024-04-06",9082
8814,"Norma Dumont","Germaine de Randamie",-115,-105,"135","2024-04-06",9083
8818,"Jean Matsumoto","Dan Argueta",-160,135,"135","2024-04-06",9085
8822,"Nora Cornolle","Melissa Mullins",280,-360,"135","2024-04-06",9087
8824,"Alex Pereira","Jamahal Hill",-130,110,"205","2024-04-13",9063
8828,"Max Holloway","Justin Gaethje",155,-190,"155","2024-04-13",9065
8830,"Arman Tsarukyan","Charles Oliveira",-200,165,"155","2024-04-13",9066
8832,"Bo Nickal","Cody Brundage",-1600,850,"185","2024-04-13",9067
8836,"Aljamain Sterling","Calvin Kattar",-185,150,"145","2024-04-13",9069
8838,"Kayla Harrison","Holly Holm",-450,350,"135","2024-04-13",9070
8840,"Diego Lopes","Sodiq Yusuff",-150,125,"145","2024-04-13",9071
8842,"Renato Moicano","Jalin Turner",220,-270,"155","2024-04-13",9072
8844,"Jéssica Andrade","Marina Rodriguez",-160,130,"115","2024-04-13",9073
8846,"King Green","Jim Miller",-195,165,"155","2024-04-13",9074
8848,"Deiveson Figueiredo","Cody Garbrandt",-380,300,"135","2024-04-13",9075
8850,"Alex Perez","Matheus Nicolau",150,-180,"125","2024-04-27",9050
8852,"Bogdan Guskov","Ryan Spann",145,-175,"205","2024-04-27",9051
8856,"Jhonata Diniz","Austen Lane",-330,260,"265","2024-04-27",9053
8858,"David Onama","Jonathan Pearce",125,-150,"145","2024-04-27",9054
8860,"Uros Medic","Tim Means",-300,245,"170","2024-04-27",9055
8862,"Victor Henry","Rani Yahya",-425,325,"135","2024-04-27",9056
8864,"Austin Hubbard","Michal Figlak",145,-175,"155","2024-04-27",9057
8866,"Don'Tale Mayes","Caio Machado",100,-120,"265","2024-04-27",9058
8868,"Ketlen Souza","Marnic Mann",-380,300,"115","2024-04-27",9059
8870,"Chris Padilla","James Llontop",340,-450,"155","2024-04-27",9060
8876,"Alexandre Pantoja","Steve Erceg",-185,150,"125","2024-05-04",9037
8880,"Anthony Smith","Vitor Petrino",400,-550,"205","2024-05-04",9039
8882,"Michel Pereira","Ihor Potieria",-550,400,"185","2024-05-04",9040
8884,"Caio Borralho","Paul Craig",-600,430,"185","2024-05-04",9041
8886,"Joanderson Brito","Jack Shore",-200,165,"145","2024-05-04",9042
8888,"Iasmin Lucindo","Karolina Kowalkiewicz",-375,280,"115","2024-05-04",9043
8890,"Myktybek Orolbai","Elves Brener",-260,210,"155","2024-05-04",9044
8892,"Drakkar Klose","Joaquim Silva",-210,175,"155","2024-05-04",9045
8894,"Mauricio Ruffy","Jamie Mullarkey",-260,220,"155","2024-05-04",9046
8896,"Dione Barbosa","Ernesta Kareckaite",-225,185,"125","2024-05-04",9047
8898,"Ismael Bonfim","Vinc Pichel",-550,400,"155","2024-05-04",9048
8900,"Alessandro Costa","Kevin Borjas",-135,115,"125","2024-05-04",9049
8804,"Chepe Mariscal","Morgan Charrière",120,-140,"145","2024-04-06",9078
8816,"Victor Hugo","Pedro Falcão",-155,130,"135","2024-04-06",9084
8820,"César Almeida","Dylan Budka",125,-150,"185","2024-04-06",9086
8834,"Jiří Procházka","Aleksandar Rakić",105,-125,"205","2024-04-13",9068
8872,"Ivana Petrović","Na Liang",-500,380,"125","2024-04-27",9061
8874,"Maheshate","Gabriel Benítez",-235,195,"155","2024-04-27",9062
8878,"José Aldo","Jonathan Martinez",145,-175,"135","2024-05-04",9038
8826,"Weili Zhang","Xiaonan Yan",-550,390,"115","2024-04-13",9064
8854,"Karine Silva","Ariane Lipski",-160,135,"125","2024-04-27",9052
8902,"Derrick Lewis","Rodrigo Nascimento",-165,135,"265","2024-05-11",9025
8904,"Joaquin Buckley","Nursulton Ruziboev",-135,115,"170","2024-05-11",9026
8906,"Carlos Ulberg","Alonzo Menifield",-275,220,"205","2024-05-11",9027
8908,"Diego Ferreira","Mateusz Rębecki",380,-500,"155","2024-05-11",9028
8910,"Sean Woodson","Alex Caceres",-220,180,"145","2024-05-11",9029
8914,"Chase Hooper","Viacheslav Borshchev",115,-140,"155","2024-05-11",9031
8916,"Esteban Ribovics","Terrance McKinney",-165,140,"155","2024-05-11",9032
8918,"Tabatha Ricci","Tecia Pennington",-135,115,"115","2024-05-11",9033
8920,"Trey Waters","Billy Ray Goff",-165,135,"170","2024-05-11",9034
8922,"Charles Johnson","Jake Hadley",110,-135,"125","2024-05-11",9035
8924,"Veronica Hardy","JJ Aldrich",-140,115,"125","2024-05-11",9036
8926,"Lerone Murphy","Edson Barboza",-150,125,"145","2024-05-18",9013
8928,"Khaos Williams","Carlston Harris",-130,110,"170","2024-05-18",9014
8930,"Themba Gorimbo","Ramiz Brahimaj",-145,120,"170","2024-05-18",9015
8932,"Adrian Yanez","Vinicius Salvador",-425,330,"135","2024-05-18",9016
8934,"Angela Hill","Luana Pinheiro",-145,120,"115","2024-05-18",9017
8936,"Tom Nolan","Victor Martinez",-500,360,"155","2024-05-18",9018
8938,"Oumar Sy","Tuco Tokkos",-455,350,"205","2024-05-18",9019
8940,"Melissa Gatto","Tamires Vidal",-340,265,"135","2024-05-18",9020
8942,"Abus Magomedov","Warlley Alves",-275,220,"185","2024-05-18",9021
8944,"Ariane Carnelossi","Piera Rodriguez",185,-225,"115","2024-05-18",9022
8946,"Alatengheili","Kleydson Rodrigues",125,-150,"135","2024-05-18",9023
8948,"Vanessa Demopoulos","Emily Ducote",290,-375,"115","2024-05-18",9024
8950,"Islam Makhachev","Dustin Poirier",-500,360,"155","2024-06-01",9001
8952,"Sean Strickland","Paulo Costa",-260,210,"185","2024-06-01",9002
8954,"Kevin Holland","Michał Oleksiejczuk",-300,240,"185","2024-06-01",9003
8956,"Niko Price","Alex Morono",240,-300,"170","2024-06-01",9004
8962,"Jailton Almeida","Alexandr Romanov",-350,275,"265","2024-06-01",9007
8964,"Grant Dawson","Joe Solecki",-525,400,"155","2024-06-01",9008
8966,"Jake Matthews","Phil Rowe",-175,145,"170","2024-06-01",9009
8968,"Bassil Hafez","Mickey Gall",-425,325,"170","2024-06-01",9010
8974,"Nassourdine Imavov","Jared Cannonier",-125,105,"185","2024-06-08",8987
8976,"Dominick Reyes","Dustin Jacoby",200,-240,"205","2024-06-08",8988
8978,"Raul Rosas Jr.","Ricky Turcios",-225,185,"135","2024-06-08",8989
8980,"Brunno Ferreira","Dustin Stoltzfus",-275,220,"185","2024-06-08",8990
8982,"Zach Reese","Julian Marquez",120,-140,"185","2024-06-08",8991
8984,"Punahele Soriano","Miguel Baeza",165,-200,"170","2024-06-08",8992
8986,"Ľudovít Klein","Thiago Moisés",-135,110,"155","2024-06-08",8993
8988,"Carlos Prates","Charles Radtke",-240,195,"170","2024-06-08",8994
8990,"Brad Katona","Jesse Butler",-650,460,"135","2024-06-08",8995
8992,"Montana De La Rosa","Andrea Lee",130,-155,"125","2024-06-08",8996
8994,"Daniel Marcos","John Castañeda",-120,100,"135","2024-06-08",8997
8996,"Denise Gomes","Eduarda Moura",165,-200,"115","2024-06-08",8998
8998,"Taylor Lapilus","Cody Stamann",-280,225,"135","2024-06-08",8999
9000,"Puja Tomar","Rayanne dos Santos",280,-360,"115","2024-06-08",9000
8960,"Roman Kopylov","César Almeida",-105,-115,"185","2024-06-01",9006
8970,"Ailín Pérez","Joselyne Edwards",-210,175,"135","2024-06-01",9011
8972,"André Lima","Mitch Raposo",-320,250,"130","2024-06-01",9012
8912,"Waldo Cortes-Acosta","Robelis Despaigne",205,-250,"265","2024-05-11",9030
8958,"Randy Brown","E. Zaleski dos Santos",-190,155,"170","2024-06-01",9005
9002,"Tatsuro Taira","Alex Perez",-250,205,"125","2024-06-15",8976
9006,"Lucas Almeida","Timmy Cuamba",165,-200,"145","2024-06-15",8978
9008,"Brady Hiestand","Garrett Armfield",165,-195,"135","2024-06-15",8979
9010,"Asu Almabayev","Jose Johnson",-560,405,"125","2024-06-15",8980
9012,"Adam Fugitt","Josh Quinlan",105,-125,"170","2024-06-15",8981
9014,"Nate Maness","Jimmy Flick",-560,410,"125","2024-06-15",8982
9016,"Gabriella Fernandes","Carli Judice",-165,135,"125","2024-06-15",8983
9018,"Westin Wilson","Jeka Saragih",280,-360,"145","2024-06-15",8984
9020,"Melquizael Costa","Shayilan Nuerdanbieke",-195,165,"145","2024-06-15",8985
9022,"Josefine Knutsson","Julia Polastri",-190,155,"115","2024-06-15",8986
9024,"Robert Whittaker","Ikram Aliskerov",-160,130,"185","2024-06-22",8965
9026,"Alexander Volkov","Sergei Pavlovich",195,-245,"265","2024-06-22",8966
9028,"Kelvin Gastelum","Daniel Rodriguez",-225,185,"185","2024-06-22",8967
9032,"Volkan Oezdemir","Johnny Walker",-110,-110,"205","2024-06-22",8969
9034,"Nasrat Haqparast","Jared Gordon",-235,190,"155","2024-06-22",8970
9036,"Felipe Lima","Muhammad Naimov",-120,100,"145","2024-06-22",8971
9038,"Rinat Fakhretdinov","Nicolas Dalby",-375,290,"170","2024-06-22",8972
9040,"Muin Gafurov","Kyung Ho Kang",-165,135,"135","2024-06-22",8973
9042,"Magomed Gadzhiyasulov","Brendson Ribeiro",-330,260,"205","2024-06-22",8974
9046,"Alex Pereira","Jiří Procházka",-150,125,"205","2024-06-29",8952
9050,"Roman Dolidze","Anthony Smith",-140,120,"205","2024-06-29",8954
9052,"Macy Chiasson","Mayra Bueno Silva",-110,-110,"135","2024-06-29",8955
9054,"Ian Machado Garry","Michael Page",-190,160,"170","2024-06-29",8956
9058,"Andre Fili","Cub Swanson",-225,185,"145","2024-06-29",8958
9060,"Jean Silva","Charles Jourdain",110,-135,"145","2024-06-29",8959
9062,"Payton Talbott","Yanis Ghemmouri",-1600,850,"135","2024-06-29",8960
9066,"Martin Buday","Andrei Arlovski",-280,225,"265","2024-06-29",8962
9068,"Rei Tsuruya","Carlos Hernandez",-420,310,"125","2024-06-29",8963
9072,"Rose Namajunas","Tracy Cortez",-280,225,"125","2024-07-13",8940
9074,"Muslim Salikhov","Santiago Ponzinibbio",150,-180,"170","2024-07-13",8941
9076,"Jean Silva","Drew Dober",-120,100,"155","2024-07-13",8942
9078,"Gabriel Bonfim","Ange Loosa",-395,310,"170","2024-07-13",8943
9080,"Julian Erosa","Christian Rodriguez",205,-250,"145","2024-07-13",8944
9082,"Cody Brundage","Abdul Razak Alhassan",145,-175,"185","2024-07-13",8945
9084,"Charles Johnson","Joshua Van",195,-250,"125","2024-07-13",8946
9086,"Jasmine Jasudavicius","Fatima Kline",-125,105,"125","2024-07-13",8947
9088,"Montel Jackson","Da'Mon Blackshear",-145,120,"135","2024-07-13",8948
9090,"Luana Santos","Mariya Agapova",-400,300,"125","2024-07-13",8949
9092,"Andre Petroski","Josh Fremd",-110,-110,"185","2024-07-13",8950
9094,"Evan Elder","Darrius Flowers",-420,320,"170","2024-07-13",8951
9096,"Virna Jandiroba","Amanda Lemos",-130,110,"115","2024-07-20",8929
9098,"Steve Garcia","Seung Woo Choi",-150,125,"145","2024-07-20",8930
9100,"Kurt Holobaugh","Kaynan Kruschewsky",120,-140,"155","2024-07-20",8931
9102,"Bruno Silva","Cody Durden",-110,-110,"125","2024-07-20",8932
9030,"Shara Magomedov","Antonio Trócoli",-650,475,"185","2024-06-22",8968
9056,"Joe Pyfer","Marc-André Barriault",-325,260,"185","2024-06-29",8957
9070,"Vinicius Oliveira","Ricky Simón",210,-260,"135","2024-06-29",8964
9004,"Miles Johns","D. Silva de Andrade",-175,145,"135","2024-06-15",8977
9044,"Chang Ho Lee","Long Xiao",-110,-110,"135","2024-06-22",8975
9064,"Gillian Robertson","M. Waterson-Gomez",-190,160,"115","2024-06-29",8961
9108,"Cody Gibson","Brian Kelleher",-205,170,"135","2024-07-20",8935
9110,"Miranda Maverick","Dione Barbosa",-225,185,"125","2024-07-20",8936
9112,"Trey Ogden","Loik Radzhabov",-105,-115,"155","2024-07-20",8937
9114,"Luana Carolina","Lucie Pudilová",-115,-105,"125","2024-07-20",8938
9116,"Thomas Petersen","Mohammed Usman",100,-120,"265","2024-07-20",8939
9118,"Belal Muhammad","Leon Edwards",215,-265,"170","2024-07-27",8915
9120,"Tom Aspinall","Curtis Blaydes",-400,310,"265","2024-07-27",8916
9122,"Paddy Pimblett","King Green",-135,110,"155","2024-07-27",8917
9124,"Gregory Rodrigues","Christian Leroy Duncan",105,-125,"185","2024-07-27",8918
9126,"Arnold Allen","Giga Chikadze",-275,225,"145","2024-07-27",8919
9128,"Nathaniel Wood","Daniel Pineda",-450,350,"145","2024-07-27",8920
9130,"Bruna Brasil","Molly McCann",275,-350,"115","2024-07-27",8921
9132,"Jake Hadley","Caolán Loughran",200,-250,"135","2024-07-27",8922
9134,"Muhammad Mokaev","Manel Kape",-220,180,"125","2024-07-27",8923
9136,"Oban Elliott","Preston Parsons",140,-165,"170","2024-07-27",8924
9138,"Modestas Bukauskas","Marcin Prachnio",-160,135,"205","2024-07-27",8925
9140,"Sam Patterson","Kiefer Crosbie",-480,360,"170","2024-07-27",8926
9142,"Mick Parkin","Łukasz Brzeski",-550,400,"265","2024-07-27",8927
9144,"Shauna Bannon","Alice Ardelean",-190,160,"115","2024-07-27",8928
9146,"Umar Nurmagomedov","Cory Sandhagen",-360,285,"135","2024-08-03",8902
9148,"Shara Magomedov","Michał Oleksiejczuk",-325,260,"185","2024-08-03",8903
9150,"Deiveson Figueiredo","Marlon Vera",-135,115,"135","2024-08-03",8904
9152,"Michael Chiesa","Tony Ferguson",-500,370,"170","2024-08-03",8905
9154,"Mackenzie Dern","Loopy Godinez",-135,110,"115","2024-08-03",8906
9156,"Joel Alvarez","Elves Brener",-155,130,"155","2024-08-03",8907
9158,"Azamat Murzakanov","Alonzo Menifield",-210,175,"205","2024-08-03",8908
9160,"Kauê Fernandes","Mohammad Yahya",-395,310,"155","2024-08-03",8909
9162,"Shamil Gaziev","Don'Tale Mayes",-270,220,"265","2024-08-03",8910
9164,"Guram Kutateladze","Jordan Vucenic",-230,190,"155","2024-08-03",8911
9166,"Sam Hughes","Victoria Dudakova",140,-165,"115","2024-08-03",8912
9168,"Jai Herbert","Rolando Bedoya",-135,110,"155","2024-08-03",8913
9170,"Sedriques Dumas","Denis Tiuliulin",-225,185,"185","2024-08-03",8914
9172,"Serghei Spivac","Marcin Tybura",-150,125,"265","2024-08-10",8892
9174,"Chepe Mariscal","Damon Jackson",-185,155,"145","2024-08-10",8893
9176,"Danny Barlow","Nikolay Veretennikov",-375,285,"170","2024-08-10",8894
9178,"Chris Gutierrez","Quang Le",-600,425,"135","2024-08-10",8895
9180,"Yana Santos","Chelsea Chandler",-145,120,"135","2024-08-10",8896
9182,"Toshiomi Kazama","Charalampos Grigoriou",210,-260,"135","2024-08-10",8897
9184,"Karol Rosa","Pannie Kianzad",-205,170,"135","2024-08-10",8898
9186,"Jhonata Diniz","Karl Williams",165,-200,"265","2024-08-10",8899
9188,"Youssef Zalal","Jarno Errens",-450,340,"145","2024-08-10",8900
9190,"Stephanie Luciano","Talita Alencar",-155,130,"115","2024-08-10",8901
9192,"Dricus Du Plessis","Israel Adesanya",110,-135,"185","2024-08-17",8880
9194,"Kai Kara-France","Steve Erceg",190,-230,"125","2024-08-17",8881
9196,"Dan Hooker","Mateusz Gamrot",210,-260,"155","2024-08-17",8882
9198,"Jairzinho Rozenstruik","Tai Tuivasa",-185,160,"265","2024-08-17",8883
9202,"Valter Walker","Junior Tafa",-110,-110,"265","2024-08-17",8885
9104,"Doo Ho Choi","Bill Algeo",145,-175,"145","2024-07-20",8933
9106,"Hyder Amil","Jeong Yeong Lee",155,-185,"145","2024-07-20",8934
9200,"Carlos Prates","Jingliang Li",-230,190,"170","2024-08-17",8884
9204,"Ricardo Ramos","Josh Culibao",145,-170,"145","2024-08-17",8886
9206,"Casey O'Neill","Luana Santos",125,-150,"125","2024-08-17",8887
9208,"Jack Jenkins","Herbert Burns",-550,410,"145","2024-08-17",8888
9210,"Tom Nolan","Alex Reyes",-1100,700,"155","2024-08-17",8889
9212,"Kenan Song","Ricky Glenn",-230,190,"170","2024-08-17",8890
9214,"Jesus Aguilar","Stewart Nicoll",185,-225,"127","2024-08-17",8891
9216,"Caio Borralho","Jared Cannonier",-250,205,"185","2024-08-24",8869
9218,"Tabatha Ricci","Angela Hill",-155,130,"115","2024-08-24",8870
9220,"Ryan Loder","Robert Valentin",115,-140,"185","2024-08-24",8871
9222,"Mairon Santos","Kaan Ofli",-200,165,"145","2024-08-24",8872
9224,"Michael Morales","Neil Magny",-900,600,"170","2024-08-24",8873
9226,"Gerald Meerschaert","Edmen Shahbazyan",250,-310,"185","2024-08-24",8874
9228,"Francis Marshall","Dennis Buzukja",-180,150,"155","2024-08-24",8875
9232,"Viacheslav Borshchev","James Llontop",-240,200,"155","2024-08-24",8877
9234,"Jacqueline Cavalcanti","Josiane Nunes",-275,225,"135","2024-08-24",8878
9238,"Sean Brady","Gilbert Burns",-190,160,"170","2024-09-07",8857
9240,"Natália Silva","Jéssica Andrade",-320,250,"125","2024-09-07",8858
9242,"Steve Garcia","Kyle Nelson",-185,155,"145","2024-09-07",8859
9244,"Cody Durden","Matt Schnell",-300,240,"135","2024-09-07",8860
9246,"Yanal Ashmouz","Trevor Peek",105,-125,"155","2024-09-07",8861
9248,"Chris Padilla","Rongzhu",200,-250,"155","2024-09-07",8862
9250,"Isaac Dulgarian","Brendon Marotte",-2500,1200,"145","2024-09-07",8863
9254,"Gabriel Santos","Yizha",-265,210,"145","2024-09-07",8865
9256,"Jaqueline Amorim","Vanessa Demopoulos",-310,250,"115","2024-09-07",8866
9258,"Andre Petroski","Dylan Budka",-265,215,"185","2024-09-07",8867
9260,"Nathan Fletcher","Zygimantas Ramaska",-135,115,"145","2024-09-07",8868
9262,"Merab Dvalishvili","Sean O'Malley",105,-125,"135","2024-09-14",8847
9264,"Valentina Shevchenko","Alexa Grasso",105,-125,"125","2024-09-14",8848
9266,"Diego Lopes","Brian Ortega",-195,165,"145","2024-09-14",8849
9268,"Esteban Ribovics","Daniel Zellhuber",160,-190,"155","2024-09-14",8850
9272,"Norma Dumont","Irene Aldana",-115,-105,"135","2024-09-14",8852
9274,"Ignacio Bahamondes","Manuel Torres",120,-140,"155","2024-09-14",8853
9276,"Ketlen Souza","Yazmin Jauregui",380,-500,"115","2024-09-14",8854
9278,"Joshua Van","Edgar Cháirez",-290,235,"125","2024-09-14",8855
9280,"Raul Rosas Jr.","Aoriqileng",-1000,650,"135","2024-09-14",8856
9282,"Renato Moicano","Benoit Saint Denis",235,-290,"155","2024-09-28",8833
9284,"Nassourdine Imavov","Brendan Allen",-205,170,"185","2024-09-28",8834
9286,"William Gomis","Joanderson Brito",260,-340,"145","2024-09-28",8835
9288,"Bryan Battle","Kevin Jousset",-160,135,"170","2024-09-28",8836
9292,"Fares Ziam","Matt Frevola",-135,110,"155","2024-09-28",8838
9294,"Ion Cutelaba","Ivan Erslan",-105,-120,"205","2024-09-28",8839
9296,"Oumar Sy","Da Woon Jung",-600,430,"205","2024-09-28",8840
9298,"Ľudovít Klein","Roosevelt Roberts",-1000,650,"155","2024-09-28",8841
9300,"Taylor Lapilus","Vince Morales",-370,290,"135","2024-09-28",8842
9304,"Daniel Barez","Victor Altamirano",110,-135,"125","2024-09-28",8844
9252,"André Lima","Felipe dos Santos",-180,150,"125","2024-09-07",8864
9270,"Ronaldo Rodríguez","Ode Osbourne",-190,160,"125","2024-09-14",8851
9290,"Morgan Charrière","Gabriel Miranda",-650,475,"145","2024-09-28",8837
9236,"Cong Wang","Victoria Leonardo",-1300,730,"125","2024-08-24",8879
9302,"Ailín Pérez","Darya Zheleznyakova",-240,195,"135","2024-09-28",8843
9230,"Zach Reese","José Medina",-800,550,"185","2024-08-24",8876
9306,"Jacqueline Cavalcanti","Nora Cornolle",-210,175,"135","2024-09-28",8845
9308,"Chris Duncan","Bolaji Oki",155,-190,"155","2024-09-28",8846
9310,"Alex Pereira","Khalil Rountree Jr.",-480,360,"205","2024-10-05",8821
9316,"Roman Dolidze","Kevin Holland",125,-150,"185","2024-10-05",8824
9318,"Kayla Harrison","Ketlen Vieira",-1100,700,"135","2024-10-05",8825
9320,"Joaquin Buckley","Stephen Thompson",-225,185,"170","2024-10-05",8826
9322,"Iasmin Lucindo","Marina Rodriguez",-175,145,"115","2024-10-05",8827
9324,"Alexander Hernandez","Austin Hubbard",-110,-110,"155","2024-10-05",8828
9330,"Tecia Pennington","Carla Esparza",-175,145,"115","2024-10-05",8831
9332,"Court McGee","Tim Means",165,-195,"170","2024-10-05",8832
9334,"Brandon Royval","Tatsuro Taira",250,-310,"125","2024-10-12",8809
9336,"Jun Yong Park","Brad Tavares",-200,165,"185","2024-10-12",8810
9338,"Chidi Njokuani","Jared Gooden",-165,140,"170","2024-10-12",8811
9342,"Daniel Rodriguez","Alex Morono",-225,185,"170","2024-10-12",8813
9344,"Ramazan Temirov","CJ Vergara",-350,280,"125","2024-10-12",8814
9346,"Pat Sabatini","Jonathan Pearce",150,-180,"145","2024-10-12",8815
9348,"Themba Gorimbo","Niko Price",-310,250,"170","2024-10-12",8816
9350,"Junior Tafa","Sean Sharaf",-305,245,"265","2024-10-12",8817
9352,"Julia Polastri","Cory McKenna",-115,-105,"115","2024-10-12",8818
9354,"Cody Haddon","Dan Argueta",-165,135,"135","2024-10-12",8819
9356,"Clayton Carpenter","Lucas Rocha",-230,190,"125","2024-10-12",8820
9358,"Anthony Hernandez","Michel Pereira",-135,115,"185","2024-10-19",8798
9360,"Rob Font","Kyler Phillips",350,-455,"135","2024-10-19",8799
9362,"Charles Johnson","Sumudaerji",-225,185,"125","2024-10-19",8800
9364,"Cameron Smotherman","Jake Hadley",380,-500,"135","2024-10-19",8801
9366,"Darren Elkins","Daniel Pineda",-115,-105,"145","2024-10-19",8802
9368,"Asu Almabayev","Matheus Nicolau",-210,170,"125","2024-10-19",8803
9370,"Jean Matsumoto","Brad Katona",-220,180,"135","2024-10-19",8804
9372,"Joselyne Edwards","Tamires Vidal",-260,210,"135","2024-10-19",8805
9374,"Elise Reed","Jessica Penne",-185,155,"115","2024-10-19",8806
9376,"Melissa Martinez","Alice Ardelean",-135,110,"115","2024-10-19",8807
9378,"Austen Lane","Robelis Despaigne",275,-350,"265","2024-10-19",8808
9380,"Ilia Topuria","Max Holloway",-260,210,"145","2024-10-26",8785
9382,"Khamzat Chimaev","Robert Whittaker",-230,190,"185","2024-10-26",8786
9386,"Lerone Murphy","Dan Ige",-350,275,"145","2024-10-26",8788
9388,"Shara Magomedov","Armen Petrosyan",-185,150,"185","2024-10-26",8789
9392,"Geoff Neal","Rafael dos Anjos",-250,200,"170","2024-10-26",8791
9394,"Mateusz Rębecki","Myktybek Orolbai",200,-250,"160","2024-10-26",8792
9396,"Abus Magomedov","Brunno Ferreira",-160,130,"185","2024-10-26",8793
9398,"Kennedy Nzechukwu","Chris Barnett",-750,525,"265","2024-10-26",8794
9400,"Farid Basharat","Victor Hugo",-700,500,"145","2024-10-26",8795
9402,"Ismail Naurdiev","Bruno Silva",-175,145,"185","2024-10-26",8796
9404,"Rinat Fakhretdinov","Carlos Leal",-225,185,"170","2024-10-26",8797
9312,"Julianna Peña","Raquel Pennington",130,-160,"135","2024-10-05",8822
9314,"Mario Bautista","José Aldo",-125,105,"135","2024-10-05",8823
9326,"César Almeida","Ihor Potieria",-485,360,"185","2024-10-05",8829
9340,"Grant Dawson","Rafa García",-360,280,"155","2024-10-12",8812
9384,"Magomed Ankalaev","Aleksandar Rakić",-355,280,"205","2024-10-26",8787
9390,"Ibo Aslan","Raffael Cerqueira",-105,-115,"205","2024-10-26",8790
9328,"Ryan Spann","Ovince St. Preux",-250,200,"205","2024-10-05",8830
9406,"Brandon Moreno","Amir Albazi",-175,145,"125","2024-11-02",8772
9408,"Erin Blanchfield","Rose Namajunas",-135,115,"125","2024-11-02",8773
9410,"Brendson Ribeiro","Caio Machado",125,-150,"205","2024-11-02",8774
9416,"Mike Malott","Trevin Giles",-320,250,"170","2024-11-02",8777
9418,"Aiemann Zahabi","Pedro Munhoz",-140,120,"135","2024-11-02",8778
9420,"Charles Jourdain","Victor Henry",-140,120,"135","2024-11-02",8779
9422,"Youssef Zalal","Jack Shore",-340,260,"145","2024-11-02",8780
9424,"Alexandr Romanov","Rodrigo Nascimento",-110,-110,"265","2024-11-02",8781
9426,"Serhiy Sidey","Garrett Armfield",-135,115,"135","2024-11-02",8782
9428,"Cody Gibson","Chad Anheliger",-205,170,"135","2024-11-02",8783
9432,"Carlos Prates","Neil Magny",-800,550,"170","2024-11-09",8761
9434,"Reinier de Ridder","Gerald Meerschaert",-300,250,"185","2024-11-09",8762
9438,"Gillian Robertson","Luana Pinheiro",-400,300,"115","2024-11-09",8764
9442,"Denise Gomes","Karolina Kowalkiewicz",-520,390,"115","2024-11-09",8766
9446,"Charles Radtke","Matthew Semelsberger",-165,135,"170","2024-11-09",8768
9448,"Da'Mon Blackshear","Cody Stamann",-275,225,"135","2024-11-09",8769
9454,"Jon Jones","Stipe Miocic",-650,455,"265","2024-11-16",8749
9456,"Charles Oliveira","Michael Chandler",-265,210,"155","2024-11-16",8750
9458,"Bo Nickal","Paul Craig",-1350,800,"185","2024-11-16",8751
9460,"Viviane Araujo","Karine Silva",240,-300,"125","2024-11-16",8752
9462,"Mauricio Ruffy","James Llontop",-900,600,"165","2024-11-16",8753
9464,"Marcus McGhee","Jonathan Martinez",-145,120,"135","2024-11-16",8754
9466,"Jim Miller","Damon Jackson",150,-185,"155","2024-11-16",8755
9468,"David Onama","Roberto Romero",-900,600,"155","2024-11-16",8756
9470,"Marcin Tybura","Jhonata Diniz",-145,120,"265","2024-11-16",8757
9472,"Ramiz Brahimaj","Mickey Gall",120,-145,"170","2024-11-16",8758
9474,"Oban Elliott","Bassil Hafez",-290,235,"170","2024-11-16",8759
9476,"Eduarda Moura","Veronica Hardy",115,-135,"125","2024-11-16",8760
9478,"Petr Yan","Deiveson Figueiredo",-305,245,"135","2024-11-23",8736
9482,"Muslim Salikhov","Kenan Song",-185,150,"170","2024-11-23",8738
9486,"Carlos Ulberg","Volkan Oezdemir",-230,190,"205","2024-11-23",8740
9498,"Lone'er Kavanagh","Jose Ochoa",-370,290,"125","2024-11-23",8746
9502,"Nikolas Motta","Maheshate",160,-190,"155","2024-11-23",8748
9504,"Alexandre Pantoja","Kai Asakura",-250,200,"125","2024-12-07",8722
9506,"Shavkat Rakhmonov","Ian Machado Garry",-400,310,"170","2024-12-07",8723
9414,"Dustin Stoltzfus","Marc-André Barriault",170,-205,"185","2024-11-02",8776
9430,"Jamey-Lyn Horth","Ivana Petrović",-225,185,"125","2024-11-02",8784
9436,"Gaston Bolaños","Cortavious Romious",180,-225,"135","2024-11-09",8763
9440,"Mansur Abdul-Malik","Duško Todorović",-480,360,"185","2024-11-09",8765
9450,"Tresean Gore","Antonio Trócoli",-175,145,"185","2024-11-09",8770
9452,"Melissa Mullins","Klaudia Syguła",-260,210,"135","2024-11-09",8771
9480,"Xiaonan Yan","Tabatha Ricci",-200,165,"115","2024-11-23",8737
9484,"Gabriella Fernandes","Cong Wang",625,-950,"125","2024-11-23",8739
9488,"Mingyang Zhang","Ozzy Diaz",-340,270,"205","2024-11-23",8741
9490,"Soo Young Yoo","Baergeng Jieleyisi",-165,140,"135","2024-11-23",8742
9412,"Jasmine Jasudavicius","Ariane Lipski",-225,185,"125","2024-11-02",8775
9492,"Dong Hun Choi","Kiru Sahota",-105,-115,"125","2024-11-23",8743
9494,"Ming Shi","Xiaocan Feng",320,-410,"115","2024-11-23",8744
9496,"Carlos Hernandez","N. Tumendemberel",-185,150,"125","2024-11-23",8745
9444,"E. Zaleski dos Santos","Zach Scroggin",-800,550,"170","2024-11-09",8767
9508,"Ciryl Gane","Alexander Volkov",-375,295,"265","2024-12-07",8724
9510,"Bryce Mitchell","Kron Gracie",-900,600,"145","2024-12-07",8725
9514,"Dominick Reyes","Anthony Smith",-370,290,"205","2024-12-07",8727
9516,"Vicente Luque","Themba Gorimbo",125,-150,"170","2024-12-07",8728
9518,"Movsar Evloev","Aljamain Sterling",-240,200,"145","2024-12-07",8729
9520,"Bryan Battle","Randy Brown",-200,170,"170","2024-12-07",8730
9522,"Eryk Anders","Chris Weidman",-105,-115,"195","2024-12-07",8731
9524,"Joshua Van","Cody Durden",-160,130,"125","2024-12-07",8732
9526,"Michael Chiesa","Max Griffin",-120,100,"170","2024-12-07",8733
9528,"Chase Hooper","Clay Guida",-1200,725,"155","2024-12-07",8734
9530,"Kennedy Nzechukwu","Łukasz Brzeski",-550,410,"265","2024-12-07",8735
9532,"Joaquin Buckley","Colby Covington",-225,185,"170","2024-12-14",8709
9534,"Cub Swanson","Billy Quarantillo",135,-160,"145","2024-12-14",8710
9536,"Manel Kape","Bruno Silva",-400,310,"125","2024-12-14",8711
9538,"Dustin Jacoby","Vitor Petrino",250,-310,"205","2024-12-14",8712
9540,"Daniel Marcos","Adrian Yanez",-225,185,"135","2024-12-14",8713
9542,"Navajo Stirling","Tuco Tokkos",-900,600,"205","2024-12-14",8714
9544,"Michael Johnson","Ottman Azaitar",-240,195,"155","2024-12-14",8715
9546,"Joel Alvarez","Drakkar Klose",-500,370,"155","2024-12-14",8716
9548,"Sean Woodson","Fernando Padilla",-150,125,"145","2024-12-14",8717
9550,"Felipe Lima","Miles Johns",-260,210,"145","2024-12-14",8718
9552,"Miranda Maverick","Jamey-Lyn Horth",-750,525,"125","2024-12-14",8719
9554,"Davey Grant","Ramon Taveras",-115,-105,"135","2024-12-14",8720
9556,"Piera Rodriguez","Josefine Knutsson",210,-260,"115","2024-12-14",8721
9558,"Mackenzie Dern","Amanda Ribas",160,-190,"115","2025-01-11",8695
9560,"Santiago Ponzinibbio","Carlston Harris",-140,115,"170","2025-01-11",8696
9564,"Roman Kopylov","Chris Curtis",-230,185,"185","2025-01-11",8698
9566,"Christian Rodriguez","Austin Bashi",215,-270,"145","2025-01-11",8699
9568,"Punahele Soriano","Uros Medic",180,-225,"170","2025-01-11",8700
9570,"Felipe Bunes","Jose Johnson",150,-180,"128","2025-01-11",8701
9572,"Marco Tulio","Ihor Potieria",-530,390,"188","2025-01-11",8702
9574,"Thiago Moisés","Trey Ogden",-175,145,"155","2025-01-11",8703
9576,"Jacobe Smith","Preston Parsons",-580,420,"170","2025-01-11",8704
9578,"Ernesta Kareckaite","Nicolle Caliari",-270,215,"125","2025-01-11",8705
9580,"Bruno Lopes","Magomed Gadzhiyasulov",215,-275,"205","2025-01-11",8706
9582,"Fatima Kline","Victoria Dudakova",-900,615,"115","2025-01-11",8707
9584,"Nurullo Aliev","Joe Solecki",-750,525,"155","2025-01-11",8708
9586,"Islam Makhachev","Renato Moicano",-950,600,"155","2025-01-18",8682
9588,"Merab Dvalishvili","Umar Nurmagomedov",225,-280,"135","2025-01-18",8683
9590,"Jiří Procházka","Jamahal Hill",110,-135,"205","2025-01-18",8684
9592,"Jailton Almeida","Serghei Spivac",-470,355,"265","2025-01-18",8685
9594,"Reinier de Ridder","Kevin Holland",-125,105,"185","2025-01-18",8686
9596,"Raoni Barcelos","Payton Talbott",710,-1150,"135","2025-01-18",8687
9598,"Azamat Bekoev","Zach Reese",-190,160,"185","2025-01-18",8688
9600,"Bogdan Guskov","Billy Elekana",-360,280,"205","2025-01-18",8689
9602,"Grant Dawson","Diego Ferreira",-250,200,"155","2025-01-18",8690
9606,"Muin Gafurov","Rinya Nakamura",430,-600,"135","2025-01-18",8692
9608,"Benardo Sopaj","Ricky Turcios",-250,205,"135","2025-01-18",8693
9562,"César Almeida","Abdul Razak Alhassan",-265,210,"185","2025-01-11",8697
9604,"Ailín Pérez","Karol Rosa",205,-250,"135","2025-01-18",8691
9512,"Doo Ho Choi","Nate Landwehr",110,-135,"145","2024-12-07",8726
9610,"Tagir Ulanbekov","Clayton Carpenter",-325,260,"125","2025-01-18",8694
9612,"Nassourdine Imavov","Israel Adesanya",140,-165,"185","2025-02-01",8671
9614,"Michael Page","Shara Magomedov",165,-200,"185","2025-02-01",8672
9616,"Sergei Pavlovich","Jairzinho Rozenstruik",-290,235,"265","2025-02-01",8673
9618,"Vinicius Oliveira","Said Nurmagomedov",135,-160,"135","2025-02-01",8674
9620,"Fares Ziam","Mike Davis",120,-140,"155","2025-02-01",8675
9622,"Muhammad Naimov","Kaan Ofli",-350,275,"145","2025-02-01",8676
9624,"Shamil Gaziev","Thomas Petersen",-350,275,"265","2025-02-01",8677
9628,"Jasmine Jasudavicius","Mayra Bueno Silva",-265,215,"125","2025-02-01",8679
9630,"Bogdan Grad","Lucas Alexander",100,-120,"145","2025-02-01",8680
9632,"Hamdy Abdelwahab","Jamal Pogues",-120,100,"265","2025-02-01",8681
9634,"Dricus Du Plessis","Sean Strickland",-210,170,"185","2025-02-08",8659
9636,"Weili Zhang","Tatiana Suarez",-150,125,"115","2025-02-08",8660
9638,"Tallison Teixeira","Justin Tafa",-155,130,"265","2025-02-08",8661
9640,"Jimmy Crute","Rodolfo Bellato",120,-140,"205","2025-02-08",8662
9642,"Jake Matthews","Francisco Prado",-245,200,"170","2025-02-08",8663
9644,"Gabriel Santos","Jack Jenkins",-225,185,"145","2025-02-08",8664
9646,"Tom Nolan","Viacheslav Borshchev",100,-120,"155","2025-02-08",8665
9650,"Aleksandre Topuria","Colby Thicknesse",-340,270,"135","2025-02-08",8667
9654,"Jonathan Micallef","Kevin Jousset",170,-210,"170","2025-02-08",8669
9656,"Quillan Salkilld","Anshul Jubli",-410,320,"155","2025-02-08",8670
9658,"Jared Cannonier","Gregory Rodrigues",190,-230,"185","2025-02-15",8647
9660,"Youssef Zalal","Calvin Kattar",-500,370,"145","2025-02-15",8648
9662,"Edmen Shahbazyan","Dylan Budka",-380,295,"185","2025-02-15",8649
9664,"Nazim Sadykhov","Ismael Bonfim",190,-230,"155","2025-02-15",8650
9666,"Andre Petroski","Rodolfo Vieira",225,-290,"185","2025-02-15",8651
9668,"Jose Delgado","Connor Matthews",-420,320,"145","2025-02-15",8652
9670,"Angela Hill","Ketlen Souza",-105,-115,"115","2025-02-15",8653
9672,"Rafael Estevam","Jesus Aguilar",-480,360,"125","2025-02-15",8654
9674,"Gabriel Bonfim","Khaos Williams",-225,185,"170","2025-02-15",8655
9676,"Elijah Smith","Vince Morales",-150,120,"135","2025-02-15",8656
9678,"Valter Walker","Don'Tale Mayes",-250,205,"265","2025-02-15",8657
9680,"Jacqueline Cavalcanti","Julia Avila",-700,500,"135","2025-02-15",8658
9682,"Yadong Song","Henry Cejudo",-260,210,"135","2025-02-22",8635
9684,"Anthony Hernandez","Brendan Allen",-330,260,"185","2025-02-22",8636
9686,"Rob Font","Jean Matsumoto",130,-160,"140","2025-02-22",8637
9688,"Jean Silva","Melsik Baghdasaryan",-550,400,"145","2025-02-22",8638
9690,"Alonzo Menifield","Julius Walker",-245,185,"205","2025-02-22",8639
9692,"Ion Cutelaba","Ibo Aslan",155,-185,"205","2025-02-22",8640
9694,"Melquizael Costa","Andre Fili",-130,110,"145","2025-02-22",8641
9696,"Mansur Abdul-Malik","Nick Klein",-1350,750,"185","2025-02-22",8642
9700,"Austin Vanderford","Nikolay Veretennikov",-115,-105,"175","2025-02-22",8644
9702,"Nursulton Ruziboev","Eric McConico",-270,220,"185","2025-02-22",8645
9706,"Manel Kape","Asu Almabayev",-220,180,"125","2025-03-01",8625
9708,"Cody Brundage","Julian Marquez",-105,-115,"185","2025-03-01",8626
9710,"Nasrat Haqparast","Esteban Ribovics",210,-265,"155","2025-03-01",8627
9626,"Terrance McKinney","Damir Hadžović",-550,400,"155","2025-02-01",8678
9698,"Ricky Simón","Javid Basharat",200,-245,"135","2025-02-22",8643
9648,"Cong Wang","Bruna Brasil",-330,260,"125","2025-02-08",8666
9704,"Modestas Bukauskas","Raffael Cerqueira",-285,230,"205","2025-02-22",8646
9712,"Hyder Amil","William Gomis",180,-220,"145","2025-03-01",8628
9714,"Sam Patterson","Danny Barlow",185,-225,"170","2025-03-01",8629
9716,"Mario Pinto","Austen Lane",-550,400,"265","2025-03-01",8630
9718,"Chepe Mariscal","Ricardo Ramos",-370,290,"145","2025-03-01",8631
9720,"Danny Silva","Lucas Almeida",-260,210,"145","2025-03-01",8632
9722,"JJ Aldrich","Andrea Lee",-190,160,"125","2025-03-01",8633
9724,"Ramazan Temirov","Charles Johnson",110,-130,"125","2025-03-01",8634
9726,"Magomed Ankalaev","Alex Pereira",100,-120,"205","2025-03-08",8615
9728,"Justin Gaethje","Rafael Fiziev",135,-160,"155","2025-03-08",8616
9730,"Ignacio Bahamondes","Jalin Turner",-125,105,"155","2025-03-08",8617
9732,"Amanda Lemos","Iasmin Lucindo",115,-150,"115","2025-03-08",8618
9734,"Mauricio Ruffy","King Green",-480,360,"155","2025-03-08",8619
9736,"Joshua Van","Rei Tsuruya",-165,135,"125","2025-03-08",8620
9738,"Brunno Ferreira","Armen Petrosyan",115,-135,"185","2025-03-08",8621
9740,"Carlos Leal","Alex Morono",-750,525,"170","2025-03-08",8622
9742,"Mairon Santos","Francis Marshall",-280,220,"145","2025-03-08",8623
9744,"Ozzy Diaz","Djorden Santos",165,-200,"185","2025-03-08",8624
9746,"Roman Dolidze","Marvin Vettori",135,-160,"185","2025-03-15",8602
9750,"Alexander Hernandez","Kurt Holobaugh",-205,170,"155","2025-03-15",8604
9752,"Da'Mon Blackshear","Cody Gibson",-485,370,"135","2025-03-15",8605
9754,"Brendson Ribeiro","Diyar Nurgozhay",300,-400,"205","2025-03-15",8606
9756,"Kevin Vallejos","Seung Woo Choi",-600,440,"145","2025-03-15",8607
9762,"Carlos Vera","Josias Musasa",550,-800,"135","2025-03-15",8610
9764,"Sam Hughes","Stephanie Luciano",195,-240,"115","2025-03-15",8611
9768,"Priscila Cachoeira","Josiane Nunes",155,-185,"135","2025-03-15",8613
9770,"Carli Judice","Yuneisy Duben",-370,290,"125","2025-03-15",8614
9772,"Sean Brady","Leon Edwards",-130,110,"170","2025-03-22",8589
9776,"Kevin Holland","Gunnar Nelson",110,-135,"170","2025-03-22",8591
9778,"Alexia Thainara","Molly McCann",-205,170,"115","2025-03-22",8592
9780,"Chris Duncan","Jordan Vucenic",245,-305,"155","2025-03-22",8593
9784,"Chris Padilla","Jai Herbert",105,-130,"155","2025-03-22",8595
9786,"Lone'er Kavanagh","Felipe dos Santos",-275,225,"125","2025-03-22",8596
9788,"Marcin Tybura","Mick Parkin",150,-180,"265","2025-03-22",8597
9790,"Christian Leroy Duncan","Andrey Pulyaev",-440,340,"185","2025-03-22",8598
9792,"Shauna Bannon","Puja Tomar",-205,170,"115","2025-03-22",8599
9794,"Caolán Loughran","Nathan Fletcher",130,-155,"135","2025-03-22",8600
9796,"Kauê Fernandes","Guram Kutateladze",300,-380,"155","2025-03-22",8601
9798,"Brandon Moreno","Steve Erceg",-265,215,"125","2025-03-29",8577
9800,"Manuel Torres","Drew Dober",-125,105,"155","2025-03-29",8578
9802,"Edgar Cháirez","CJ Vergara",-280,220,"125","2025-03-29",8579
9804,"Raul Rosas Jr.","Vince Morales",-480,360,"135","2025-03-29",8580
9806,"David Martinez","Saimon Oliveira",-500,380,"135","2025-03-29",8581
9766,"André Lima","Daniel Barez",-400,310,"125","2025-03-15",8612
9774,"Carlos Ulberg","Jan Błachowicz",-350,275,"205","2025-03-22",8590
9782,"Nathaniel Wood","Morgan Charrière",-110,-110,"145","2025-03-22",8594
9808,"Kevin Borjas","Ronaldo Rodríguez",130,-155,"125","2025-03-29",8582
9748,"Chidi Njokuani","E. Zaleski dos Santos",170,-210,"170","2025-03-15",8603
9758,"Waldo Cortes-Acosta","Ryan Spann",-180,150,"265","2025-03-15",8608
9760,"Soo Young Yoo","AJ Cunningham",-600,430,"135","2025-03-15",8609
9810,"Ateba Gautier","José Medina",-450,350,"185","2025-03-29",8583
9814,"Loopy Godinez","Julia Polastri",-240,190,"115","2025-03-29",8585
9818,"Jamall Emmers","Gabriel Miranda",-500,380,"145","2025-03-29",8587
9820,"MarQuel Mederos","Austin Hubbard",-155,130,"155","2025-03-29",8588
9822,"Lerone Murphy","Josh Emmett",-330,260,"145","2025-04-05",8565
9824,"Pat Sabatini","Joanderson Brito",180,-220,"145","2025-04-05",8566
9828,"Brad Tavares","Gerald Meerschaert",-165,140,"185","2025-04-05",8568
9830,"Ode Osbourne","Luis Gurule",205,-250,"125","2025-04-05",8569
9832,"Torrez Finney","Robert Valentin",-325,255,"185","2025-04-05",8570
9834,"Dione Barbosa","Diana Belbiţă",-1100,700,"125","2025-04-05",8571
9836,"Rhys McKee","Daniel Frunza",120,-140,"170","2025-04-05",8572
9838,"Loma Lookboonmee","Istela Nunes",-950,625,"115","2025-04-05",8573
9842,"Martin Buday","Uran Satybaldiev",-175,145,"265","2025-04-05",8575
9844,"Talita Alencar","Vanessa Demopoulos",-110,-110,"115","2025-04-05",8576
9847,"Paddy Pimblett","Michael Chandler",-160,135,"155","2025-04-12",8553
9848,"Yair Rodriguez","Patricio Pitbull",-165,140,"145","2025-04-12",8554
9849,"Jean Silva","Bryce Mitchell",-205,165,"145","2025-04-12",8555
9850,"Dominick Reyes","Nikita Krylov",135,-160,"205","2025-04-12",8556
9851,"Dan Ige","Sean Woodson",160,-190,"145","2025-04-12",8557
9853,"Chase Hooper","Jim Miller",-900,600,"155","2025-04-12",8559
9854,"Julian Erosa","Darren Elkins",-290,235,"145","2025-04-12",8560
9855,"Michał Oleksiejczuk","Sedriques Dumas",-190,155,"185","2025-04-12",8561
9856,"Sumudaerji","Mitch Raposo",-150,125,"125","2025-04-12",8562
9857,"Marco Tulio","Tresean Gore",-500,375,"185","2025-04-12",8563
9858,"Nora Cornolle","Hailey Cowan",-210,175,"135","2025-04-12",8564
9859,"Ian Machado Garry","Carlos Prates",-155,130,"170","2025-04-26",8538
9861,"David Onama","Giga Chikadze",-210,170,"145","2025-04-26",8540
9863,"Randy Brown","Nicolas Dalby",-305,235,"170","2025-04-26",8542
9864,"Ikram Aliskerov","André Muniz",-485,370,"185","2025-04-26",8543
9865,"Matt Schnell","Jimmy Flick",-160,135,"125","2025-04-26",8544
9866,"Evan Elder","Gauge Young",-200,165,"155","2025-04-26",8545
9867,"Chris Gutierrez","John Castañeda",-145,120,"145","2025-04-26",8546
9868,"Da'Mon Blackshear","Alatengheili",-550,400,"135","2025-04-26",8547
9869,"Malcolm Wellmaker","Cameron Saaiman",-120,100,"135","2025-04-26",8548
9870,"Jaqueline Amorim","Polyana Viana",-850,575,"115","2025-04-26",8549
9871,"Timmy Cuamba","Roberto Romero",-115,-105,"145","2025-04-26",8550
9873,"Cory Sandhagen","Deiveson Figueiredo",-500,380,"135","2025-05-03",8526
9874,"Reinier de Ridder","Bo Nickal",295,-375,"185","2025-05-03",8527
9875,"Daniel Rodriguez","Santiago Ponzinibbio",120,-150,"170","2025-05-03",8528
9876,"Montel Jackson","Daniel Marcos",-215,170,"135","2025-05-03",8529
9877,"Serhiy Sidey","Cameron Smotherman",-140,120,"135","2025-05-03",8530
9878,"Mason Jones","Jeremy Stephens",-670,475,"155","2025-05-03",8531
9879,"Yana Santos","Miesha Tate",110,-135,"135","2025-05-03",8532
9880,"Azamat Bekoev","Ryan Loder",-330,260,"185","2025-05-03",8533
9881,"Gillian Robertson","Marina Rodriguez",-250,205,"115","2025-05-03",8534
9883,"Thomas Petersen","Don'Tale Mayes",-305,240,"265","2025-05-03",8536
9886,"Valentina Shevchenko","Manon Fiorot",110,-130,"125","2025-05-10",8515
9888,"Natália Silva","Alexa Grasso",-250,205,"125","2025-05-10",8517
9889,"Benoit Saint Denis","Kyle Prepolec",-1600,850,"155","2025-05-10",8518
9890,"Mike Malott","Charles Radtke",-210,170,"170","2025-05-10",8519
9891,"Jasmine Jasudavicius","Jéssica Andrade",-320,250,"125","2025-05-10",8520
9892,"Modestas Bukauskas","Ion Cutelaba",100,-120,"205","2025-05-10",8521
9893,"Navajo Stirling","Ivan Erslan",-320,250,"205","2025-05-10",8522
9896,"Bekzat Almakhan","Brad Katona",-155,130,"135","2025-05-10",8525
9897,"Michael Morales","Gilbert Burns",-800,550,"170","2025-05-17",8503
9899,"Nursulton Ruziboev","Dustin Stoltzfus",-300,240,"185","2025-05-17",8505
9900,"Melquizael Costa","Julian Erosa",-180,145,"145","2025-05-17",8506
9901,"Gabe Green","Matheus Camilo",190,-230,"155","2025-05-17",8507
9902,"Jared Gordon","Thiago Moisés",-125,100,"155","2025-05-17",8508
9903,"Yadier del Valle","Connor Matthews",-550,400,"145","2025-05-17",8509
9904,"Luana Santos","Tainara Lisboa",-165,140,"135","2025-05-17",8510
9905,"Denise Gomes","Elise Reed",-625,455,"115","2025-05-17",8511
9906,"Hyun Sung Park","Carlos Hernandez",-185,155,"125","2025-05-17",8512
9908,"Mateusz Gamrot","Ľudovít Klein",-160,130,"155","2025-05-31",8494
9909,"Ramiz Brahimaj","Billy Ray Goff",310,-400,"170","2025-05-31",8495
9910,"Dustin Jacoby","Bruno Lopes",-185,155,"205","2025-05-31",8496
9911,"Ketlen Vieira","Macy Chiasson",125,-150,"144","2025-05-31",8497
9913,"Allan Nascimento","Jafel Filho",-125,105,"127","2025-05-31",8499
9914,"Jordan Leavitt","Kurt Holobaugh",-250,200,"155","2025-05-31",8500
9915,"Bolaji Oki","Michael Aswell Jr.",-435,330,"155","2025-05-31",8501
9916,"Alice Ardelean","Rayanne dos Santos",175,-210,"115","2025-05-31",8502
9917,"Merab Dvalishvili","Sean O'Malley",-285,230,"135","2025-06-07",8481
9919,"Joe Pyfer","Kelvin Gastelum",-420,310,"185","2025-06-07",8483
9920,"Mario Bautista","Patchy Mix",150,-190,"135","2025-06-07",8484
9922,"Joshua Van","Bruno Silva",-715,500,"125","2025-06-07",8486
9923,"Azamat Murzakanov","Brendson Ribeiro",-770,500,"205","2025-06-07",8487
9925,"Andreas Gustafsson","Khaos Williams",155,-185,"170","2025-06-07",8489
9816,"Rafa García","Vinc Pichel",-320,250,"155","2025-03-29",8586
9840,"Victor Henry","Pedro Falcão",-205,170,"135","2025-04-05",8574
9882,"Quang Le","Gaston Bolaños",105,-125,"135","2025-05-03",8535
9884,"Juliana Miller","Ivana Petrović",205,-250,"125","2025-05-03",8537
9894,"Marc-André Barriault","Bruno Silva",-165,140,"185","2025-05-10",8523
9912,"Zach Reese","Duško Todorović",-205,170,"185","2025-05-31",8498
9918,"Kayla Harrison","Julianna Peña",-750,500,"135","2025-06-07",8482
9927,"Joo Sang Yoo","Jeka Saragih",-600,420,"145","2025-06-07",8491
9826,"Chang Ho Lee","Cortavious Romious",-155,130,"139","2025-04-05",8567
9852,"Virna Jandiroba","Xiaonan Yan",-130,110,"115","2025-04-12",8558
9860,"Mingyang Zhang","Anthony Smith",-440,340,"205","2025-04-26",8539
9924,"Waldo Cortes-Acosta","Serghei Spivac",140,-175,"265","2025-06-07",8488
9895,"Daniel Santos","Jeong Yeong Lee",115,-135,"145","2025-05-10",8524
9926,"Cong Wang","Ariane Lipski",-575,425,"132","2025-06-07",8490
9929,"MarQuel Mederos","Mark Choinski",-150,125,"155","2025-06-07",8493
9930,"Kamaru Usman","Joaquin Buckley",205,-250,"170","2025-06-14",8468
9931,"Rose Namajunas","Miranda Maverick",-230,190,"125","2025-06-14",8469
9932,"Edmen Shahbazyan","Andre Petroski",-155,125,"185","2025-06-14",8470
9933,"Raoni Barcelos","Cody Garbrandt",-260,210,"135","2025-06-14",8471
9934,"Cody Brundage","Mansur Abdul-Malik",600,-900,"185","2025-06-14",8472
9935,"Alonzo Menifield","Oumar Sy",500,-715,"205","2025-06-14",8473
9936,"Paul Craig","Rodolfo Bellato",285,-360,"205","2025-06-14",8474
9937,"Michael Chiesa","Court McGee",-330,250,"170","2025-06-14",8475
9938,"Malcolm Wellmaker","Kris Moutinho",-1665,950,"135","2025-06-14",8476
9939,"Jose Ochoa","Cody Durden",-220,180,"125","2025-06-14",8477
9941,"Phil Rowe","Ange Loosa",125,-150,"170","2025-06-14",8479
9943,"Khalil Rountree Jr.","Jamahal Hill",-115,-105,"205","2025-06-21",8456
9944,"Rafael Fiziev","Ignacio Bahamondes",115,-140,"155","2025-06-21",8457
9945,"Curtis Blaydes","Rizvan Kuniev",-250,205,"265","2025-06-21",8458
9946,"Myktybek Orolbai","Tofiq Musayev",-165,135,"165","2025-06-21",8459
9947,"Nazim Sadykhov","Nikolas Motta",-435,320,"155","2025-06-21",8460
9948,"Muhammad Naimov","Bogdan Grad",-260,205,"145","2025-06-21",8461
9950,"Jun Yong Park","Ismail Naurdiev",-180,150,"185","2025-06-21",8463
9953,"Tagir Ulanbekov","Azat Maksum",-480,330,"125","2025-06-21",8466
9954,"Mohammed Usman","Hamdy Abdelwahab",135,-160,"265","2025-06-21",8467
9955,"Ilia Topuria","Charles Oliveira",-420,320,"155","2025-06-28",8445
9957,"Joshua Van","Brandon Royval",-125,105,"125","2025-06-28",8447
9958,"Beneil Dariush","Renato Moicano",-115,-110,"155","2025-06-28",8448
9959,"Payton Talbott","Felipe Lima",140,-165,"135","2025-06-28",8449
9960,"Gregory Rodrigues","Jack Hermansson",-215,165,"185","2025-06-28",8450
9961,"Jose Delgado","Hyder Amil",-130,110,"145","2025-06-28",8451
9962,"Tracy Cortez","Viviane Araujo",-225,185,"125","2025-06-28",8452
9963,"Terrance McKinney","Viacheslav Borshchev",-170,145,"155","2025-06-28",8453
9964,"Jacobe Smith","Niko Price",-2200,1050,"170","2025-06-28",8454
9965,"Jhonata Diniz","Alvin Hines",-500,360,"265","2025-06-28",8455
9966,"Derrick Lewis","Tallison Teixeira",250,-300,"265","2025-07-12",8433
9967,"Gabriel Bonfim","Stephen Thompson",-500,375,"170","2025-07-12",8434
9968,"Steve Garcia","Calvin Kattar",-170,150,"145","2025-07-12",8435
9971,"Tuco Tokkos","Junior Tafa",205,-245,"205","2025-07-12",8438
9972,"Chris Curtis","Max Griffin",-320,265,"170","2025-07-12",8439
9973,"Jake Matthews","Chidi Njokuani",-105,-110,"170","2025-07-12",8440
9974,"Eduarda Moura","Lauren Murphy",-475,375,"125","2025-07-12",8441
9975,"Valter Walker","Kennedy Nzechukwu",165,-195,"265","2025-07-12",8442
9976,"Mike Davis","Mitch Ramirez",-700,500,"155","2025-07-12",8443
9977,"Fatima Kline","Melissa Martinez",-905,675,"115","2025-07-12",8444
9978,"Max Holloway","Dustin Poirier",-120,105,"155","2025-07-19",8419
9980,"Daniel Rodriguez","Kevin Holland",450,-605,"170","2025-07-19",8421
9981,"Patricio Pitbull","Dan Ige",180,-220,"145","2025-07-19",8422
9982,"Michael Johnson","Daniel Zellhuber",555,-850,"155","2025-07-19",8423
9983,"Vinicius Oliveira","Kyler Phillips",-140,125,"135","2025-07-19",8424
9984,"Brendan Allen","Marvin Vettori",-185,160,"185","2025-07-19",8425
9985,"Nikolay Veretennikov","Francisco Prado",115,-130,"170","2025-07-19",8426
9986,"Ateba Gautier","Robert Valentin",-525,405,"185","2025-07-19",8427
9987,"Islam Dulatov","Adam Fugitt",-700,500,"170","2025-07-19",8428
9988,"Jimmy Crute","Marcin Prachnio",-320,270,"205","2025-07-19",8429
9990,"Brunno Ferreira","Jackson McVey",-525,410,"185","2025-07-19",8431
9991,"Carli Judice","Nicolle Caliari",-350,295,"125","2025-07-19",8432
9992,"Reinier de Ridder","Robert Whittaker",130,-150,"185","2025-07-26",8407
9993,"Petr Yan","Marcus McGhee",-360,305,"135","2025-07-26",8408
9995,"Asu Almabayev","Jose Ochoa",-105,-110,"125","2025-07-26",8410
9996,"Bogdan Guskov","Nikita Krylov",165,-190,"205","2025-07-26",8411
9997,"Bryce Mitchell","Said Nurmagomedov",-140,125,"135","2025-07-26",8412
9998,"Muslim Salikhov","Carlos Leal",375,-480,"170","2025-07-26",8413
10000,"Tabatha Ricci","Amanda Ribas",155,-180,"115","2025-07-26",8415
10001,"Billy Elekana","Ibo Aslan",255,-305,"205","2025-07-26",8416
10002,"Steven Nguyen","Mohammad Yahya",-415,325,"145","2025-07-26",8417
10003,"Martin Buday","Marcus Buchecha",215,-250,"265","2025-07-26",8418
10004,"Tatsuro Taira","Hyun Sung Park",-330,270,"125","2025-08-02",8395
10005,"Chris Duncan","Mateusz Rębecki",195,-230,"155","2025-08-02",8396
10006,"Esteban Ribovics","Elves Brener",-250,220,"155","2025-08-02",8397
10007,"Karol Rosa","Nora Cornolle",-155,135,"135","2025-08-02",8398
10009,"Kevin Vallejos","Danny Silva",-415,330,"145","2025-08-02",8400
10010,"Rinya Nakamura","Nathan Fletcher",-370,300,"135","2025-08-02",8401
10011,"Rodolfo Vieira","Tresean Gore",-220,185,"185","2025-08-02",8402
10013,"Austin Bashi","John Yannis",-850,635,"145","2025-08-02",8404
10014,"Rafael Estevam","Felipe Bunes",-705,525,"125","2025-08-02",8405
10015,"Piera Rodriguez","Ketlen Souza",-260,220,"115","2025-08-02",8406
10016,"Anthony Hernandez","Roman Dolidze",-310,265,"185","2025-08-09",8383
10017,"Steve Erceg","Ode Osbourne",-550,425,"135","2025-08-09",8384
10018,"Iasmin Lucindo","Angela Hill",-165,140,"115","2025-08-09",8385
10019,"Andre Fili","Christian Rodriguez",205,-240,"145","2025-08-09",8386
10020,"Jean Matsumoto","Miles Johns",-225,195,"135","2025-08-09",8387
10023,"Elijah Smith","Toshiomi Kazama",-725,550,"135","2025-08-09",8390
10024,"Joselyne Edwards","Priscila Cachoeira",-390,320,"135","2025-08-09",8391
10025,"Uros Medic","Gilbert Urbina",-280,240,"170","2025-08-09",8392
10026,"Gabriella Fernandes","Julija Stoliarenko",-425,340,"125","2025-08-09",8393
10027,"Eric McConico","Cody Brundage",170,-200,"205","2025-08-09",8394
9940,"Ricky Simón","Cameron Smotherman",-450,350,"135","2025-06-14",8478
9952,"Klaudia Syguła","Irina Alekseeva",220,-275,"135","2025-06-21",8465
9969,"Morgan Charrière","Nate Landwehr",-245,205,"145","2025-07-12",8436
9994,"Shara Magomedov","Marc-André Barriault",-625,485,"185","2025-07-26",8409
9949,"Seok Hyeon Ko","Oban Elliott",360,-485,"170","2025-06-21",8462
10008,"Neil Magny","E. Zaleski dos Santos",140,-160,"170","2025-08-02",8399
10022,"Julius Walker","Raffael Cerqueira",-650,505,"205","2025-08-09",8389
10080,"Jimmy Crute","Ivan Erslan",-230,190,"205","2025-09-27",8321
10091,"Alex Pereira","Magomed Ankalaev",195,-235,"205","2025-10-04",8306
10093,"Jiří Procházka","Khalil Rountree Jr.",-200,165,"205","2025-10-04",8308
10094,"Youssef Zalal","Josh Emmett",-500,380,"145","2025-10-04",8309
10095,"Joe Pyfer","Abus Magomedov",-250,200,"185","2025-10-04",8310
10096,"Ateba Gautier","Tre'ston Vines",-2000,950,"185","2025-10-04",8311
10099,"Edmen Shahbazyan","André Muniz",-320,260,"185","2025-10-04",8314
10100,"Punahele Soriano","Nikolay Veretennikov",-400,310,"170","2025-10-04",8315
10101,"Yana Santos","Macy Chiasson",170,-210,"137","2025-10-04",8316
10102,"Farid Basharat","Chris Gutierrez",-560,420,"135","2025-10-04",8317
10103,"Ramiz Brahimaj","Austin Vanderford",240,-295,"170","2025-10-04",8318
10104,"Veronica Hardy","Brogan Walker",-800,550,"125","2025-10-04",8319
10105,"Charles Oliveira","Mateusz Gamrot",-110,-110,"155","2025-10-11",8294
10107,"Joel Alvarez","Vicente Luque",-600,425,"170","2025-10-11",8296
10108,"Mario Pinto","Jhonata Diniz",-105,-115,"265","2025-10-11",8297
10109,"Kaan Ofli","Ricardo Ramos",170,-200,"145","2025-10-11",8298
10110,"Michael Aswell Jr.","Lucas Almeida",-260,215,"145","2025-10-11",8299
10111,"Jafel Filho","Clayton Carpenter",-125,105,"125","2025-10-11",8300
10112,"Vitor Petrino","Thomas Petersen",-300,240,"265","2025-10-11",8301
10113,"Bia Mesquita","Irina Alekseeva",-650,450,"135","2025-10-11",8302
10114,"Lucas Rocha","Stewart Nicoll",-115,-105,"125","2025-10-11",8303
10115,"Julia Polastri","Karolina Kowalkiewicz",-550,400,"115","2025-10-11",8304
10116,"Luan Lacerda","Saimon Oliveira",-350,275,"144","2025-10-11",8305
10117,"Brendan Allen","Reinier de Ridder",185,-225,"185","2025-10-18",8281
10118,"Mike Malott","Kevin Holland",-110,-105,"170","2025-10-18",8282
10120,"Manon Fiorot","Jasmine Jasudavicius",-230,190,"125","2025-10-18",8284
10121,"Charles Jourdain","Davey Grant",-185,150,"135","2025-10-18",8285
10122,"Kyle Nelson","Matt Frevola",-120,100,"155","2025-10-18",8286
10123,"Drew Dober","Kyle Prepolec",-330,265,"155","2025-10-18",8287
10124,"Aoriqileng","Cody Gibson",160,-190,"135","2025-10-18",8288
10125,"Bruno Silva","Hyun Sung Park",175,-210,"125","2025-10-18",8289
10126,"Djorden Santos","Danny Barlow",205,-250,"185","2025-10-18",8290
10128,"Yousri Belgaroui","Azamat Bekoev",240,-300,"185","2025-10-18",8292
10129,"Melissa Croden","Tainara Lisboa",-130,110,"135","2025-10-18",8293
10028,"Khamzat Chimaev","Dricus Du Plessis",-260,225,"185","2025-08-16",8371
10029,"Lerone Murphy","Aaron Pico",150,-170,"145","2025-08-16",8372
10030,"Carlos Prates","Geoff Neal",-190,165,"170","2025-08-16",8373
10031,"Michael Page","Jared Cannonier",-210,175,"185","2025-08-16",8374
10032,"Tim Elliott","Kai Asakura",250,-300,"125","2025-08-16",8375
10033,"Baisangur Susurkaev","Eric Nolan",-1200,750,"185","2025-08-16",8376
10034,"Michał Oleksiejczuk","Gerald Meerschaert",-210,180,"185","2025-08-16",8377
10035,"Loopy Godinez","Jéssica Andrade",-140,125,"115","2025-08-16",8378
10036,"Alexander Hernandez","Chase Hooper",315,-385,"155","2025-08-16",8379
10037,"Drakkar Klose","Edson Barboza",100,-115,"155","2025-08-16",8380
10039,"Joseph Morales","Alibi Idiris",365,-500,"125","2025-08-16",8382
10041,"Aljamain Sterling","Brian Ortega",-510,390,"153","2025-08-23",8360
10043,"Sumudaerji","Kevin Borjas",-170,145,"125","2025-08-23",8362
10044,"Taiyilake Nueraji","Kiefer Crosbie",-520,400,"170","2025-08-23",8363
10045,"Gauge Young","Maheshate",-150,130,"155","2025-08-23",8364
10046,"Charles Johnson","Lone'er Kavanagh",215,-255,"125","2025-08-23",8365
10047,"Rongzhu","Austin Hubbard",-285,245,"155","2025-08-23",8366
10048,"Kyle Daukaus","Michel Pereira",200,-235,"185","2025-08-23",8367
10052,"Nassourdine Imavov","Caio Borralho",110,-135,"185","2025-09-06",8346
10053,"Benoit Saint Denis","Mauricio Ruffy",135,-160,"155","2025-09-06",8347
10054,"Modestas Bukauskas","Paul Craig",-350,275,"205","2025-09-06",8348
10055,"Mason Jones","Bolaji Oki",-150,125,"155","2025-09-06",8349
10056,"Axel Sola","Rhys McKee",-130,110,"170","2025-09-06",8350
10058,"Oumar Sy","Brendson Ribeiro",-600,425,"205","2025-09-06",8352
10059,"Ante Delija","Marcin Tybura",-110,-110,"265","2025-09-06",8353
10060,"Kauê Fernandes","Harry Hardwick",-200,170,"155","2025-09-06",8354
10061,"Sam Patterson","Trey Waters",-190,160,"170","2025-09-06",8355
10062,"Robert Bryczek","Brad Tavares",175,-210,"185","2025-09-06",8356
10064,"Sam Hughes","Shauna Bannon",-260,210,"115","2025-09-06",8358
10065,"Diego Lopes","Jean Silva",205,-250,"145","2025-09-13",8332
10066,"David Martinez","Rob Font",100,-120,"135","2025-09-13",8333
10068,"Kelvin Gastelum","Dustin Stoltzfus",-230,190,"191","2025-09-13",8335
10069,"Alexander Hernandez","Diego Ferreira",100,-120,"155","2025-09-13",8336
10070,"Santiago Luna","Quang Le",-155,130,"135","2025-09-13",8337
10072,"Joaquim Silva","Claudio Puelles",110,-130,"155","2025-09-13",8339
10073,"Tatiana Suarez","Amanda Lemos",-430,340,"115","2025-09-13",8340
10074,"Jesus Aguilar","Luis Gurule",165,-200,"125","2025-09-13",8341
10075,"Zach Reese","Sedriques Dumas",-240,200,"185","2025-09-13",8342
10077,"Montse Rendon","Alice Pereira",125,-150,"135","2025-09-13",8344
10078,"Daniil Donchenko","Rodrigo Sezinando",-210,170,"170","2025-09-13",8345
10081,"Jack Jenkins","Ramon Taveras",-300,240,"145","2025-09-27",8322
10082,"Neil Magny","Jake Matthews",295,-370,"170","2025-09-27",8323
10083,"Tom Nolan","Charlie Campbell",-150,125,"155","2025-09-27",8324
10084,"Navajo Stirling","Rodolfo Bellato",-275,220,"205","2025-09-27",8325
10085,"Cam Rowston","Andre Petroski",155,-190,"185","2025-09-27",8326
10087,"Colby Thicknesse","Josias Musasa",150,-180,"135","2025-09-27",8328
10088,"Michelle Montague","Luana Carolina",-225,185,"135","2025-09-27",8329
10090,"Alexia Thainara","Loma Lookboonmee",-235,190,"115","2025-09-27",8331
10057,"William Gomis","Robert Ruchała",-270,220,"145","2025-09-06",8351
10067,"Rafa García","Jared Gordon",185,-225,"155","2025-09-13",8334
10089,"Brando Peričić","Elisha Ellison",-235,195,"265","2025-09-27",8330
10097,"Daniel Santos","Joo Sang Yoo",-140,120,"153","2025-10-04",8312
10098,"Jakub Wikłacz","Patchy Mix",280,-350,"135","2025-10-04",8313
10040,"Johnny Walker","Mingyang Zhang",300,-370,"205","2025-08-23",8359
10050,"Su Young You","Long Xiao",-135,115,"135","2025-08-23",8369
10071,"Duško Todorović","José Medina",-420,320,"185","2025-09-13",8338
10131,"Mackenzie Dern","Virna Jandiroba",-150,125,"115","2025-10-25",8269
10132,"Umar Nurmagomedov","Mario Bautista",-700,475,"135","2025-10-25",8270
10133,"Alexander Volkov","Jailton Almeida",155,-190,"265","2025-10-25",8271
10135,"Quillan Salkilld","Nasrat Haqparast",-120,100,"155","2025-10-25",8273
10136,"Ikram Aliskerov","Jun Yong Park",-220,180,"185","2025-10-25",8274
10138,"Valter Walker","Louie Sutherland",-405,320,"265","2025-10-25",8276
10139,"Nathaniel Wood","Jose Delgado",130,-155,"147","2025-10-25",8277
10140,"Hamdy Abdelwahab","Chris Barnett",-450,340,"265","2025-10-25",8278
10141,"Mitch Raposo","Azat Maksum",385,-500,"129","2025-10-25",8279
10142,"Mizuki Inoue","Jaqueline Amorim",380,-490,"115","2025-10-25",8280
10143,"Steve Garcia","David Onama",-135,115,"145","2025-11-01",8255
10145,"Jeremiah Wells","Themba Gorimbo",115,-140,"170","2025-11-01",8257
10146,"Yadier del Valle","Isaac Dulgarian",125,-145,"145","2025-11-01",8258
10147,"Charles Radtke","Daniel Frunza",-170,145,"170","2025-11-01",8259
10148,"Allan Nascimento","Cody Durden",-300,240,"130","2025-11-01",8260
10149,"Billy Elekana","Kevin Christian",-275,220,"205","2025-11-01",8261
10151,"Donte Johnson","Sedriques Dumas",-375,300,"185","2025-11-01",8263
10152,"Norma Dumont","Ketlen Vieira",-180,150,"135","2025-11-01",8264
10155,"Talita Alencar","Ariane Carnelossi",-220,180,"115","2025-11-01",8267
10156,"Gabriel Bonfim","Randy Brown",-170,140,"170","2025-11-08",8243
10157,"Joseph Morales","Matt Schnell",-450,350,"125","2025-11-08",8244
10158,"Uros Medic","Muslim Salikhov",-135,110,"170","2025-11-08",8245
10159,"Chris Padilla","Ismael Bonfim",-115,-105,"155","2025-11-08",8246
10160,"Christian Leroy Duncan","Marco Tulio",135,-160,"185","2025-11-08",8247
10161,"Jamall Emmers","Hyder Amil",120,-140,"145","2025-11-08",8248
10164,"Josh Hokit","Max Gimenis",-400,300,"265","2025-11-08",8251
10165,"Denise Gomes","Tecia Pennington",-185,150,"115","2025-11-08",8252
10166,"Daniel Marcos","Miles Johns",-180,150,"135","2025-11-08",8253
10167,"Zach Reese","Jackson McVey",-255,210,"195","2025-11-08",8254
10168,"Islam Makhachev","Jack Della Maddalena",-300,245,"170","2025-11-15",8229
10169,"Valentina Shevchenko","Weili Zhang",-140,120,"125","2025-11-15",8230
10170,"Michael Morales","Sean Brady",125,-150,"170","2025-11-15",8231
10171,"Carlos Prates","Leon Edwards",-160,135,"170","2025-11-15",8232
10172,"Benoit Saint Denis","Beneil Dariush",-220,180,"157","2025-11-15",8233
10174,"Gregory Rodrigues","Roman Kopylov",-190,160,"185","2025-11-15",8235
10175,"Erin Blanchfield","Tracy Cortez",-325,260,"125","2025-11-15",8236
10176,"Ethyn Ewing","Malcolm Wellmaker",330,-420,"145","2025-11-15",8237
10177,"Kyle Daukaus","Gerald Meerschaert",-500,380,"185","2025-11-15",8238
10178,"Pat Sabatini","Chepe Mariscal",-115,100,"145","2025-11-15",8239
10179,"Fatima Kline","Angela Hill",-590,430,"115","2025-11-15",8240
10180,"Baisangur Susurkaev","Eric McConico",-1400,800,"185","2025-11-15",8241
10181,"Matheus Camilo","Viacheslav Borshchev",-175,145,"155","2025-11-15",8242
10182,"Arman Tsarukyan","Dan Hooker",-800,550,"155","2025-11-22",8215
10184,"Volkan Oezdemir","Alonzo Menifield",-230,190,"205","2025-11-22",8217
10185,"Myktybek Orolbai","Jack Hermansson",-195,165,"170","2025-11-22",8218
10187,"Kyoji Horiguchi","Tagir Ulanbekov",190,-230,"125","2025-11-22",8220
10188,"Luke Riley","Bogdan Grad",-250,205,"145","2025-11-22",8221
10189,"Nicolas Dalby","Saygid Izagakhmaev",270,-335,"170","2025-11-22",8222
10190,"Asu Almabayev","Alex Perez",-205,170,"125","2025-11-22",8223
10192,"Aleksandre Topuria","Bekzat Almakhan",-140,120,"135","2025-11-22",8225
10193,"Ismail Naurdiev","Ryan Loder",-125,105,"185","2025-11-22",8226
10194,"Nurullo Aliev","Shem Rock",-320,260,"155","2025-11-22",8227
10197,"Joshua Van","Alexandre Pantoja",190,-235,"125","2025-12-06",8202
10198,"Tatsuro Taira","Brandon Moreno",-120,100,"125","2025-12-06",8203
10199,"Payton Talbott","Henry Cejudo",-250,205,"135","2025-12-06",8204
10201,"Manuel Torres","Grant Dawson",200,-250,"155","2025-12-06",8206
10202,"Chris Duncan","Terrance McKinney",-115,-105,"155","2025-12-06",8207
10203,"Maycee Barber","Karine Silva",-200,170,"125","2025-12-06",8208
10204,"Fares Ziam","Nazim Sadykhov",-195,165,"155","2025-12-06",8209
10205,"Brunno Ferreira","Marvin Vettori",100,-120,"189","2025-12-06",8210
10207,"Iwo Baraniewski","Ibo Aslan",-195,165,"205","2025-12-06",8212
10209,"Mairon Santos","Muhammad Naimov",-250,205,"148","2025-12-06",8214
10210,"Manel Kape","Brandon Royval",-280,230,"125","2025-12-13",8189
10211,"Kevin Vallejos","Giga Chikadze",-350,275,"145","2025-12-13",8190
10214,"Kennedy Nzechukwu","Marcus Buchecha",-125,110,"265","2025-12-13",8193
10215,"King Green","Lance Gibson Jr.",-190,160,"160","2025-12-13",8194
10216,"Yaroslav Amosov","Neil Magny",-500,380,"170","2025-12-13",8195
10217,"Joanderson Brito","Isaac Thomson",-240,200,"145","2025-12-13",8196
10219,"Luana Santos","Melissa Croden",-140,115,"135","2025-12-13",8198
10220,"Guilherme Pat","Allen Frye Jr.",-180,150,"265","2025-12-13",8199
10222,"Justin Gaethje","Paddy Pimblett",200,-250,"155","2026-01-24",8178
10223,"Sean O'Malley","Yadong Song",-220,180,"135","2026-01-24",8179
10225,"Natália Silva","Rose Namajunas",-320,250,"125","2026-01-24",8181
10226,"Jean Silva","Arnold Allen",-235,190,"145","2026-01-24",8182
10227,"Umar Nurmagomedov","Deiveson Figueiredo",-1600,900,"135","2026-01-24",8183
10228,"Ateba Gautier","Andrey Pulyaev",-1000,650,"185","2026-01-24",8184
10229,"Nikita Krylov","Modestas Bukauskas",115,-135,"205","2026-01-24",8185
10134,"Azamat Murzakanov","Aleksandar Rakić",100,-120,"205","2025-10-25",8272
10195,"Denzel Freeman","Marek Bujło",-235,195,"265","2025-11-22",8228
10200,"Jan Błachowicz","Bogdan Guskov",-110,-110,"205","2025-12-06",8205
10208,"Mansur Abdul-Malik","Antonio Trócoli",-1400,800,"185","2025-12-06",8213
10212,"Cezary Oleksiejczuk","César Almeida",-210,170,"185","2025-12-13",8191
10213,"Melquizael Costa","Morgan Charrière",-155,130,"145","2025-12-13",8192
10221,"Jamey-Lyn Horth","Tereza Bledá",160,-190,"125","2025-12-13",8200
10144,"Waldo Cortes-Acosta","Ante Delija",110,-130,"265","2025-11-01",8256
10150,"Timmy Cuamba","Chang Ho Lee",-110,-110,"135","2025-11-01",8262
10154,"Seok Hyeon Ko","Phil Rowe",-185,150,"170","2025-11-01",8266
10191,"Abdul Rakhman Yakhyaev","Raffael Cerqueira",-2000,950,"205","2025-11-22",8224
10224,"Waldo Cortes-Acosta","Derrick Lewis",-325,260,"265","2026-01-24",8180
10231,"Josh Hokit","Denzel Freeman",-275,220,"265","2026-01-24",8187
10232,"Ty Miller","Adam Fugitt",-450,340,"170","2026-01-24",8188
10234,"Benoit Saint Denis","Dan Hooker",-400,310,"155","2026-01-31",8166
10235,"Mauricio Ruffy","Rafael Fiziev",105,-125,"155","2026-01-31",8167
10236,"Tallison Teixeira","Tai Tuivasa",-300,250,"265","2026-01-31",8168
10237,"Quillan Salkilld","Jamie Mullarkey",-1200,750,"155","2026-01-31",8169
10238,"Billy Elekana","Junior Tafa",-270,220,"205","2026-01-31",8170
10239,"Cam Rowston","Cody Brundage",-370,290,"185","2026-01-31",8171
10240,"Jacob Malkoun","Torrez Finney",-145,120,"185","2026-01-31",8172
10241,"Jonathan Micallef","Oban Elliott",-125,105,"170","2026-01-31",8173
10244,"Keiichiro Nakamura","Sebastian Szalay",110,-135,"145","2026-01-31",8176
10245,"Lawrence Lui","Sulangrangbo",230,-280,"135","2026-01-31",8177
10247,"Kyoji Horiguchi","Amir Albazi",-370,295,"125","2026-02-07",8153
10248,"Rizvan Kuniev","Jailton Almeida",145,-170,"265","2026-02-07",8154
10250,"Farid Basharat","Jean Matsumoto",-300,250,"135","2026-02-07",8156
10251,"Dustin Jacoby","Julius Walker",-155,130,"205","2026-02-07",8157
10252,"Daniil Donchenko","Alex Morono",-950,650,"170","2026-02-07",8158
10253,"Nikolay Veretennikov","Niko Price",-260,210,"170","2026-02-07",8159
10254,"Ketlen Souza","Bruna Brasil",-160,130,"115","2026-02-07",8160
10255,"Javid Basharat","Gianni Vazquez",-750,500,"141","2026-02-07",8161
10259,"Sean Strickland","Anthony Hernandez",205,-255,"185","2026-02-21",8138
10260,"Uros Medic","Geoff Neal",165,-195,"170","2026-02-21",8139
10262,"Serghei Spivac","Ante Delija",100,-120,"265","2026-02-21",8141
10263,"Jacobe Smith","Josiah Harrell",-325,265,"170","2026-02-21",8142
10264,"Michel Pereira","Zach Reese",-160,135,"185","2026-02-21",8143
10265,"Carlos Leal","Chidi Njokuani",-140,120,"170","2026-02-21",8144
10266,"Ode Osbourne","Alibi Idiris",110,-130,"125","2026-02-21",8145
10267,"Alden Coria","Luis Gurule",-370,290,"125","2026-02-21",8146
10268,"Joselyne Edwards","Nora Cornolle",-360,275,"135","2026-02-21",8147
10269,"Punahele Soriano","Ramiz Brahimaj",-130,110,"170","2026-02-21",8148
10271,"Jordan Leavitt","Yadier del Valle",330,-420,"145","2026-02-21",8150
10272,"Carli Judice","Juliana Miller",-800,525,"125","2026-02-21",8151
10273,"Lone'er Kavanagh","Brandon Moreno",170,-205,"125","2026-02-28",8125
10274,"David Martinez","Marlon Vera",-310,250,"135","2026-02-28",8126
10275,"King Green","Daniel Zellhuber",315,-400,"155","2026-02-28",8127
10276,"Edgar Cháirez","Felipe Bunes",-310,255,"125","2026-02-28",8128
10277,"Imanol Rodriguez","Kevin Borjas",-460,350,"125","2026-02-28",8129
10278,"Santiago Luna","Angel Pacheco",-750,525,"135","2026-02-28",8130
10283,"Regina Tarin","Ernesta Kareckaite",135,-160,"130","2026-02-28",8135
10284,"Francis Marshall","Erik Silva",-850,570,"145","2026-02-28",8136
10286,"Charles Oliveira","Max Holloway",170,-210,"155","2026-03-07",8113
10287,"Caio Borralho","Reinier de Ridder",-220,185,"185","2026-03-07",8114
10288,"Raul Rosas Jr.","Rob Font",-310,255,"135","2026-03-07",8115
10289,"Drew Dober","Michael Johnson",-205,175,"155","2026-03-07",8116
10290,"Gregory Rodrigues","Brunno Ferreira",-160,135,"185","2026-03-07",8117
10292,"Donte Johnson","Cody Brundage",-845,575,"185","2026-03-07",8119
10293,"Alberto Montes","Ricky Turcios",-180,155,"145","2026-03-07",8120
10295,"Sumudaerji","Jesus Aguilar",-220,180,"125","2026-03-07",8122
10297,"Rodolfo Bellato","Luke Fernandez",180,-220,"205","2026-03-07",8124
10298,"Kevin Vallejos","Josh Emmett",-550,400,"145","2026-03-14",8099
10299,"Gillian Robertson","Amanda Lemos",-255,200,"115","2026-03-14",8100
10300,"Jose Delgado","Andre Fili",-460,350,"145","2026-03-14",8101
10301,"Marwan Rahiki","Harry Hardwick",-270,210,"145","2026-03-14",8102
10302,"Ion Cutelaba","Oumar Sy",235,-295,"205","2026-03-14",8103
10303,"Charles Johnson","Bruno Silva",-165,140,"125","2026-03-14",8104
10304,"Myktybek Orolbai","Chris Curtis",-410,315,"170","2026-03-14",8105
10305,"Vitor Petrino","Steven Asplund",-205,170,"265","2026-03-14",8106
10307,"Manoel Sousa","Bolaji Oki",-300,250,"155","2026-03-14",8108
10308,"Eryk Anders","Brad Tavares",-130,105,"185","2026-03-14",8109
10309,"Bia Mesquita","Montse Rendon",-700,500,"135","2026-03-14",8110
10311,"Piera Rodriguez","Sam Hughes",-150,125,"115","2026-03-14",8112
10312,"Movsar Evloev","Lerone Murphy",-245,205,"145","2026-03-21",8086
10313,"Luke Riley","Michael Aswell Jr.",-205,175,"145","2026-03-21",8087
10314,"Michael Page","Sam Patterson",-190,160,"170","2026-03-21",8088
10315,"Iwo Baraniewski","Austen Lane",-700,500,"205","2026-03-21",8089
10316,"Christian Leroy Duncan","Roman Dolidze",-430,330,"185","2026-03-21",8090
10317,"Danny Silva","Kurtis Campbell",220,-270,"145","2026-03-21",8091
10318,"Mason Jones","Axel Sola",-145,120,"155","2026-03-21",8092
10320,"Mario Pinto","Felipe Franco",-900,600,"265","2026-03-21",8094
10324,"Shanelle Dyer","Ravena Oliveira",-570,425,"115","2026-03-21",8098
10325,"Joe Pyfer","Israel Adesanya",120,-140,"185","2026-03-28",8073
10326,"Alexa Grasso","Maycee Barber",155,-185,"125","2026-03-28",8074
10327,"Michael Chiesa","Niko Price",-900,600,"170","2026-03-28",8075
10328,"Lerryan Douglas","Julian Erosa",-350,275,"145","2026-03-28",8076
10329,"Yousri Belgaroui","Mansur Abdul-Malik",115,-140,"185","2026-03-28",8077
10330,"Terrance McKinney","Kyle Nelson",-185,160,"155","2026-03-28",8078
10332,"Lance Gibson Jr.","Chase Hooper",265,-330,"155","2026-03-28",8080
10249,"Michał Oleksiejczuk","Marc-André Barriault",-550,400,"185","2026-02-07",8155
10257,"Jakub Wikłacz","Muin Gafurov",115,-135,"141","2026-02-07",8163
10258,"Klaudia Syguła","Priscila Cachoeira",-170,145,"135","2026-02-07",8164
10280,"Ailín Pérez","Macy Chiasson",-180,155,"135","2026-02-28",8132
10281,"Cristian Quiñonez","Kris Moutinho",-750,500,"135","2026-02-28",8133
10321,"Mantas Kondratavičius","Antonio Trócoli",-1000,675,"185","2026-03-21",8095
10322,"Brando Peričić","Louie Sutherland",-235,195,"265","2026-03-21",8096
10243,"Dom Mar Fan","Sang Uk Kim",-145,125,"155","2026-01-31",8175
10256,"Cong Wang","Eduarda Moura",-360,280,"127","2026-02-07",8162
10291,"Cody Garbrandt","Long Xiao",135,-160,"135","2026-03-07",8118
10306,"Elijah Smith","Soo Young Yoo",-280,220,"135","2026-03-14",8107
10323,"A. Al-Selwady","Shem Rock",110,-135,"155","2026-03-21",8097
10294,"N. Tumendemberel","Cody Durden",-175,145,"125","2026-03-07",8121
10279,"Ryan Gandra","José Medina",-675,475,"185","2026-02-28",8131
10334,"Casey O'Neill","Gabriella Fernandes",-125,105,"125","2026-03-28",8082
10335,"Navajo Stirling","Bruno Lopes",-725,480,"205","2026-03-28",8083
10337,"Alexia Thainara","Bruna Brasil",-800,550,"115","2026-03-28",8085
10338,"Renato Moicano","Chris Duncan",120,-145,"155","2026-04-04",8060
10339,"Virna Jandiroba","Tabatha Ricci",-125,105,"115","2026-04-04",8061
10340,"Abdul Rakhman Yakhyaev","Brendson Ribeiro",-1400,800,"205","2026-04-04",8062
10341,"Ethyn Ewing","Rafael Estevam",-135,110,"135","2026-04-04",8063
10344,"Thomas Petersen","Guilherme Pat",-120,100,"265","2026-04-04",8066
10345,"Alessandro Costa","Stewart Nicoll",-410,320,"125","2026-04-04",8067
10346,"Darrius Flowers","Lando Vannata",180,-220,"155","2026-04-04",8068
10347,"Alice Pereira","Hailey Cowan",-135,115,"135","2026-04-04",8069
10348,"Tresean Gore","Azamat Bekoev",450,-650,"185","2026-04-04",8070
10349,"Dione Barbosa","Melissa Gatto",-120,100,"125","2026-04-04",8071
10350,"Kai Kamaka III","Dakota Hope",-160,135,"155","2026-04-04",8072
10351,"Carlos Ulberg","Jiří Procházka",-105,-110,"205","2026-04-11",8048
10352,"Paulo Costa","Azamat Murzakanov",190,-230,"205","2026-04-11",8049
10353,"Josh Hokit","Curtis Blaydes",-105,-110,"265","2026-04-11",8050
10355,"Cub Swanson","Nate Landwehr",-115,100,"145","2026-04-11",8052
10356,"Aaron Pico","Patricio Pitbull",-270,220,"145","2026-04-11",8053
10357,"Kevin Holland","Randy Brown",-110,-110,"170","2026-04-11",8054
10358,"Mateusz Gamrot","Esteban Ribovics",-220,165,"155","2026-04-11",8055
10359,"Tatiana Suarez","Loopy Godinez",-155,135,"115","2026-04-11",8056
10360,"MarQuel Mederos","Chris Padilla",135,-160,"155","2026-04-11",8057
10361,"Vicente Luque","Kelvin Gastelum",220,-275,"185","2026-04-11",8058
10362,"Charles Radtke","Francisco Prado",-180,150,"170","2026-04-11",8059
10363,"Mike Malott","Gilbert Burns",-275,225,"170","2026-04-18",8036
10364,"Charles Jourdain","Kyler Phillips",-140,115,"135","2026-04-18",8037
10365,"Jai Herbert","Mandel Nallo",140,-170,"155","2026-04-18",8038
10367,"Gauge Young","Thiago Moisés",-160,135,"155","2026-04-18",8040
10369,"Robert Valentin","Julien Leblanc",-175,145,"185","2026-04-18",8042
10370,"Gokhan Saricam","Tanner Boser",-145,125,"265","2026-04-18",8043
10372,"JJ Aldrich","Jamey-Lyn Horth",150,-175,"125","2026-04-18",8045
10373,"John Castañeda","Mark Vologdin",-155,135,"139","2026-04-18",8046
10374,"John Yannis","Jamie Siraj",215,-260,"135","2026-04-18",8047
10375,"Aljamain Sterling","Youssef Zalal",115,-135,"145","2026-04-25",8023
10376,"Joselyne Edwards","Norma Dumont",180,-225,"135","2026-04-25",8024
10378,"Davey Grant","Adrian Luna Martinetti",-120,100,"135","2026-04-25",8026
10379,"Raoni Barcelos","Montel Jackson",160,-190,"135","2026-04-25",8027
10381,"Eric McConico","Rodolfo Vieira",265,-330,"185","2026-04-25",8029
10382,"Jackson McVey","Sedriques Dumas",-180,155,"185","2026-04-25",8030
10383,"Michelle Montague","Mayra Bueno Silva",-450,340,"135","2026-04-25",8031
10384,"Cody Durden","Jafel Filho",475,-700,"135","2026-04-25",8032
10385,"Francis Marshall","Lucas Brennan",-550,400,"155","2026-04-25",8033
10386,"Victor Valenzuela","Max Griffin",-135,110,"170","2026-04-25",8034
10387,"Talita Alencar","Julia Polastri",190,-235,"115","2026-04-25",8035
10388,"Carlos Prates","Jack Della Maddalena",-110,-110,"170","2026-05-02",8010
10389,"Quillan Salkilld","Beneil Dariush",-400,300,"155","2026-05-02",8011
10390,"Steve Erceg","Tim Elliott",-180,150,"125","2026-05-02",8012
10391,"Marwan Rahiki","Ollie Schmid",-750,500,"145","2026-05-02",8013
10393,"Louie Sutherland","Tai Tuivasa",185,-225,"265","2026-05-02",8015
10395,"Junior Tafa","Kevin Christian",-220,180,"205","2026-05-02",8017
10396,"Jacob Malkoun","Gerald Meerschaert",-1800,850,"190","2026-05-02",8018
10397,"Colby Thicknesse","Vince Morales",-140,120,"135","2026-05-02",8019
10398,"Wes Schultz","Ben Johnston",125,-145,"185","2026-05-02",8020
10399,"Jonathan Micallef","Themba Gorimbo",-225,185,"170","2026-05-02",8021
10400,"Kody Steele","Dom Mar Fan",-150,125,"155","2026-05-02",8022
10401,"Sean Strickland","Khamzat Chimaev",330,-440,"185","2026-05-09",7997
10402,"Joshua Van","Tatsuro Taira",135,-160,"125","2026-05-09",7998
10405,"King Green","Jeremy Stephens",-430,320,"160","2026-05-09",8001
10406,"Ateba Gautier","Ozzy Diaz",-1200,775,"185","2026-05-09",8002
10407,"Yaroslav Amosov","Joel Alvarez",-185,160,"170","2026-05-09",8003
10408,"Grant Dawson","Mateusz Rębecki",-145,120,"155","2026-05-09",8004
10409,"Jim Miller","Jared Gordon",220,-265,"155","2026-05-09",8005
10410,"Roman Kopylov","Marco Tulio",155,-180,"185","2026-05-09",8006
10411,"Pat Sabatini","William Gomis",-170,140,"145","2026-05-09",8007
10412,"Baisangur Susurkaev","Djorden Santos",-800,520,"185","2026-05-09",8008
10413,"Jose Ochoa","Clayton Carpenter",-170,145,"125","2026-05-09",8009
10414,"Arnold Allen","Melquizael Costa",-125,105,"145","2026-05-16",7984
10418,"Benardo Sopaj","Timmy Cuamba",-120,105,"135","2026-05-16",7988
10419,"Khaos Williams","Nikolay Veretennikov",-110,-105,"170","2026-05-16",7989
10420,"Ivan Erslan","Tuco Tokkos",-160,130,"205","2026-05-16",7990
10421,"Tommy Gantt","Artur Minev",-185,160,"155","2026-05-16",7991
10422,"Ketlen Vieira","Jacqueline Cavalcanti",130,-155,"135","2026-05-16",7992
10423,"Cody Brundage","Andre Petroski",125,-150,"185","2026-05-16",7993
10424,"Alice Ardelean","Polyana Viana",-185,155,"115","2026-05-16",7994
10425,"Luis Gurule","Daniel Barez",-180,145,"125","2026-05-16",7995
10426,"Nicolle Caliari","Shauna Bannon",-245,205,"115","2026-05-16",7996
10427,"Yadong Song","Deiveson Figueiredo",-600,420,"135","2026-05-30",7971
10429,"Sergei Pavlovich","Tallison Teixeira",-625,430,"265","2026-05-30",7973
10430,"Kai Asakura","Cameron Smotherman",-260,215,"135","2026-05-30",7974
10432,"Alex Perez","Sumudaerji",-140,120,"125","2026-05-30",7976
10336,"Ricky Simón","Adrian Yanez",-185,155,"135","2026-03-28",8084
10343,"José Delano","Robert Ruchała",-270,220,"145","2026-04-04",8065
10368,"Márcio Barbosa","Dennis Buzukja",-390,295,"145","2026-04-18",8041
10377,"Rafa García","Alexander Hernandez",100,-120,"155","2026-04-25",8025
10392,"Brando Peričić","Shamil Gaziev",-110,-110,"265","2026-05-02",8014
10416,"Juan Díaz","Malcolm Wellmaker",185,-230,"135","2026-05-16",7986
10371,"Melissa Croden","Darya Zheleznyakova",-140,115,"135","2026-04-18",8044
10403,"Alexander Volkov","Waldo Cortes-Acosta",-135,115,"265","2026-05-09",7999
10415,"Doo Ho Choi","Daniel Santos",145,-175,"145","2026-05-16",7985
10428,"Alonzo Menifield","Mingyang Zhang",205,-250,"205","2026-05-30",7972
10436,"Rei Tsuruya","Luis Gurule",-350,275,"135","2026-05-30",7980
10440,"Gabriel Bonfim","Belal Muhammad",105,-125,"170","2026-06-06",7959
10441,"Brendan Allen","Edmen Shahbazyan",-185,160,"185","2026-06-06",7960
10442,"Tom Nolan","Fares Ziam",255,-310,"155","2026-06-06",7961
10443,"Bryce Mitchell","Santiago Luna",-120,100,"135","2026-06-06",7962
10444,"Iwo Baraniewski","Junior Tafa",-460,340,"205","2026-06-06",7963
10446,"Marcus McGhee","John Yannis",-430,340,"135","2026-06-06",7965
10447,"Edgar Cháirez","Bruno Silva",-110,-110,"125","2026-06-06",7966
10448,"Chelsea Chandler","Priscila Cachoeira",-135,115,"135","2026-06-06",7967
10449,"Joanderson Brito","Jordan Leavitt",-170,140,"145","2026-06-06",7968
10450,"Jeisla Chaves","Yuneisy Duben",-260,215,"125","2026-06-06",7969
10451,"Ketlen Souza","Ariane Carnelossi",-360,280,"115","2026-06-06",7970
10452,"Manel Kape","Kyoji Horiguchi",-160,135,"125","2026-06-20",7940
10453,"Navajo Stirling","Ion Cutelaba",-310,255,"205","2026-06-20",7941
10454,"Christian Rodriguez","Hyder Amil",-230,185,"145","2026-06-20",7942
10456,"Vinicius Oliveira","Andre Fili",-280,220,"145","2026-06-20",7944
10458,"Bia Mesquita","Melissa Mullins",-750,525,"135","2026-06-20",7946
10459,"Mitch Raposo","Allan Nascimento",140,-160,"125","2026-06-20",7947
10461,"Levan Chokheli","Leon Shahbazyan",-370,295,"170","2026-06-20",7949
10462,"Luana Santos","Karol Rosa",-115,-105,"135","2026-06-20",7950
10463,"Shane Collins","Otari Tanzilovi",-210,175,"145","2026-06-20",7951
10464,"Rafael Fiziev","Manuel Torres",-110,-110,"155","2026-06-27",7927
10465,"Shara Magomedov","Michel Pereira",-400,300,"185","2026-06-27",7928
10466,"Matheus Camilo","Nazim Sadykhov",145,-175,"155","2026-06-27",7929
10467,"Asu Almabayev","Charles Johnson",-310,250,"125","2026-06-27",7930
10468,"Ikram Aliskerov","Brunno Ferreira",-260,210,"185","2026-06-27",7931
10469,"Abus Magomedov","Michał Oleksiejczuk",100,-120,"185","2026-06-27",7932
10470,"Farman Hasanov","Eric Nolan",-165,140,"170","2026-06-27",7933
10471,"Abdul Rakhman Yakhyaev","Julius Walker",-650,440,"205","2026-06-27",7934
10472,"Nursulton Ruziboev","Andrey Pulyaev",-220,180,"185","2026-06-27",7935
10473,"Kaan Ofli","Javier Reyes",185,-230,"145","2026-06-27",7936
10475,"Jean Matsumoto","Bekzat Almakhan",-185,160,"135","2026-06-27",7938
10476,"Tahir Abdullayev","Jefferson Nascimento",140,-160,"170","2026-06-27",7939
10477,"Max Holloway","Conor McGregor",-295,240,"170","2026-07-11",7913
10478,"Paddy Pimblett","Benoit Saint Denis",125,-140,"155","2026-07-11",7914
10479,"Mario Bautista","Cory Sandhagen",120,-145,"135","2026-07-11",7915
10480,"Brandon Royval","Lone'er Kavanagh",170,-210,"125","2026-07-11",7916
10481,"King Green","Terrance McKinney",-120,100,"155","2026-07-11",7917
10482,"Robert Whittaker","Nikita Krylov",-120,100,"205","2026-07-11",7918
10483,"Gable Steveson","Elisha Ellison",-1700,850,"265","2026-07-11",7919
10484,"Adrian Yanez","Cody Garbrandt",-380,295,"135","2026-07-11",7920
10485,"Luke Riley","Kai Kamaka III",-265,215,"145","2026-07-11",7921
10489,"Ryan Gandra","Zach Reese",-135,115,"185","2026-07-11",7925
10490,"Alessandro Costa","Cody Durden",-210,175,"125","2026-07-11",7926
10491,"Dricus Du Plessis","Kamaru Usman",-210,170,"185","2026-07-18",7901
10492,"Christian Leroy Duncan","Jared Cannonier",-330,270,"185","2026-07-18",7902
10493,"Chase Hooper","Mitch Ramirez",-400,300,"155","2026-07-18",7903
10494,"Fatima Kline","Tabatha Ricci",-490,390,"115","2026-07-18",7904
10495,"Tommy McMillen","Alberto Montes",-205,165,"145","2026-07-18",7905
10496,"Jose Delgado","Austin Bashi",120,-140,"145","2026-07-18",7906
10498,"Felipe Franco","Levi Rodrigues Jr.",135,-155,"205","2026-07-18",7908
10499,"Ezra Elliott","Damien Anderson",100,-120,"145","2026-07-18",7909
10501,"RJ Harris","Alvin Hines",-110,-110,"265","2026-07-18",7911
10502,"Dione Barbosa","Anna Melisano",-700,510,"125","2026-07-18",7912
10503,"Magomed Ankalaev","Bogdan Guskov",-550,400,"205","2026-07-25",7889
10504,"Ramazan Temirov","Steve Erceg",-105,-120,"125","2026-07-25",7890
10505,"Magomed Zaynukov","Damian Rzepecki",-250,210,"155","2026-07-25",7891
10506,"Rizvan Kuniev","Tyrell Fortune",-355,280,"265","2026-07-25",7892
10507,"Abubakar Vagaev","Saygid Izagakhmaev",-235,195,"170","2026-07-25",7893
10508,"Valter Walker","Thomas Petersen",-180,155,"265","2026-07-25",7894
10509,"Muhammad Saidov","Dustin Jacoby",160,-190,"205","2026-07-25",7895
10511,"Axel Sola","Ismael Bonfim",-205,170,"155","2026-07-25",7897
10512,"Magomed Tuchalov","Brendson Ribeiro",-900,600,"205","2026-07-25",7898
10513,"Nurullo Aliev","Mike Davis",-230,190,"155","2026-07-25",7899
10514,"Abdul Hussein","Cody Gibson",-675,475,"135","2026-07-25",7900
10515,"Uros Medic","Daniel Rodriguez",-400,300,"170","2026-08-01",7875
10521,"Tofiq Musayev","Ľudovít Klein",205,-255,"155","2026-08-01",7881
10522,"Michael Oliveira","Oban Elliott",-420,330,"170","2026-08-01",7882
10524,"Bogdan Grad","Dennis Buzukja",-220,185,"145","2026-08-01",7884
10525,"Mateusz Rębecki","Kyle Prepolec",-1100,660,"155","2026-08-01",7885
10527,"Jovan Leka","Alexander Poppeck",-340,265,"265","2026-08-01",7887
10529,"Quillan Salkilld","Mateusz Gamrot",-140,120,"155","2026-08-08",7863
10531,"Yadier del Valle","Darren Elkins",-950,625,"145","2026-08-08",7865
10532,"Alexia Thainara","Amanda Lemos",-320,250,"115","2026-08-08",7866
10457,"Kevin Borjas","André Lima",530,-770,"129","2026-06-20",7945
10460,"Gaston Bolaños","Michael Aswell Jr.",305,-405,"145","2026-06-20",7948
10487,"Damian Pinas","César Almeida",-255,205,"185","2026-07-11",7923
10516,"Navajo Stirling","Jan Błachowicz",-345,270,"205","2026-08-01",7876
10517,"Aleksandar Rakić","Marcin Tybura",-420,325,"265","2026-08-01",7877
10518,"Robert Valentin","Duško Todorović",-160,140,"185","2026-08-01",7878
10519,"Gilbert Urbina","Vlasto Čepo",260,-320,"185","2026-08-01",7879
10520,"Noah Gugnon","Miloš Janičić",-110,-110,"155","2026-08-01",7880
10526,"Nina Milošević","Hailey Cowan",-510,390,"135","2026-08-01",7886
10528,"Stephanie Luciano","Marina Spasić",-380,290,"115","2026-08-01",7888
10433,"Luis Felipe Dias","Yi Sak Lee",-175,150,"185","2026-05-30",7977
10434,"José Souza","Meng Ding",100,-120,"170","2026-05-30",7978
10437,"Angela Hill","Jingnan Xiong",150,-180,"115","2026-05-30",7981
10438,"Rodrigo Vera","Kangjie Zhu",-105,-115,"145","2026-05-30",7982
10439,"Jaqueline Amorim","Loma",-130,110,"115","2026-05-30",7983
10486,"Cong Wang","Tracy Cortez",-125,105,"125","2026-07-11",7922
10497,"Jean-Paul Lebosnoyani","Seok Hyeon Ko",150,-180,"170","2026-07-18",7907
10079,"Carlos Ulberg","Dominick Reyes",-250,205,"205","2025-09-27",8320
10092,"Merab Dvalishvili","Cory Sandhagen",-450,340,"135","2025-10-04",8307
10106,"Deiveson Figueiredo","Montel Jackson",265,-330,"135","2025-10-11",8295
10119,"Aiemann Zahabi","Marlon Vera",-130,110,"135","2025-10-18",8283
10127,"Stephanie Luciano","Ravena Oliveira",-300,240,"115","2025-10-18",8291
10130,"Tom Aspinall","Ciryl Gane",-400,310,"265","2025-10-25",8268
10137,"Ľudovít Klein","Mateusz Rębecki",-140,120,"155","2025-10-25",8275
10153,"Alice Ardelean","Montserrat Conejo Ruiz",-400,310,"115","2025-11-01",8265
10163,"Jacqueline Cavalcanti","Mayra Bueno Silva",-225,185,"135","2025-11-08",8250
10173,"Bo Nickal","Rodolfo Vieira",-250,200,"185","2025-11-15",8234
10183,"Ian Machado Garry","Belal Muhammad",-300,240,"170","2025-11-22",8216
10196,"Petr Yan","Merab Dvalishvili",340,-430,"135","2025-12-06",8201
10206,"Jalin Turner","Edson Barboza",-500,375,"155","2025-12-06",8211
10218,"Steven Asplund","Sean Sharaf",-230,190,"265","2025-12-13",8197
10230,"Alex Perez","Charles Johnson",145,-170,"125","2026-01-24",8186
10534,"Steven Asplund","Guilherme Pat",-270,220,"265","2026-08-08",7868
10535,"Diyar Nurgozhay","Bruno Lopes",-160,135,"205","2026-08-08",7869
10537,"Manoel Sousa","Richie Miranda",-360,280,"155","2026-08-08",7871
10539,"Juliana Miller","Ravena Oliveira",-375,290,"125","2026-08-08",7873
10540,"Carol Foro","Gigi Canuto",-215,180,"115","2026-08-08",7874
10541,"Islam Makhachev","Ian Machado Garry",-350,275,"170","2026-08-15",7851
10542,"Mackenzie Dern","Gillian Robertson",-210,180,"115","2026-08-15",7852
10543,"Jalin Turner","Kauê Fernandes",-125,105,"155","2026-08-15",7853
10544,"Dustin Stoltzfus","Mansur Abdul-Malik",475,-700,"185","2026-08-15",7854
10545,"Esteban Ribovics","Edson Barboza",-725,505,"155","2026-08-15",7855
10546,"Chidi Njokuani","Joel Alvarez",290,-365,"170","2026-08-15",7856
10548,"Donte Johnson","Eric McConico",-355,290,"185","2026-08-15",7858
10549,"Tresean Gore","Vicente Luque",-115,-105,"185","2026-08-15",7859
10550,"Lucas Fernando","Rafael Tobias",-290,235,"205","2026-08-15",7860
10551,"Neil Magny","Ramiz Brahimaj",130,-150,"170","2026-08-15",7861
10552,"Jeremiah Wells","Myktybek Orolbai",900,-1600,"170","2026-08-15",7862
10553,"Gregory Rodrigues","Anthony Hernandez",180,-215,"185","2026-08-22",7838
10554,"Vitor Petrino","Serghei Spivac",-145,125,"265","2026-08-22",7839
10555,"Reinier de Ridder","Roman Dolidze",-400,315,"205","2026-08-22",7840
10556,"MarQuel Mederos","Mason Jones",295,-370,"155","2026-08-22",7841
10557,"Carli Judice","Jeisla Chaves",-600,425,"125","2026-08-22",7842
10559,"Jamall Emmers","Lerryan Douglas",290,-380,"145","2026-08-22",7844
10560,"Shamil Gaziev","Kennedy Nzechukwu",-130,110,"265","2026-08-22",7845
10561,"Chris Padilla","Nasrat Haqparast",-125,100,"155","2026-08-22",7846
10563,"Stan Dorsainvil","Gauge Young",160,-185,"155","2026-08-22",7848
10564,"Jackson McVey","Wes Schultz",-175,155,"185","2026-08-22",7849
10565,"Shanelle Dyer","Elise Reed",-900,555,"115","2026-08-22",7850
10566,"Yadong Song","Umar Nurmagomedov",430,-625,"135","2026-08-29",7825
10568,"Kai Asakura","Aoriqileng",-480,350,"135","2026-08-29",7827
10569,"Sumudaerji","Alex Perez",-215,175,"125","2026-08-29",7828
10571,"Bilal Hasan","Nilson Rojas",-800,560,"125","2026-08-29",7830
10573,"Rei Tsuruya","Kevin Borjas",-800,530,"125","2026-08-29",7832
10576,"Hector Santiago","Lawrence Lui",260,-330,"135","2026-08-29",7835
10579,"Salahdine Parnasse","Dan Hooker",-575,410,"155","2026-09-05",7811
10580,"Axel Sola","Fares Ziam",130,-155,"155","2026-09-05",7812
10581,"Michael Page","Nursulton Ruziboev",-210,175,"185","2026-09-05",7813
10582,"Daniil Donchenko","Punahele Soriano",-235,190,"170","2026-09-05",7814
10583,"Kurtis Campbell","Trevor Peek",-400,300,"145","2026-09-05",7815
10584,"Losene Keita","Muhammad Naimov",-390,295,"145","2026-09-05",7816
10586,"Mario Pinto","Ryan Spann",-350,270,"265","2026-09-05",7818
10587,"Modestas Bukauskas","Oumar Sy",205,-260,"205","2026-09-05",7819
10588,"Pavel Andrusca","Nathaniel Wood",240,-290,"145","2026-09-05",7820
10591,"Matthieu Duclos","Luis Felipe Dias",-120,100,"185","2026-09-05",7823
10592,"Delphine Benouaich","Sofia Montenegro",-135,115,"115","2026-09-05",7824
10593,"Jean Silva","Jose Delgado",-425,330,"145","2026-09-12",7798
10594,"Brandon Moreno","Joseph Morales",-105,-115,"125","2026-09-12",7799
10595,"Tommy McMillen","Marwan Rahiki",-160,135,"145","2026-09-12",7800
10596,"Alexa Grasso","Manon Fiorot",235,-295,"125","2026-09-12",7801
10598,"David Martinez","Dan Ige",-400,305,"135","2026-09-12",7803
10599,"Tim Elliott","Edgar Cháirez",160,-195,"130","2026-09-12",7804
10600,"Ignacio Bahamondes","Muslim Salikhov",-550,400,"170","2026-09-12",7805
10601,"Yousri Belgaroui","Djorden Santos",-900,580,"185","2026-09-12",7806
10604,"Sean King III","Jessie Rosas",-225,185,"145","2026-09-12",7809
10605,"Regina Tarin","JJ Aldrich",-270,220,"125","2026-09-12",7810
10606,"Joshua Van","Alexandre Pantoja",-145,125,"125","2026-09-19",7786
10607,"Arman Tsarukyan","Mauricio Ruffy",-310,255,"155","2026-09-19",7787
10609,"Sean Sharaf","Gable Steveson",1200,-2700,"265","2026-09-19",7789
10610,"Alonzo Menifield","Iwo Baraniewski",195,-235,"205","2026-09-19",7790
10611,"Marlon Vera","Charles Jourdain",175,-205,"135","2026-09-19",7791
10612,"Robelis Despaigne","Tai Tuivasa",-500,385,"265","2026-09-19",7792
10614,"Ryan Gandra","Ozzy Diaz",-500,385,"185","2026-09-19",7794
10615,"Edmen Shahbazyan","Brunno Ferreira",-185,155,"185","2026-09-19",7795
10536,"José Montanha","Louie Sutherland",185,-220,"265","2026-08-08",7870
10562,"Márcio Barbosa","Ryan Kuse",-845,550,"145","2026-08-22",7847
10572,"André Lima","Namsrai Batbayar",-280,230,"127","2026-08-29",7831
10585,"Felipe Lima","Morgan Charrière",-210,175,"145","2026-09-05",7817
10590,"Nora Cornolle","Klaudia Syguła",110,-130,"135","2026-09-05",7822
10603,"Rongzhu","Rafa García",-160,135,"155","2026-09-12",7808
10613,"Michael Aswell Jr.","Joo Sang Yoo",155,-180,"145","2026-09-19",7793
10567,"Denise Gomes","Xiaonan Yan",125,-145,"115","2026-08-29",7826
10570,"Ce Liu","Levi Rodrigues Jr.",-170,140,"205","2026-08-29",7829
10575,"Francesco Nuzzi","Long Xiao",145,-170,"135","2026-08-29",7834
10577,"Julia Polastri","Jingnan Xiong",-225,185,"119","2026-08-29",7836
10578,"Cam Nelson","Meng Ding",120,-140,"170","2026-08-29",7837
10597,"Curtis Blaydes","Waldo Cortes-Acosta",160,-190,"265","2026-09-12",7802
10608,"Patricio Pitbull","Doo Ho Choi",215,-260,"145","2026-09-19",7788
10233,"Alexander Volkanovski","Diego Lopes",-140,120,"145","2026-01-31",8165
10246,"Mario Bautista","Vinicius Oliveira",-125,105,"135","2026-02-07",8152
10261,"Melquizael Costa","Dan Ige",-225,185,"145","2026-02-21",8140
10270,"Jean-Paul Lebosnoyani","Phil Rowe",-210,175,"170","2026-02-21",8149
10285,"Damian Pinas","Wes Schultz",-245,200,"185","2026-02-28",8137
10296,"Diyar Nurgozhay","Rafael Tobias",140,-175,"205","2026-03-07",8123
10310,"Hecher Sosa","Luan Lacerda",-180,150,"135","2026-03-14",8111
10319,"Nathaniel Wood","Losene Keita",230,-275,"145","2026-03-21",8093
10331,"Tofiq Musayev","Ignacio Bahamondes",260,-310,"155","2026-03-28",8079
10333,"Tyrell Fortune","Marcin Tybura",-135,110,"265","2026-03-28",8081
10342,"Tommy McMillen","Manolo Zecchini",-800,550,"145","2026-04-04",8064
10354,"Dominick Reyes","Johnny Walker",-160,135,"205","2026-04-11",8051
10366,"Jasmine Jasudavicius","Karine Silva",-320,260,"125","2026-04-18",8039
10380,"Ryan Spann","Marcus Buchecha",130,-150,"265","2026-04-25",8028
10394,"Cam Rowston","Robert Bryczek",-190,160,"185","2026-05-02",8016
10404,"Sean Brady","Joaquin Buckley",-160,135,"170","2026-05-09",8000
10417,"Modestas Bukauskas","Christian Edwards",-300,245,"215","2026-05-16",7987
10431,"Jake Matthews","Carlston Harris",-500,370,"170","2026-05-30",7975
10435,"Cody Haddon","Aoriqileng",-390,300,"135","2026-05-30",7979
10445,"Alessandro Costa","Matt Schnell",-460,340,"130","2026-06-06",7964
10455,"Murtazali Magomedov","Melsik Baghdasaryan",-500,370,"145","2026-06-20",7943
10474,"Daniil Donchenko","Theodor Berggren",-470,360,"170","2026-06-27",7937
10488,"Farid Basharat","John Garza",-700,500,"135","2026-07-11",7924
10500,"Alden Coria","Stewart Nicoll",-1500,780,"125","2026-07-18",7910
10510,"Sam Patterson","Santiago Ponzinibbio",-550,410,"170","2026-07-25",7896
10530,"Diego Ferreira","Billy Quarantillo",-180,155,"155","2026-08-08",7864
10533,"Ty Miller","Billy Ray Goff",-485,375,"170","2026-08-08",7867
10538,"Miles Johns","Gianni Vazquez",-210,175,"145","2026-08-08",7872
10547,"Charles Johnson","Eduardo Chapolin",-115,100,"130","2026-08-15",7857
10558,"Anthony Wint","Terrance Chatman",-1000,635,"265","2026-08-22",7843
10574,"Sean Woodson","Jack Jenkins",-145,125,"145","2026-08-29",7833
10589,"Fabia Sintes","Michael Aljarouj",105,-130,"125","2026-09-05",7821
10602,"Tommy Gantt","Drakkar Klose",-380,295,"155","2026-09-12",7807
10616,"Casey O'Neill","Eduarda Moura",-220,180,"125","2026-09-19",7796
10617,"Joanderson Brito","Giga Chikadze",-410,315,"145","2026-09-19",7797
8600,"Dan Ige","Andre Fili",-175,145,"145","2024-02-10",9177
9048,"Diego Lopes","Dan Ige",-260,210,"165","2024-06-29",8953
9652,"Rongzhu","Kody Steele",280,-355,"155","2025-02-08",8668
10049,"Yizha","Westin Wilson",-950,675,"145","2025-08-23",8368
9812,"Melquizael Costa","Christian Rodriguez",150,-180,"145","2025-03-29",8584
9846,"Alexander Volkanovski","Diego Lopes",-155,130,"145","2025-04-12",8552
9862,"Abus Magomedov","Michel Pereira",120,-145,"185","2025-04-26",8541
9872,"Joselyne Edwards","Chelsea Chandler",-280,225,"135","2025-04-26",8551
9885,"Jack Della Maddalena","Belal Muhammad",155,-185,"170","2025-05-10",8514
9898,"Mairon Santos","Sodiq Yusuff",-135,115,"155","2025-05-17",8504
9907,"Tecia Pennington","Luana Pinheiro",-340,265,"115","2025-05-17",8513
9921,"Kevin Holland","Vicente Luque",-205,160,"170","2025-06-07",8485
9928,"Quillan Salkilld","Yanal Ashmouz",-440,320,"155","2025-06-07",8492
9942,"Jamey-Lyn Horth","Vanessa Demopoulos",-600,440,"125","2025-06-14",8480
9956,"Alexandre Pantoja","Kai Kara-France",-260,210,"125","2025-06-28",8446
9970,"Vitor Petrino","Austen Lane",-600,425,"265","2025-07-12",8437
9979,"Paulo Costa","Roman Kopylov",180,-205,"185","2025-07-19",8420
9989,"Ryan Spann","Łukasz Brzeski",-245,205,"265","2025-07-19",8430
9999,"Davey Grant","Da'Mon Blackshear",285,-350,"135","2025-07-26",8414
10012,"Andrey Pulyaev","Nick Klein",-125,110,"185","2025-08-02",8403
10021,"Christian Leroy Duncan","Eryk Anders",-500,375,"185","2025-08-09",8388
10038,"Karine Silva","Dione Barbosa",-195,170,"125","2025-08-16",8381
10051,"Uran Satybaldiev","Diyar Nurgozhay",-105,-110,"205","2025-08-23",8370
10063,"Rinat Fakhretdinov","Andreas Gustafsson",110,-135,"170","2025-09-06",8357
10076,"Alden Coria","Alessandro Costa",295,-370,"125","2025-09-13",8343
10086,"Jamie Mullarkey","Rolando Bedoya",-135,115,"155","2025-09-27",8327
9887,"Aiemann Zahabi","José Aldo",160,-190,"145","2025-05-10",8516
10162,"Raoni Barcelos","Ricky Simón",150,-185,"135","2025-11-08",8249
10523,"Borislav Nikolić","Mark Vologdin",-205,175,"135","2026-08-01",7883
8614,"Loma","Bruna Brasil",-290,235,"115","2024-02-10",9184
9500,"Long Xiao","Quang Le",-150,125,"135","2024-11-23",8747
9951,"Darya Zheleznyakova","Melissa Mullins",210,-265,"135","2025-06-21",8464
10042,"Sergei Pavlovich","Waldo Cortes-Acosta",-250,210,"265","2025-08-23",8361
10186,"Waldo Cortes-Acosta","Shamil Gaziev",-150,125,"265","2025-11-22",8219
10282,"Javier Reyes","D. Silva de Andrade",-235,195,"145","2026-02-28",8134
