date,r_id,b_id,winner,betting_favorite_blue_probability,betting_favorite_prediction,betting_favorite_units,majority_class_blue_probability,majority_class_prediction,majority_class_units,odds_only_blue_probability,odds_only_prediction,odds_only_units,logistic_regression_blue_probability,logistic_regression_prediction,logistic_regression_units,logistic_regression_calibrated_blue_probability,logistic_regression_calibrated_prediction,logistic_regression_calibrated_units,random_forest_blue_probability,random_forest_prediction,random_forest_units,random_forest_calibrated_blue_probability,random_forest_calibrated_prediction,random_forest_calibrated_units,gradient_boosting_blue_probability,gradient_boosting_prediction,gradient_boosting_units,gradient_boosting_calibrated_blue_probability,gradient_boosting_calibrated_prediction,gradient_boosting_calibrated_units,mlp_blue_probability,mlp_prediction,mlp_units
2023-08-05,1591,276,Red,0.35527082119976705,0,0.4878048780487805,0.3682737169517885,0,0.4878048780487805,0.2780225442047455,0,0.4878048780487805,0.23495767443756976,0,0.4878048780487805,0.31250698100865093,0,0.4878048780487805,0.3154506702447879,0,0.4878048780487805,0.3380781549677283,0,0.4878048780487805,0.2540830410284196,0,0.4878048780487805,0.3116236320853621,0,0.4878048780487805,0.25610083811804263,0,0.4878048780487805
2023-08-05,2130,406,Red,0.3766105054509415,0,0.5405405405405406,0.3682737169517885,0,0.5405405405405406,0.2967237866187604,0,0.5405405405405406,0.2918326523636143,0,0.5405405405405406,0.3768204961685856,0,0.5405405405405406,0.37548082591584325,0,0.5405405405405406,0.4567217670811423,0,0.5405405405405406,0.34398475330681405,0,0.5405405405405406,0.42592645492232234,0,0.5405405405405406,0.30168777102221545,0,0.5405405405405406
2023-08-05,1504,2934,Blue,0.6301020408163265,1,0.5263157894736841,0.3682737169517885,0,-1.0,0.5553009752743421,1,0.5263157894736841,0.2888080355048762,0,-1.0,0.35473702083164993,0,-1.0,0.3980763760798942,0,-1.0,0.37906251835334354,0,-1.0,0.42678453882700945,0,-1.0,0.4407971162576913,0,-1.0,0.28748862485111687,0,-1.0
2023-08-05,1776,718,Red,0.2553191489361702,0,0.2857142857142856,0.3682737169517885,0,0.2857142857142856,0.20066698163070695,0,0.2857142857142856,0.08806001941700581,0,0.2857142857142856,0.40423007751207657,0,0.2857142857142856,0.31972599867452817,0,0.2857142857142856,0.3342275975048491,0,0.2857142857142856,0.17861763206501907,0,0.2857142857142856,0.3062300640525555,0,0.2857142857142856,0.10800048134877538,0,0.2857142857142856
2023-08-05,263,1084,Blue,0.33248081841432225,0,-1.0,0.3682737169517885,0,-1.0,0.25887127010961913,0,-1.0,0.37648387004578787,0,-1.0,0.4048728344572802,0,-1.0,0.3850199778435073,0,-1.0,0.4151973639284143,0,-1.0,0.48254459864784294,0,-1.0,0.38486070147742163,0,-1.0,0.6094778352999363,1,1.9
2023-08-05,1638,970,Red,0.3907637655417407,0,0.5714285714285714,0.3682737169517885,0,0.5714285714285714,0.3095197320582117,0,0.5714285714285714,0.35715180805099983,0,0.5714285714285714,0.3693753812451527,0,0.5714285714285714,0.3403238936988937,0,0.5714285714285714,0.34808721514144564,0,0.5714285714285714,0.3951404442997868,0,0.5714285714285714,0.404983533771062,0,0.5714285714285714,0.35825560605109,0,0.5714285714285714
2023-08-05,975,1474,Red,0.5829926410466066,1,-1.0,0.3682737169517885,0,1.2999999999999998,0.5051154764827089,1,-1.0,0.6562302516342392,1,-1.0,0.5550529384156005,1,-1.0,0.5829765953001247,1,-1.0,0.4934006123547994,0,1.2999999999999998,0.6439386302174166,1,-1.0,0.5388544179498749,1,-1.0,0.6753237996008132,1,-1.0
2023-08-05,354,419,Red,0.41700735895339325,0,0.6451612903225805,0.3682737169517885,0,0.6451612903225805,0.33402620438123604,0,0.6451612903225805,0.4874978198270531,0,0.6451612903225805,0.45240365022193796,0,0.6451612903225805,0.5114836932646528,1,-1.0,0.49089519328202696,0,0.6451612903225805,0.5752711819682363,1,-1.0,0.48738641363998847,0,0.6451612903225805,0.5864955217951355,1,-1.0
2023-08-05,2094,871,Blue,0.4782608695652174,0,-1.0,0.3682737169517885,0,-1.0,0.3946428047638027,0,-1.0,0.3388065071357432,0,-1.0,0.4088945577910984,0,-1.0,0.32997492133482853,0,-1.0,0.32079359557301995,0,-1.0,0.41694286189629665,0,-1.0,0.39966157227880383,0,-1.0,0.3052576390170767,0,-1.0
2023-08-05,625,848,Red,0.6385542168674698,1,-1.0,0.3682737169517885,0,1.65,0.5642163244242636,1,-1.0,0.4677760807503071,0,1.65,0.43942666865906665,0,1.65,0.3616022615022872,0,1.65,0.33060560876484096,0,1.65,0.43789852058388035,0,1.65,0.3711266401286241,0,1.65,0.17977798180189775,0,1.65
2023-08-05,214,1943,Blue,0.75,1,0.2666666666666666,0.3682737169517885,0,-1.0,0.675974048891748,1,0.2666666666666666,0.5481808296278433,1,0.2666666666666666,0.515272319052171,1,0.2666666666666666,0.5486196254725667,1,0.2666666666666666,0.6342839242145691,1,0.2666666666666666,0.542904169461585,1,0.2666666666666666,0.6754473627863976,1,0.2666666666666666,0.9534636974359461,1,0.2666666666666666
2023-08-05,1195,2008,Red,0.39823008849557523,0,0.5882352941176472,0.3682737169517885,0,0.5882352941176472,0.31639123314558676,0,0.5882352941176472,0.17522972698369507,0,0.5882352941176472,0.33793737311480615,0,0.5882352941176472,0.3601842726989785,0,0.5882352941176472,0.36456062275022344,0,0.5882352941176472,0.2732173380718763,0,0.5882352941176472,0.28202221283485085,0,0.5882352941176472,0.38140403979186716,0,0.5882352941176472
2023-08-12,405,1305,Blue,0.7543125980135912,1,0.2702702702702702,0.3682737169517885,0,-1.0,0.6800041739827182,1,0.2702702702702702,0.5240337102658438,1,0.2702702702702702,0.48829751780878144,0,-1.0,0.3849952126620082,0,-1.0,0.39365326292847186,0,-1.0,0.4033237688457261,0,-1.0,0.5064839660395507,1,0.2702702702702702,0.4602034767879543,0,-1.0
2023-08-12,1205,603,Red,0.5324675324675325,1,-1.0,0.3682737169517885,0,1.0499999999999998,0.45120377572871534,0,1.0499999999999998,0.8283622720268434,1,-1.0,0.6806814652352705,1,-1.0,0.5030816331544896,1,-1.0,0.43194400292583557,0,1.0499999999999998,0.44262213901739234,0,1.0499999999999998,0.4033916397538309,0,1.0499999999999998,0.9996764236901556,1,-1.0
2023-08-12,1950,556,Red,0.6636481241914618,1,-1.0,0.3682737169517885,0,1.85,0.5904208106516671,1,-1.0,0.48521446215610897,0,1.85,0.4383211885556661,0,1.85,0.5570574752045339,1,-1.0,0.679835901282786,1,-1.0,0.5325963114567465,1,-1.0,0.4211403633992884,0,1.85,0.5103017918033333,1,-1.0
2023-08-12,597,1433,Red,0.574468085106383,1,-1.0,0.3682737169517885,0,1.25,0.4959934837918982,0,1.25,0.4848055827467254,0,1.25,0.4788436866372516,0,1.25,0.4337291014512379,0,1.25,0.5564339326891947,1,-1.0,0.5352560635832188,1,-1.0,0.590410131021275,1,-1.0,0.6780118506263467,1,-1.0
2023-08-12,1738,549,Red,0.3859649122807018,0,0.5714285714285714,0.3682737169517885,0,0.5714285714285714,0.3051469639669942,0,0.5714285714285714,0.5640713494715265,1,-1.0,0.464739391094457,0,0.5714285714285714,0.46476353432429296,0,0.5714285714285714,0.4518706296145849,0,0.5714285714285714,0.42157623765288144,0,0.5714285714285714,0.3860814830189314,0,0.5714285714285714,0.6703367211481801,1,-1.0
2023-08-12,2056,1202,Blue,0.6385542168674698,1,0.5,0.3682737169517885,0,-1.0,0.5642163244242636,1,0.5,0.7075820121474036,1,0.5,0.5346964660017149,1,0.5,0.5081632289279349,1,0.5,0.5165582484204947,1,0.5,0.6370099644015229,1,0.5,0.6010448929866139,1,0.5,0.8309090306048794,1,0.5
2023-08-12,1526,391,Blue,0.6581196581196581,1,0.4545454545454546,0.3682737169517885,0,-1.0,0.584686190154043,1,0.4545454545454546,0.41997283225834586,0,-1.0,0.44251036322121406,0,-1.0,0.45862025046390364,0,-1.0,0.5082879125520446,1,0.4545454545454546,0.5006478598628299,1,0.4545454545454546,0.5258371369863517,1,0.4545454545454546,0.40034540077178743,0,-1.0
2023-08-12,731,1594,Red,0.2553191489361702,0,0.2857142857142856,0.3682737169517885,0,0.2857142857142856,0.20066698163070695,0,0.2857142857142856,0.2591637818174775,0,0.2857142857142856,0.36997911696217234,0,0.2857142857142856,0.34732977452830394,0,0.2857142857142856,0.4091014059293957,0,0.2857142857142856,0.28320090350989907,0,0.2857142857142856,0.4051905988047189,0,0.2857142857142856,0.3574689203359957,0,0.2857142857142856
2023-08-12,1339,2933,Blue,0.574468085106383,1,0.6666666666666665,0.3682737169517885,0,-1.0,0.4959934837918982,0,-1.0,0.3916023030350674,0,-1.0,0.4032075381866432,0,-1.0,0.3686144176747515,0,-1.0,0.388331296561278,0,-1.0,0.3556152045420647,0,-1.0,0.405753557813402,0,-1.0,0.3052104667421808,0,-1.0
2023-08-12,210,2932,Red,0.3207547169811321,0,0.41666666666666674,0.3682737169517885,0,0.41666666666666674,0.2493585024692973,0,0.41666666666666674,0.3783525411501936,0,0.41666666666666674,0.38983946999892394,0,0.41666666666666674,0.446592171989231,0,0.41666666666666674,0.4551837517651972,0,0.41666666666666674,0.34571073838242,0,0.41666666666666674,0.36851469344791254,0,0.41666666666666674,0.3259137959795454,0,0.41666666666666674
2023-08-12,1263,2931,Blue,0.3907637655417407,0,-1.0,0.3682737169517885,0,-1.0,0.3095197320582117,0,-1.0,0.35129002491559574,0,-1.0,0.407715389748414,0,-1.0,0.3873829569123687,0,-1.0,0.4020250022478097,0,-1.0,0.3677380438812915,0,-1.0,0.44646090440261604,0,-1.0,0.31081285888670424,0,-1.0
2023-08-12,332,1008,Red,0.28644876973925815,0,0.3448275862068966,0.3682737169517885,0,0.3448275862068966,0.2228937638728917,0,0.3448275862068966,0.3673497102355155,0,0.3448275862068966,0.4003050611866991,0,0.3448275862068966,0.3128560219192962,0,0.3448275862068966,0.37834357082286524,0,0.3448275862068966,0.4451460561629764,0,0.3448275862068966,0.41268020782336773,0,0.3448275862068966,0.23448233095833032,0,0.3448275862068966
2023-08-12,1311,367,Red,0.29556650246305427,0,0.36363636363636376,0.3682737169517885,0,0.36363636363636376,0.2297269369169647,0,0.36363636363636376,0.33251679534102613,0,0.36363636363636376,0.39576220522217015,0,0.36363636363636376,0.3332549429128377,0,0.36363636363636376,0.3574464332505302,0,0.36363636363636376,0.3579665243621544,0,0.36363636363636376,0.3506080174784203,0,0.36363636363636376,0.22942697478756635,0,0.36363636363636376
2023-08-19,924,947,Red,0.6140350877192983,1,-1.0,0.3682737169517885,0,1.5,0.5382597127235074,1,-1.0,0.74540705958441,1,-1.0,0.5817243417758251,1,-1.0,0.5434862332656452,1,-1.0,0.5890963302514478,1,-1.0,0.570145255916283,1,-1.0,0.6245742928840909,1,-1.0,0.4070678158035827,0,1.5
2023-08-19,1046,766,Red,0.3907637655417407,0,0.5714285714285714,0.3682737169517885,0,0.5714285714285714,0.3095197320582117,0,0.5714285714285714,0.57698791466784,1,-1.0,0.5027050163479652,1,-1.0,0.4266926553838319,0,0.5714285714285714,0.4631141516961971,0,0.5714285714285714,0.36123797620144854,0,0.5714285714285714,0.42734992461303045,0,0.5714285714285714,0.1521351974469262,0,0.5714285714285714
2023-08-19,2092,1968,Blue,0.6805555555555556,1,0.40816326530612246,0.3682737169517885,0,-1.0,0.6078006881466295,1,0.40816326530612246,0.27205584089229223,0,-1.0,0.3496175567224552,0,-1.0,0.40468903172850557,0,-1.0,0.3869038194017864,0,-1.0,0.45819119916560147,0,-1.0,0.3494877085397965,0,-1.0,0.4026382117733256,0,-1.0
2023-08-19,2166,1159,Red,0.2657601977750309,0,0.303030303030303,0.3682737169517885,0,0.303030303030303,0.20793162406715326,0,0.303030303030303,0.22774653045931342,0,0.303030303030303,0.290329500956666,0,0.303030303030303,0.3458670158817217,0,0.303030303030303,0.30760541518633683,0,0.303030303030303,0.32725808615234664,0,0.303030303030303,0.38988084103654574,0,0.303030303030303,0.2307153282941171,0,0.303030303030303
2023-08-19,1577,1320,Red,0.33099297893681046,0,0.4347826086956521,0.3682737169517885,0,0.4347826086956521,0.25765128023935513,0,0.4347826086956521,0.23922499683447823,0,0.4347826086956521,0.32387738554963896,0,0.4347826086956521,0.3256084567021099,0,0.4347826086956521,0.36871562074562075,0,0.4347826086956521,0.22344297498548404,0,0.4347826086956521,0.2612516103790386,0,0.4347826086956521,0.3411147738213309,0,0.4347826086956521
2023-08-19,1701,1986,Red,0.2451612903225807,0,0.2666666666666666,0.3682737169517885,0,0.2666666666666666,0.1937834246683802,0,0.2666666666666666,0.3632928492272817,0,0.2666666666666666,0.38767969792913787,0,0.2666666666666666,0.3391015509544923,0,0.2666666666666666,0.34733705803210435,0,0.2666666666666666,0.19537413415970556,0,0.2666666666666666,0.31221816753258214,0,0.2666666666666666,0.5224643095340248,1,-1.0
2023-08-19,2051,1401,Red,0.3766105054509415,0,0.5405405405405406,0.3682737169517885,0,0.5405405405405406,0.2967237866187604,0,0.5405405405405406,0.3799344716495898,0,0.5405405405405406,0.44519326007103704,0,0.5405405405405406,0.36393147212264876,0,0.5405405405405406,0.43145646709095015,0,0.5405405405405406,0.13436144926779234,0,0.5405405405405406,0.3328235245947945,0,0.5405405405405406,0.5014789106486068,1,-1.0
2023-08-19,1152,1848,Blue,0.7272727272727274,1,0.3125,0.3682737169517885,0,-1.0,0.6543120473052394,1,0.3125,0.4270710648308514,0,-1.0,0.428618946272563,0,-1.0,0.6423052133052131,1,0.3125,0.5545213440622478,1,0.3125,0.7312549903309811,1,0.3125,0.5536047233985854,1,0.3125,0.688661294387319,1,0.3125
2023-08-19,1927,1477,Blue,0.3181818181818181,0,-1.0,0.3682737169517885,0,-1.0,0.2473027612426706,0,-1.0,0.19046824439119373,0,-1.0,0.38032496072442623,0,-1.0,0.44872985935060267,0,-1.0,0.4514903264979209,0,-1.0,0.5021140994605685,1,2.0,0.38493952939309267,0,-1.0,0.2537669089272765,0,-1.0
2023-08-19,1851,1389,Red,0.4532304725168756,0,0.7407407407407407,0.3682737169517885,0,0.7407407407407407,0.3693563055532054,0,0.7407407407407407,0.16680312100874778,0,0.7407407407407407,0.2963551271132503,0,0.7407407407407407,0.426866798291721,0,0.7407407407407407,0.4576227577854553,0,0.7407407407407407,0.3491038747151639,0,0.7407407407407407,0.3698910385229864,0,0.7407407407407407,0.3652654738255508,0,0.7407407407407407
2023-08-19,1228,757,Blue,0.7999999999999999,1,0.19999999999999996,0.3682737169517885,0,-1.0,0.7209852675424621,1,0.19999999999999996,0.6343585410873336,1,0.19999999999999996,0.6265980091498685,1,0.19999999999999996,0.54777849601379,1,0.19999999999999996,0.575315752577394,1,0.19999999999999996,0.40410536681564907,0,-1.0,0.49192294306588835,0,-1.0,0.2046608154249999,0,-1.0
2023-08-19,332,294,Blue,0.6465222348916762,1,0.4761904761904763,0.3682737169517885,0,-1.0,0.5725832378846029,1,0.4761904761904763,0.3531802491213736,0,-1.0,0.4051060902527527,0,-1.0,0.48656889298065775,0,-1.0,0.4567143473209001,0,-1.0,0.5491482345090966,1,0.4761904761904763,0.4652580472529559,0,-1.0,0.14704831561301482,0,-1.0
2023-08-26,464,409,Red,0.3207547169811321,0,0.41666666666666674,0.3682737169517885,0,0.41666666666666674,0.2493585024692973,0,0.41666666666666674,0.5890889926742756,1,-1.0,0.4976550459340777,0,0.41666666666666674,0.3321729453180693,0,0.41666666666666674,0.3849049616597626,0,0.41666666666666674,0.2138536049927226,0,0.41666666666666674,0.4026078082597102,0,0.41666666666666674,0.06091497996412839,0,0.41666666666666674
2023-08-26,1173,176,Blue,0.8088235294117646,1,0.18181818181818188,0.3682737169517885,0,-1.0,0.7285192649888979,1,0.18181818181818188,0.27578126026518984,0,-1.0,0.31408703909847613,0,-1.0,0.35954517850570494,0,-1.0,0.43533726920188726,0,-1.0,0.45915093522402367,0,-1.0,0.3872858704843401,0,-1.0,0.28905330703571747,0,-1.0
2023-08-26,467,660,Red,0.41700735895339325,0,0.6451612903225805,0.3682737169517885,0,0.6451612903225805,0.33402620438123604,0,0.6451612903225805,0.6579808359284108,1,-1.0,0.5370423505943069,1,-1.0,0.4698320386756917,0,0.6451612903225805,0.4287083352681054,0,0.6451612903225805,0.5419664982572108,1,-1.0,0.4875956453799489,0,0.6451612903225805,0.765129629302283,1,-1.0
2023-08-26,1051,233,Blue,0.5940252776713904,1,0.606060606060606,0.3682737169517885,0,-1.0,0.5169153894177936,1,0.606060606060606,0.563424689130107,1,0.606060606060606,0.51451103473472,1,0.606060606060606,0.3628966172716174,0,-1.0,0.36445358765705144,0,-1.0,0.4460676775706996,0,-1.0,0.4305546581972223,0,-1.0,0.4346550856776612,0,-1.0
2023-08-26,1422,756,Red,0.1475409836065574,0,0.125,0.3682737169517885,0,0.125,0.13664128378851975,0,0.125,0.3154473446739313,0,0.125,0.37734821290750103,0,0.125,0.3413416858196271,0,0.125,0.367252820419862,0,0.125,0.41185554203805924,0,0.125,0.416034651278574,0,0.125,0.15602382662874073,0,0.125
2023-08-26,333,1789,Red,0.42553191489361697,0,0.6666666666666665,0.3682737169517885,0,0.6666666666666665,0.3421918339751657,0,0.6666666666666665,0.1663980781154877,0,0.6666666666666665,0.2665551506008202,0,0.6666666666666665,0.310031301902432,0,0.6666666666666665,0.33346943694854214,0,0.6666666666666665,0.31379279041213304,0,0.6666666666666665,0.36452535712053463,0,0.6666666666666665,0.21328078969616246,0,0.6666666666666665
2023-08-26,1886,299,Red,0.7335423197492164,1,-1.0,0.3682737169517885,0,2.6,0.6603567959005532,1,-1.0,0.7256414294473948,1,-1.0,0.5565196340912172,1,-1.0,0.5218564480182127,1,-1.0,0.5578725146536192,1,-1.0,0.5062055668058508,1,-1.0,0.5868584996570122,1,-1.0,0.7463761985881417,1,-1.0
2023-08-26,1455,1487,Blue,0.5108342361863489,1,0.8695652173913042,0.3682737169517885,0,-1.0,0.4283935113921339,0,-1.0,0.6083387654866707,1,0.8695652173913042,0.49373879743686916,0,-1.0,0.5103107457215514,1,0.8695652173913042,0.49949621495223084,0,-1.0,0.6520481856753738,1,0.8695652173913042,0.5187561183920119,1,0.8695652173913042,0.5777787474056919,1,0.8695652173913042
2023-08-26,921,1026,Red,0.1475409836065574,0,0.125,0.3682737169517885,0,0.125,0.13664128378851975,0,0.125,0.05387676754671454,0,0.125,0.13730467907354568,0,0.125,0.28897890127301895,0,0.125,0.5052529062196554,1,-1.0,0.15575805899129558,0,0.125,0.3276403523381912,0,0.125,0.28359260586786866,0,0.125
2023-08-26,1955,1611,Red,0.43439716312056736,0,0.6896551724137931,0.3682737169517885,0,0.6896551724137931,0.35078407501923653,0,0.6896551724137931,0.1165986132712542,0,0.6896551724137931,0.2940606666648048,0,0.6896551724137931,0.26081426403833535,0,0.6896551724137931,0.3025347092356898,0,0.6896551724137931,0.28914048793470915,0,0.6896551724137931,0.26589336714697287,0,0.6896551724137931,0.20007447132066772,0,0.6896551724137931
2023-08-26,497,388,Red,0.33635187580853815,0,0.4444444444444444,0.3682737169517885,0,0.4444444444444444,0.2620630016519996,0,0.4444444444444444,0.2779901736344965,0,0.4444444444444444,0.42488201488718785,0,0.4444444444444444,0.380365126975421,0,0.4444444444444444,0.4446322112155633,0,0.4444444444444444,0.348550258668346,0,0.4444444444444444,0.35426810338062165,0,0.4444444444444444,0.16964423215618107,0,0.4444444444444444
2023-08-26,1870,1905,Red,0.5427435387673957,1,-1.0,0.3682737169517885,0,1.1,0.46211721698599134,0,1.1,0.6418785974648615,1,-1.0,0.575644353526122,1,-1.0,0.5693853461353462,1,-1.0,0.6570667299497809,1,-1.0,0.4561893017675791,0,1.1,0.42315331887938373,0,1.1,0.13553676714796425,0,1.1
2023-08-26,2930,1080,Red,0.552594002855783,1,-1.0,0.3682737169517885,0,1.15,0.47261304800379783,0,1.15,0.4523460443332477,0,1.15,0.42255799109394887,0,1.15,0.281858702251733,0,1.15,0.284045526863483,0,1.15,0.33276265235265684,0,1.15,0.275301184794302,0,1.15,0.3231166815453045,0,1.15
2023-09-02,1123,2927,Red,0.3907637655417407,0,0.5714285714285714,0.3682737169517885,0,0.5714285714285714,0.3095197320582117,0,0.5714285714285714,0.4251117801172754,0,0.5714285714285714,0.42022482482334733,0,0.5714285714285714,0.3138683990934747,0,0.5714285714285714,0.31681547730461573,0,0.5714285714285714,0.41012310165867244,0,0.5714285714285714,0.4004515742016979,0,0.5714285714285714,0.16428163468175802,0,0.5714285714285714
2023-09-02,291,1702,Red,0.2456874019864088,0,0.2702702702702702,0.3682737169517885,0,0.2702702702702702,0.19413550050139497,0,0.2702702702702702,0.3370008689875423,0,0.2702702702702702,0.37939924983280526,0,0.2702702702702702,0.36511510602687075,0,0.2702702702702702,0.37416479559908755,0,0.2702702702702702,0.5550652942341561,1,-1.0,0.3358145040531054,0,0.2702702702702702,0.4592231710148915,0,0.2702702702702702
2023-09-02,1194,1307,Red,0.4009077155824508,0,0.606060606060606,0.3682737169517885,0,0.606060606060606,0.31887541179245016,0,0.606060606060606,0.4715053313127678,0,0.606060606060606,0.43208778055240665,0,0.606060606060606,0.4617387278968917,0,0.606060606060606,0.5145040861502161,1,-1.0,0.4002484013062195,0,0.606060606060606,0.5574573029513953,1,-1.0,0.4673556545234907,0,0.606060606060606
2023-09-02,705,1424,Red,0.3658536585365854,0,0.5,0.3682737169517885,0,0.5,0.2872060904560532,0,0.5,0.2543473640354233,0,0.5,0.2677441546396463,0,0.5,0.4223532520111467,0,0.5,0.35836360650369803,0,0.5,0.42595806045715656,0,0.5,0.36661780321601506,0,0.5,0.6776058309039893,1,-1.0
2023-09-02,1481,2923,Red,0.37443511943189156,0,0.5263157894736841,0.3682737169517885,0,0.5263157894736841,0.2947843269761307,0,0.5263157894736841,0.3774793346615329,0,0.5263157894736841,0.4056917660130882,0,0.5263157894736841,0.47353351439611696,0,0.5263157894736841,0.3831859200662958,0,0.5263157894736841,0.4965250515040261,0,0.5263157894736841,0.40106323217735096,0,0.5263157894736841,0.32322556510542105,0,0.5263157894736841
2023-09-02,681,2929,Blue,0.76,1,0.26315789473684204,0.3682737169517885,0,-1.0,0.6852781725114567,1,0.26315789473684204,0.6641291938268667,1,0.26315789473684204,0.5080745381153774,1,0.26315789473684204,0.4851557490673511,0,-1.0,0.47801940052570774,0,-1.0,0.547755892235698,1,0.26315789473684204,0.5849142723683736,1,0.26315789473684204,0.6651180524734344,1,0.26315789473684204
2023-09-02,747,1911,Red,0.3859649122807018,0,0.5714285714285714,0.3682737169517885,0,0.5714285714285714,0.3051469639669942,0,0.5714285714285714,0.1940298404183835,0,0.5714285714285714,0.32322819002583425,0,0.5714285714285714,0.3826794918044917,0,0.5714285714285714,0.37656910626794954,0,0.5714285714285714,0.5143286570031194,1,-1.0,0.32078049447908663,0,0.5714285714285714,0.0635806961405251,0,0.5714285714285714
2023-09-02,787,2924,Red,0.35347776510832385,0,0.4761904761904763,0.3682737169517885,0,0.4761904761904763,0.2764845785188436,0,0.4761904761904763,0.22208813232535204,0,0.4761904761904763,0.32127915491197084,0,0.4761904761904763,0.25227285323608856,0,0.4761904761904763,0.2832061517179937,0,0.4761904761904763,0.32819868070459235,0,0.4761904761904763,0.334040471689588,0,0.4761904761904763,0.14984313762584667,0,0.4761904761904763
2023-09-02,1755,1360,Red,0.4059747223286097,0,0.606060606060606,0.3682737169517885,0,0.606060606060606,0.32360454955462187,0,0.606060606060606,0.2498449144200295,0,0.606060606060606,0.3152500318147623,0,0.606060606060606,0.45362790423084554,0,0.606060606060606,0.49038575038004106,0,0.606060606060606,0.5912642725142484,1,-1.0,0.5055901736540076,1,-1.0,0.5341822281806473,1,-1.0
2023-09-02,2925,2926,Red,0.2559309849029475,0,0.28985507246376807,0.3682737169517885,0,0.28985507246376807,0.20108738824975622,0,0.28985507246376807,0.2918491519094678,0,0.28985507246376807,0.3633514507142686,0,0.28985507246376807,0.4216209490370628,0,0.28985507246376807,0.39349711812210547,0,0.28985507246376807,0.38622493639683364,0,0.28985507246376807,0.39823027745183454,0,0.28985507246376807,0.3376510520756011,0,0.28985507246376807
2023-09-02,2928,641,Red,0.5217391304347826,1,-1.0,0.3682737169517885,0,1.0,0.4398599076862452,0,1.0,0.6479307541039553,1,-1.0,0.5222492181072758,1,-1.0,0.556061142202605,1,-1.0,0.49414034321035166,0,1.0,0.44330737168245354,0,1.0,0.4595058360547315,0,1.0,0.42672421140970995,0,1.0
2023-09-09,586,2940,Blue,0.7342398022249692,1,0.303030303030303,0.3682737169517885,0,-1.0,0.6610260903383186,1,0.303030303030303,0.44316057898058253,0,-1.0,0.43458043954992115,0,-1.0,0.37856484691778813,0,-1.0,0.3827694610336973,0,-1.0,0.3913887936767314,0,-1.0,0.39840945535869404,0,-1.0,0.48773788569895676,0,-1.0
2023-09-09,862,2939,Red,0.20833333333333337,0,0.21052631578947367,0.3682737169517885,0,0.21052631578947367,0.17033543087824882,0,0.21052631578947367,0.21191552932727975,0,0.21052631578947367,0.32921845192229854,0,0.21052631578947367,0.3969374698658756,0,0.21052631578947367,0.4194705050251487,0,0.21052631578947367,0.46617759322702446,0,0.21052631578947367,0.4802532990637927,0,0.21052631578947367,0.3502494073496751,0,0.21052631578947367
2023-09-09,2009,2071,Blue,0.6818181818181818,1,0.3999999999999999,0.3682737169517885,0,-1.0,0.6090882833424296,1,0.3999999999999999,0.6186626100153532,1,0.3999999999999999,0.6144011737451698,1,0.3999999999999999,0.43649252128160804,0,-1.0,0.4740307114214689,0,-1.0,0.38132613400350907,0,-1.0,0.47551803243020785,0,-1.0,0.7743307478955602,1,0.3999999999999999
2023-09-09,1040,2938,Red,0.23364485981308414,0,0.25,0.3682737169517885,0,0.25,0.18619793898742618,0,0.25,0.29801111775795663,0,0.25,0.36047849525337394,0,0.25,0.33850355213449224,0,0.25,0.39769596113037753,0,0.25,0.3495461738804876,0,0.25,0.41945444623879025,0,0.25,0.3040970553120685,0,0.25
2023-09-09,1549,2014,Red,0.5108342361863489,1,-1.0,0.3682737169517885,0,0.9523809523809523,0.4283935113921339,0,0.9523809523809523,0.44327137775541714,0,0.9523809523809523,0.40996428774148,0,0.9523809523809523,0.4082990212974733,0,0.9523809523809523,0.3413241173105846,0,0.9523809523809523,0.43954052776251784,0,0.9523809523809523,0.43336080597328114,0,0.9523809523809523,0.5474939082151521,1,-1.0
2023-09-09,2153,1349,Blue,0.4009077155824508,0,-1.0,0.3682737169517885,0,-1.0,0.31887541179245016,0,-1.0,0.2629587008995621,0,-1.0,0.34084372228689863,0,-1.0,0.415734366124072,0,-1.0,0.41127318140388996,0,-1.0,0.4379020808583503,0,-1.0,0.36573106210065,0,-1.0,0.4689679376343399,0,-1.0
2023-09-09,152,1940,Blue,0.16835016835016833,0,-1.0,0.3682737169517885,0,-1.0,0.14749330958711285,0,-1.0,0.2287838656766414,0,-1.0,0.4705066728073148,0,-1.0,0.36258443462855233,0,-1.0,0.41949996173214466,0,-1.0,0.23047870389868502,0,-1.0,0.45227399376998073,0,-1.0,0.26389847194905486,0,-1.0
2023-09-09,2020,1027,Red,0.29141104294478526,0,0.3571428571428572,0.3682737169517885,0,0.3571428571428572,0.22659457464164445,0,0.3571428571428572,0.4017343339239231,0,0.3571428571428572,0.3843118650678892,0,0.3571428571428572,0.38450595230751017,0,0.3571428571428572,0.4502861614629797,0,0.3571428571428572,0.43154863105261204,0,0.3571428571428572,0.433526276907387,0,0.3571428571428572,0.7006982712674705,1,-1.0
2023-09-09,1400,1239,Red,0.299837925445705,0,0.37037037037037024,0.3682737169517885,0,0.37037037037037024,0.2329782515773198,0,0.37037037037037024,0.2567653403638866,0,0.37037037037037024,0.30820997045992343,0,0.37037037037037024,0.3330997066945207,0,0.37037037037037024,0.3971163869707257,0,0.37037037037037024,0.21426961309446385,0,0.37037037037037024,0.3846625960940565,0,0.37037037037037024,0.17754502274361525,0,0.37037037037037024
2023-09-09,1954,1121,Red,0.35527082119976705,0,0.4878048780487805,0.3682737169517885,0,0.4878048780487805,0.2780225442047455,0,0.4878048780487805,0.17303741575468268,0,0.4878048780487805,0.289775433179093,0,0.4878048780487805,0.3602448988919579,0,0.4878048780487805,0.46649950620229347,0,0.4878048780487805,0.22223901088807194,0,0.4878048780487805,0.3436689449492026,0,0.4878048780487805,0.7089737897884286,1,-1.0
2023-09-09,987,1253,Blue,0.35347776510832385,0,-1.0,0.3682737169517885,0,-1.0,0.2764845785188436,0,-1.0,0.3646658761880841,0,-1.0,0.40575930187985354,0,-1.0,0.3939104298264516,0,-1.0,0.3204321129427385,0,-1.0,0.25728545047850493,0,-1.0,0.3737811707258638,0,-1.0,0.3601389444644862,0,-1.0
2023-09-09,2941,2942,Red,0.41700735895339325,0,0.6451612903225805,0.3682737169517885,0,0.6451612903225805,0.33402620438123604,0,0.6451612903225805,0.2817304963535615,0,0.6451612903225805,0.36417480375618533,0,0.6451612903225805,0.27163242213080285,0,0.6451612903225805,0.2863735613872837,0,0.6451612903225805,0.2582962841021031,0,0.6451612903225805,0.30036380333951895,0,0.6451612903225805,0.18255437711122824,0,0.6451612903225805
2023-09-16,1668,2937,Blue,0.7931034482758621,1,0.19999999999999996,0.3682737169517885,0,-1.0,0.7150082195728652,1,0.19999999999999996,0.7208450924348018,1,0.19999999999999996,0.5349460849829086,1,0.19999999999999996,0.42399856192425855,0,-1.0,0.463135723101434,0,-1.0,0.4334866852104182,0,-1.0,0.4546449989651877,0,-1.0,0.5205449856387396,1,0.19999999999999996
2023-09-16,498,981,Red,0.4675324675324676,0,0.8,0.3682737169517885,0,0.8,0.3837266583299639,0,0.8,0.32226523505550486,0,0.8,0.3851736017325668,0,0.8,0.3569915159155354,0,0.8,0.3677208955997741,0,0.8,0.37802988816422156,0,0.8,0.36378081856391015,0,0.8,0.20260064945645367,0,0.8
2023-09-16,1733,1352,Red,0.15349887133182846,0,0.1333333333333333,0.3682737169517885,0,0.1333333333333333,0.13967779908312541,0,0.1333333333333333,0.24093853245676145,0,0.1333333333333333,0.35782733924202337,0,0.1333333333333333,0.30552812065815194,0,0.1333333333333333,0.30650848185403995,0,0.1333333333333333,0.17884189618721924,0,0.1333333333333333,0.28982472193999437,0,0.1333333333333333,0.14262519505237858,0,0.1333333333333333
2023-09-16,2163,764,Red,0.28644876973925815,0,0.3448275862068966,0.3682737169517885,0,0.3448275862068966,0.2228937638728917,0,0.3448275862068966,0.24381409758800282,0,0.3448275862068966,0.3811451214329505,0,0.3448275862068966,0.3585465784215785,0,0.3448275862068966,0.4228283937663028,0,0.3448275862068966,0.3104130062284243,0,0.3448275862068966,0.34435136210431977,0,0.3448275862068966,0.3981389014838274,0,0.3448275862068966
2023-09-16,1513,1441,Blue,0.3146067415730337,0,-1.0,0.3682737169517885,0,-1.0,0.2444652307406781,0,-1.0,0.252108034456652,0,-1.0,0.3473768479781339,0,-1.0,0.24079125640155066,0,-1.0,0.2988103499557261,0,-1.0,0.17030170012956997,0,-1.0,0.26303841655391147,0,-1.0,0.41132927579565404,0,-1.0
2023-09-16,775,1659,Red,0.2220394736842105,0,0.2272727272727273,0.3682737169517885,0,0.2272727272727273,0.17878760042839095,0,0.2272727272727273,0.11561385372496438,0,0.2272727272727273,0.2641857569657195,0,0.2272727272727273,0.3390765212456388,0,0.2272727272727273,0.34011972657579753,0,0.2272727272727273,0.27529099573166255,0,0.2272727272727273,0.33809796402627185,0,0.2272727272727273,0.13843077166269202,0,0.2272727272727273
2023-09-16,920,573,Blue,0.574468085106383,1,0.6666666666666665,0.3682737169517885,0,-1.0,0.4959934837918982,0,-1.0,0.3082032704528034,0,-1.0,0.35637602433684534,0,-1.0,0.5297764381351339,1,0.6666666666666665,0.5626436797542315,1,0.6666666666666665,0.6110360333852525,1,0.6666666666666665,0.5545259545433217,1,0.6666666666666665,0.5924543758189112,1,0.6666666666666665
2023-09-16,1093,731,Red,0.2644230769230769,0,0.2941176470588236,0.3682737169517885,0,0.2941176470588236,0.20699056292401374,0,0.2941176470588236,0.3467339074447057,0,0.2941176470588236,0.37854108627066346,0,0.2941176470588236,0.41116371319312495,0,0.2941176470588236,0.4657036737811683,0,0.2941176470588236,0.48007810415251095,0,0.2941176470588236,0.5095429301602916,1,-1.0,0.46660917057670614,0,0.2941176470588236
2023-09-16,1088,1248,Red,0.15999999999999998,0,0.1428571428571428,0.3682737169517885,0,0.1428571428571428,0.14305546067860475,0,0.1428571428571428,0.43864007756223994,0,0.1428571428571428,0.42836594960815383,0,0.1428571428571428,0.33758107742972693,0,0.1428571428571428,0.331491673225139,0,0.1428571428571428,0.3955015546186615,0,0.1428571428571428,0.4222054274261891,0,0.1428571428571428,0.24886951891856432,0,0.1428571428571428
2023-09-23,1648,1022,Blue,0.5656028368794326,1,0.6896551724137931,0.3682737169517885,0,-1.0,0.4865098358666663,0,-1.0,0.29933427920846084,0,-1.0,0.30278138406047084,0,-1.0,0.43442538452832574,0,-1.0,0.4597248743357733,0,-1.0,0.4762678921542614,0,-1.0,0.3799155176743052,0,-1.0,0.5027466940079902,1,0.6896551724137931
2023-09-23,1245,386,Blue,0.17500000000000002,0,-1.0,0.3682737169517885,0,-1.0,0.15110841811945747,0,-1.0,0.22134176017041235,0,-1.0,0.3324778248723562,0,-1.0,0.2946759493230082,0,-1.0,0.2660832765599842,0,-1.0,0.19887357399665606,0,-1.0,0.2437002599628082,0,-1.0,0.17895892167818392,0,-1.0
2023-09-23,2058,2936,Blue,0.3181818181818181,0,-1.0,0.3682737169517885,0,-1.0,0.2473027612426706,0,-1.0,0.37559552505998256,0,-1.0,0.38077091043180583,0,-1.0,0.27393078000430954,0,-1.0,0.33940876495145517,0,-1.0,0.26573334725901726,0,-1.0,0.3446739117631872,0,-1.0,0.4223489186935569,0,-1.0
2023-09-23,1351,957,Red,0.35527082119976705,0,0.4878048780487805,0.3682737169517885,0,0.4878048780487805,0.2780225442047455,0,0.4878048780487805,0.24731802026773672,0,0.4878048780487805,0.37447916499060824,0,0.4878048780487805,0.29248097790009564,0,0.4878048780487805,0.34290815961981586,0,0.4878048780487805,0.2858174207773469,0,0.4878048780487805,0.3681064513301068,0,0.4878048780487805,0.23808171915114004,0,0.4878048780487805
2023-09-23,709,745,Blue,0.41700735895339325,0,-1.0,0.3682737169517885,0,-1.0,0.33402620438123604,0,-1.0,0.6075415312878003,1,1.2999999999999998,0.5303273675366752,1,1.2999999999999998,0.4286388758300521,0,-1.0,0.37149247528949436,0,-1.0,0.6142327290367173,1,1.2999999999999998,0.41961075250856905,0,-1.0,0.7141307671269836,1,1.2999999999999998
2023-09-23,2029,487,Red,0.43439716312056736,0,0.6896551724137931,0.3682737169517885,0,0.6896551724137931,0.35078407501923653,0,0.6896551724137931,0.1818991875456679,0,0.6896551724137931,0.34990148624648604,0,0.6896551724137931,0.35589683363019287,0,0.6896551724137931,0.3880173362612914,0,0.6896551724137931,0.1989084631658261,0,0.6896551724137931,0.38631482210203166,0,0.6896551724137931,0.39483881969866513,0,0.6896551724137931
2023-09-23,1705,2085,Red,0.27424749163879597,0,0.32258064516129026,0.3682737169517885,0,0.32258064516129026,0.21397845052367068,0,0.32258064516129026,0.5130815861585347,1,-1.0,0.4689778198648094,0,0.32258064516129026,0.3893713538640009,0,0.32258064516129026,0.308702823072664,0,0.32258064516129026,0.258547464718864,0,0.32258064516129026,0.21274835151941995,0,0.32258064516129026,0.43807468478670203,0,0.32258064516129026
2023-09-23,1315,694,Red,0.5940252776713904,1,-1.0,0.3682737169517885,0,1.35,0.5169153894177936,1,-1.0,0.607561339665963,1,-1.0,0.4821621235397662,0,1.35,0.5918002387818478,1,-1.0,0.6219475616221196,1,-1.0,0.5622748013125727,1,-1.0,0.558908161403029,1,-1.0,0.38056617704566403,0,1.35
2023-09-23,292,710,Red,0.36989795918367335,0,0.5263157894736841,0.3682737169517885,0,0.5263157894736841,0.2907630874370258,0,0.5263157894736841,0.36208253678095254,0,0.5263157894736841,0.3948339325630566,0,0.5263157894736841,0.42095689787795054,0,0.5263157894736841,0.40023654935414227,0,0.5263157894736841,0.445259928234077,0,0.5263157894736841,0.4707822120099701,0,0.5263157894736841,0.3129617717414159,0,0.5263157894736841
2023-09-23,230,996,Blue,0.3766105054509415,0,-1.0,0.3682737169517885,0,-1.0,0.2967237866187604,0,-1.0,0.35133860142340856,0,-1.0,0.3739838087747623,0,-1.0,0.43991328061916285,0,-1.0,0.43225526797376546,0,-1.0,0.4876306933218441,0,-1.0,0.4601964079780628,0,-1.0,0.4118420391080121,0,-1.0
2023-09-23,2935,777,Red,0.26174895895300415,0,0.2941176470588236,0.3682737169517885,0,0.2941176470588236,0.20511797976699805,0,0.2941176470588236,0.2684332676178783,0,0.2941176470588236,0.33822306444478045,0,0.2941176470588236,0.3501453034968754,0,0.2941176470588236,0.3544624058274509,0,0.2941176470588236,0.3545544756336681,0,0.2941176470588236,0.3966798559616964,0,0.2941176470588236,0.3868470052720693,0,0.2941176470588236
2023-10-07,1247,1327,Red,0.6755725190839694,1,-1.0,0.3682737169517885,0,1.9500000000000002,0.6027046126683244,1,-1.0,0.6376978788466774,1,-1.0,0.5218285748450109,1,-1.0,0.5462188505938508,1,-1.0,0.5199880124114881,1,-1.0,0.5442160575556196,1,-1.0,0.5144339555226531,1,-1.0,0.6427254620384752,1,-1.0
2023-10-07,896,183,Blue,0.4782608695652174,0,-1.0,0.3682737169517885,0,-1.0,0.3946428047638027,0,-1.0,0.5556444973192954,1,1.0,0.49724924842980694,0,-1.0,0.37011346523846506,0,-1.0,0.37110464678034527,0,-1.0,0.2843872955716883,0,-1.0,0.31043600475612854,0,-1.0,0.19935085006773556,0,-1.0
2023-10-07,564,176,Blue,0.42553191489361697,0,-1.0,0.3682737169517885,0,-1.0,0.3421918339751657,0,-1.0,0.4422460944678646,0,-1.0,0.3553094035188192,0,-1.0,0.35740074764416857,0,-1.0,0.3763577254795986,0,-1.0,0.3588414433905076,0,-1.0,0.41793386484713413,0,-1.0,0.30676901287911007,0,-1.0
2023-10-07,1635,1654,Red,0.23809523809523808,0,0.25,0.3682737169517885,0,0.25,0.18910177324538888,0,0.25,0.24390337850932226,0,0.25,0.31552758675487386,0,0.25,0.2508156824828653,0,0.25,0.26896682599949423,0,0.25,0.1873048059294926,0,0.25,0.2813695483938372,0,0.25,0.3802734526101831,0,0.25
2023-10-07,595,773,Red,0.22849462365591394,0,0.24390243902439024,0.3682737169517885,0,0.24390243902439024,0.18288052400412955,0,0.24390243902439024,0.5557720596141238,1,-1.0,0.4956056061266653,0,0.24390243902439024,0.5513252461046576,1,-1.0,0.5613266289082541,1,-1.0,0.5249843479929099,1,-1.0,0.547170640662442,1,-1.0,0.5739707814109933,1,-1.0
2023-10-07,1388,390,Blue,0.6067006554989075,1,0.5882352941176472,0.3682737169517885,0,-1.0,0.5304482398940927,1,0.5882352941176472,0.5161555499699064,1,0.5882352941176472,0.5037368131117627,1,0.5882352941176472,0.36986934906052565,0,-1.0,0.5102370058545135,1,0.5882352941176472,0.35567028529465894,0,-1.0,0.4809187562452903,0,-1.0,0.3326874995403283,0,-1.0
2023-10-07,1097,303,Red,0.41700735895339325,0,0.6451612903225805,0.3682737169517885,0,0.6451612903225805,0.33402620438123604,0,0.6451612903225805,0.5794522354265498,1,-1.0,0.536104902713702,1,-1.0,0.47463601730513505,0,0.6451612903225805,0.6466457199857518,1,-1.0,0.47995107897698713,0,0.6451612903225805,0.5795814979868218,1,-1.0,0.6232470146418962,1,-1.0
2023-10-07,576,1408,Red,0.7272727272727274,1,-1.0,0.3682737169517885,0,2.5,0.6543120473052394,1,-1.0,0.7656305490807676,1,-1.0,0.5640024359108636,1,-1.0,0.48473843850507964,0,2.5,0.5046217715125992,1,-1.0,0.6145388085540561,1,-1.0,0.5035278589905764,1,-1.0,0.49578956950430647,0,2.5
2023-10-07,225,1405,Red,0.5,0,0.9090909090909092,0.3682737169517885,0,0.9090909090909092,0.41707702825587434,0,0.9090909090909092,0.40912338999527254,0,0.9090909090909092,0.42837126122997987,0,0.9090909090909092,0.34116142272759914,0,0.9090909090909092,0.4981806924192809,0,0.9090909090909092,0.34843160072902735,0,0.9090909090909092,0.48879203736378307,0,0.9090909090909092,0.5018373291048398,1,-1.0
2023-10-07,557,818,Blue,0.2132564841498559,0,-1.0,0.3682737169517885,0,-1.0,0.17333426644506864,0,-1.0,0.6575347750662753,1,3.5,0.6787597876875352,1,3.5,0.28914383190195886,0,-1.0,0.36974008047664625,0,-1.0,0.23443764365753492,0,-1.0,0.4401196360832244,0,-1.0,0.0762519137828473,0,-1.0
2023-10-14,2149,612,Blue,0.7663551401869159,1,0.25,0.3682737169517885,0,-1.0,0.6911153027742297,1,0.25,0.544968153756517,1,0.25,0.4363922143921809,0,-1.0,0.4966648876722408,0,-1.0,0.5313574286245623,1,0.25,0.7624227754397841,1,0.25,0.5461490615556451,1,0.25,0.4055023407489809,0,-1.0
2023-10-14,2155,275,Blue,0.4009077155824508,0,-1.0,0.3682737169517885,0,-1.0,0.31887541179245016,0,-1.0,0.2324415886814256,0,-1.0,0.3846823569489764,0,-1.0,0.27935441587995774,0,-1.0,0.3682122559750513,0,-1.0,0.1659873215657281,0,-1.0,0.28805726418938127,0,-1.0,0.6212703079201342,1,1.4
2023-10-14,645,384,Red,0.6164383561643836,1,-1.0,0.3682737169517885,0,1.5,0.5408154001134118,1,-1.0,0.8414939784145874,1,-1.0,0.7000000083298015,1,-1.0,0.5556243492346434,1,-1.0,0.670692576313374,1,-1.0,0.6346649816404049,1,-1.0,0.5305707903775624,1,-1.0,0.45428161571554726,0,1.5
2023-10-14,1270,2145,Red,0.5108342361863489,1,-1.0,0.3682737169517885,0,0.9523809523809523,0.4283935113921339,0,0.9523809523809523,0.3687539935537093,0,0.9523809523809523,0.4207585824194274,0,0.9523809523809523,0.3829751003353944,0,0.9523809523809523,0.40586993706559876,0,0.9523809523809523,0.4610835359181107,0,0.9523809523809523,0.4353692649885098,0,0.9523809523809523,0.5126926833674308,1,-1.0
2023-10-14,1236,228,Blue,0.41700735895339325,0,-1.0,0.3682737169517885,0,-1.0,0.33402620438123604,0,-1.0,0.6172285678199984,1,1.2999999999999998,0.6579465211518498,1,1.2999999999999998,0.45327006116518487,0,-1.0,0.4368282609204522,0,-1.0,0.50788856482972,1,1.2999999999999998,0.4467362237020918,0,-1.0,0.4168891139801182,0,-1.0
2023-10-14,1712,1746,Red,0.4088050314465409,0,0.625,0.3682737169517885,0,0.625,0.32626198954654007,0,0.625,0.3883141008780058,0,0.625,0.37126848601075985,0,0.625,0.4804049645887882,0,0.625,0.4560183800303966,0,0.625,0.3588796643959323,0,0.625,0.43382971817696603,0,0.625,0.3404256138947538,0,0.625
2023-10-14,844,165,Red,0.28644876973925815,0,0.3448275862068966,0.3682737169517885,0,0.3448275862068966,0.2228937638728917,0,0.3448275862068966,0.18488680201024796,0,0.3448275862068966,0.304868404655712,0,0.3448275862068966,0.35686938606056257,0,0.3448275862068966,0.3360602277937396,0,0.3448275862068966,0.34524849394893786,0,0.3448275862068966,0.391891231317988,0,0.3448275862068966,0.24464154761861018,0,0.3448275862068966
2023-10-14,177,2959,Blue,0.574468085106383,1,0.6666666666666665,0.3682737169517885,0,-1.0,0.4959934837918982,0,-1.0,0.5376503482023796,1,0.6666666666666665,0.4551185048704708,0,-1.0,0.345653577474011,0,-1.0,0.3631016540162617,0,-1.0,0.30358411999125884,0,-1.0,0.33633472486849414,0,-1.0,0.34101678554770354,0,-1.0
2023-10-14,1185,2957,Red,0.2657601977750309,0,0.303030303030303,0.3682737169517885,0,0.303030303030303,0.20793162406715326,0,0.303030303030303,0.36973653570773507,0,0.303030303030303,0.38700589524811435,0,0.303030303030303,0.33489344282881434,0,0.303030303030303,0.35742766532157766,0,0.303030303030303,0.3313393290244894,0,0.303030303030303,0.4365762715807428,0,0.303030303030303,0.24464362429384623,0,0.303030303030303
2023-10-14,1311,2958,Red,0.19117647058823528,0,0.18181818181818188,0.3682737169517885,0,0.18181818181818188,0.160206671083403,0,0.18181818181818188,0.3858684423618618,0,0.18181818181818188,0.40920103868655594,0,0.18181818181818188,0.3007218510627331,0,0.18181818181818188,0.32028266992220805,0,0.18181818181818188,0.2519278857380923,0,0.18181818181818188,0.2733996030672137,0,0.18181818181818188,0.3624044185255263,0,0.18181818181818188
2023-10-14,1577,1562,Blue,0.644729178800233,1,0.4878048780487805,0.3682737169517885,0,-1.0,0.5707038585142735,1,0.4878048780487805,0.34739842693911205,0,-1.0,0.4545470886210355,0,-1.0,0.42910217288158475,0,-1.0,0.48160873781823327,0,-1.0,0.576276206245753,1,0.4878048780487805,0.4386739435868143,0,-1.0,0.13840787522597417,0,-1.0
2023-10-21,254,617,Blue,0.6818181818181818,1,0.3999999999999999,0.3682737169517885,0,-1.0,0.6090882833424296,1,0.3999999999999999,0.666397247799767,1,0.3999999999999999,0.5205335041449628,1,0.3999999999999999,0.5599113711079656,1,0.3999999999999999,0.4790184073945143,0,-1.0,0.7428190709286757,1,0.3999999999999999,0.5743398755928105,1,0.3999999999999999,0.7386445740848636,1,0.3999999999999999
2023-10-21,1240,2069,Red,0.30874785591766724,0,0.3846153846153846,0.3682737169517885,0,0.3846153846153846,0.23986287486965338,0,0.3846153846153846,0.06067309431394538,0,0.3846153846153846,0.22281951388227325,0,0.3846153846153846,0.2573306138306139,0,0.3846153846153846,0.30820854924189467,0,0.3846153846153846,0.2303335041046795,0,0.3846153846153846,0.27160727143587193,0,0.3846153846153846,0.20699466767390226,0,0.3846153846153846
2023-10-21,1471,741,Red,0.33099297893681046,0,0.4347826086956521,0.3682737169517885,0,0.4347826086956521,0.25765128023935513,0,0.4347826086956521,0.38266183298192374,0,0.4347826086956521,0.4177514848568705,0,0.4347826086956521,0.3855219331322273,0,0.4347826086956521,0.3852594645160706,0,0.4347826086956521,0.3604068186523907,0,0.4347826086956521,0.32408401329217246,0,0.4347826086956521,0.29308268363248546,0,0.4347826086956521
2023-10-21,2028,465,Blue,0.7421203438395416,1,0.2857142857142856,0.3682737169517885,0,-1.0,0.6685429752224362,1,0.2857142857142856,0.29117988064510997,0,-1.0,0.27130302658196315,0,-1.0,0.5390459434356494,1,0.2857142857142856,0.4766479897534561,0,-1.0,0.5414205563234754,1,0.2857142857142856,0.3613203178210117,0,-1.0,0.3720436891798742,0,-1.0
2023-10-21,186,203,Red,0.18041237113402062,0,0.16666666666666674,0.3682737169517885,0,0.16666666666666674,0.15410429549574012,0,0.16666666666666674,0.13515123110631705,0,0.16666666666666674,0.27325943326873864,0,0.16666666666666674,0.2917655273719515,0,0.16666666666666674,0.3199261570797098,0,0.16666666666666674,0.1710492149004321,0,0.16666666666666674,0.2828367098813843,0,0.16666666666666674,0.2689913399376207,0,0.16666666666666674
2023-10-21,648,1361,Blue,0.7663551401869159,1,0.25,0.3682737169517885,0,-1.0,0.6911153027742297,1,0.25,0.6464823994543496,1,0.25,0.5177059733002299,1,0.25,0.6111435647685649,1,0.25,0.582156393620047,1,0.25,0.5957408891837804,1,0.25,0.46788524122279435,0,-1.0,0.587140219976912,1,0.25
2023-10-21,613,733,Red,0.19184290030211482,0,0.1869158878504673,0.3682737169517885,0,0.1869158878504673,0.1605908369444354,0,0.1869158878504673,0.23847384149667386,0,0.1869158878504673,0.32900630565911604,0,0.1869158878504673,0.40180822554351975,0,0.1869158878504673,0.4290958381531672,0,0.1869158878504673,0.30755024684256066,0,0.1869158878504673,0.4830225271954378,0,0.1869158878504673,0.16204978421047,0,0.1869158878504673
2023-10-21,2127,1419,Blue,0.26174895895300415,0,-1.0,0.3682737169517885,0,-1.0,0.20511797976699805,0,-1.0,0.3502522223854305,0,-1.0,0.4156844530872865,0,-1.0,0.4246262302512302,0,-1.0,0.3641022598057386,0,-1.0,0.34876877703306397,0,-1.0,0.3682837215441297,0,-1.0,0.4138495727902941,0,-1.0
2023-10-21,367,1024,Red,0.700162074554295,1,-1.0,0.3682737169517885,0,2.2,0.6276157325005143,1,-1.0,0.628898399325073,1,-1.0,0.5184880924371621,1,-1.0,0.5301190374096721,1,-1.0,0.491207494776346,0,2.2,0.6733005513700526,1,-1.0,0.5753901281470906,1,-1.0,0.35756219250194804,0,2.2
2023-10-21,2955,1550,Blue,0.6017699115044247,1,0.5882352941176472,0.3682737169517885,0,-1.0,0.5251881578486539,1,0.5882352941176472,0.3981131956380536,0,-1.0,0.43071349359020816,0,-1.0,0.3266565998557811,0,-1.0,0.2854996589376383,0,-1.0,0.3763110825971449,0,-1.0,0.3199898972162349,0,-1.0,0.515030402523632,1,0.5882352941176472
2023-10-21,2956,1845,Red,0.28169014084507044,0,0.33333333333333326,0.3682737169517885,0,0.33333333333333326,0.21938550768017442,0,0.33333333333333326,0.3672040925342612,0,0.33333333333333326,0.4412410782180461,0,0.33333333333333326,0.34972681027211194,0,0.33333333333333326,0.4418022312842566,0,0.33333333333333326,0.3355861893406402,0,0.33333333333333326,0.42390110340916665,0,0.33333333333333326,0.567903486967753,1,-1.0
2023-11-04,351,1231,Red,0.28169014084507044,0,0.33333333333333326,0.3682737169517885,0,0.33333333333333326,0.21938550768017442,0,0.33333333333333326,0.2864074663388019,0,0.33333333333333326,0.3503685380221068,0,0.33333333333333326,0.29699460094429136,0,0.33333333333333326,0.30282793307081984,0,0.33333333333333326,0.3146195659934897,0,0.33333333333333326,0.3734493824174683,0,0.33333333333333326,0.2881167813710602,0,0.33333333333333326
2023-11-04,194,1167,Red,0.2033898305084746,0,0.19999999999999996,0.3682737169517885,0,0.19999999999999996,0.16736583261850096,0,0.19999999999999996,0.06786540265565437,0,0.19999999999999996,0.22812320909700254,0,0.19999999999999996,0.25089647988177394,0,0.19999999999999996,0.3228944225725146,0,0.19999999999999996,0.09935540120594073,0,0.19999999999999996,0.20777822646654828,0,0.19999999999999996,0.2441467083367348,0,0.19999999999999996
2023-11-04,911,779,Red,0.552594002855783,1,-1.0,0.3682737169517885,0,1.15,0.47261304800379783,0,1.15,0.6186588239441836,1,-1.0,0.6054487553952427,1,-1.0,0.522371541856836,1,-1.0,0.5771896232060794,1,-1.0,0.6641705982587436,1,-1.0,0.6555847699278783,1,-1.0,0.4128138152655504,0,1.15
2023-11-04,1427,1289,Red,0.3614457831325302,0,0.5,0.3682737169517885,0,0.5,0.28335907035899244,0,0.5,0.22807506419584528,0,0.5,0.39624728454859953,0,0.5,0.37952947588473906,0,0.5,0.45224122880312223,0,0.5,0.38173592639626563,0,0.5,0.4639653076130443,0,0.5,0.35097545548728454,0,0.5
2023-11-04,369,2952,Red,0.34929577464788736,0,0.4761904761904763,0.3682737169517885,0,0.4761904761904763,0.2729180432441444,0,0.4761904761904763,0.25032833127654097,0,0.4761904761904763,0.3290139469628298,0,0.4761904761904763,0.2925379347222101,0,0.4761904761904763,0.39361631307223144,0,0.4761904761904763,0.34881721553210904,0,0.4761904761904763,0.3991397636647864,0,0.4761904761904763,0.3149321286772643,0,0.4761904761904763
2023-11-04,1576,395,Red,0.3194444444444444,0,0.40816326530612246,0.3682737169517885,0,0.40816326530612246,0.24831017322164303,0,0.40816326530612246,0.3293735470170011,0,0.40816326530612246,0.4138049569955087,0,0.40816326530612246,0.3369489921842865,0,0.40816326530612246,0.3180935429508994,0,0.40816326530612246,0.28472969590393393,0,0.40816326530612246,0.30442597206021277,0,0.40816326530612246,0.27200454048161626,0,0.40816326530612246
2023-11-04,346,537,Blue,0.17211703958691912,0,-1.0,0.3682737169517885,0,-1.0,0.14953226364312774,0,-1.0,0.24585599474070313,0,-1.0,0.39700962412974206,0,-1.0,0.30590022205463374,0,-1.0,0.3611862483812182,0,-1.0,0.2138133876283111,0,-1.0,0.3523063097459672,0,-1.0,0.19753686682713872,0,-1.0
2023-11-04,2953,2932,Red,0.1741741741741742,0,0.15999999999999992,0.3682737169517885,0,0.15999999999999992,0.1506555370836209,0,0.15999999999999992,0.16051503308338116,0,0.15999999999999992,0.3008044217328759,0,0.15999999999999992,0.27258765364214016,0,0.15999999999999992,0.2990762587479394,0,0.15999999999999992,0.11010365034348292,0,0.15999999999999992,0.20968331623242698,0,0.15999999999999992,0.04351180176491402,0,0.15999999999999992
2023-11-04,2954,584,Blue,0.6301020408163265,1,0.5263157894736841,0.3682737169517885,0,-1.0,0.5553009752743421,1,0.5263157894736841,0.5923894331089428,1,0.5263157894736841,0.5480754103925823,1,0.5263157894736841,0.5277220619794148,1,0.5263157894736841,0.5206659640003692,1,0.5263157894736841,0.5644652143321476,1,0.5263157894736841,0.5146921024775453,1,0.5263157894736841,0.73113460776085,1,0.5263157894736841
2023-11-11,2037,2951,Red,0.3295622233152976,0,0.42553191489361697,0.3682737169517885,0,0.42553191489361697,0.25648164406232865,0,0.42553191489361697,0.23905934230807363,0,0.42553191489361697,0.3601088378176698,0,0.42553191489361697,0.24819174348024026,0,0.42553191489361697,0.33313722423519687,0,0.42553191489361697,0.2326958871340546,0,0.42553191489361697,0.3531819402368404,0,0.42553191489361697,0.25402925116450825,0,0.42553191489361697
2023-11-11,406,653,Blue,0.6957699520733487,1,0.37735849056603765,0.3682737169517885,0,-1.0,0.6232113958130931,1,0.37735849056603765,0.5105546045514427,1,0.37735849056603765,0.48419475523779215,0,-1.0,0.4132611334743687,0,-1.0,0.3782516609286364,0,-1.0,0.4722614653360203,0,-1.0,0.459354330209496,0,-1.0,0.30061194072878666,0,-1.0
2023-11-11,1626,1563,Blue,0.5324675324675325,1,0.8,0.3682737169517885,0,-1.0,0.45120377572871534,0,-1.0,0.36956607488613585,0,-1.0,0.4507579317835378,0,-1.0,0.38589439993271274,0,-1.0,0.4166201336279836,0,-1.0,0.35166828573157155,0,-1.0,0.332307819759635,0,-1.0,0.47813171188470976,0,-1.0
2023-11-11,1544,245,Blue,0.5108342361863489,1,0.8695652173913042,0.3682737169517885,0,-1.0,0.4283935113921339,0,-1.0,0.2884651700480163,0,-1.0,0.3322175806883823,0,-1.0,0.4200734840351714,0,-1.0,0.3095098563372094,0,-1.0,0.5361520105329931,1,0.8695652173913042,0.3727769407329286,0,-1.0,0.16706551385006943,0,-1.0
2023-11-11,798,1222,Red,0.34351145038167935,0,0.4651162790697674,0.3682737169517885,0,0.4651162790697674,0.2680326249839843,0,0.4651162790697674,0.28634234624152466,0,0.4651162790697674,0.4568970772833585,0,0.4651162790697674,0.3591497595541712,0,0.4651162790697674,0.3700840095818749,0,0.4651162790697674,0.33563051373150754,0,0.4651162790697674,0.40246914254052685,0,0.4651162790697674,0.3116821002729122,0,0.4651162790697674
2023-11-11,732,1755,Blue,0.6665837272953471,1,0.42553191489361697,0.3682737169517885,0,-1.0,0.5934560191455744,1,0.42553191489361697,0.75016016448211,1,0.42553191489361697,0.5508128610884072,1,0.42553191489361697,0.514621944303833,1,0.42553191489361697,0.5206626044196421,1,0.42553191489361697,0.6207145910492005,1,0.42553191489361697,0.5134181569433374,1,0.42553191489361697,0.7522035963517616,1,0.42553191489361697
2023-11-11,443,1039,Red,0.4532304725168756,0,0.7407407407407407,0.3682737169517885,0,0.7407407407407407,0.3693563055532054,0,0.7407407407407407,0.38193925249725347,0,0.7407407407407407,0.39370107904968293,0,0.7407407407407407,0.3282706657664086,0,0.7407407407407407,0.3342036259667137,0,0.7407407407407407,0.2686159218364262,0,0.7407407407407407,0.3321268599816359,0,0.7407407407407407,0.0759745219382522,0,0.7407407407407407
2023-11-11,658,504,Red,0.3614457831325302,0,0.5,0.3682737169517885,0,0.5,0.28335907035899244,0,0.5,0.49356333490060705,0,0.5,0.46369057978474604,0,0.5,0.37289324346677294,0,0.5,0.4434715345185409,0,0.5,0.5040788434065536,1,-1.0,0.4531915522838528,0,0.5,0.4351697987092223,0,0.5
2023-11-11,1655,1694,Red,0.1768292682926829,0,0.15999999999999992,0.3682737169517885,0,0.15999999999999992,0.15211556926203132,0,0.15999999999999992,0.33824243513389035,0,0.15999999999999992,0.3831043561924327,0,0.15999999999999992,0.4118094774878832,0,0.15999999999999992,0.42934243208921496,0,0.15999999999999992,0.4053607797195812,0,0.15999999999999992,0.4609741516100859,0,0.15999999999999992,0.31028687268755045,0,0.15999999999999992
2023-11-11,1675,775,Blue,0.6017699115044247,1,0.5882352941176472,0.3682737169517885,0,-1.0,0.5251881578486539,1,0.5882352941176472,0.6733787207832855,1,0.5882352941176472,0.5234475551059584,1,0.5882352941176472,0.4634097560935793,0,-1.0,0.38307546788456015,0,-1.0,0.6270627644145391,1,0.5882352941176472,0.47770961828296193,0,-1.0,0.801890387070719,1,0.5882352941176472
2023-11-11,214,579,Red,0.644729178800233,1,-1.0,0.3682737169517885,0,1.7000000000000002,0.5707038585142735,1,-1.0,0.44018964693203366,0,1.7000000000000002,0.4468354719902129,0,1.7000000000000002,0.40847538572538594,0,1.7000000000000002,0.5822236296821576,1,-1.0,0.6071059655205348,1,-1.0,0.6433554161439299,1,-1.0,0.706659700753929,1,-1.0
2023-11-11,1195,1748,Red,0.5217391304347826,1,-1.0,0.3682737169517885,0,1.0,0.4398599076862452,0,1.0,0.33245628317004056,0,1.0,0.3906878201723249,0,1.0,0.3403520654182421,0,1.0,0.35166860076282386,0,1.0,0.24533751289291966,0,1.0,0.2589725153768678,0,1.0,0.2118699708146594,0,1.0
2023-11-18,220,1008,Blue,0.6301020408163265,1,0.5263157894736841,0.3682737169517885,0,-1.0,0.5553009752743421,1,0.5263157894736841,0.6148473461666274,1,0.5263157894736841,0.4846312145991478,0,-1.0,0.5278461506766967,1,0.5263157894736841,0.5241005401914616,1,0.5263157894736841,0.7363831652242248,1,0.5263157894736841,0.6532285200263762,1,0.5263157894736841,0.6644249326221766,1,0.5263157894736841
2023-11-18,1546,375,Blue,0.4572564612326044,0,-1.0,0.3682737169517885,0,-1.0,0.37337940486727245,0,-1.0,0.35552239372756467,0,-1.0,0.41881989657154883,0,-1.0,0.3622534732352842,0,-1.0,0.4004711676660711,0,-1.0,0.4751235684309948,0,-1.0,0.4276514184589337,0,-1.0,0.3455736137727235,0,-1.0
2023-11-18,1794,181,Red,0.804772234273319,1,-1.0,0.3682737169517885,0,3.9000000000000004,0.7250759401021002,1,-1.0,0.6102439635908534,1,-1.0,0.47796859248123236,0,3.9000000000000004,0.4356965040406218,0,3.9000000000000004,0.44525663353172046,0,3.9000000000000004,0.5534338967935213,1,-1.0,0.5799839441568816,1,-1.0,0.7575043168376553,1,-1.0
2023-11-18,1602,1671,Blue,0.6755725190839694,1,0.41666666666666674,0.3682737169517885,0,-1.0,0.6027046126683244,1,0.41666666666666674,0.4365047736417564,0,-1.0,0.40721098582316967,0,-1.0,0.5169506770462653,1,0.41666666666666674,0.4839370951414717,0,-1.0,0.5151704953362795,1,0.41666666666666674,0.5131057877317504,1,0.41666666666666674,0.5143148041984871,1,0.41666666666666674
2023-11-18,1630,1569,Blue,0.6301020408163265,1,0.5263157894736841,0.3682737169517885,0,-1.0,0.5553009752743421,1,0.5263157894736841,0.549671074057044,1,0.5263157894736841,0.4767181937819717,0,-1.0,0.5005368830515887,1,0.5263157894736841,0.46085550843092593,0,-1.0,0.5678885196495371,1,0.5263157894736841,0.513114951268006,1,0.5263157894736841,0.6730726917541365,1,0.5263157894736841
2023-11-18,1009,2950,Blue,0.5656028368794326,1,0.6896551724137931,0.3682737169517885,0,-1.0,0.4865098358666663,0,-1.0,0.29677851851793885,0,-1.0,0.37740156708750044,0,-1.0,0.41118813988127106,0,-1.0,0.4336413369760233,0,-1.0,0.37118602287562064,0,-1.0,0.4355813359162303,0,-1.0,0.2451634990224301,0,-1.0
2023-11-18,934,1146,Red,0.3418803418803419,0,0.4545454545454546,0.3682737169517885,0,0.4545454545454546,0.2666650592881528,0,0.4545454545454546,0.3270857911345911,0,0.4545454545454546,0.40264444357066564,0,0.4545454545454546,0.39319580746051314,0,0.4545454545454546,0.39353549156036677,0,0.4545454545454546,0.40986437156929223,0,0.4545454545454546,0.28298025731950177,0,0.4545454545454546,0.41327304047838437,0,0.4545454545454546
2023-11-18,620,1986,Red,0.2418048111678923,0,0.2597402597402598,0.3682737169517885,0,0.2597402597402598,0.19154867487538055,0,0.2597402597402598,0.32501706918853623,0,0.2597402597402598,0.3902203541346998,0,0.2597402597402598,0.3325717694614754,0,0.2597402597402598,0.36266972198539704,0,0.2597402597402598,0.24092622009233366,0,0.2597402597402598,0.33149029014523596,0,0.2597402597402598,0.33890948854099057,0,0.2597402597402598
2023-11-18,190,515,Red,0.22240698399501138,0,0.2298850574712643,0.3682737169517885,0,0.2298850574712643,0.1790186857525622,0,0.2298850574712643,0.38580098712232913,0,0.2298850574712643,0.4353490057747121,0,0.2298850574712643,0.2944157305113186,0,0.2298850574712643,0.3312250604711466,0,0.2298850574712643,0.21325565461384596,0,0.2298850574712643,0.3059573585518399,0,0.2298850574712643,0.5205782871358066,1,-1.0
2023-11-18,1381,1285,Red,0.27792074112197634,0,0.3278688524590163,0.3682737169517885,0,0.3278688524590163,0.2166348535079764,0,0.3278688524590163,0.2099999581231621,0,0.3278688524590163,0.3269012486663934,0,0.3278688524590163,0.37561109596206443,0,0.3278688524590163,0.46709719927172977,0,0.3278688524590163,0.5484731998229972,1,-1.0,0.4375732484230503,0,0.3278688524590163,0.4037038153314295,0,0.3278688524590163
2023-11-18,1532,2949,Red,0.25669642857142855,0,0.2777777777777777,0.3682737169517885,0,0.2777777777777777,0.20161426984469838,0,0.2777777777777777,0.21107289732084145,0,0.2777777777777777,0.3159074348770775,0,0.2777777777777777,0.1830102397602398,0,0.2777777777777777,0.2699813477662537,0,0.2777777777777777,0.26606968495286787,0,0.2777777777777777,0.285646569964246,0,0.2777777777777777,0.09340562342167359,0,0.2777777777777777
2023-11-18,1317,2948,Blue,0.5689655172413793,1,0.6666666666666665,0.3682737169517885,0,-1.0,0.49010630805495553,0,-1.0,0.27552015107038585,0,-1.0,0.34842195346085625,0,-1.0,0.28789180616970644,0,-1.0,0.3766454389271649,0,-1.0,0.2957044956636818,0,-1.0,0.36470994422581166,0,-1.0,0.12122712781049175,0,-1.0
2023-11-18,2947,158,Red,0.1530054644808743,0,0.12903225806451601,0.3682737169517885,0,0.12903225806451601,0.13942419649568588,0,0.12903225806451601,0.3797665552707285,0,0.12903225806451601,0.4299849725153409,0,0.12903225806451601,0.35986354665386144,0,0.12903225806451601,0.38963486038878276,0,0.12903225806451601,0.35093853045700124,0,0.12903225806451601,0.4404635590498254,0,0.12903225806451601,0.437285848090739,0,0.12903225806451601
2023-12-02,1965,252,Red,0.552594002855783,1,-1.0,0.3682737169517885,0,1.15,0.47261304800379783,0,1.15,0.6576547525909051,1,-1.0,0.5459629732900247,1,-1.0,0.49954320407261593,0,1.15,0.5097798981995991,1,-1.0,0.4520689578730339,0,1.15,0.4848730327798892,0,1.15,0.12798007723884933,0,1.15
2023-12-02,1085,1885,Red,0.447405997144217,0,0.7407407407407407,0.3682737169517885,0,0.7407407407407407,0.3635681227782799,0,0.7407407407407407,0.4612061184848675,0,0.7407407407407407,0.47947199117985884,0,0.7407407407407407,0.470471560846561,0,0.7407407407407407,0.5100677828088473,1,-1.0,0.6830938875776825,1,-1.0,0.5755521837238388,1,-1.0,0.5519581137503959,1,-1.0
2023-12-02,361,759,Red,0.4782608695652174,0,0.8333333333333335,0.3682737169517885,0,0.8333333333333335,0.3946428047638027,0,0.8333333333333335,0.5078787388818858,1,-1.0,0.5106236968477877,1,-1.0,0.2997793981617512,0,0.8333333333333335,0.3550214176057227,0,0.8333333333333335,0.3507344305945762,0,0.8333333333333335,0.3373217489295242,0,0.8333333333333335,0.6791580065139963,1,-1.0
2023-12-02,1891,1933,Blue,0.26645768025078376,0,-1.0,0.3682737169517885,0,-1.0,0.20842376057923043,0,-1.0,0.3628807919426111,0,-1.0,0.38526146300244807,0,-1.0,0.4667197502932798,0,-1.0,0.4904750687161349,0,-1.0,0.3544833138612015,0,-1.0,0.41926240940948384,0,-1.0,0.5107473273626155,1,2.6
2023-12-02,866,941,Red,0.6301020408163265,1,-1.0,0.3682737169517885,0,1.6,0.5553009752743421,1,-1.0,0.4833107264258945,0,1.6,0.4058191755651895,0,1.6,0.4452175283866459,0,1.6,0.4863063460869976,0,1.6,0.37068923605820014,0,1.6,0.36890924533952735,0,1.6,0.37621486995212566,0,1.6
2023-12-02,836,1842,Blue,0.7272727272727274,1,0.3125,0.3682737169517885,0,-1.0,0.6543120473052394,1,0.3125,0.558013872231604,1,0.3125,0.5014245584186507,1,0.3125,0.6141928067918777,1,0.3125,0.6720729733599992,1,0.3125,0.4451232899109527,0,-1.0,0.5755897017992141,1,0.3125,0.7264936657827972,1,0.3125
2023-12-02,547,2004,Blue,0.7183098591549295,1,0.33333333333333326,0.3682737169517885,0,-1.0,0.6455837030077445,1,0.33333333333333326,0.7179214388179441,1,0.33333333333333326,0.6295984721841229,1,0.33333333333333326,0.6036391756391754,1,0.33333333333333326,0.570935395916213,1,0.33333333333333326,0.7009081243667545,1,0.33333333333333326,0.5866994809805857,1,0.33333333333333326,0.867673801129569,1,0.33333333333333326
2023-12-02,2015,796,Blue,0.3614457831325302,0,-1.0,0.3682737169517885,0,-1.0,0.28335907035899244,0,-1.0,0.33084263014930165,0,-1.0,0.4232909387269409,0,-1.0,0.44830426980426996,0,-1.0,0.48286266093402785,0,-1.0,0.33444072394523444,0,-1.0,0.46015037689712335,0,-1.0,0.2685048099287868,0,-1.0
2023-12-02,2016,818,Red,0.35527082119976705,0,0.4878048780487805,0.3682737169517885,0,0.4878048780487805,0.2780225442047455,0,0.4878048780487805,0.714703653097651,1,-1.0,0.6687399560184001,1,-1.0,0.3538863421723329,0,0.4878048780487805,0.3600035920504726,0,0.4878048780487805,0.19943831610641863,0,0.4878048780487805,0.3792359308529397,0,0.4878048780487805,0.21452301375550661,0,0.4878048780487805
2023-12-02,718,697,Blue,0.4572564612326044,0,-1.0,0.3682737169517885,0,-1.0,0.37337940486727245,0,-1.0,0.3164765304657907,0,-1.0,0.3008834467520332,0,-1.0,0.3814522821233348,0,-1.0,0.3940830813068473,0,-1.0,0.44764037814059293,0,-1.0,0.3558911478366957,0,-1.0,0.44166609333947027,0,-1.0
2023-12-02,2945,386,Blue,0.33635187580853815,0,-1.0,0.3682737169517885,0,-1.0,0.2620630016519996,0,-1.0,0.2786853243296824,0,-1.0,0.35588729728622936,0,-1.0,0.24451429516306405,0,-1.0,0.2379460121554667,0,-1.0,0.1429840559109088,0,-1.0,0.21903629504989408,0,-1.0,0.30582128293477545,0,-1.0
2023-12-02,2946,1612,Red,0.22004889975550124,0,0.2272727272727273,0.3682737169517885,0,0.2272727272727273,0.1775400097851792,0,0.2272727272727273,0.34995934143980634,0,0.2272727272727273,0.36215873485688094,0,0.2272727272727273,0.24128527242369927,0,0.2272727272727273,0.23312688963025222,0,0.2272727272727273,0.28132557095899613,0,0.2272727272727273,0.2771081070694918,0,0.2272727272727273,0.24209136102929737,0,0.2272727272727273
2023-12-09,1530,1736,Red,0.17766497461928932,0,0.16666666666666674,0.3682737169517885,0,0.16666666666666674,0.15257751916179207,0,0.16666666666666674,0.2023502072118626,0,0.16666666666666674,0.31202470788744724,0,0.16666666666666674,0.26252853411638233,0,0.16666666666666674,0.2652006485194912,0,0.16666666666666674,0.18326388745112168,0,0.16666666666666674,0.26286513742951567,0,0.16666666666666674,0.11808519225068792,0,0.16666666666666674
2023-12-09,753,505,Red,0.6968455551003687,1,-1.0,0.3682737169517885,0,2.15,0.6242919054054703,1,-1.0,0.5308207001835489,1,-1.0,0.49085531157073337,0,2.15,0.44890157834082006,0,2.15,0.3614217871161214,0,2.15,0.3623337775751322,0,2.15,0.4918487568625252,0,2.15,0.5983301487003462,1,-1.0
2023-12-09,1887,844,Red,0.2451612903225807,0,0.2666666666666666,0.3682737169517885,0,0.2666666666666666,0.1937834246683802,0,0.2666666666666666,0.6296426195930058,1,-1.0,0.45068400529056646,0,0.2666666666666666,0.3812627661010016,0,0.2666666666666666,0.32584313901035267,0,0.2666666666666666,0.38767893384538665,0,0.2666666666666666,0.32347170669173353,0,0.2666666666666666,0.7681100116636589,1,-1.0
2023-12-09,1957,899,Red,0.18041237113402062,0,0.16666666666666674,0.3682737169517885,0,0.16666666666666674,0.15410429549574012,0,0.16666666666666674,0.2621451654274193,0,0.16666666666666674,0.35194751813529407,0,0.16666666666666674,0.310518934897805,0,0.16666666666666674,0.32085028909987545,0,0.16666666666666674,0.2446966433092237,0,0.16666666666666674,0.3369091726993993,0,0.16666666666666674,0.3384491782283581,0,0.16666666666666674
2023-12-09,1528,1402,Blue,0.3907637655417407,0,-1.0,0.3682737169517885,0,-1.0,0.3095197320582117,0,-1.0,0.4378481447771331,0,-1.0,0.47731230622918525,0,-1.0,0.2890047096150037,0,-1.0,0.28339604838390486,0,-1.0,0.32020519356521626,0,-1.0,0.3577592399018019,0,-1.0,0.2834804501968639,0,-1.0
2023-12-09,2933,642,Red,0.42553191489361697,0,0.6666666666666665,0.3682737169517885,0,0.6666666666666665,0.3421918339751657,0,0.6666666666666665,0.28702423132278626,0,0.6666666666666665,0.3393081620910069,0,0.6666666666666665,0.32230178454443165,0,0.6666666666666665,0.309174429525631,0,0.6666666666666665,0.198481827273041,0,0.6666666666666665,0.3618576905281791,0,0.6666666666666665,0.35803435089693375,0,0.6666666666666665
2023-12-09,1870,1738,Blue,0.6385542168674698,1,0.5,0.3682737169517885,0,-1.0,0.5642163244242636,1,0.5,0.49441982783612654,0,-1.0,0.5083886593624333,1,0.5,0.49282315369815355,0,-1.0,0.5452971569810968,1,0.5,0.39089829298969536,0,-1.0,0.5006084386603553,1,0.5,0.15191830659875075,0,-1.0
2023-12-09,1886,2941,Blue,0.5888285492629945,1,0.606060606060606,0.3682737169517885,0,-1.0,0.5113587944481565,1,0.606060606060606,0.44627273739930934,0,-1.0,0.41885175910888406,0,-1.0,0.537530437155437,1,0.606060606060606,0.5145634849834043,1,0.606060606060606,0.5808353802015421,1,0.606060606060606,0.427207909665694,0,-1.0,0.3489684105300697,0,-1.0
2023-12-09,862,1400,Red,0.3678304239401496,0,0.5128205128205128,0.3682737169517885,0,0.5128205128205128,0.28894142559621144,0,0.5128205128205128,0.3275069234455753,0,0.5128205128205128,0.42759934971325836,0,0.5128205128205128,0.3870618526353821,0,0.5128205128205128,0.41953746919596596,0,0.5128205128205128,0.47487731249602827,0,0.5128205128205128,0.330354538002665,0,0.5128205128205128,0.56398204449178,1,-1.0
2023-12-09,648,1947,Red,0.447405997144217,0,0.7407407407407407,0.3682737169517885,0,0.7407407407407407,0.3635681227782799,0,0.7407407407407407,0.5979018092538259,1,-1.0,0.4927840874723794,0,0.7407407407407407,0.5434815065109184,1,-1.0,0.6235212500919833,1,-1.0,0.554266663139183,1,-1.0,0.46180749028877044,0,0.7407407407407407,0.2838507353724192,0,0.7407407407407407
2023-12-09,2943,2944,Blue,0.4059747223286097,0,-1.0,0.3682737169517885,0,-1.0,0.32360454955462187,0,-1.0,0.3003067610979357,0,-1.0,0.3519077465675247,0,-1.0,0.27002610251245385,0,-1.0,0.2579937506989869,0,-1.0,0.3306515837743148,0,-1.0,0.36490168112987886,0,-1.0,0.26992003553803284,0,-1.0
2023-12-16,2019,625,Red,0.3907637655417407,0,0.5714285714285714,0.3682737169517885,0,0.5714285714285714,0.3095197320582117,0,0.5714285714285714,0.4056153037622377,0,0.5714285714285714,0.4343446257199177,0,0.5714285714285714,0.4215221115000527,0,0.5714285714285714,0.3743200763013723,0,0.5714285714285714,0.46533097320971895,0,0.5714285714285714,0.3886983790608241,0,0.5714285714285714,0.33620472023935544,0,0.5714285714285714
2023-12-16,1646,1981,Red,0.17211703958691912,0,0.15384615384615374,0.3682737169517885,0,0.15384615384615374,0.14953226364312774,0,0.15384615384615374,0.04786438690818705,0,0.15384615384615374,0.2651152364513358,0,0.15384615384615374,0.28735232713909176,0,0.15384615384615374,0.3683719222831556,0,0.15384615384615374,0.2580974826897929,0,0.15384615384615374,0.3353970805667396,0,0.15384615384615374,0.09318431946547352,0,0.15384615384615374
2023-12-16,749,1053,Red,0.36989795918367335,0,0.5263157894736841,0.3682737169517885,0,0.5263157894736841,0.2907630874370258,0,0.5263157894736841,0.4092566740618752,0,0.5263157894736841,0.36950134372813803,0,0.5263157894736841,0.4060201171377639,0,0.5263157894736841,0.4062976539450773,0,0.5263157894736841,0.37212368589287664,0,0.5263157894736841,0.3600430840485199,0,0.5263157894736841,0.24706168052641897,0,0.5263157894736841
2023-12-16,639,511,Red,0.4088050314465409,0,0.625,0.3682737169517885,0,0.625,0.32626198954654007,0,0.625,0.3508918837409764,0,0.625,0.49771502205262064,0,0.625,0.37284743250024593,0,0.625,0.37044094248693527,0,0.625,0.27009786830630517,0,0.625,0.3052392293038499,0,0.625,0.1995830368810832,0,0.625
2023-12-16,1478,3258,Blue,0.36989795918367335,0,-1.0,0.3682737169517885,0,-1.0,0.2907630874370258,0,-1.0,0.23339915577847514,0,-1.0,0.3382628164327336,0,-1.0,0.2675070276209379,0,-1.0,0.30283855053186687,0,-1.0,0.26589590870350366,0,-1.0,0.32013691219877377,0,-1.0,0.2590979144445553,0,-1.0
2023-12-16,172,1731,Red,0.3812709030100334,0,0.5405405405405406,0.3682737169517885,0,0.5405405405405406,0.3009034567287069,0,0.5405405405405406,0.5869194873077314,1,-1.0,0.5331933611129145,1,-1.0,0.5874009177097412,1,-1.0,0.6277936016866914,1,-1.0,0.6429796716651545,1,-1.0,0.5988856854895275,1,-1.0,0.5346566604590591,1,-1.0
2023-12-16,654,1351,Red,0.6636481241914618,1,-1.0,0.3682737169517885,0,1.85,0.5904208106516671,1,-1.0,0.8745070350895016,1,-1.0,0.6335635230879624,1,-1.0,0.6413993144654906,1,-1.0,0.6353741898170695,1,-1.0,0.8339970046533559,1,-1.0,0.6971030881702563,1,-1.0,0.7851519680038522,1,-1.0
2023-12-16,1523,1741,Red,0.36989795918367335,0,0.5263157894736841,0.3682737169517885,0,0.5263157894736841,0.2907630874370258,0,0.5263157894736841,0.30332789279295624,0,0.5263157894736841,0.38190603166683496,0,0.5263157894736841,0.430904304301363,0,0.5263157894736841,0.4399909456280481,0,0.5263157894736841,0.3003106532875543,0,0.5263157894736841,0.38211644757063096,0,0.5263157894736841,0.17856106334435534,0,0.5263157894736841
2023-12-16,1328,975,Red,0.700162074554295,1,-1.0,0.3682737169517885,0,2.2,0.6276157325005143,1,-1.0,0.34429078991252965,0,2.2,0.3824237716223434,0,2.2,0.42567219218689784,0,2.2,0.35745572243335333,0,2.2,0.3287238499529529,0,2.2,0.3989431234988048,0,2.2,0.326640306894486,0,2.2
2023-12-16,701,195,Red,0.39823008849557523,0,0.5882352941176472,0.3682737169517885,0,0.5882352941176472,0.31639123314558676,0,0.5882352941176472,0.3204793174862889,0,0.5882352941176472,0.3624948384039828,0,0.5882352941176472,0.5621199974489449,1,-1.0,0.5909200436650104,1,-1.0,0.4594944254975521,0,0.5882352941176472,0.46043250150232673,0,0.5882352941176472,0.3676543685044447,0,0.5882352941176472
2023-12-16,688,1599,Blue,0.7241379310344829,1,0.33333333333333326,0.3682737169517885,0,-1.0,0.6512707234755049,1,0.33333333333333326,0.6474152784808441,1,0.33333333333333326,0.5266577226473859,1,0.33333333333333326,0.647739203406386,1,0.33333333333333326,0.6170661066896225,1,0.33333333333333326,0.6486029905367495,1,0.33333333333333326,0.565423561224391,1,0.33333333333333326,0.8369250070526588,1,0.33333333333333326
2023-12-16,391,3027,Blue,0.447405997144217,0,-1.0,0.3682737169517885,0,-1.0,0.3635681227782799,0,-1.0,0.24450271288089695,0,-1.0,0.3520212112301183,0,-1.0,0.42031760400988294,0,-1.0,0.45682754326051794,0,-1.0,0.37394165789821915,0,-1.0,0.4580563235558215,0,-1.0,0.5005739171863434,1,1.15
2024-01-13,1857,294,Blue,0.36989795918367335,0,-1.0,0.3682737169517885,0,-1.0,0.2907630874370258,0,-1.0,0.3631453525464207,0,-1.0,0.39577388148017484,0,-1.0,0.411578340791189,0,-1.0,0.3606056892098024,0,-1.0,0.40378887866376517,0,-1.0,0.4353569825203888,0,-1.0,0.5643938951737874,1,1.6
2024-01-13,876,693,Blue,0.5427435387673957,1,0.7692307692307692,0.3682737169517885,0,-1.0,0.46211721698599134,0,-1.0,0.41399993851578754,0,-1.0,0.4013361699323293,0,-1.0,0.3936904005580476,0,-1.0,0.3522652872463144,0,-1.0,0.5231199342050361,1,0.7692307692307692,0.36248535134809995,0,-1.0,0.5511312040989297,1,0.7692307692307692
2024-01-13,1336,311,Red,0.42236024844720493,0,0.6451612903225805,0.3682737169517885,0,0.6451612903225805,0.3391424590265567,0,0.6451612903225805,0.6376220743529006,1,-1.0,0.5356953515666723,1,-1.0,0.5135005539123186,1,-1.0,0.6373253498686942,1,-1.0,0.5538225133593483,1,-1.0,0.5897687935743446,1,-1.0,0.5224280621301091,1,-1.0
2024-01-13,232,2979,Blue,0.8465011286681716,1,0.1333333333333333,0.3682737169517885,0,-1.0,0.7592186182518044,1,0.1333333333333333,0.36605484932151905,0,-1.0,0.48596368496448017,0,-1.0,0.35202650182061956,0,-1.0,0.568844133305115,1,0.1333333333333333,0.39524046234645954,0,-1.0,0.581466429322494,1,0.1333333333333333,0.53186556006494,1,0.1333333333333333
2024-01-13,2119,2975,Blue,0.8677165354330708,1,0.10526315789473673,0.3682737169517885,0,-1.0,0.7754268383872434,1,0.10526315789473673,0.4600197697560826,0,-1.0,0.40976415857412735,0,-1.0,0.45369760196230774,0,-1.0,0.4119340589116794,0,-1.0,0.5055161428407987,1,0.10526315789473673,0.4242442460203944,0,-1.0,0.47774510630057515,0,-1.0
2024-01-13,1810,1533,Blue,0.4891657638136511,0,-1.0,0.3682737169517885,0,-1.0,0.4058472334649439,0,-1.0,0.575816011754305,1,0.9523809523809523,0.48256292497635056,0,-1.0,0.4814758514905572,0,-1.0,0.46274720502870703,0,-1.0,0.4222962183416086,0,-1.0,0.40322830003238036,0,-1.0,0.7130180887185178,1,0.9523809523809523
2024-01-13,1305,344,Red,0.33099297893681046,0,0.4347826086956521,0.3682737169517885,0,0.4347826086956521,0.25765128023935513,0,0.4347826086956521,0.5165158761149478,1,-1.0,0.46824004492917876,0,0.4347826086956521,0.33709400675577156,0,0.4347826086956521,0.36694063460474285,0,0.4347826086956521,0.35043991875552716,0,0.4347826086956521,0.4430840162151587,0,0.4347826086956521,0.35376419411231635,0,0.4347826086956521
2024-01-13,291,1123,Red,0.2945736434108528,0,0.3571428571428572,0.3682737169517885,0,0.3571428571428572,0.22897577156447582,0,0.3571428571428572,0.4856359476993665,0,0.3571428571428572,0.48180770509990084,0,0.3571428571428572,0.3229766761016762,0,0.3571428571428572,0.3751782181513961,0,0.3571428571428572,0.30156311211095566,0,0.3571428571428572,0.3823210828148446,0,0.3571428571428572,0.39903264324641763,0,0.3571428571428572
2024-01-13,221,2075,Red,0.19117647058823528,0,0.18181818181818188,0.3682737169517885,0,0.18181818181818188,0.160206671083403,0,0.18181818181818188,0.3725983652122226,0,0.18181818181818188,0.385174267702903,0,0.18181818181818188,0.28416492031933205,0,0.18181818181818188,0.3354217494839869,0,0.18181818181818188,0.1715969076599397,0,0.18181818181818188,0.3282545695136617,0,0.18181818181818188,0.6410365307761672,1,-1.0
2024-01-13,2037,3209,Red,0.3076274757690687,0,0.37735849056603765,0.3682737169517885,0,0.37735849056603765,0.238989564509068,0,0.37735849056603765,0.17384145425993233,0,0.37735849056603765,0.3257127427127333,0,0.37735849056603765,0.3194844050268558,0,0.37735849056603765,0.35863359067138556,0,0.37735849056603765,0.26306655904893983,0,0.37735849056603765,0.3887832612711082,0,0.37735849056603765,0.1671674784072512,0,0.37735849056603765
2024-01-13,1392,3136,Red,0.7446808510638299,1,-1.0,0.3682737169517885,0,2.75,0.6709671684698175,1,-1.0,0.5291313991199701,1,-1.0,0.46555187545726934,0,2.75,0.4436702128521016,0,2.75,0.4738322022903939,0,2.75,0.5417250043316654,1,-1.0,0.43835434415922964,0,2.75,0.33535710638184035,0,2.75
2024-01-20,1558,393,Red,0.5990922844175491,1,-1.0,0.3682737169517885,0,1.4,0.5223292659967418,1,-1.0,0.45439704889333965,0,1.4,0.48883361356431426,0,1.4,0.4956950015355584,0,1.4,0.5304151873071236,1,-1.0,0.5142605375549671,1,-1.0,0.6296228928847569,1,-1.0,0.25468419907075834,0,1.4
2024-01-20,1117,1541,Blue,0.43795620437956206,0,-1.0,0.3682737169517885,0,-1.0,0.3542612979004225,0,-1.0,0.5593960164037094,1,1.2000000000000002,0.4511669184870088,0,-1.0,0.38739567839567857,0,-1.0,0.4156838819852977,0,-1.0,0.40279915048484893,0,-1.0,0.4290330044709229,0,-1.0,0.5347060395587956,1,1.2000000000000002
2024-01-20,799,711,Blue,0.3614457831325302,0,-1.0,0.3682737169517885,0,-1.0,0.28335907035899244,0,-1.0,0.4194060074432535,0,-1.0,0.4507713559164682,0,-1.0,0.3617291420453184,0,-1.0,0.3613454507036639,0,-1.0,0.25348796942379503,0,-1.0,0.2864007257646956,0,-1.0,0.23620872057587747,0,-1.0
2024-01-20,189,675,Blue,0.6301020408163265,1,0.5263157894736841,0.3682737169517885,0,-1.0,0.5553009752743421,1,0.5263157894736841,0.5466563577308718,1,0.5263157894736841,0.5306221788501055,1,0.5263157894736841,0.4136618323197271,0,-1.0,0.35480980469520157,0,-1.0,0.3876942175077811,0,-1.0,0.41716820964283696,0,-1.0,0.49437696533092196,0,-1.0
2024-01-20,532,285,Red,0.3766105054509415,0,0.5405405405405406,0.3682737169517885,0,0.5405405405405406,0.2967237866187604,0,0.5405405405405406,0.5093793311645786,1,-1.0,0.4124972403920114,0,0.5405405405405406,0.4139606398503458,0,0.5405405405405406,0.4211941241060147,0,0.5405405405405406,0.5701983511066758,1,-1.0,0.41935428268507063,0,0.5405405405405406,0.8492947073052666,1,-1.0
2024-01-20,1696,2056,Red,0.27586206896551724,0,0.33333333333333326,0.3682737169517885,0,0.33333333333333326,0.2151431435346557,0,0.33333333333333326,0.6072366653431527,1,-1.0,0.5239564986357859,1,-1.0,0.34530746593086725,0,0.33333333333333326,0.37092811067496523,0,0.33333333333333326,0.2548771287555072,0,0.33333333333333326,0.39417907417747605,0,0.33333333333333326,0.38280029095897194,0,0.33333333333333326
2024-01-20,1228,1246,Red,0.76,1,-1.0,0.3682737169517885,0,3.0,0.6852781725114567,1,-1.0,0.4671135110103625,0,3.0,0.5285841394977042,1,-1.0,0.5380028721278725,1,-1.0,0.45502577460545185,0,3.0,0.37003736626505296,0,3.0,0.41375749202508416,0,3.0,0.1809023763988851,0,3.0
2024-01-20,1046,233,Blue,0.33635187580853815,0,-1.0,0.3682737169517885,0,-1.0,0.2620630016519996,0,-1.0,0.6501571391719603,1,1.85,0.5639215964407126,1,1.85,0.4802053268798624,0,-1.0,0.4928040017768262,0,-1.0,0.5253810880954306,1,1.85,0.4704224640168416,0,-1.0,0.7131599624398107,1,1.85
2024-01-20,1940,611,Blue,0.5,0,-1.0,0.3682737169517885,0,-1.0,0.41707702825587434,0,-1.0,0.1401273250386121,0,-1.0,0.2064230338775755,0,-1.0,0.5443715018641485,1,0.9090909090909092,0.6674099637527967,1,0.9090909090909092,0.7243697841650458,1,0.9090909090909092,0.5975481830301934,1,0.9090909090909092,0.6656832900068483,1,0.9090909090909092
2024-01-20,981,411,Red,0.22316684378320936,0,0.23529411764705888,0.3682737169517885,0,0.23529411764705888,0.17949721544042418,0,0.23529411764705888,0.1283397822862999,0,0.23529411764705888,0.26080438941857853,0,0.23529411764705888,0.3387162673068245,0,0.23529411764705888,0.3758836596750523,0,0.23529411764705888,0.3883216960810102,0,0.23529411764705888,0.39468219095829576,0,0.23529411764705888,0.26988505553093073,0,0.23529411764705888
2024-01-20,1022,2130,Blue,0.34929577464788736,0,-1.0,0.3682737169517885,0,-1.0,0.2729180432441444,0,-1.0,0.47075539223033,0,-1.0,0.4845844796399348,0,-1.0,0.4002554185580502,0,-1.0,0.45474071715589487,0,-1.0,0.36129399811020435,0,-1.0,0.4160314034948773,0,-1.0,0.7745776476105737,1,1.75
2024-01-20,3262,3246,Blue,0.3614457831325302,0,-1.0,0.3682737169517885,0,-1.0,0.28335907035899244,0,-1.0,0.32925889459259483,0,-1.0,0.39157863463781345,0,-1.0,0.4039008791853832,0,-1.0,0.4192609296497066,0,-1.0,0.33985813463281056,0,-1.0,0.3728592625695586,0,-1.0,0.4081553686724002,0,-1.0
2024-02-03,1242,1009,Blue,0.33099297893681046,0,-1.0,0.3682737169517885,0,-1.0,0.25765128023935513,0,-1.0,0.49900287924541703,0,-1.0,0.4969707250493539,0,-1.0,0.4495100479585773,0,-1.0,0.42322352570937316,0,-1.0,0.2897534860825604,0,-1.0,0.3760040542593229,0,-1.0,0.31263244192487966,0,-1.0
2024-02-03,1359,595,Red,0.37889039242219225,0,0.5555555555555556,0.3682737169517885,0,0.5555555555555556,0.2987643076505778,0,0.5555555555555556,0.2644545137381552,0,0.5555555555555556,0.4400583368702719,0,0.5555555555555556,0.3847067053317053,0,0.5555555555555556,0.41911983075618037,0,0.5555555555555556,0.2427811467100069,0,0.5555555555555556,0.38385133474635696,0,0.5555555555555556,0.27277380479332,0,0.5555555555555556
2024-02-03,1153,324,Red,0.4059747223286097,0,0.606060606060606,0.3682737169517885,0,0.606060606060606,0.32360454955462187,0,0.606060606060606,0.23066258995013375,0,0.606060606060606,0.35834609726241856,0,0.606060606060606,0.3856350972012735,0,0.606060606060606,0.36442326573374895,0,0.606060606060606,0.2542008926077688,0,0.606060606060606,0.35079969661093297,0,0.606060606060606,0.15156732557775998,0,0.606060606060606
2024-02-03,600,959,Blue,0.5990922844175491,1,0.606060606060606,0.3682737169517885,0,-1.0,0.5223292659967418,1,0.606060606060606,0.5508115449300832,1,0.606060606060606,0.47603301929035774,0,-1.0,0.5188167384444475,1,0.606060606060606,0.5691303712291422,1,0.606060606060606,0.5737590137091967,1,0.606060606060606,0.5319888543045017,1,0.606060606060606,0.8065488274841129,1,0.606060606060606
2024-02-03,2026,2940,Blue,0.3614457831325302,0,-1.0,0.3682737169517885,0,-1.0,0.28335907035899244,0,-1.0,0.23857111925442545,0,-1.0,0.32866048262163927,0,-1.0,0.3128499800852742,0,-1.0,0.2660851708596169,0,-1.0,0.21931449618502025,0,-1.0,0.2633328126145199,0,-1.0,0.2317453710839507,0,-1.0
2024-02-03,802,1713,Red,0.3181818181818181,0,0.3999999999999999,0.3682737169517885,0,0.3999999999999999,0.2473027612426706,0,0.3999999999999999,0.46474290652798006,0,0.3999999999999999,0.45211246869619925,0,0.3999999999999999,0.3325887377872671,0,0.3999999999999999,0.3183719576527696,0,0.3999999999999999,0.2766846026844389,0,0.3999999999999999,0.3314969054159089,0,0.3999999999999999,0.23901525720786637,0,0.3999999999999999
2024-02-03,382,1763,Red,0.2945736434108528,0,0.3571428571428572,0.3682737169517885,0,0.3571428571428572,0.22897577156447582,0,0.3571428571428572,0.36408297756997227,0,0.3571428571428572,0.5142572537853901,1,-1.0,0.36118668418784533,0,0.3571428571428572,0.4179484102220868,0,0.3571428571428572,0.3831447595066524,0,0.3571428571428572,0.3778056359652392,0,0.3571428571428572,0.1638906609628608,0,0.3571428571428572
2024-02-03,435,2962,Red,0.574468085106383,1,-1.0,0.3682737169517885,0,1.25,0.4959934837918982,0,1.25,0.3433824855114951,0,1.25,0.4089311363380405,0,1.25,0.33572743557612006,0,1.25,0.3358508158226858,0,1.25,0.3074196059058612,0,1.25,0.3666367450770368,0,1.25,0.4569468197313736,0,1.25
2024-02-03,1294,303,Red,0.30423004792665137,0,0.37735849056603765,0.3682737169517885,0,0.37735849056603765,0.23635470576792184,0,0.37735849056603765,0.40978968442651087,0,0.37735849056603765,0.4389806890675437,0,0.37735849056603765,0.44072815338256516,0,0.37735849056603765,0.47739083605597665,0,0.37735849056603765,0.4548376863514513,0,0.37735849056603765,0.512719170978295,1,-1.0,0.425308655120213,0,0.37735849056603765
2024-02-03,2939,3021,Blue,0.5467695274831245,1,0.7407407407407407,0.3682737169517885,0,-1.0,0.4664034495740591,0,-1.0,0.31645366095939925,0,-1.0,0.3663815649420833,0,-1.0,0.29732850460737303,0,-1.0,0.36027417871353057,0,-1.0,0.321092384782358,0,-1.0,0.3206441597479982,0,-1.0,0.30723521704400597,0,-1.0
2024-02-03,228,1848,Blue,0.7483588621444202,1,0.2777777777777777,0.3682737169517885,0,-1.0,0.6744334810758311,1,0.2777777777777777,0.6388398999043627,1,0.2777777777777777,0.5343758002920039,1,0.2777777777777777,0.6653061985743874,1,0.2777777777777777,0.6897664573347984,1,0.2777777777777777,0.7087744614208691,1,0.2777777777777777,0.6435916795189727,1,0.2777777777777777,0.7790638795924762,1,0.2777777777777777
2024-02-03,3082,1605,Blue,0.4009077155824508,0,-1.0,0.3682737169517885,0,-1.0,0.31887541179245016,0,-1.0,0.2910419727947995,0,-1.0,0.3700941273757822,0,-1.0,0.29368906889983765,0,-1.0,0.2806955614400579,0,-1.0,0.28069681097454324,0,-1.0,0.38535947369102985,0,-1.0,0.25522590911599063,0,-1.0
2024-02-10,895,1635,Red,0.6934548467274234,1,-1.0,0.3682737169517885,0,2.1,0.6208815806640102,1,-1.0,0.6109826087529212,1,-1.0,0.49562575387703317,0,2.1,0.5345542189292187,1,-1.0,0.40037509802550425,0,2.1,0.6167130798612296,1,-1.0,0.4590429592770464,0,2.1,0.7555221789950848,1,-1.0
2024-02-10,1193,365,Red,0.28644876973925815,0,0.3448275862068966,0.3682737169517885,0,0.3448275862068966,0.2228937638728917,0,0.3448275862068966,0.46570641728249373,0,0.3448275862068966,0.4258032848525786,0,0.3448275862068966,0.3316785885682945,0,0.3448275862068966,0.3679324420866519,0,0.3448275862068966,0.37979054493213593,0,0.3448275862068966,0.2654622541584905,0,0.3448275862068966,0.5539470742281416,1,-1.0
2024-02-10,2061,1578,Red,0.4782608695652174,0,0.8333333333333335,0.3682737169517885,0,0.8333333333333335,0.3946428047638027,0,0.8333333333333335,0.33174762667208146,0,0.8333333333333335,0.37821349203597593,0,0.8333333333333335,0.3903439939689938,0,0.8333333333333335,0.4290263374216637,0,0.8333333333333335,0.3355335817347751,0,0.8333333333333335,0.3902103173766958,0,0.8333333333333335,0.24839618054291876,0,0.8333333333333335
2024-02-10,477,1617,Blue,0.3244274809160305,0,-1.0,0.3682737169517885,0,-1.0,0.2523127438166796,0,-1.0,0.5420812788599969,1,1.9500000000000002,0.4848523245511037,0,-1.0,0.4253660447596206,0,-1.0,0.40100066853117483,0,-1.0,0.3759452361862303,0,-1.0,0.4051420019956433,0,-1.0,0.3116420380656252,0,-1.0
2024-02-10,1002,716,Red,0.43795620437956206,0,0.7142857142857144,0.3682737169517885,0,0.7142857142857144,0.3542612979004225,0,0.7142857142857144,0.8259124179074279,1,-1.0,0.6184567099769537,1,-1.0,0.6216200440426445,1,-1.0,0.5945914453220575,1,-1.0,0.7132494844054017,1,-1.0,0.5897204881180298,1,-1.0,0.8419003018221575,1,-1.0
2024-02-10,1542,2923,Blue,0.4782608695652174,0,-1.0,0.3682737169517885,0,-1.0,0.3946428047638027,0,-1.0,0.3116610883233735,0,-1.0,0.38745349806002777,0,-1.0,0.41830183826894357,0,-1.0,0.40366203254776684,0,-1.0,0.367875338918488,0,-1.0,0.42593618688079143,0,-1.0,0.21315315369707774,0,-1.0
2024-02-10,825,2094,Red,0.574468085106383,1,-1.0,0.3682737169517885,0,1.25,0.4959934837918982,0,1.25,0.35294361337031616,0,1.25,0.40656849083733143,0,1.25,0.5576056429953488,1,-1.0,0.5094359000085963,1,-1.0,0.4534537112962947,0,1.25,0.5389884392155274,1,-1.0,0.3238347674217084,0,1.25
2024-02-10,769,3165,Blue,0.6636481241914618,1,0.4444444444444444,0.3682737169517885,0,-1.0,0.5904208106516671,1,0.4444444444444444,0.41072439430688384,0,-1.0,0.4496194476297588,0,-1.0,0.35407400850783205,0,-1.0,0.35732035707486187,0,-1.0,0.3428872013065008,0,-1.0,0.41396643757028195,0,-1.0,0.4557662825611998,0,-1.0
2024-02-10,1968,1701,Blue,0.6853932584269663,1,0.3999999999999999,0.3682737169517885,0,-1.0,0.6127257745745904,1,0.3999999999999999,0.6593545352400032,1,0.3999999999999999,0.617049297949225,1,0.3999999999999999,0.6020270720994404,1,0.3999999999999999,0.7371881354963629,1,0.3999999999999999,0.7518310077936902,1,0.3999999999999999,0.6849266394471466,1,0.3999999999999999,0.8400880437427434,1,0.3999999999999999
2024-02-10,756,3125,Blue,0.36341238065906994,0,-1.0,0.3682737169517885,0,-1.0,0.2850715874205708,0,-1.0,0.45340893755464845,0,-1.0,0.43267787812234515,0,-1.0,0.3825732229524727,0,-1.0,0.42964913541781996,0,-1.0,0.40994690545264695,0,-1.0,0.43045926526046463,0,-1.0,0.3710262139462581,0,-1.0
2024-02-10,957,701,Red,0.3907637655417407,0,0.5714285714285714,0.3682737169517885,0,0.5714285714285714,0.3095197320582117,0,0.5714285714285714,0.39656594157089575,0,0.5714285714285714,0.45392079604946217,0,0.5714285714285714,0.47575790630937687,0,0.5714285714285714,0.46879553780744954,0,0.5714285714285714,0.4329642076462403,0,0.5714285714285714,0.3796979588142065,0,0.5714285714285714,0.5008725722536808,1,-1.0
2024-02-10,3204,3152,Red,0.3907637655417407,0,0.5714285714285714,0.3682737169517885,0,0.5714285714285714,0.3095197320582117,0,0.5714285714285714,0.2963552728136274,0,0.5714285714285714,0.36632882755693397,0,0.5714285714285714,0.3362264329097156,0,0.5714285714285714,0.34026011857859306,0,0.5714285714285714,0.2785321030122835,0,0.5714285714285714,0.3023982592893191,0,0.5714285714285714,0.30397221673114994,0,0.5714285714285714
2024-02-10,3169,1612,Blue,0.4088050314465409,0,-1.0,0.3682737169517885,0,-1.0,0.32626198954654007,0,-1.0,0.3302404446183187,0,-1.0,0.34305926575246104,0,-1.0,0.28656373567199817,0,-1.0,0.2683389268011479,0,-1.0,0.2740758913243151,0,-1.0,0.32098758017550855,0,-1.0,0.20992822640295752,0,-1.0
2024-02-17,1434,757,Blue,0.6945010183299388,1,0.36363636363636376,0.3682737169517885,0,-1.0,0.6219350972112931,1,0.36363636363636376,0.5521104998739568,1,0.36363636363636376,0.4876906066645343,0,-1.0,0.5294606954506336,1,0.36363636363636376,0.5396583631440631,1,0.36363636363636376,0.6369635162321536,1,0.36363636363636376,0.5282380500964156,1,0.36363636363636376,0.8795450146954774,1,0.36363636363636376
2024-02-17,626,450,Red,0.30874785591766724,0,0.3846153846153846,0.3682737169517885,0,0.3846153846153846,0.23986287486965338,0,0.3846153846153846,0.1894364694177173,0,0.3846153846153846,0.25053421547290294,0,0.3846153846153846,0.27619327567856955,0,0.3846153846153846,0.3553764308759009,0,0.3846153846153846,0.28583588998492493,0,0.3846153846153846,0.22870127960259104,0,0.3846153846153846,0.2892169478553828,0,0.3846153846153846
2024-02-17,1640,3240,Blue,0.6385542168674698,1,0.5,0.3682737169517885,0,-1.0,0.5642163244242636,1,0.5,0.5760894558648488,1,0.5,0.48803885989283863,0,-1.0,0.4324029617926678,0,-1.0,0.4999975805277841,0,-1.0,0.42515764925339755,0,-1.0,0.42589621815953316,0,-1.0,0.6562977122968515,1,0.5
2024-02-17,897,1093,Red,0.36989795918367335,0,0.5263157894736841,0.3682737169517885,0,0.5263157894736841,0.2907630874370258,0,0.5263157894736841,0.3733465734327087,0,0.5263157894736841,0.3673377783747659,0,0.5263157894736841,0.28664973996591653,0,0.5263157894736841,0.32531329920751084,0,0.5263157894736841,0.26887714243100125,0,0.5263157894736841,0.2738722489997801,0,0.5263157894736841,0.20340675596847438,0,0.5263157894736841
2024-02-17,2104,502,Red,0.35527082119976705,0,0.4878048780487805,0.3682737169517885,0,0.4878048780487805,0.2780225442047455,0,0.4878048780487805,0.37859753862203516,0,0.4878048780487805,0.44560112233983584,0,0.4878048780487805,0.4432204026909909,0,0.4878048780487805,0.59415803565832,1,-1.0,0.47318894606723655,0,0.4878048780487805,0.6205840395599805,1,-1.0,0.296430035045361,0,0.4878048780487805
2024-02-17,1159,579,Red,0.447405997144217,0,0.7407407407407407,0.3682737169517885,0,0.7407407407407407,0.3635681227782799,0,0.7407407407407407,0.675929522693645,1,-1.0,0.5676237691318654,1,-1.0,0.4910601356274732,0,0.7407407407407407,0.4410441662730458,0,0.7407407407407407,0.6200641676433172,1,-1.0,0.5151076792083612,1,-1.0,0.7909302091593478,1,-1.0
2024-02-17,1152,1287,Blue,0.6233894945490583,1,0.5405405405405406,0.3682737169517885,0,-1.0,0.5481948455858207,1,0.5405405405405406,0.539789315795601,1,0.5405405405405406,0.507894711483297,1,0.5405405405405406,0.5660515554706732,1,0.5405405405405406,0.5593125357983485,1,0.5405405405405406,0.6794907836326891,1,0.5405405405405406,0.5166286989855808,1,0.5405405405405406,0.5274664550975182,1,0.5405405405405406
2024-02-17,1422,3270,Red,0.10638297872340424,0,0.0714285714285714,0.3682737169517885,0,0.0714285714285714,0.11715556205064906,0,0.0714285714285714,0.23796998169054076,0,0.0714285714285714,0.334384688099245,0,0.0714285714285714,0.22954692448074804,0,0.0714285714285714,0.28439729483328186,0,0.0714285714285714,0.2657621172351753,0,0.0714285714285714,0.32067872107345535,0,0.0714285714285714,0.07448165459379989,0,0.0714285714285714
2024-02-17,2069,1991,Blue,0.44362292051756014,0,-1.0,0.3682737169517885,0,-1.0,0.35982955295397395,0,-1.0,0.04621809415983358,0,-1.0,0.14721339269934508,0,-1.0,0.4683596496096499,0,-1.0,0.48677436704536237,0,-1.0,0.38706621754388715,0,-1.0,0.32605896817914054,0,-1.0,0.33574572968551447,0,-1.0
2024-02-17,3140,3085,Red,0.4782608695652174,0,0.8333333333333335,0.3682737169517885,0,0.8333333333333335,0.3946428047638027,0,0.8333333333333335,0.3692953064414737,0,0.8333333333333335,0.40461849641024084,0,0.8333333333333335,0.4176022021610477,0,0.8333333333333335,0.466314617766628,0,0.8333333333333335,0.38968489542504,0,0.8333333333333335,0.42384325784868493,0,0.8333333333333335,0.5671621324527848,1,-1.0
2024-02-17,3064,2128,Red,0.27424749163879597,0,0.32258064516129026,0.3682737169517885,0,0.32258064516129026,0.21397845052367068,0,0.32258064516129026,0.41270515960312854,0,0.32258064516129026,0.4329434576406308,0,0.32258064516129026,0.23473109842227488,0,0.32258064516129026,0.3208528253942413,0,0.32258064516129026,0.232317226824688,0,0.32258064516129026,0.39206701245614056,0,0.32258064516129026,0.3124944132729802,0,0.32258064516129026
2024-02-24,1631,2170,Blue,0.6465222348916762,1,0.4761904761904763,0.3682737169517885,0,-1.0,0.5725832378846029,1,0.4761904761904763,0.5455736581225006,1,0.4761904761904763,0.5067930981063393,1,0.4761904761904763,0.44522282102429167,0,-1.0,0.4591338328221978,0,-1.0,0.5380906682113418,1,0.4761904761904763,0.42209171460766454,0,-1.0,0.7847494384497969,1,0.4761904761904763
2024-02-24,1852,1419,Blue,0.8181818181818182,1,0.16666666666666674,0.3682737169517885,0,-1.0,0.7363689467299468,1,0.16666666666666674,0.49582942497032334,0,-1.0,0.4679740249961128,0,-1.0,0.3881122333548805,0,-1.0,0.4340715884438864,0,-1.0,0.5770980890675346,1,0.16666666666666674,0.5710270612798772,1,0.16666666666666674,0.47628835603776204,0,-1.0
2024-02-24,198,2938,Blue,0.7183098591549295,1,0.33333333333333326,0.3682737169517885,0,-1.0,0.6455837030077445,1,0.33333333333333326,0.5162166428622653,1,0.33333333333333326,0.5047531508319697,1,0.33333333333333326,0.4862451135465841,0,-1.0,0.5650645593323392,1,0.33333333333333326,0.5692656892438452,1,0.33333333333333326,0.5757209452797952,1,0.33333333333333326,0.4083831054185123,0,-1.0
2024-02-24,2963,619,Red,0.36989795918367335,0,0.5263157894736841,0.3682737169517885,0,0.5263157894736841,0.2907630874370258,0,0.5263157894736841,0.47521963677715184,0,0.5263157894736841,0.466606272139667,0,0.5263157894736841,0.37351103118014894,0,0.5263157894736841,0.4485761010358068,0,0.5263157894736841,0.46058855666085635,0,0.5263157894736841,0.5034439715969271,1,-1.0,0.5566337445955786,1,-1.0
2024-02-24,1643,276,Blue,0.6067006554989075,1,0.5882352941176472,0.3682737169517885,0,-1.0,0.5304482398940927,1,0.5882352941176472,0.33479675947892024,0,-1.0,0.3797660241848043,0,-1.0,0.3273012543012544,0,-1.0,0.34382729521233885,0,-1.0,0.2809685081202632,0,-1.0,0.35041475150365153,0,-1.0,0.5146453140890644,1,0.5882352941176472
2024-02-24,1703,1500,Blue,0.42553191489361697,0,-1.0,0.3682737169517885,0,-1.0,0.3421918339751657,0,-1.0,0.6747915848086468,1,1.25,0.54233537199508,1,1.25,0.3598528911175971,0,-1.0,0.36189543647938904,0,-1.0,0.25745099387475057,0,-1.0,0.27299175476273446,0,-1.0,0.6984372417044014,1,1.25
2024-02-24,1385,1741,Blue,0.28169014084507044,0,-1.0,0.3682737169517885,0,-1.0,0.21938550768017442,0,-1.0,0.21472731703962386,0,-1.0,0.34360432823114767,0,-1.0,0.4091352820869076,0,-1.0,0.4752149592286831,0,-1.0,0.40769451007833213,0,-1.0,0.43683524000787827,0,-1.0,0.8180449698937952,1,2.4
2024-02-24,982,952,Red,0.18181818181818185,0,0.16666666666666674,0.3682737169517885,0,0.16666666666666674,0.15489034973514199,0,0.16666666666666674,0.36047727091488185,0,0.16666666666666674,0.3625477406694485,0,0.16666666666666674,0.4278268999519001,0,0.16666666666666674,0.3889781514122783,0,0.16666666666666674,0.513574519181806,1,-1.0,0.3711300037431658,0,0.16666666666666674,0.49037712269143724,0,0.16666666666666674
2024-02-24,156,1327,Red,0.5324675324675325,1,-1.0,0.3682737169517885,0,1.0499999999999998,0.45120377572871534,0,1.0499999999999998,0.32878587110373875,0,1.0499999999999998,0.3895826103838395,0,1.0499999999999998,0.3138825435830081,0,1.0499999999999998,0.3527881365639118,0,1.0499999999999998,0.42935046543841704,0,1.0499999999999998,0.40786700775436996,0,1.0499999999999998,0.20408715214530565,0,1.0499999999999998
2024-02-24,2163,1619,Red,0.29239766081871343,0,0.36363636363636376,0.3682737169517885,0,0.36363636363636376,0.22733553901119727,0,0.36363636363636376,0.5214919658081855,1,-1.0,0.46177400514100253,0,0.36363636363636376,0.4927366508763567,0,0.36363636363636376,0.46160833583711663,0,0.36363636363636376,0.47143088977129616,0,0.36363636363636376,0.3281313323578066,0,0.36363636363636376,0.2228678754126748,0,0.36363636363636376
2024-02-24,454,1112,Red,0.2033898305084746,0,0.19999999999999996,0.3682737169517885,0,0.19999999999999996,0.16736583261850096,0,0.19999999999999996,0.27749936352545346,0,0.19999999999999996,0.35637688021057606,0,0.19999999999999996,0.38819840236016695,0,0.19999999999999996,0.37297052902985717,0,0.19999999999999996,0.3576541042308472,0,0.19999999999999996,0.30683125317663246,0,0.19999999999999996,0.1002105805842342,0,0.19999999999999996
2024-02-24,3266,345,Red,0.4782608695652174,0,0.8333333333333335,0.3682737169517885,0,0.8333333333333335,0.3946428047638027,0,0.8333333333333335,0.351115567606743,0,0.8333333333333335,0.39515771127587584,0,0.8333333333333335,0.3392986206504403,0,0.8333333333333335,0.3580415788219467,0,0.8333333333333335,0.44972889835773294,0,0.8333333333333335,0.4313239877096271,0,0.8333333333333335,0.3404510999338559,0,0.8333333333333335
2024-03-02,1567,1361,Blue,0.7471910112359551,1,0.2857142857142856,0.3682737169517885,0,-1.0,0.6733348933442141,1,0.2857142857142856,0.504758061737885,1,0.2857142857142856,0.4383401160744094,0,-1.0,0.45524276186776197,0,-1.0,0.45066946374482697,0,-1.0,0.6619697378544251,1,0.2857142857142856,0.634937211676758,1,0.2857142857142856,0.25494932165822687,0,-1.0
2024-03-02,1804,658,Blue,0.7819063004846527,1,0.2272727272727273,0.3682737169517885,0,-1.0,0.7051418815618161,1,0.2272727272727273,0.7219331915349352,1,0.2272727272727273,0.5621103263092507,1,0.2272727272727273,0.6526505855255854,1,0.2272727272727273,0.6108395166258498,1,0.2272727272727273,0.7786401619003096,1,0.2272727272727273,0.6788699138816139,1,0.2272727272727273,0.8017980344120625,1,0.2272727272727273
2024-03-02,1473,3121,Red,0.10909090909090909,0,0.0714285714285714,0.3682737169517885,0,0.0714285714285714,0.11835977073874238,0,0.0714285714285714,0.19948825389133687,0,0.0714285714285714,0.31371258915316586,0,0.0714285714285714,0.21646588278080386,0,0.0714285714285714,0.27576190250299365,0,0.0714285714285714,0.1514273264488943,0,0.0714285714285714,0.2910645096186438,0,0.0714285714285714,0.12883062534189188,0,0.0714285714285714
2024-03-02,1742,3027,Red,0.6140350877192983,1,-1.0,0.3682737169517885,0,1.5,0.5382597127235074,1,-1.0,0.4865993545821259,0,1.5,0.4401667258183321,0,1.5,0.558272095422637,1,-1.0,0.4802004554412955,0,1.5,0.5422017065671162,1,-1.0,0.5332283787773892,1,-1.0,0.6692037862928567,1,-1.0
2024-03-02,211,1594,Red,0.1957070707070707,0,0.1923076923076923,0.3682737169517885,0,0.1923076923076923,0.16283304699035908,0,0.1923076923076923,0.3635623073814226,0,0.1923076923076923,0.39503623032835317,0,0.1923076923076923,0.4946048026048025,0,0.1923076923076923,0.5597350404482838,1,-1.0,0.5681412799098496,1,-1.0,0.42080619182611634,0,0.1923076923076923,0.34095865688715216,0,0.1923076923076923
2024-03-02,2158,290,Red,0.8586572438162544,1,-1.0,0.3682737169517885,0,5.75,0.7686020079120728,1,-1.0,0.6451001579043618,1,-1.0,0.5272866215779287,1,-1.0,0.5059218850321793,1,-1.0,0.5355669310127301,1,-1.0,0.6862772394448908,1,-1.0,0.5606002231529913,1,-1.0,0.7107786863637352,1,-1.0
2024-03-02,1084,3269,Red,0.13698630136986303,0,0.11111111111111116,0.3682737169517885,0,0.11111111111111116,0.13139846707362524,0,0.11111111111111116,0.2984444399756814,0,0.11111111111111116,0.34485132866636625,0,0.11111111111111116,0.4006896434915677,0,0.11111111111111116,0.3795397106556249,0,0.11111111111111116,0.3208598390794157,0,0.11111111111111116,0.38730468275080226,0,0.11111111111111116,0.5699544090009163,1,-1.0
2024-03-02,1576,1549,Red,0.272,0,0.3076923076923077,0.3682737169517885,0,0.3076923076923077,0.21236484863679975,0,0.3076923076923077,0.2318840388217421,0,0.3076923076923077,0.34682271997230846,0,0.3076923076923077,0.2940160321704441,0,0.3076923076923077,0.29517751109110185,0,0.3076923076923077,0.2124543475262067,0,0.3076923076923077,0.26957790657704905,0,0.3076923076923077,0.19575386688382396,0,0.3076923076923077
2024-03-02,620,1672,Red,0.26645768025078376,0,0.3076923076923077,0.3682737169517885,0,0.3076923076923077,0.20842376057923043,0,0.3076923076923077,0.25920354942908463,0,0.3076923076923077,0.35546523856739926,0,0.3076923076923077,0.31414765000794415,0,0.3076923076923077,0.28395827562216475,0,0.3076923076923077,0.30411331204718806,0,0.3076923076923077,0.3027020065668769,0,0.3076923076923077,0.2349123749907161,0,0.3076923076923077
2024-03-02,3127,3153,Red,0.447405997144217,0,0.7407407407407407,0.3682737169517885,0,0.7407407407407407,0.3635681227782799,0,0.7407407407407407,0.2753590381213207,0,0.7407407407407407,0.3622048712534411,0,0.7407407407407407,0.35746515518101823,0,0.7407407407407407,0.3532974937935327,0,0.7407407407407407,0.3306515837743148,0,0.7407407407407407,0.36467037460123736,0,0.7407407407407407,0.34538354182617526,0,0.7407407407407407
2024-03-02,3199,1644,Blue,0.3812709030100334,0,-1.0,0.3682737169517885,0,-1.0,0.3009034567287069,0,-1.0,0.2775149730356822,0,-1.0,0.3548023073117445,0,-1.0,0.25295152813292116,0,-1.0,0.2740661702799921,0,-1.0,0.28238693381809965,0,-1.0,0.30582797880262086,0,-1.0,0.1776041678495751,0,-1.0
2024-03-09,2142,1887,Red,0.41700735895339325,0,0.6451612903225805,0.3682737169517885,0,0.6451612903225805,0.33402620438123604,0,0.6451612903225805,0.5506609444825474,1,-1.0,0.3931992808617354,0,0.6451612903225805,0.48334514593423394,0,0.6451612903225805,0.495442408572847,0,0.6451612903225805,0.5761518539411359,1,-1.0,0.540683214339705,1,-1.0,0.629322805587534,1,-1.0
2024-03-09,2126,1389,Red,0.6596858638743455,1,-1.0,0.3682737169517885,0,1.7999999999999998,0.5863132009222274,1,-1.0,0.19823519748812168,0,1.7999999999999998,0.3475185150176427,0,1.7999999999999998,0.45994658869968474,0,1.7999999999999998,0.44219937367871764,0,1.7999999999999998,0.4436102939856306,0,1.7999999999999998,0.5343148836664777,1,-1.0,0.13287883744288123,0,1.7999999999999998
2024-03-09,533,1183,Blue,0.43795620437956206,0,-1.0,0.3682737169517885,0,-1.0,0.3542612979004225,0,-1.0,0.3903965877759521,0,-1.0,0.39764576322889555,0,-1.0,0.39258019023460217,0,-1.0,0.41036482061933566,0,-1.0,0.348110782117554,0,-1.0,0.5193164608885689,1,1.2000000000000002,0.12901915360575053,0,-1.0
2024-03-09,335,194,Red,0.552594002855783,1,-1.0,0.3682737169517885,0,1.15,0.47261304800379783,0,1.15,0.41471779392441166,0,1.15,0.41327366258685383,0,1.15,0.3166575241780352,0,1.15,0.3607034360538716,0,1.15,0.3660784526996414,0,1.15,0.36687771880978975,0,1.15,0.5682066235849395,1,-1.0
2024-03-09,401,573,Blue,0.5940252776713904,1,0.606060606060606,0.3682737169517885,0,-1.0,0.5169153894177936,1,0.606060606060606,0.6256111325482597,1,0.606060606060606,0.5023754937498848,1,0.606060606060606,0.6799073149073147,1,0.606060606060606,0.6937363488580051,1,0.606060606060606,0.6806764986184216,1,0.606060606060606,0.5197085949999455,1,0.606060606060606,0.8268065686997487,1,0.606060606060606
2024-03-09,1606,1755,Red,0.6507042253521127,1,-1.0,0.3682737169517885,0,1.75,0.5769583405613034,1,-1.0,0.47967527619181416,0,1.75,0.399625026643494,0,1.75,0.6404710072063015,1,-1.0,0.7205132809404347,1,-1.0,0.6632712783300071,1,-1.0,0.6219998951588778,1,-1.0,0.7805001284384087,1,-1.0
2024-03-09,2053,3112,Blue,0.8181818181818182,1,0.16666666666666674,0.3682737169517885,0,-1.0,0.7363689467299468,1,0.16666666666666674,0.37942905734342636,0,-1.0,0.4025452195910963,0,-1.0,0.382112523165832,0,-1.0,0.3693815744695588,0,-1.0,0.33450681099036483,0,-1.0,0.4220764897138481,0,-1.0,0.45925711671396774,0,-1.0
2024-03-09,1477,2051,Red,0.29556650246305427,0,0.36363636363636376,0.3682737169517885,0,0.36363636363636376,0.2297269369169647,0,0.36363636363636376,0.051604708454689306,0,0.36363636363636376,0.18131842115034005,0,0.36363636363636376,0.34451922015892594,0,0.36363636363636376,0.3468190397018647,0,0.36363636363636376,0.3452948228110467,0,0.36363636363636376,0.24059493379048105,0,0.36363636363636376,0.3148311749148143,0,0.36363636363636376
2024-03-09,1401,1591,Blue,0.6581196581196581,1,0.4545454545454546,0.3682737169517885,0,-1.0,0.584686190154043,1,0.4545454545454546,0.6863307086148547,1,0.4545454545454546,0.5258758486907398,1,0.4545454545454546,0.5689179154179151,1,0.4545454545454546,0.7161680355943737,1,0.4545454545454546,0.656294004197364,1,0.4545454545454546,0.6309112726733004,1,0.4545454545454546,0.8674919578971867,1,0.4545454545454546
2024-03-09,920,2989,Blue,0.447405997144217,0,-1.0,0.3682737169517885,0,-1.0,0.3635681227782799,0,-1.0,0.10993973550967712,0,-1.0,0.2515294782275386,0,-1.0,0.43738447527418106,0,-1.0,0.4936379070142845,0,-1.0,0.42542860675248917,0,-1.0,0.5160264763060721,1,1.15,0.3169758658138415,0,-1.0
2024-03-09,745,603,Red,0.2080344332855093,0,0.20833333333333326,0.3682737169517885,0,0.20833333333333326,0.1701546964663968,0,0.20833333333333326,0.7248720262882258,1,-1.0,0.6324862833422045,1,-1.0,0.34055676812294483,0,0.20833333333333326,0.38025370712738465,0,0.20833333333333326,0.28775874235719057,0,0.20833333333333326,0.3493616620155614,0,0.20833333333333326,0.9942281569658736,1,-1.0
2024-03-09,1562,1487,Red,0.42553191489361697,0,0.6666666666666665,0.3682737169517885,0,0.6666666666666665,0.3421918339751657,0,0.6666666666666665,0.5182502837194188,1,-1.0,0.5077913537271336,1,-1.0,0.4405334215721212,0,0.6666666666666665,0.4695918045982098,0,0.6666666666666665,0.4872557525042739,0,0.6666666666666665,0.37616320780403134,0,0.6666666666666665,0.8081509277753645,1,-1.0
2024-03-09,2970,1526,Red,0.23364485981308414,0,0.25,0.3682737169517885,0,0.25,0.18619793898742618,0,0.25,0.09267981507603322,0,0.25,0.25940182093303576,0,0.25,0.2765452338924104,0,0.25,0.31148357329196213,0,0.25,0.2234810325377271,0,0.25,0.3378859970021297,0,0.25,0.04339866704123488,0,0.25
2024-03-09,3285,273,Blue,0.6404361921603301,1,0.4878048780487805,0.3682737169517885,0,-1.0,0.5661960003221348,1,0.4878048780487805,0.7282744657789662,1,0.4878048780487805,0.566295070844705,1,0.4878048780487805,0.6130867572883122,1,0.4878048780487805,0.5527069985575594,1,0.4878048780487805,0.593697081464978,1,0.4878048780487805,0.5517507211497398,1,0.4878048780487805,0.9243035328998945,1,0.4878048780487805
2024-03-16,1166,555,Blue,0.7999999999999999,1,0.19999999999999996,0.3682737169517885,0,-1.0,0.7209852675424621,1,0.19999999999999996,0.32193243854222314,0,-1.0,0.362113222574764,0,-1.0,0.4722693576346825,0,-1.0,0.5176447373347899,1,0.19999999999999996,0.44693335229978015,0,-1.0,0.5264879887409397,1,0.19999999999999996,0.26357129403020385,0,-1.0
2024-03-16,1469,457,Blue,0.43439716312056736,0,-1.0,0.3682737169517885,0,-1.0,0.35078407501923653,0,-1.0,0.36148324323523334,0,-1.0,0.3794041440226222,0,-1.0,0.475671064902876,0,-1.0,0.5359869288813486,1,1.2000000000000002,0.3874706673573965,0,-1.0,0.47384264934450354,0,-1.0,0.42080053767238557,0,-1.0
2024-03-16,1756,1474,Red,0.84,1,-1.0,0.3682737169517885,0,5.0,0.7540949034837968,1,-1.0,0.8427090378941094,1,-1.0,0.5998485040525329,1,-1.0,0.6574820013864131,1,-1.0,0.6066600161438568,1,-1.0,0.7105556411578081,1,-1.0,0.6118530631441457,1,-1.0,0.8353687113341358,1,-1.0
2024-03-16,524,3195,Blue,0.3812709030100334,0,-1.0,0.3682737169517885,0,-1.0,0.3009034567287069,0,-1.0,0.3871789623964518,0,-1.0,0.4073262464797636,0,-1.0,0.37252834607759383,0,-1.0,0.4400410286025853,0,-1.0,0.40158436306588363,0,-1.0,0.4485823561774585,0,-1.0,0.2815296621165906,0,-1.0
2024-03-16,1067,462,Blue,0.6690070210631895,1,0.4347826086956521,0.3682737169517885,0,-1.0,0.5959561801349517,1,0.4347826086956521,0.7197929381113328,1,0.4347826086956521,0.6520258482003116,1,0.4347826086956521,0.41188053993936324,0,-1.0,0.45846045928918927,0,-1.0,0.577370517116191,1,0.4347826086956521,0.46062773746460334,0,-1.0,0.48766809230622665,0,-1.0
2024-03-16,700,1504,Red,0.41401273885350315,0,0.625,0.3682737169517885,0,0.625,0.33118081947714517,0,0.625,0.41479183535250874,0,0.625,0.46005356631533106,0,0.625,0.37544991878892814,0,0.625,0.3831116196144189,0,0.625,0.36547150151190794,0,0.625,0.45143165311545863,0,0.625,0.29082188535756803,0,0.625
2024-03-16,210,1308,Red,0.6164383561643836,1,-1.0,0.3682737169517885,0,1.5,0.5408154001134118,1,-1.0,0.2870627213997891,0,1.5,0.32038081503773186,0,1.5,0.3968725968873028,0,1.5,0.35032150459498307,0,1.5,0.23456182663412117,0,1.5,0.26448217384078726,0,1.5,0.23862640511658742,0,1.5
2024-03-16,1320,274,Red,0.3181818181818181,0,0.3999999999999999,0.3682737169517885,0,0.3999999999999999,0.2473027612426706,0,0.3999999999999999,0.3851991776063803,0,0.3999999999999999,0.4944190239583397,0,0.3999999999999999,0.350035158068053,0,0.3999999999999999,0.40993185270874516,0,0.3999999999999999,0.2908538452434996,0,0.3999999999999999,0.41040881288747844,0,0.3999999999999999,0.06789145660690517,0,0.3999999999999999
2024-03-16,1360,3087,Red,0.23193577163247103,0,0.23809523809523814,0.3682737169517885,0,0.23809523809523814,0.18509194984689203,0,0.23809523809523814,0.2969987663282556,0,0.23809523809523814,0.35090635677001536,0,0.23809523809523814,0.3969896756293815,0,0.23809523809523814,0.46311327430501914,0,0.23809523809523814,0.44232271434439824,0,0.23809523809523814,0.417031110996864,0,0.23809523809523814,0.10298351212892494,0,0.23809523809523814
2024-03-16,2009,2017,Blue,0.4891657638136511,0,-1.0,0.3682737169517885,0,-1.0,0.4058472334649439,0,-1.0,0.5163293983369426,1,0.9523809523809523,0.49986750357706183,0,-1.0,0.44615115168056346,0,-1.0,0.44803108080118376,0,-1.0,0.3276151734406929,0,-1.0,0.5523322539092183,1,0.9523809523809523,0.8075645909480413,1,0.9523809523809523
2024-03-16,1712,2931,Red,0.6385542168674698,1,-1.0,0.3682737169517885,0,1.65,0.5642163244242636,1,-1.0,0.2960460056290077,0,1.65,0.37242677281322284,0,1.65,0.3330573301970361,0,1.65,0.30038650121602517,0,1.65,0.20581540050942826,0,1.65,0.2885023237117271,0,1.65,0.16696264227538338,0,1.65
2024-03-16,3282,220,Blue,0.4009077155824508,0,-1.0,0.3682737169517885,0,-1.0,0.31887541179245016,0,-1.0,0.19248068098458426,0,-1.0,0.31648479204093166,0,-1.0,0.23998353851451473,0,-1.0,0.3083050455118059,0,-1.0,0.3272293077074224,0,-1.0,0.3398004233315523,0,-1.0,0.23006857426871727,0,-1.0
2024-03-23,2115,1954,Red,0.37443511943189156,0,0.5263157894736841,0.3682737169517885,0,0.5263157894736841,0.2947843269761307,0,0.5263157894736841,0.2420562863973738,0,0.5263157894736841,0.33013993891169163,0,0.5263157894736841,0.46606600942630366,0,0.5263157894736841,0.45762278221605696,0,0.5263157894736841,0.3871898243205267,0,0.5263157894736841,0.41136668181751107,0,0.5263157894736841,0.19810791246927661,0,0.5263157894736841
2024-03-23,1816,597,Red,0.35956380783966996,0,0.4878048780487805,0.3682737169517885,0,0.4878048780487805,0.2817260802371368,0,0.4878048780487805,0.2691891106162722,0,0.4878048780487805,0.3657231284904697,0,0.4878048780487805,0.3515802392052393,0,0.4878048780487805,0.4057009980437046,0,0.4878048780487805,0.3177179992217638,0,0.4878048780487805,0.371391197678458,0,0.4878048780487805,0.183430731697964,0,0.4878048780487805
2024-03-23,1638,2159,Blue,0.4947698744769875,0,-1.0,0.3682737169517885,0,-1.0,0.411644443795088,0,-1.0,0.7962615515042023,1,0.9090909090909092,0.5902557332133916,1,0.9090909090909092,0.4961938217011747,0,-1.0,0.45505416721613007,0,-1.0,0.5701122284241759,1,0.9090909090909092,0.47520564333898785,0,-1.0,0.7605033571161489,1,0.9090909090909092
2024-03-23,924,1482,Blue,0.574468085106383,1,0.6666666666666665,0.3682737169517885,0,-1.0,0.4959934837918982,0,-1.0,0.61471369741884,1,0.6666666666666665,0.5280250905325468,1,0.6666666666666665,0.4748999396572927,0,-1.0,0.5611668169564397,1,0.6666666666666665,0.539365811055241,1,0.6666666666666665,0.5394019695566836,1,0.6666666666666665,0.5762212970531164,1,0.6666666666666665
2024-03-23,660,3255,Red,0.6187290969899665,1,-1.0,0.3682737169517885,0,1.5,0.5432494282454093,1,-1.0,0.4638181286718562,0,1.5,0.4538574619198759,0,1.5,0.37222682283615793,0,1.5,0.4525515486343197,0,1.5,0.4352550003162423,0,1.5,0.46168809897461544,0,1.5,0.5202356026304632,1,-1.0
2024-03-23,1513,3283,Red,0.4009077155824508,0,0.606060606060606,0.3682737169517885,0,0.606060606060606,0.31887541179245016,0,0.606060606060606,0.33028507527144774,0,0.606060606060606,0.3808919455729857,0,0.606060606060606,0.21013347491288664,0,0.606060606060606,0.2711034606055691,0,0.606060606060606,0.29772958638806674,0,0.606060606060606,0.32757167634898415,0,0.606060606060606,0.15513754836844093,0,0.606060606060606
2024-03-23,1648,659,Blue,0.39823008849557523,0,-1.0,0.3682737169517885,0,-1.0,0.31639123314558676,0,-1.0,0.14279012277532235,0,-1.0,0.2829861131695346,0,-1.0,0.3656102625587919,0,-1.0,0.32382245950408883,0,-1.0,0.24344501260879894,0,-1.0,0.3062333034067371,0,-1.0,0.6669350289879764,1,1.4
2024-03-23,996,766,Red,0.44362292051756014,0,0.7142857142857144,0.3682737169517885,0,0.7142857142857144,0.35982955295397395,0,0.7142857142857144,0.2735873438648827,0,0.7142857142857144,0.3844286684686834,0,0.7142857142857144,0.28006189834130996,0,0.7142857142857144,0.3303680868128256,0,0.7142857142857144,0.2235023882802547,0,0.7142857142857144,0.3512381557027878,0,0.7142857142857144,0.5282516742704901,1,-1.0
2024-03-23,2029,1532,Blue,0.574468085106383,1,0.6666666666666665,0.3682737169517885,0,-1.0,0.4959934837918982,0,-1.0,0.4789402616959262,0,-1.0,0.44776347190024407,0,-1.0,0.4645538119288119,0,-1.0,0.46089863327945435,0,-1.0,0.5638827415657689,1,0.6666666666666665,0.5029624773777512,1,0.6666666666666665,0.5193809114700011,1,0.6666666666666665
2024-03-23,2947,1746,Red,0.42553191489361697,0,0.6666666666666665,0.3682737169517885,0,0.6666666666666665,0.3421918339751657,0,0.6666666666666665,0.4300687514708204,0,0.6666666666666665,0.4171490174653817,0,0.6666666666666665,0.34001119500268107,0,0.6666666666666665,0.37422097726376186,0,0.6666666666666665,0.4198353350402671,0,0.6666666666666665,0.417773400222807,0,0.6666666666666665,0.377235842642471,0,0.6666666666666665
2024-03-23,1671,1424,Blue,0.6465222348916762,1,0.4761904761904763,0.3682737169517885,0,-1.0,0.5725832378846029,1,0.4761904761904763,0.29682745557577256,0,-1.0,0.3117223784275542,0,-1.0,0.33357200894507405,0,-1.0,0.30820324093390633,0,-1.0,0.3214669018192903,0,-1.0,0.2599269435560006,0,-1.0,0.5987865003179434,1,0.4761904761904763
2024-03-23,3205,3185,Blue,0.6524137931034484,1,0.4651162790697674,0.3682737169517885,0,-1.0,0.5787434218217876,1,0.4651162790697674,0.30784769932510325,0,-1.0,0.36945844557960045,0,-1.0,0.4156086625109822,0,-1.0,0.4018313230823473,0,-1.0,0.3955015546186615,0,-1.0,0.4177993492297502,0,-1.0,0.3713874637023897,0,-1.0
2024-03-23,3284,3010,Blue,0.6187290969899665,1,0.5405405405405406,0.3682737169517885,0,-1.0,0.5432494282454093,1,0.5405405405405406,0.2982219254757584,0,-1.0,0.36600396558210696,0,-1.0,0.3993396719809857,0,-1.0,0.38656081099551015,0,-1.0,0.34904137248190453,0,-1.0,0.3757351125046518,0,-1.0,0.36380823110780675,0,-1.0
2024-03-30,229,402,Red,0.23364485981308414,0,0.25,0.3682737169517885,0,0.25,0.18619793898742618,0,0.25,0.3278030173114715,0,0.25,0.37676705567373786,0,0.25,0.38559912772412774,0,0.25,0.3728248390014353,0,0.25,0.1531247365329593,0,0.25,0.3462247738485496,0,0.25,0.14066938217415542,0,0.25
2024-03-30,976,775,Red,0.6690070210631895,1,-1.0,0.3682737169517885,0,1.9,0.5959561801349517,1,-1.0,0.7741023344300829,1,-1.0,0.6123545625466994,1,-1.0,0.5525297525831583,1,-1.0,0.5398654244488641,1,-1.0,0.7577997533607147,1,-1.0,0.6918421098136976,1,-1.0,0.873784468937247,1,-1.0
2024-03-30,1120,653,Red,0.6233894945490583,1,-1.0,0.3682737169517885,0,1.5499999999999998,0.5481948455858207,1,-1.0,0.684659405072279,1,-1.0,0.5798569439008342,1,-1.0,0.40087391366803127,0,1.5499999999999998,0.43970037268302553,0,1.5499999999999998,0.46115485924695315,0,1.5499999999999998,0.4893333765618699,0,1.5499999999999998,0.5780632836575015,1,-1.0
2024-03-30,1745,617,Red,0.33635187580853815,0,0.4444444444444444,0.3682737169517885,0,0.4444444444444444,0.2620630016519996,0,0.4444444444444444,0.312257233977655,0,0.4444444444444444,0.34677529704148696,0,0.4444444444444444,0.2947070522070523,0,0.4444444444444444,0.3179633223526261,0,0.4444444444444444,0.3841925544409311,0,0.4444444444444444,0.39476990578927745,0,0.4444444444444444,0.20268291445599226,0,0.4444444444444444
2024-03-30,1205,390,Blue,0.4891657638136511,0,-1.0,0.3682737169517885,0,-1.0,0.4058472334649439,0,-1.0,0.6501621894422597,1,0.9523809523809523,0.5896426469583483,1,0.9523809523809523,0.40556798964422797,0,-1.0,0.5331187413488518,1,0.9523809523809523,0.41232321791249005,0,-1.0,0.4643264680975421,0,-1.0,0.6220855486767114,1,0.9523809523809523
2024-03-30,2092,1844,Red,0.6742037442256261,1,-1.0,0.3682737169517885,0,1.9500000000000002,0.6013008271609427,1,-1.0,0.2581025368740019,0,1.9500000000000002,0.337560686553305,0,1.9500000000000002,0.5528484712455302,1,-1.0,0.5601832971837417,1,-1.0,0.4959001569631219,0,1.9500000000000002,0.48519666949808665,0,1.9500000000000002,0.2170068992631406,0,1.9500000000000002
2024-03-30,333,705,Blue,0.36989795918367335,0,-1.0,0.3682737169517885,0,-1.0,0.2907630874370258,0,-1.0,0.23379957635637938,0,-1.0,0.3703147579337241,0,-1.0,0.2632594333770806,0,-1.0,0.3139624219121471,0,-1.0,0.23495858405511602,0,-1.0,0.28309366776542466,0,-1.0,0.3663643039408428,0,-1.0
2024-03-30,1455,1307,Red,0.44362292051756014,0,0.7142857142857144,0.3682737169517885,0,0.7142857142857144,0.35982955295397395,0,0.7142857142857144,0.5306155545014475,1,-1.0,0.44763362389416395,0,0.7142857142857144,0.5406012002703179,1,-1.0,0.502133781509449,1,-1.0,0.4888574139716386,0,0.7142857142857144,0.5910304592047614,1,-1.0,0.6528349289357235,1,-1.0
2024-03-30,183,1441,Blue,0.3194444444444444,0,-1.0,0.3682737169517885,0,-1.0,0.24831017322164303,0,-1.0,0.45589005844204866,0,-1.0,0.4613590305095895,0,-1.0,0.34305569049686696,0,-1.0,0.36397961966314946,0,-1.0,0.42174729629207636,0,-1.0,0.4105725130149216,0,-1.0,0.4676256010097878,0,-1.0
2024-03-30,1577,1245,Blue,0.6818181818181818,1,0.3999999999999999,0.3682737169517885,0,-1.0,0.6090882833424296,1,0.3999999999999999,0.6491903871526984,1,0.3999999999999999,0.5646044070331696,1,0.3999999999999999,0.4239786383207435,0,-1.0,0.38875659549421404,0,-1.0,0.605599414354342,1,0.3999999999999999,0.37882972731542214,0,-1.0,0.6183347913435892,1,0.3999999999999999
2024-03-30,406,3261,Red,0.4891657638136511,0,0.8695652173913042,0.3682737169517885,0,0.8695652173913042,0.4058472334649439,0,0.8695652173913042,0.472643433027746,0,0.8695652173913042,0.47428648914775073,0,0.8695652173913042,0.41501311923370743,0,0.8695652173913042,0.4066370742423607,0,0.8695652173913042,0.4479166972651851,0,0.8695652173913042,0.43402198639257483,0,0.8695652173913042,0.49874821359038884,0,0.8695652173913042
2024-03-30,3230,2014,Red,0.4675324675324676,0,0.8,0.3682737169517885,0,0.8,0.3837266583299639,0,0.8,0.2781805399644465,0,0.8,0.34184546779319264,0,0.8,0.29544369963227274,0,0.8,0.2672215886781909,0,0.8,0.2491162421671824,0,0.8,0.31169979596671843,0,0.8,0.38663918969336264,0,0.8
2024-03-30,3211,2927,Blue,0.7548387096774194,1,0.2666666666666666,0.3682737169517885,0,-1.0,0.6804940071081778,1,0.2666666666666666,0.3945957580670057,0,-1.0,0.42686519899058795,0,-1.0,0.30413695594053963,0,-1.0,0.3455531399392705,0,-1.0,0.34067410739002085,0,-1.0,0.3614660834296428,0,-1.0,0.4024317773109898,0,-1.0
2024-04-06,1304,1388,Blue,0.7508125677139762,1,0.2777777777777777,0.3682737169517885,0,-1.0,0.676735415337732,1,0.2777777777777777,0.7776734244322899,1,0.2777777777777777,0.7300385881574744,1,0.2777777777777777,0.5774947451785686,1,0.2777777777777777,0.627971198112737,1,0.2777777777777777,0.5132858105330433,1,0.2777777777777777,0.5781058608938731,1,0.2777777777777777,0.8081886217741865,1,0.2777777777777777
2024-04-06,618,569,Red,0.4891657638136511,0,0.8695652173913042,0.3682737169517885,0,0.8695652173913042,0.4058472334649439,0,0.8695652173913042,0.3767697315745509,0,0.8695652173913042,0.45787636539027243,0,0.8695652173913042,0.226971477682391,0,0.8695652173913042,0.28715725239330514,0,0.8695652173913042,0.14459587162624654,0,0.8695652173913042,0.24264533805868999,0,0.8695652173913042,0.1840175162260158,0,0.8695652173913042
2024-04-06,263,764,Red,0.27424749163879597,0,0.32258064516129026,0.3682737169517885,0,0.32258064516129026,0.21397845052367068,0,0.32258064516129026,0.29858321647950725,0,0.32258064516129026,0.4153490028459048,0,0.32258064516129026,0.2870517822963644,0,0.32258064516129026,0.34912285012895405,0,0.32258064516129026,0.25607766274566873,0,0.32258064516129026,0.30704599535738336,0,0.32258064516129026,0.3537807428504363,0,0.32258064516129026
2024-04-06,2925,1253,Blue,0.43795620437956206,0,-1.0,0.3682737169517885,0,-1.0,0.3542612979004225,0,-1.0,0.3936594849688846,0,-1.0,0.41432952677186663,0,-1.0,0.2596422909878793,0,-1.0,0.2872395397985061,0,-1.0,0.2291816108189118,0,-1.0,0.32402486574476674,0,-1.0,0.18823498263238347,0,-1.0
2024-04-06,230,3122,Blue,0.5911949685534592,1,0.625,0.3682737169517885,0,-1.0,0.5138895159858577,1,0.625,0.33528534952192873,0,-1.0,0.3932390119058578,0,-1.0,0.2875343802457209,0,-1.0,0.3556325121121938,0,-1.0,0.3103059097396528,0,-1.0,0.3825991142802317,0,-1.0,0.2239145448186038,0,-1.0
2024-04-06,896,970,Blue,0.36989795918367335,0,-1.0,0.3682737169517885,0,-1.0,0.2907630874370258,0,-1.0,0.4625670129630479,0,-1.0,0.39026861254792233,0,-1.0,0.33920058917117735,0,-1.0,0.3709703768207089,0,-1.0,0.3706211259946062,0,-1.0,0.27390297207821834,0,-1.0,0.5328785652552899,1,1.6
2024-04-06,1550,2937,Blue,0.5911949685534592,1,0.625,0.3682737169517885,0,-1.0,0.5138895159858577,1,0.625,0.43283594693571364,0,-1.0,0.42404786979295167,0,-1.0,0.4050402504129282,0,-1.0,0.41105106621843307,0,-1.0,0.420254126102961,0,-1.0,0.4754736828369813,0,-1.0,0.5418259959601343,1,0.625
2024-04-06,190,532,Red,0.3418803418803419,0,0.4545454545454546,0.3682737169517885,0,0.4545454545454546,0.2666650592881528,0,0.4545454545454546,0.37901629542820536,0,0.4545454545454546,0.44941803922772583,0,0.4545454545454546,0.2932829865782652,0,0.4545454545454546,0.30784424693769774,0,0.4545454545454546,0.21820626193103587,0,0.4545454545454546,0.3255317132059243,0,0.4545454545454546,0.0671658367302205,0,0.4545454545454546
2024-04-06,3265,3280,Blue,0.5829926410466066,1,0.6451612903225805,0.3682737169517885,0,-1.0,0.5051154764827089,1,0.6451612903225805,0.371107866367754,0,-1.0,0.40793396432541335,0,-1.0,0.4107328866811908,0,-1.0,0.42638420958400597,0,-1.0,0.40495128466268343,0,-1.0,0.41932853351082866,0,-1.0,0.3608381272651993,0,-1.0
2024-04-06,3271,3109,Blue,0.42553191489361697,0,-1.0,0.3682737169517885,0,-1.0,0.3421918339751657,0,-1.0,0.2727323181724899,0,-1.0,0.35699347712881024,0,-1.0,0.27222925251118096,0,-1.0,0.293865724468569,0,-1.0,0.3485906934031736,0,-1.0,0.33707293285394774,0,-1.0,0.2718518452410739,0,-1.0
2024-04-06,3129,2928,Blue,0.25164113785557984,0,-1.0,0.3682737169517885,0,-1.0,0.1981536114076313,0,-1.0,0.344251661503081,0,-1.0,0.3867044220284497,0,-1.0,0.3748564952606999,0,-1.0,0.32308624231012995,0,-1.0,0.3970477569616442,0,-1.0,0.38947936717878673,0,-1.0,0.25657186672761023,0,-1.0
2024-04-06,3081,388,Blue,0.3181818181818181,0,-1.0,0.3682737169517885,0,-1.0,0.2473027612426706,0,-1.0,0.2607930258629858,0,-1.0,0.3779688606975896,0,-1.0,0.24372103598171943,0,-1.0,0.3260890654186143,0,-1.0,0.3787742239146393,0,-1.0,0.36765333165988473,0,-1.0,0.1725112026306574,0,-1.0
2024-04-13,1449,386,Red,0.10059171597633135,0,0.0625,0.3682737169517885,0,0.0625,0.1146158372809881,0,0.0625,0.1924768572025305,0,0.0625,0.3004553664514587,0,0.0625,0.1892321349674292,0,0.0625,0.24005138517173957,0,0.0625,0.0959669143444206,0,0.0625,0.16512061839055509,0,0.0625,0.07059305198223985,0,0.0625
2024-04-13,1047,1927,Blue,0.6187290969899665,1,0.5405405405405406,0.3682737169517885,0,-1.0,0.5432494282454093,1,0.5405405405405406,0.8593867053099374,1,0.5405405405405406,0.6197908532919518,1,0.5405405405405406,0.5141263214626216,1,0.5405405405405406,0.5503499308832374,1,0.5405405405405406,0.5108855704289076,1,0.5405405405405406,0.5125692228453691,1,0.5405405405405406,0.9846565382200615,1,0.5405405405405406
2024-04-13,1489,2004,Blue,0.6385542168674698,1,0.5,0.3682737169517885,0,-1.0,0.5642163244242636,1,0.5,0.7818576302569187,1,0.5,0.6690498728448914,1,0.5,0.5702917286961405,1,0.5,0.5774385791262602,1,0.5,0.763836436389905,1,0.5,0.6643593814559153,1,0.5,0.7459285454208666,1,0.5
2024-04-13,922,3257,Blue,0.7864077669902914,1,0.22222222222222232,0.3682737169517885,0,-1.0,0.7091321994444105,1,0.22222222222222232,0.42144535147659384,0,-1.0,0.3437626321116411,0,-1.0,0.4771385568622408,0,-1.0,0.43374863033090943,0,-1.0,0.30909031863337477,0,-1.0,0.28194377681425603,0,-1.0,0.5627910419840629,1,0.22222222222222232
2024-04-13,740,921,Blue,0.37443511943189156,0,-1.0,0.3682737169517885,0,-1.0,0.2947843269761307,0,-1.0,0.03134130581407056,0,-1.0,0.23248388877464843,0,-1.0,0.38688746643506733,0,-1.0,0.4120881950698383,0,-1.0,0.4299298498821054,0,-1.0,0.3771382433648121,0,-1.0,0.7551389144367219,1,1.5499999999999998
2024-04-13,2166,2141,Red,0.19431988041853512,0,0.18181818181818188,0.3682737169517885,0,0.18181818181818188,0.16202523310178815,0,0.18181818181818188,0.05269271534980351,0,0.18181818181818188,0.16788964934328193,0,0.18181818181818188,0.2948874390859685,0,0.18181818181818188,0.2997543808491734,0,0.18181818181818188,0.19921991036474238,0,0.18181818181818188,0.27555777276146143,0,0.18181818181818188,0.07448461967157916,0,0.18181818181818188
2024-04-13,2155,1195,Blue,0.574468085106383,1,0.6666666666666665,0.3682737169517885,0,-1.0,0.4959934837918982,0,-1.0,0.42030037043594254,0,-1.0,0.4018091878411855,0,-1.0,0.39331002768662604,0,-1.0,0.3419277715014618,0,-1.0,0.3021390365937556,0,-1.0,0.32813663602179083,0,-1.0,0.20098313089288805,0,-1.0
2024-04-13,1626,1647,Red,0.5324675324675325,1,-1.0,0.3682737169517885,0,1.0499999999999998,0.45120377572871534,0,1.0499999999999998,0.44286501506289344,0,1.0499999999999998,0.4652555522112162,0,1.0499999999999998,0.4094516934017708,0,1.0499999999999998,0.42942858441105625,0,1.0499999999999998,0.5236719067828458,1,-1.0,0.38902221080969773,0,1.0499999999999998,0.7173203852215573,1,-1.0
2024-04-13,1563,912,Red,0.4572564612326044,0,0.7692307692307692,0.3682737169517885,0,0.7692307692307692,0.37337940486727245,0,0.7692307692307692,0.1513627036087569,0,0.7692307692307692,0.30744652422491464,0,0.7692307692307692,0.3681090684914215,0,0.7692307692307692,0.3929493030374984,0,0.7692307692307692,0.3270086600709516,0,0.7692307692307692,0.4209123381557597,0,0.7692307692307692,0.501559585858076,1,-1.0
2024-04-13,214,1705,Red,0.41401273885350315,0,0.625,0.3682737169517885,0,0.625,0.33118081947714517,0,0.625,0.22668388639367598,0,0.625,0.35661450253137916,0,0.625,0.3602876334335313,0,0.625,0.5106749623496843,1,-1.0,0.24159635300718724,0,0.625,0.43428833456871574,0,0.625,0.2302155184836638,0,0.625
2024-04-13,2016,1359,Blue,0.299837925445705,0,-1.0,0.3682737169517885,0,-1.0,0.2329782515773198,0,-1.0,0.2227709018043092,0,-1.0,0.34237779136846636,0,-1.0,0.38400588382206013,0,-1.0,0.36019904981003054,0,-1.0,0.2342261460661302,0,-1.0,0.3547382876564427,0,-1.0,0.6002687183483726,1,2.2
2024-04-13,697,749,Red,0.24,0,0.26315789473684204,0.3682737169517885,0,0.26315789473684204,0.19035518287048397,0,0.26315789473684204,0.24876282177743608,0,0.26315789473684204,0.19996560003398992,0,0.26315789473684204,0.4186995246039364,0,0.26315789473684204,0.3867594304090185,0,0.26315789473684204,0.32262408551530786,0,0.26315789473684204,0.3756813620369955,0,0.26315789473684204,0.6502091139241544,1,-1.0
2024-04-13,3103,1336,Red,0.36341238065906994,0,0.5128205128205128,0.3682737169517885,0,0.5128205128205128,0.2850715874205708,0,0.5128205128205128,0.5455870210430532,1,-1.0,0.5148168467150521,1,-1.0,0.39313357157977913,0,0.5128205128205128,0.4240286564720369,0,0.5128205128205128,0.307253981273404,0,0.5128205128205128,0.3149010210296489,0,0.5128205128205128,0.803110121753001,1,-1.0
2024-04-27,1450,1567,Blue,0.38356164383561653,0,-1.0,0.3682737169517885,0,-1.0,0.3029701498676844,0,-1.0,0.39058564795977097,0,-1.0,0.40001872170927477,0,-1.0,0.3277557889450304,0,-1.0,0.3388549194556708,0,-1.0,0.26034508048087324,0,-1.0,0.4107721653015473,0,-1.0,0.242867264999177,0,-1.0
2024-04-27,2138,891,Blue,0.774798927613941,1,0.23529411764705888,0.3682737169517885,0,-1.0,0.6987772327452805,1,0.23529411764705888,0.6605383104285805,1,0.23529411764705888,0.678610382658433,1,0.23529411764705888,0.5194033777683158,1,0.23529411764705888,0.4891716905483908,0,-1.0,0.6133861625116344,1,0.23529411764705888,0.566315666275689,1,0.23529411764705888,0.08521684884329528,0,-1.0
2024-04-27,1579,1173,Red,0.19999999999999998,0,0.19999999999999996,0.3682737169517885,0,0.19999999999999996,0.165353541252866,0,0.19999999999999996,0.32598091661906214,0,0.19999999999999996,0.3414657861826649,0,0.19999999999999996,0.3827209300847071,0,0.19999999999999996,0.3727057893335882,0,0.19999999999999996,0.3836690640482944,0,0.19999999999999996,0.34805594735042894,0,0.19999999999999996,0.3006256628684202,0,0.19999999999999996
2024-04-27,947,696,Red,0.6092362344582594,1,-1.0,0.3682737169517885,0,1.4500000000000002,0.5331506197375515,1,-1.0,0.4585327474920028,0,1.4500000000000002,0.45947873890158436,0,1.4500000000000002,0.4142423524188231,0,1.4500000000000002,0.4075120557861088,0,1.4500000000000002,0.4428313736082622,0,1.4500000000000002,0.46249541274644407,0,1.4500000000000002,0.6779284793922374,1,-1.0
2024-04-27,1905,2923,Blue,0.3907637655417407,0,-1.0,0.3682737169517885,0,-1.0,0.3095197320582117,0,-1.0,0.32234280932622333,0,-1.0,0.39464213239332807,0,-1.0,0.3555493618581855,0,-1.0,0.3770187239677725,0,-1.0,0.31211150993930353,0,-1.0,0.2556717471245138,0,-1.0,0.33557316768644607,0,-1.0
2024-04-27,1121,3241,Blue,0.7342398022249692,1,0.303030303030303,0.3682737169517885,0,-1.0,0.6610260903383186,1,0.303030303030303,0.43037433208066034,0,-1.0,0.4138545703277949,0,-1.0,0.31482948090494534,0,-1.0,0.375523775041798,0,-1.0,0.2709785276603544,0,-1.0,0.30858053740100977,0,-1.0,0.2993776002755136,0,-1.0
2024-04-27,1248,1904,Blue,0.76,1,0.26315789473684204,0.3682737169517885,0,-1.0,0.6852781725114567,1,0.26315789473684204,0.1982089374237599,0,-1.0,0.27435702618296637,0,-1.0,0.3965658249702368,0,-1.0,0.3774471480651219,0,-1.0,0.2620935061609279,0,-1.0,0.21914812367866074,0,-1.0,0.0538080038387257,0,-1.0
2024-04-27,1315,1317,Blue,0.7212543554006969,1,0.33333333333333326,0.3682737169517885,0,-1.0,0.6484622006309406,1,0.33333333333333326,0.5251965756460929,1,0.33333333333333326,0.4416000371090201,0,-1.0,0.6340424147003095,1,0.33333333333333326,0.659682130033017,1,0.33333333333333326,0.5762702013696568,1,0.33333333333333326,0.595574089126226,1,0.33333333333333326,0.29684034188345615,0,-1.0
2024-04-27,1289,2949,Red,0.5217391304347826,1,-1.0,0.3682737169517885,0,1.0,0.4398599076862452,0,1.0,0.60943416606772,1,-1.0,0.5320849492388857,1,-1.0,0.5036413504795858,1,-1.0,0.5219191767623198,1,-1.0,0.5751549539725072,1,-1.0,0.5662229813218171,1,-1.0,0.8459944623280208,1,-1.0
2024-04-27,1546,1498,Blue,0.42553191489361697,0,-1.0,0.3682737169517885,0,-1.0,0.3421918339751657,0,-1.0,0.5082979637259009,1,1.25,0.4980973031651922,0,-1.0,0.33188843427814024,0,-1.0,0.37587253201572796,0,-1.0,0.36010773491495657,0,-1.0,0.37972033154267826,0,-1.0,0.4435195061135432,0,-1.0
2024-04-27,3258,1851,Blue,0.5911949685534592,1,0.625,0.3682737169517885,0,-1.0,0.5138895159858577,1,0.625,0.2739953321928997,0,-1.0,0.3577636942216145,0,-1.0,0.2485881213013566,0,-1.0,0.2551490785757123,0,-1.0,0.2591099304890481,0,-1.0,0.3222250409387046,0,-1.0,0.2257000804434753,0,-1.0
2024-04-27,311,1234,Blue,0.6742037442256261,1,0.42553191489361697,0.3682737169517885,0,-1.0,0.6013008271609427,1,0.42553191489361697,0.4605793364071851,0,-1.0,0.45116000879740553,0,-1.0,0.576508279302397,1,0.42553191489361697,0.5623127299217346,1,0.42553191489361697,0.592133818809832,1,0.42553191489361697,0.4810826084194953,0,-1.0,0.45427885198715623,0,-1.0
2024-04-27,3278,3028,Blue,0.21739130434782608,0,-1.0,0.3682737169517885,0,-1.0,0.17588501902864603,0,-1.0,0.35954412771819994,0,-1.0,0.40186431107216486,0,-1.0,0.4401795854224195,0,-1.0,0.46697960020442253,0,-1.0,0.36238856776190537,0,-1.0,0.40843209791390206,0,-1.0,0.45518873115650005,0,-1.0
2024-05-04,175,1270,Red,0.6092362344582594,1,-1.0,0.3682737169517885,0,1.4500000000000002,0.5331506197375515,1,-1.0,0.5938010937734953,1,-1.0,0.5899023020197952,1,-1.0,0.5758916798142806,1,-1.0,0.6573673830455871,1,-1.0,0.7206008484061359,1,-1.0,0.6528497614084989,1,-1.0,0.5953417785448989,1,-1.0
2024-05-04,1831,375,Blue,0.6385542168674698,1,0.5,0.3682737169517885,0,-1.0,0.5642163244242636,1,0.5,0.1857671157472998,0,-1.0,0.30846174372472485,0,-1.0,0.3002151690901693,0,-1.0,0.31343047334892643,0,-1.0,0.2594276842805503,0,-1.0,0.35665564496011254,0,-1.0,0.13298426125662305,0,-1.0
2024-05-04,347,1592,Red,0.19117647058823528,0,0.18181818181818188,0.3682737169517885,0,0.18181818181818188,0.160206671083403,0,0.18181818181818188,0.299749844296301,0,0.18181818181818188,0.39755688237204,0,0.18181818181818188,0.3399206086024971,0,0.18181818181818188,0.3890636889491171,0,0.18181818181818188,0.4453286216637394,0,0.18181818181818188,0.4225413669366672,0,0.18181818181818188,0.3165210808572003,0,0.18181818181818188
2024-05-04,1097,1202,Blue,0.75,1,0.2666666666666666,0.3682737169517885,0,-1.0,0.675974048891748,1,0.2666666666666666,0.7864935028141007,1,0.2666666666666666,0.6251401677064868,1,0.2666666666666666,0.5302093714535666,1,0.2666666666666666,0.6569072649547696,1,0.2666666666666666,0.585397460750194,1,0.2666666666666666,0.5789744473655115,1,0.2666666666666666,0.8868102719430739,1,0.2666666666666666
2024-05-04,369,2948,Blue,0.6912521440823327,1,0.3846153846153846,0.3682737169517885,0,-1.0,0.6186596929573126,1,0.3846153846153846,0.4258613402381137,0,-1.0,0.4020120820028714,0,-1.0,0.39712948625448613,0,-1.0,0.42414270843353724,0,-1.0,0.35726539476517305,0,-1.0,0.47401356642428594,0,-1.0,0.4970405468317896,0,-1.0
2024-05-04,504,2951,Red,0.447405997144217,0,0.7407407407407407,0.3682737169517885,0,0.7407407407407407,0.3635681227782799,0,0.7407407407407407,0.5575253774016343,1,-1.0,0.47663148840736513,0,0.7407407407407407,0.4962074121412356,0,0.7407407407407407,0.5029779773311222,1,-1.0,0.5439455270105309,1,-1.0,0.4611919528204531,0,0.7407407407407407,0.463040938669555,0,0.7407407407407407
2024-05-04,515,351,Blue,0.8195876288659794,1,0.16666666666666674,0.3682737169517885,0,-1.0,0.7375354630160027,1,0.16666666666666674,0.7730520417873779,1,0.16666666666666674,0.5894070358442446,1,0.16666666666666674,0.5216042661042662,1,0.16666666666666674,0.5756379223629274,1,0.16666666666666674,0.7053490440140724,1,0.16666666666666674,0.5835249440912816,1,0.16666666666666674,0.5879300392949799,1,0.16666666666666674
2024-05-04,1842,1085,Blue,0.6507042253521127,1,0.4761904761904763,0.3682737169517885,0,-1.0,0.5769583405613034,1,0.4761904761904763,0.5112929716164178,1,0.4761904761904763,0.5229022398008473,1,0.4761904761904763,0.4417594771785949,0,-1.0,0.42180316964859277,0,-1.0,0.4981063176459863,0,-1.0,0.3905954011879442,0,-1.0,0.5185745967900691,1,0.4761904761904763
2024-05-04,1870,1576,Red,0.8088235294117646,1,-1.0,0.3682737169517885,0,4.0,0.7285192649888979,1,-1.0,0.7631993970083439,1,-1.0,0.6396012746349845,1,-1.0,0.6653325707516883,1,-1.0,0.624477790214451,1,-1.0,0.6885329758882596,1,-1.0,0.6561041691692463,1,-1.0,0.5358365384342206,1,-1.0
2024-05-04,1523,658,Red,0.3812709030100334,0,0.5405405405405406,0.3682737169517885,0,0.5405405405405406,0.3009034567287069,0,0.5405405405405406,0.532932876281282,1,-1.0,0.539067043394327,1,-1.0,0.5945945356386534,1,-1.0,0.6007460860244032,1,-1.0,0.5552570106668624,1,-1.0,0.5171151212658637,1,-1.0,0.7915598153816523,1,-1.0
2024-05-04,1562,1612,Red,0.19117647058823528,0,0.18181818181818188,0.3682737169517885,0,0.18181818181818188,0.160206671083403,0,0.18181818181818188,0.37462426537906085,0,0.18181818181818188,0.38785268025530845,0,0.18181818181818188,0.35287908605555673,0,0.18181818181818188,0.3918589600812398,0,0.18181818181818188,0.3217533403568596,0,0.18181818181818188,0.3427729151225612,0,0.18181818181818188,0.45545934079777656,0,0.18181818181818188
2024-05-04,3101,3213,Red,0.33635187580853815,0,0.4444444444444444,0.3682737169517885,0,0.4444444444444444,0.2620630016519996,0,0.4444444444444444,0.3721365852081284,0,0.4444444444444444,0.4036864783742542,0,0.4444444444444444,0.43067158100191044,0,0.4444444444444444,0.43251549656267796,0,0.4444444444444444,0.40495128466268343,0,0.4444444444444444,0.4150792100113399,0,0.4444444444444444,0.36870229563966256,0,0.4444444444444444
2024-05-04,2965,1400,Red,0.3020134228187919,0,0.3846153846153846,0.3682737169517885,0,0.3846153846153846,0.234646459732447,0,0.3846153846153846,0.3240334965199934,0,0.3846153846153846,0.4089785032373105,0,0.3846153846153846,0.48830614883312895,0,0.3846153846153846,0.5046618086947815,1,-1.0,0.5991027543794396,1,-1.0,0.5293386860091587,1,-1.0,0.7911793919309232,1,-1.0
2024-05-11,691,1655,Red,0.7999999999999999,1,-1.0,0.3682737169517885,0,3.8,0.7209852675424621,1,-1.0,0.6637021125530068,1,-1.0,0.5307227383030259,1,-1.0,0.679429913224031,1,-1.0,0.6658687181261038,1,-1.0,0.721533424725343,1,-1.0,0.6659666968199963,1,-1.0,0.6829949667378235,1,-1.0
2024-05-11,409,2130,Blue,0.6581196581196581,1,0.4545454545454546,0.3682737169517885,0,-1.0,0.584686190154043,1,0.4545454545454546,0.41446981784469983,0,-1.0,0.5070804395407879,1,0.4545454545454546,0.4426033020557013,0,-1.0,0.6503187010142701,1,0.4545454545454546,0.4904666939957247,0,-1.0,0.6121217099337373,1,0.4545454545454546,0.2595316109451978,0,-1.0
2024-05-11,176,866,Blue,0.55637707948244,1,0.7142857142857144,0.3682737169517885,0,-1.0,0.47665093262231323,0,-1.0,0.33220682486012454,0,-1.0,0.38351348497536536,0,-1.0,0.4408865593470859,0,-1.0,0.5351711188496447,1,0.7142857142857144,0.4458393601697469,0,-1.0,0.4887024233990923,0,-1.0,0.33833331633456276,0,-1.0
2024-05-11,1311,1673,Blue,0.5990922844175491,1,0.606060606060606,0.3682737169517885,0,-1.0,0.5223292659967418,1,0.606060606060606,0.4866845809356782,0,-1.0,0.43129574780319035,0,-1.0,0.44237971151941746,0,-1.0,0.4105024316833853,0,-1.0,0.46176017092728233,0,-1.0,0.35682866812617026,0,-1.0,0.49364939996034735,0,-1.0
2024-05-11,1167,1427,Red,0.4059747223286097,0,0.606060606060606,0.3682737169517885,0,0.606060606060606,0.32360454955462187,0,0.606060606060606,0.6444189807428796,1,-1.0,0.4920700844235614,0,0.606060606060606,0.6416277526939292,1,-1.0,0.5452588716989366,1,-1.0,0.6366696821528706,1,-1.0,0.44229211213150754,0,0.606060606060606,0.6822110879947627,1,-1.0
2024-05-11,1675,3237,Red,0.447405997144217,0,0.7407407407407407,0.3682737169517885,0,0.7407407407407407,0.3635681227782799,0,0.7407407407407407,0.35587145045636515,0,0.7407407407407407,0.3768522108016564,0,0.7407407407407407,0.3544376033323402,0,0.7407407407407407,0.3329986118723425,0,0.7407407407407407,0.4232363156314746,0,0.7407407407407407,0.3805483801963579,0,0.7407407407407407,0.1245413284233878,0,0.7407407407407407
2024-05-11,934,353,Red,0.55637707948244,1,-1.0,0.3682737169517885,0,1.15,0.47665093262231323,0,1.15,0.3186703345805414,0,1.15,0.38491063678390763,0,1.15,0.32056553305082713,0,1.15,0.3580855617006948,0,1.15,0.19602581524115156,0,1.15,0.25942873688774065,0,1.15,0.3024921120774263,0,1.15
2024-05-11,1328,2020,Blue,0.7011952191235059,1,0.36363636363636376,0.3682737169517885,0,-1.0,0.6286487104088018,1,0.36363636363636376,0.5759618214445942,1,0.36363636363636376,0.4759893814350727,0,-1.0,0.4465489325489327,0,-1.0,0.4780558062550484,0,-1.0,0.5565680359119156,1,0.36363636363636376,0.47862519739372644,0,-1.0,0.6490805356537283,1,0.36363636363636376
2024-05-11,2979,2970,Red,0.6853932584269663,1,-1.0,0.3682737169517885,0,2.05,0.6127257745745904,1,-1.0,0.37629525067058867,0,2.05,0.3948845834688445,0,2.05,0.37079034690799406,0,2.05,0.43170820032940466,0,2.05,0.26613813741763487,0,2.05,0.46434614877187785,0,2.05,0.5517000609316036,1,-1.0
2024-05-11,1009,848,Red,0.5467695274831245,1,-1.0,0.3682737169517885,0,1.1,0.4664034495740591,0,1.1,0.4716597980250166,0,1.1,0.49184240785860106,0,1.1,0.4371320582439001,0,1.1,0.4728740498086587,0,1.1,0.4282513862911438,0,1.1,0.4632074551486037,0,1.1,0.48738250159849156,0,1.1
2024-05-11,390,1745,Red,0.447405997144217,0,0.7407407407407407,0.3682737169517885,0,0.7407407407407407,0.3635681227782799,0,0.7407407407407407,0.4941765419381216,0,0.7407407407407407,0.42358157410337716,0,0.7407407407407407,0.4063944536379252,0,0.7407407407407407,0.363902685032957,0,0.7407407407407407,0.34346282492225866,0,0.7407407407407407,0.46844923953131856,0,0.7407407407407407,0.32978507096056714,0,0.7407407407407407
2024-05-11,3045,2084,Blue,0.5940252776713904,1,0.606060606060606,0.3682737169517885,0,-1.0,0.5169153894177936,1,0.606060606060606,0.5348270052530787,1,0.606060606060606,0.47172605526935263,0,-1.0,0.35829121824905197,0,-1.0,0.32364241853743714,0,-1.0,0.3881833271922838,0,-1.0,0.4342757334923584,0,-1.0,0.5737804766749514,1,0.606060606060606
2024-05-18,1272,3136,Blue,0.7931034482758621,1,0.19999999999999996,0.3682737169517885,0,-1.0,0.7150082195728652,1,0.19999999999999996,0.653393628385015,1,0.19999999999999996,0.49937326060177306,0,-1.0,0.4263932440824856,0,-1.0,0.45162955162805424,0,-1.0,0.5945626764250007,1,0.19999999999999996,0.5745336217602708,1,0.19999999999999996,0.5933771717070443,1,0.19999999999999996
2024-05-18,1711,434,Blue,0.33635187580853815,0,-1.0,0.3682737169517885,0,-1.0,0.2620630016519996,0,-1.0,0.39687736870566664,0,-1.0,0.3753659873524349,0,-1.0,0.4877849024986018,0,-1.0,0.4397116340033651,0,-1.0,0.4527004824697937,0,-1.0,0.44477693477909114,0,-1.0,0.19966813588629914,0,-1.0
2024-05-18,2114,871,Red,0.4572564612326044,0,0.7692307692307692,0.3682737169517885,0,0.7692307692307692,0.37337940486727245,0,0.7692307692307692,0.3268043436763921,0,0.7692307692307692,0.36886114965841704,0,0.7692307692307692,0.40131000745900136,0,0.7692307692307692,0.3935738803258664,0,0.7692307692307692,0.4329706919819959,0,0.7692307692307692,0.36275956698218526,0,0.7692307692307692,0.48042972651658267,0,0.7692307692307692
2024-05-18,2058,761,Blue,0.7382510410469958,1,0.2941176470588236,0.3682737169517885,0,-1.0,0.6648626697826563,1,0.2941176470588236,0.5376705182118536,1,0.2941176470588236,0.4562559646103015,0,-1.0,0.4640032875621112,0,-1.0,0.43588868313039913,0,-1.0,0.5120924041739224,1,0.2941176470588236,0.4357031702883598,0,-1.0,0.5436131535390875,1,0.2941176470588236
2024-05-18,576,612,Red,0.7548387096774194,1,-1.0,0.3682737169517885,0,2.9,0.6804940071081778,1,-1.0,0.6995419988764405,1,-1.0,0.5477108970683636,1,-1.0,0.50683455725561,1,-1.0,0.551752532148961,1,-1.0,0.6338028214220489,1,-1.0,0.5235613061529308,1,-1.0,0.47158592940193544,0,2.9
2024-05-18,275,1412,Blue,0.574468085106383,1,0.6666666666666665,0.3682737169517885,0,-1.0,0.4959934837918982,0,-1.0,0.8437017847518975,1,0.6666666666666665,0.574586951273723,1,0.6666666666666665,0.6623393047584223,1,0.6666666666666665,0.7304428680773845,1,0.6666666666666665,0.7019676004667201,1,0.6666666666666665,0.7268795084469788,1,0.6666666666666665,0.9839512724137093,1,0.6666666666666665
2024-05-18,2145,1766,Red,0.22316684378320936,0,0.23529411764705888,0.3682737169517885,0,0.23529411764705888,0.17949721544042418,0,0.23529411764705888,0.6044257669562991,1,-1.0,0.5120124045960218,1,-1.0,0.4681341996783172,0,0.23529411764705888,0.5471180597931402,1,-1.0,0.5603096670292217,1,-1.0,0.4745279016918146,0,0.23529411764705888,0.7320639266708663,1,-1.0
2024-05-18,165,1702,Red,0.574468085106383,1,-1.0,0.3682737169517885,0,1.25,0.4959934837918982,0,1.25,0.5633449934170784,1,-1.0,0.444037302053565,0,1.25,0.532519616076505,1,-1.0,0.5706344398870654,1,-1.0,0.6484277094037119,1,-1.0,0.4304408887102299,0,1.25,0.7415250101789946,1,-1.0
2024-05-18,1231,203,Red,0.298804780876494,0,0.36363636363636376,0.3682737169517885,0,0.36363636363636376,0.2321889164348904,0,0.36363636363636376,0.28027645948654933,0,0.36363636363636376,0.354026925119612,0,0.36363636363636376,0.4620300394050394,0,0.36363636363636376,0.4683616985228864,0,0.36363636363636376,0.41898013471560924,0,0.36363636363636376,0.43808889612009794,0,0.36363636363636376,0.7924063341750427,1,-1.0
2024-05-18,1602,911,Blue,0.5656028368794326,1,0.6896551724137931,0.3682737169517885,0,-1.0,0.4865098358666663,0,-1.0,0.24252941603135228,0,-1.0,0.3713481395425231,0,-1.0,0.32815276281452765,0,-1.0,0.41966954121820305,0,-1.0,0.2636472715646986,0,-1.0,0.37726453304058605,0,-1.0,0.26204286224379386,0,-1.0
2024-05-18,802,362,Red,0.43439716312056736,0,0.6896551724137931,0.3682737169517885,0,0.6896551724137931,0.35078407501923653,0,0.6896551724137931,0.4246404782743404,0,0.6896551724137931,0.4205225875316938,0,0.6896551724137931,0.32044801639422393,0,0.6896551724137931,0.30525890755754925,0,0.6896551724137931,0.32145818146882044,0,0.6896551724137931,0.3483924674428212,0,0.6896551724137931,0.2296908980413799,0,0.6896551724137931
2024-05-18,2995,3155,Red,0.2132564841498559,0,0.2197802197802199,0.3682737169517885,0,0.2197802197802199,0.17333426644506864,0,0.2197802197802199,0.22986897051690713,0,0.2197802197802199,0.3225071105894123,0,0.2197802197802199,0.119742960027159,0,0.2197802197802199,0.16854834618541048,0,0.2197802197802199,0.2521879456444925,0,0.2197802197802199,0.28456827666017787,0,0.2197802197802199,0.0756616027383031,0,0.2197802197802199
2024-06-01,3109,1093,Blue,0.4891657638136511,0,-1.0,0.3682737169517885,0,-1.0,0.4058472334649439,0,-1.0,0.4396696176167784,0,-1.0,0.4270829332213216,0,-1.0,0.3267580363536245,0,-1.0,0.3594771680468255,0,-1.0,0.3222596147582972,0,-1.0,0.48592404514662385,0,-1.0,0.23300153111263322,0,-1.0
2024-06-01,743,850,Blue,0.774798927613941,1,0.23529411764705888,0.3682737169517885,0,-1.0,0.6987772327452805,1,0.23529411764705888,0.6097886154486554,1,0.23529411764705888,0.5414556338698451,1,0.23529411764705888,0.44804008434232884,0,-1.0,0.4373241623834922,0,-1.0,0.4602439389785625,0,-1.0,0.38823676866577966,0,-1.0,0.439719669965537,0,-1.0
2024-06-01,1740,1285,Blue,0.6092362344582594,1,0.5714285714285714,0.3682737169517885,0,-1.0,0.5331506197375515,1,0.5714285714285714,0.42595766082588754,0,-1.0,0.46953001595167254,0,-1.0,0.4931264820634014,0,-1.0,0.5390025983031832,1,0.5714285714285714,0.6272703838982654,1,0.5714285714285714,0.5821489083906184,1,0.5714285714285714,0.7289709795771825,1,0.5714285714285714
2024-06-01,1625,1388,Red,0.7183098591549295,1,-1.0,0.3682737169517885,0,2.4,0.6455837030077445,1,-1.0,0.7836285747360073,1,-1.0,0.7039396518639232,1,-1.0,0.3901932757788023,0,2.4,0.47860906808824744,0,2.4,0.4014587433925679,0,2.4,0.41238238426754703,0,2.4,0.622129448309189,1,-1.0
2024-06-01,557,1885,Red,0.19230769230769232,0,0.19047619047619047,0.3682737169517885,0,0.19047619047619047,0.16085920873397022,0,0.19047619047619047,0.3292481079170828,0,0.19047619047619047,0.43870162393703005,0,0.19047619047619047,0.36750831274200835,0,0.19047619047619047,0.42821553106086285,0,0.19047619047619047,0.5963090520134527,1,-1.0,0.3927184546947744,0,0.19047619047619047,0.37243474456112424,0,0.19047619047619047
2024-06-01,1240,1606,Red,0.20689655172413796,0,0.19999999999999996,0.3682737169517885,0,0.19999999999999996,0.16946805401672765,0,0.19999999999999996,0.12942266886463796,0,0.19999999999999996,0.3414984127690614,0,0.19999999999999996,0.2598931286578346,0,0.19999999999999996,0.3438844391098796,0,0.19999999999999996,0.16010995600552452,0,0.19999999999999996,0.3450150637857882,0,0.19999999999999996,0.26373013339792595,0,0.19999999999999996
2024-06-01,1569,641,Red,0.34929577464788736,0,0.4761904761904763,0.3682737169517885,0,0.4761904761904763,0.2729180432441444,0,0.4761904761904763,0.454041141846633,0,0.4761904761904763,0.453055079668795,0,0.4761904761904763,0.37021979735950356,0,0.4761904761904763,0.39584631860422564,0,0.4761904761904763,0.48689597497316506,0,0.4761904761904763,0.3799708627239455,0,0.4761904761904763,0.1986505520147624,0,0.4761904761904763
2024-06-01,1940,502,Red,0.30874785591766724,0,0.3846153846153846,0.3682737169517885,0,0.3846153846153846,0.23986287486965338,0,0.3846153846153846,0.040436677631867785,0,0.3846153846153846,0.13409829370488077,0,0.3846153846153846,0.398424967332862,0,0.3846153846153846,0.534401503317538,1,-1.0,0.2755558689582246,0,0.3846153846153846,0.4160935246405531,0,0.3846153846153846,0.14179997741258865,0,0.3846153846153846
2024-06-01,382,2160,Red,0.37443511943189156,0,0.5263157894736841,0.3682737169517885,0,0.5263157894736841,0.2947843269761307,0,0.5263157894736841,0.24437473077982086,0,0.5263157894736841,0.3955914637301808,0,0.5263157894736841,0.3296793549158102,0,0.5263157894736841,0.3721916732304021,0,0.5263157894736841,0.35472860581484855,0,0.5263157894736841,0.3383382885051802,0,0.5263157894736841,0.15595048938877829,0,0.5263157894736841
2024-06-01,920,1487,Red,0.28169014084507044,0,0.33333333333333326,0.3682737169517885,0,0.33333333333333326,0.21938550768017442,0,0.33333333333333326,0.3147003489279437,0,0.33333333333333326,0.3655558687084865,0,0.33333333333333326,0.4662398237727184,0,0.33333333333333326,0.5780883888217957,1,-1.0,0.5427015102785616,1,-1.0,0.5435228082434774,1,-1.0,0.2588891241453417,0,0.33333333333333326
2024-06-01,194,1719,Red,0.2553191489361702,0,0.2857142857142856,0.3682737169517885,0,0.2857142857142856,0.20066698163070695,0,0.2857142857142856,0.12822032645580309,0,0.2857142857142856,0.2655977883674139,0,0.2857142857142856,0.28432160949072716,0,0.2857142857142856,0.261290635184982,0,0.2857142857142856,0.17210264551536011,0,0.2857142857142856,0.2245120283153501,0,0.2857142857142856,0.06965495936456705,0,0.2857142857142856
2024-06-01,3130,3010,Blue,0.7272727272727274,1,0.3125,0.3682737169517885,0,-1.0,0.6543120473052394,1,0.3125,0.49197560868718926,0,-1.0,0.4480627076788153,0,-1.0,0.39761852238415313,0,-1.0,0.3882372100421872,0,-1.0,0.3851408083981513,0,-1.0,0.40954034826014996,0,-1.0,0.41504202201284235,0,-1.0
2024-06-08,259,1891,Blue,0.3614457831325302,0,-1.0,0.3682737169517885,0,-1.0,0.28335907035899244,0,-1.0,0.5503051106127154,1,1.65,0.4514708980179185,0,-1.0,0.42769449259890424,0,-1.0,0.44996903142294453,0,-1.0,0.4287715708368962,0,-1.0,0.4118051734521326,0,-1.0,0.46615854932492856,0,-1.0
2024-06-08,1667,975,Red,0.679245283018868,1,-1.0,0.3682737169517885,0,2.0,0.6064629173905778,1,-1.0,0.26370886636230223,0,2.0,0.3553730312925472,0,2.0,0.4488033943181003,0,2.0,0.396979793340952,0,2.0,0.3355202148738727,0,2.0,0.3420367113318043,0,2.0,0.21549739874968935,0,2.0
2024-06-08,1260,2945,Blue,0.43795620437956206,0,-1.0,0.3682737169517885,0,-1.0,0.3542612979004225,0,-1.0,0.7317766400620588,1,1.2000000000000002,0.5663415173174069,1,1.2000000000000002,0.4537034120563532,0,-1.0,0.47386087385233955,0,-1.0,0.6570539396355142,1,1.2000000000000002,0.5930371633471587,1,1.2000000000000002,0.618385354427591,1,1.2000000000000002
2024-06-08,1916,1123,Blue,0.7054263565891473,1,0.3571428571428572,0.3682737169517885,0,-1.0,0.6328668219672613,1,0.3571428571428572,0.6614143339425762,1,0.3571428571428572,0.5881897458575333,1,0.3571428571428572,0.5046973572666298,1,0.3571428571428572,0.5365928998703737,1,0.3571428571428572,0.6284164951269557,1,0.3571428571428572,0.4997792102395976,0,-1.0,0.7990644855410015,1,0.3571428571428572
2024-06-08,424,959,Blue,0.5324675324675325,1,0.8,0.3682737169517885,0,-1.0,0.45120377572871534,0,-1.0,0.7347741841076854,1,0.8,0.5959410880168916,1,0.8,0.5241045966560672,1,0.8,0.5252683340786772,1,0.8,0.6206635409066906,1,0.8,0.6054659689138241,1,0.8,0.8888247787092628,1,0.8
2024-06-08,1733,2013,Red,0.33635187580853815,0,0.4444444444444444,0.3682737169517885,0,0.4444444444444444,0.2620630016519996,0,0.4444444444444444,0.2695859461670437,0,0.4444444444444444,0.3552321702768016,0,0.4444444444444444,0.3317134047869344,0,0.4444444444444444,0.37535441765007843,0,0.4444444444444444,0.29235486771097746,0,0.4444444444444444,0.46511788946987687,0,0.4444444444444444,0.14031894451213014,0,0.4444444444444444
2024-06-08,2953,779,Blue,0.3614457831325302,0,-1.0,0.3682737169517885,0,-1.0,0.28335907035899244,0,-1.0,0.4450323691038867,0,-1.0,0.40820966580967455,0,-1.0,0.3550524540818659,0,-1.0,0.3402415798839514,0,-1.0,0.3089537714467477,0,-1.0,0.25891590229397227,0,-1.0,0.3425144920727239,0,-1.0
2024-06-08,443,1251,Blue,0.5217391304347826,1,0.8333333333333335,0.3682737169517885,0,-1.0,0.4398599076862452,0,-1.0,0.43872884532935574,0,-1.0,0.41716842070549026,0,-1.0,0.42740398758161935,0,-1.0,0.47073825409513204,0,-1.0,0.5454874645457338,1,0.8333333333333335,0.47851080956173847,0,-1.0,0.42244146119659975,0,-1.0
2024-06-08,3260,3268,Blue,0.25164113785557984,0,-1.0,0.3682737169517885,0,-1.0,0.1981536114076313,0,-1.0,0.3012760531936018,0,-1.0,0.36298639697475116,0,-1.0,0.3802142304862892,0,-1.0,0.34370479190374215,0,-1.0,0.35054012532746565,0,-1.0,0.4212896678822325,0,-1.0,0.14851171293374743,0,-1.0
2024-06-08,693,1933,Red,0.298804780876494,0,0.36363636363636376,0.3682737169517885,0,0.36363636363636376,0.2321889164348904,0,0.36363636363636376,0.32685456971983035,0,0.36363636363636376,0.39439739349335795,0,0.36363636363636376,0.36600775722099255,0,0.36363636363636376,0.3555049462131695,0,0.36363636363636376,0.2696549171724296,0,0.36363636363636376,0.3305647388608316,0,0.36363636363636376,0.5045629719362715,1,-1.0
2024-06-08,1046,404,Red,0.17084282460136674,0,0.15384615384615374,0.3682737169517885,0,0.15384615384615374,0.14883996172285763,0,0.15384615384615374,0.6339339409183204,1,-1.0,0.5639662549382468,1,-1.0,0.4433850362600362,0,0.15384615384615374,0.4040028987225288,0,0.15384615384615374,0.5001100897461876,1,-1.0,0.5357652422814839,1,-1.0,0.49071272482940526,0,0.15384615384615374
2024-06-08,2940,3165,Blue,0.6755725190839694,1,0.41666666666666674,0.3682737169517885,0,-1.0,0.6027046126683244,1,0.41666666666666674,0.4306006710940092,0,-1.0,0.4461124245731789,0,-1.0,0.4321999454220817,0,-1.0,0.40132615180372117,0,-1.0,0.4756784131958954,0,-1.0,0.3715147314072889,0,-1.0,0.20003587634147244,0,-1.0
2024-06-08,1152,564,Blue,0.41700735895339325,0,-1.0,0.3682737169517885,0,-1.0,0.33402620438123604,0,-1.0,0.3302262090300955,0,-1.0,0.35992587581629143,0,-1.0,0.5454951962525489,1,1.2999999999999998,0.5257767998407888,1,1.2999999999999998,0.5804275115351051,1,1.2999999999999998,0.44894850714404905,0,-1.0,0.3475794241084717,0,-1.0
2024-06-08,1360,1084,Blue,0.5467695274831245,1,0.7407407407407407,0.3682737169517885,0,-1.0,0.4664034495740591,0,-1.0,0.5098400156030573,1,0.7407407407407407,0.42737755369264324,0,-1.0,0.5195809254098728,1,0.7407407407407407,0.4950334047717123,0,-1.0,0.5204295266855007,1,0.7407407407407407,0.46324188579435194,0,-1.0,0.3961480019400245,0,-1.0
2024-06-15,908,233,Red,0.6365876193409301,1,-1.0,0.3682737169517885,0,1.65,0.562145444660929,1,-1.0,0.5105536162107958,1,-1.0,0.5026807427039701,1,-1.0,0.3765685651494476,0,1.65,0.45898886232773584,0,1.65,0.3503910627384558,0,1.65,0.5143125521894482,1,-1.0,0.6046752437840661,1,-1.0
2024-06-15,1853,996,Blue,0.6092362344582594,1,0.5714285714285714,0.3682737169517885,0,-1.0,0.5331506197375515,1,0.5714285714285714,0.7450187918262249,1,0.5714285714285714,0.5237389746880678,1,0.5714285714285714,0.6848896506543564,1,0.5714285714285714,0.5865012794545974,1,0.5714285714285714,0.7896770642276301,1,0.5714285714285714,0.649678976556804,1,0.5714285714285714,0.7058754361514666,1,0.5714285714285714
2024-06-15,1088,3017,Red,0.37443511943189156,0,0.5263157894736841,0.3682737169517885,0,0.5263157894736841,0.2947843269761307,0,0.5263157894736841,0.30939664336184775,0,0.5263157894736841,0.3610947404597241,0,0.5263157894736841,0.2521491308256015,0,0.5263157894736841,0.2557009056895357,0,0.5263157894736841,0.2001769504300714,0,0.5263157894736841,0.2750758337691542,0,0.5263157894736841,0.1571359352842498,0,0.5263157894736841
2024-06-15,1794,2119,Blue,0.25164113785557984,0,-1.0,0.3682737169517885,0,-1.0,0.1981536114076313,0,-1.0,0.39664642206170786,0,-1.0,0.41476028231272716,0,-1.0,0.34055015537724515,0,-1.0,0.3276974522012395,0,-1.0,0.22505690462480005,0,-1.0,0.41684549694239087,0,-1.0,0.2601593391727222,0,-1.0
2024-06-15,505,1464,Red,0.36341238065906994,0,0.5128205128205128,0.3682737169517885,0,0.5128205128205128,0.2850715874205708,0,0.5128205128205128,0.31011816794050207,0,0.5128205128205128,0.352282193691905,0,0.5128205128205128,0.3897972098707394,0,0.5128205128205128,0.3795219234843845,0,0.5128205128205128,0.388618785643702,0,0.5128205128205128,0.3445424565624805,0,0.5128205128205128,0.3018817188384513,0,0.5128205128205128
2024-06-15,711,1247,Blue,0.8122866894197952,1,0.1785714285714286,0.3682737169517885,0,-1.0,0.7314411727829163,1,0.1785714285714286,0.3810796417508362,0,-1.0,0.39116874950319636,0,-1.0,0.43881913320883875,0,-1.0,0.4301363293936153,0,-1.0,0.3452878256843635,0,-1.0,0.3682422830135662,0,-1.0,0.11528214607702696,0,-1.0
2024-06-15,3152,195,Blue,0.3614457831325302,0,-1.0,0.3682737169517885,0,-1.0,0.28335907035899244,0,-1.0,0.2643572945705133,0,-1.0,0.350649375949571,0,-1.0,0.3119734750543574,0,-1.0,0.35706209797309685,0,-1.0,0.22908509288054754,0,-1.0,0.3712533391212618,0,-1.0,0.26245971908005006,0,-1.0
2024-06-15,1640,735,Blue,0.4675324675324676,0,-1.0,0.3682737169517885,0,-1.0,0.3837266583299639,0,-1.0,0.5615374100754043,1,1.0499999999999998,0.4885678297432255,0,-1.0,0.4415403278382165,0,-1.0,0.4952730574039467,0,-1.0,0.4115973380683894,0,-1.0,0.4392345163382392,0,-1.0,0.7021458172974446,1,1.0499999999999998
2024-06-15,3112,1008,Red,0.18922018348623854,0,0.1785714285714286,0.3682737169517885,0,0.1785714285714286,0.15908325759744288,0,0.1785714285714286,0.3941484629537693,0,0.1785714285714286,0.4016109368625468,0,0.1785714285714286,0.303958084943379,0,0.1785714285714286,0.27529404717165656,0,0.1785714285714286,0.2738733931254144,0,0.1785714285714286,0.2889694162395904,0,0.1785714285714286,0.14772550968460624,0,0.1785714285714286
2024-06-15,1567,1957,Blue,0.6853932584269663,1,0.3999999999999999,0.3682737169517885,0,-1.0,0.6127257745745904,1,0.3999999999999999,0.6640617295955706,1,0.3999999999999999,0.49694611465031224,0,-1.0,0.4980508555771711,0,-1.0,0.4691829856386347,0,-1.0,0.5321220044018733,1,0.3999999999999999,0.40372303700952084,0,-1.0,0.18866207643150887,0,-1.0
2024-06-15,3022,689,Blue,0.5940252776713904,1,0.606060606060606,0.3682737169517885,0,-1.0,0.5169153894177936,1,0.606060606060606,0.25136613850994133,0,-1.0,0.35179288476492565,0,-1.0,0.3140348926037089,0,-1.0,0.32712332117307613,0,-1.0,0.38946705845912116,0,-1.0,0.315642103317327,0,-1.0,0.19955374671146509,0,-1.0
2024-06-22,2956,3197,Red,0.1671309192200557,0,0.15384615384615374,0.3682737169517885,0,0.15384615384615374,0.14683829062822343,0,0.15384615384615374,0.3406349011174761,0,0.15384615384615374,0.38133764288435384,0,0.15384615384615374,0.35864757048077495,0,0.15384615384615374,0.38253686366023415,0,0.15384615384615374,0.42180852413523273,0,0.15384615384615374,0.4638640944366395,0,0.15384615384615374,0.3874795853752662,0,0.15384615384615374
2024-06-22,682,537,Red,0.2451612903225807,0,0.2666666666666666,0.3682737169517885,0,0.2666666666666666,0.1937834246683802,0,0.2666666666666666,0.256576672620734,0,0.2666666666666666,0.40045954561845,0,0.2666666666666666,0.29449792745380987,0,0.2666666666666666,0.35887347867796987,0,0.2666666666666666,0.2606967820086584,0,0.2666666666666666,0.34646730988392344,0,0.2666666666666666,0.246373314274293,0,0.2666666666666666
2024-06-22,1544,2071,Blue,0.32310934207445563,0,-1.0,0.3682737169517885,0,-1.0,0.2512498174237047,0,-1.0,0.45717162585679927,0,-1.0,0.5499184742835803,1,1.9500000000000002,0.35333124751352313,0,-1.0,0.41954458120849075,0,-1.0,0.3339680276892407,0,-1.0,0.4326457058960684,0,-1.0,0.5868521513090939,1,1.9500000000000002
2024-06-22,1039,741,Blue,0.5940252776713904,1,0.606060606060606,0.3682737169517885,0,-1.0,0.5169153894177936,1,0.606060606060606,0.5578100548841786,1,0.606060606060606,0.5284302413393429,1,0.606060606060606,0.5000610578505313,1,0.606060606060606,0.46482183641562025,0,-1.0,0.4020735921867259,0,-1.0,0.40652569405669653,0,-1.0,0.4951227097332803,0,-1.0
2024-06-22,759,1706,Red,0.33635187580853815,0,0.4444444444444444,0.3682737169517885,0,0.4444444444444444,0.2620630016519996,0,0.4444444444444444,0.4953016581393292,0,0.4444444444444444,0.5633418152174215,1,-1.0,0.4589527003068024,0,0.4444444444444444,0.5360097190216253,1,-1.0,0.28657523241395017,0,0.4444444444444444,0.3959035453631896,0,0.4444444444444444,0.3536905987714942,0,0.4444444444444444
2024-06-22,862,798,Red,0.3295622233152976,0,0.42553191489361697,0.3682737169517885,0,0.42553191489361697,0.25648164406232865,0,0.42553191489361697,0.40794622699192984,0,0.42553191489361697,0.5083647468524103,1,-1.0,0.450969388411726,0,0.42553191489361697,0.4027683379329091,0,0.42553191489361697,0.3679797350836999,0,0.42553191489361697,0.2683925414308048,0,0.42553191489361697,0.37528141751277716,0,0.42553191489361697
2024-06-22,2075,1481,Blue,0.5,0,-1.0,0.3682737169517885,0,-1.0,0.41707702825587434,0,-1.0,0.3400136908628201,0,-1.0,0.4453871337645485,0,-1.0,0.48164978485566756,0,-1.0,0.4404289637740492,0,-1.0,0.433523692217134,0,-1.0,0.3848989969848868,0,-1.0,0.38256824946039963,0,-1.0
2024-06-22,2104,186,Red,0.41401273885350315,0,0.625,0.3682737169517885,0,0.625,0.33118081947714517,0,0.625,0.4353094301468447,0,0.625,0.4525412545094416,0,0.625,0.614781573546279,1,-1.0,0.5747302694185102,1,-1.0,0.5194107651253062,1,-1.0,0.5134065944864696,1,-1.0,0.7262157062446293,1,-1.0
2024-06-22,1419,2993,Blue,0.5217391304347826,1,0.8333333333333335,0.3682737169517885,0,-1.0,0.4398599076862452,0,-1.0,0.25320760459686115,0,-1.0,0.35400289697579496,0,-1.0,0.2699837831494471,0,-1.0,0.27194501021702466,0,-1.0,0.29962455053087234,0,-1.0,0.3621651594190687,0,-1.0,0.16720675776620902,0,-1.0
2024-06-22,3012,3239,Blue,0.5,0,-1.0,0.3682737169517885,0,-1.0,0.41707702825587434,0,-1.0,0.3090074768813899,0,-1.0,0.3721279841469063,0,-1.0,0.4027081797131649,0,-1.0,0.3806876283050094,0,-1.0,0.3959096544417328,0,-1.0,0.39823027745183454,0,-1.0,0.3749357203754866,0,-1.0
2024-06-22,3272,3085,Red,0.2657601977750309,0,0.303030303030303,0.3682737169517885,0,0.303030303030303,0.20793162406715326,0,0.303030303030303,0.463232703854051,0,0.303030303030303,0.44095299195203114,0,0.303030303030303,0.320885053677546,0,0.303030303030303,0.3675567957045397,0,0.303030303030303,0.4035367083024562,0,0.303030303030303,0.42498734066244104,0,0.303030303030303,0.4894062079599823,0,0.303030303030303
2024-06-29,1950,701,Blue,0.6636481241914618,1,0.4444444444444444,0.3682737169517885,0,-1.0,0.5904208106516671,1,0.4444444444444444,0.4496834906398113,0,-1.0,0.521883249566697,1,0.4444444444444444,0.5014894699527052,1,0.4444444444444444,0.5927032849200409,1,0.4444444444444444,0.45606819727053605,0,-1.0,0.4603261475246601,0,-1.0,0.5884342475298926,1,0.4444444444444444
2024-06-29,2085,1696,Blue,0.6301020408163265,1,0.5263157894736841,0.3682737169517885,0,-1.0,0.5553009752743421,1,0.5263157894736841,0.5580903168776442,1,0.5263157894736841,0.42578285229781593,0,-1.0,0.571159489633174,1,0.5263157894736841,0.543560666719259,1,0.5263157894736841,0.6814162140546034,1,0.5263157894736841,0.5354948464291658,1,0.5263157894736841,0.47463680893716126,0,-1.0
2024-06-29,1857,3127,Blue,0.30874785591766724,0,-1.0,0.3682737169517885,0,-1.0,0.23986287486965338,0,-1.0,0.46370180499290914,0,-1.0,0.4481976119220446,0,-1.0,0.47550587076322376,0,-1.0,0.4734171352901184,0,-1.0,0.47881178301489213,0,-1.0,0.45876516655084726,0,-1.0,0.2922449454665283,0,-1.0
2024-06-29,232,391,Blue,0.7054263565891473,1,0.3571428571428572,0.3682737169517885,0,-1.0,0.6328668219672613,1,0.3571428571428572,0.741657754848604,1,0.3571428571428572,0.6208134804178863,1,0.3571428571428572,0.6185607222298395,1,0.3571428571428572,0.6656418098769218,1,0.3571428571428572,0.6886119839576524,1,0.3571428571428572,0.6813441256694757,1,0.3571428571428572,0.5645047906449177,1,0.3571428571428572
2024-06-29,393,462,Blue,0.5,0,-1.0,0.3682737169517885,0,-1.0,0.41707702825587434,0,-1.0,0.6233216252916693,1,0.9090909090909092,0.5636601365850441,1,0.9090909090909092,0.3781306591012473,0,-1.0,0.4029287696265482,0,-1.0,0.36573068363572525,0,-1.0,0.38966924213905363,0,-1.0,0.4567329462200355,0,-1.0
2024-06-29,1022,2975,Blue,0.4532304725168756,0,-1.0,0.3682737169517885,0,-1.0,0.3693563055532054,0,-1.0,0.4388905557024195,0,-1.0,0.4478274293653725,0,-1.0,0.4918909162732692,0,-1.0,0.5098333590303379,1,1.1,0.5496126082974518,1,1.1,0.5248781226817912,1,1.1,0.7455545514300878,1,1.1
2024-06-29,1635,285,Red,0.26645768025078376,0,0.3076923076923077,0.3682737169517885,0,0.3076923076923077,0.20842376057923043,0,0.3076923076923077,0.30917022293526436,0,0.3076923076923077,0.33993652190724527,0,0.3076923076923077,0.37112836292248064,0,0.3076923076923077,0.37149222254460557,0,0.3076923076923077,0.24653335378581293,0,0.3076923076923077,0.399466041635557,0,0.3076923076923077,0.23247887083812846,0,0.3076923076923077
2024-06-29,957,1195,Blue,0.6912521440823327,1,0.3846153846153846,0.3682737169517885,0,-1.0,0.6186596929573126,1,0.3846153846153846,0.4883900294727565,0,-1.0,0.3907297556877022,0,-1.0,0.5259159576806635,1,0.3846153846153846,0.4935738802552098,0,-1.0,0.44332209424855135,0,-1.0,0.4539276271083886,0,-1.0,0.3211929886766715,0,-1.0
2024-06-29,757,2989,Red,0.36989795918367335,0,0.5263157894736841,0.3682737169517885,0,0.5263157894736841,0.2907630874370258,0,0.5263157894736841,0.28539989534901716,0,0.5263157894736841,0.40372690060110167,0,0.5263157894736841,0.32266901743101156,0,0.5263157894736841,0.32973181357162257,0,0.5263157894736841,0.27382539084013385,0,0.5263157894736841,0.3811242027148427,0,0.5263157894736841,0.4584986581883132,0,0.5263157894736841
2024-06-29,2947,2924,Red,0.10059171597633135,0,0.0625,0.3682737169517885,0,0.0625,0.1146158372809881,0,0.0625,0.28614797165153055,0,0.0625,0.377089111824685,0,0.0625,0.31449678610862813,0,0.0625,0.30889248290626903,0,0.0625,0.29537899325962114,0,0.0625,0.27696391629385175,0,0.0625,0.1793453661916694,0,0.0625
2024-06-29,1563,1626,Red,0.42553191489361697,0,0.6666666666666665,0.3682737169517885,0,0.6666666666666665,0.3421918339751657,0,0.6666666666666665,0.2331659690834842,0,0.6666666666666665,0.2968294434456795,0,0.6666666666666665,0.36909730329583257,0,0.6666666666666665,0.3643152819302075,0,0.6666666666666665,0.28165225142943584,0,0.6666666666666665,0.3585737954590907,0,0.6666666666666665,0.20827517130206874,0,0.6666666666666665
2024-06-29,1870,600,Blue,0.5620437956204379,1,0.7142857142857144,0.3682737169517885,0,-1.0,0.4827048796685817,0,-1.0,0.552856691083055,1,0.7142857142857144,0.5363534498654154,1,0.7142857142857144,0.4542129007903003,0,-1.0,0.591615724866988,1,0.7142857142857144,0.35442259238465434,0,-1.0,0.42652611274544505,0,-1.0,0.3280651916626271,0,-1.0
2024-06-29,3011,899,Red,0.23193577163247103,0,0.23809523809523814,0.3682737169517885,0,0.23809523809523814,0.18509194984689203,0,0.23809523809523814,0.4589359102096461,0,0.23809523809523814,0.4429096416668659,0,0.23809523809523814,0.35113478576013485,0,0.23809523809523814,0.3917667077582303,0,0.23809523809523814,0.4092005790687061,0,0.23809523809523814,0.4491010097087807,0,0.23809523809523814,0.6805328107493597,1,-1.0
2024-07-13,1609,1763,Blue,0.38356164383561653,0,-1.0,0.3682737169517885,0,-1.0,0.3029701498676844,0,-1.0,0.5541748668112272,1,1.5,0.5291260777540638,1,1.5,0.40866334577015695,0,-1.0,0.5122400129421811,1,1.5,0.4986101853308764,0,-1.0,0.5544679412602614,1,1.5,0.36491170914659965,0,-1.0
2024-07-13,973,332,Red,0.43439716312056736,0,0.6896551724137931,0.3682737169517885,0,0.6896551724137931,0.35078407501923653,0,0.6896551724137931,0.27669277765344635,0,0.6896551724137931,0.3470912192341638,0,0.6896551724137931,0.3041333836442196,0,0.6896551724137931,0.35799658605819623,0,0.6896551724137931,0.3184295182765765,0,0.6896551724137931,0.3808011908397065,0,0.6896551724137931,0.36413127746291923,0,0.6896551724137931
2024-07-13,643,716,Red,0.2276707530647986,0,0.23809523809523814,0.3682737169517885,0,0.23809523809523814,0.182354123033677,0,0.23809523809523814,0.4786913690422766,0,0.23809523809523814,0.4595043759906707,0,0.23809523809523814,0.4322734665463823,0,0.23809523809523814,0.4840504256845892,0,0.23809523809523814,0.4839786257798081,0,0.23809523809523814,0.49915989433178876,0,0.23809523809523814,0.5480012931501222,1,-1.0
2024-07-13,731,1577,Blue,0.5,0,-1.0,0.3682737169517885,0,-1.0,0.41707702825587434,0,-1.0,0.5288882190267883,1,0.9090909090909092,0.5091358008328829,1,0.9090909090909092,0.38043933770907457,0,-1.0,0.4223866081825091,0,-1.0,0.4434699762802556,0,-1.0,0.45948778470807233,0,-1.0,0.563861404655345,1,0.9090909090909092
2024-07-13,346,1194,Red,0.23409789548356588,0,0.25316455696202533,0.3682737169517885,0,0.25316455696202533,0.1864919616481669,0,0.25316455696202533,0.38546388778482016,0,0.25316455696202533,0.4259931824456263,0,0.25316455696202533,0.2833282521571997,0,0.25316455696202533,0.3376745179359083,0,0.25316455696202533,0.3451729105165348,0,0.25316455696202533,0.30510407667257916,0,0.25316455696202533,0.1456068396430732,0,0.25316455696202533
2024-07-13,2933,153,Red,0.23809523809523808,0,0.25,0.3682737169517885,0,0.25,0.18910177324538888,0,0.25,0.4704566318825287,0,0.25,0.4227290043250923,0,0.25,0.3958444080429377,0,0.25,0.3895891338481642,0,0.25,0.27536721855364604,0,0.25,0.38149472161087833,0,0.25,0.5076713351428049,1,-1.0
2024-07-13,2037,1009,Blue,0.32183908045977005,0,-1.0,0.3682737169517885,0,-1.0,0.25022831752177876,0,-1.0,0.39764880595089147,0,-1.0,0.47866018193322835,0,-1.0,0.33441507566507556,0,-1.0,0.3691616788854013,0,-1.0,0.2783715050544674,0,-1.0,0.37699946795550127,0,-1.0,0.28286460404848046,0,-1.0
2024-07-13,981,3088,Red,0.4675324675324676,0,0.8,0.3682737169517885,0,0.8,0.3837266583299639,0,0.8,0.5169738586503015,1,-1.0,0.44583621603517093,0,0.8,0.4250868148735796,0,0.8,0.3444916258797961,0,0.8,0.43460810464715754,0,0.8,0.4090998677217881,0,0.8,0.256857631563471,0,0.8
2024-07-13,595,2975,Blue,0.5217391304347826,1,0.8333333333333335,0.3682737169517885,0,-1.0,0.4398599076862452,0,-1.0,0.7364862567933786,1,0.8333333333333335,0.562076650356527,1,0.8333333333333335,0.5959954707601768,1,0.8333333333333335,0.5817975263651524,1,0.8333333333333335,0.6761470636915493,1,0.8333333333333335,0.5382008773820391,1,0.8333333333333335,0.6761769438605276,1,0.8333333333333335
2024-07-13,1424,498,Red,0.2945736434108528,0,0.3571428571428572,0.3682737169517885,0,0.3571428571428572,0.22897577156447582,0,0.3571428571428572,0.22207991210802575,0,0.3571428571428572,0.32229865241332006,0,0.3571428571428572,0.5415765784353243,1,-1.0,0.6237176660336857,1,-1.0,0.494722359625661,0,0.3571428571428572,0.5266298541691434,1,-1.0,0.7672519896193497,1,-1.0
2024-07-13,659,1712,Red,0.6853932584269663,1,-1.0,0.3682737169517885,0,2.05,0.6127257745745904,1,-1.0,0.7530554288292683,1,-1.0,0.6131836657243108,1,-1.0,0.683072039072039,1,-1.0,0.6289291886891205,1,-1.0,0.7507837800346825,1,-1.0,0.5348805717583702,1,-1.0,0.8326868695210908,1,-1.0
2024-07-20,466,183,Red,0.6092362344582594,1,-1.0,0.3682737169517885,0,1.4500000000000002,0.5331506197375515,1,-1.0,0.7358053980081465,1,-1.0,0.5962820573057722,1,-1.0,0.41271141277023643,0,1.4500000000000002,0.47262989979410075,0,1.4500000000000002,0.5152011313716063,1,-1.0,0.5288062994182229,1,-1.0,0.5404227869153383,1,-1.0
2024-07-20,753,467,Red,0.42553191489361697,0,0.6666666666666665,0.3682737169517885,0,0.6666666666666665,0.3421918339751657,0,0.6666666666666665,0.2631578531150753,0,0.6666666666666665,0.3805372941147382,0,0.6666666666666665,0.35001139662710856,0,0.6666666666666665,0.37496490444974123,0,0.6666666666666665,0.32671654544751433,0,0.6666666666666665,0.3830914347804319,0,0.6666666666666665,0.37810729997430353,0,0.6666666666666665
2024-07-20,1053,766,Blue,0.644729178800233,1,0.4878048780487805,0.3682737169517885,0,-1.0,0.5707038585142735,1,0.4878048780487805,0.6040985607594846,1,0.4878048780487805,0.5339463086431796,1,0.4878048780487805,0.4600974145680028,0,-1.0,0.4978338630382746,0,-1.0,0.6107873044396414,1,0.4878048780487805,0.5225363847540573,1,0.4878048780487805,0.5286685010503842,1,0.4878048780487805
2024-07-20,625,1844,Blue,0.5,0,-1.0,0.3682737169517885,0,-1.0,0.41707702825587434,0,-1.0,0.29931376921203584,0,-1.0,0.3781464547333035,0,-1.0,0.2903994393406158,0,-1.0,0.3376902195521533,0,-1.0,0.21354859923408007,0,-1.0,0.3209236603377651,0,-1.0,0.15451822767977544,0,-1.0
2024-07-20,1153,3125,Blue,0.3766105054509415,0,-1.0,0.3682737169517885,0,-1.0,0.2967237866187604,0,-1.0,0.32875071335907907,0,-1.0,0.40435307379488344,0,-1.0,0.2781593631113754,0,-1.0,0.3432603055167488,0,-1.0,0.2703101495418008,0,-1.0,0.2956006597064834,0,-1.0,0.1645790196804883,0,-1.0
2024-07-20,435,1630,Red,0.4891657638136511,0,0.8695652173913042,0.3682737169517885,0,0.8695652173913042,0.4058472334649439,0,0.8695652173913042,0.4088341007712538,0,0.8695652173913042,0.457899932118262,0,0.8695652173913042,0.38851018231281387,0,0.8695652173913042,0.39602396185228905,0,0.8695652173913042,0.4117723002772619,0,0.8695652173913042,0.39564833535868726,0,0.8695652173913042,0.4211859279442449,0,0.8695652173913042
2024-07-20,1159,976,Blue,0.5427435387673957,1,0.7692307692307692,0.3682737169517885,0,-1.0,0.46211721698599134,0,-1.0,0.5944532734059662,1,0.7692307692307692,0.5316280383120061,1,0.7692307692307692,0.416615846571729,0,-1.0,0.4414452989754856,0,-1.0,0.4867454234908502,0,-1.0,0.37318791426927,0,-1.0,0.28679424717326657,0,-1.0
2024-07-20,1287,3101,Red,0.33635187580853815,0,0.4444444444444444,0.3682737169517885,0,0.4444444444444444,0.2620630016519996,0,0.4444444444444444,0.2746356522833954,0,0.4444444444444444,0.346534835586831,0,0.4444444444444444,0.3848339511365827,0,0.4444444444444444,0.3194223719055527,0,0.4444444444444444,0.26663918860078584,0,0.4444444444444444,0.2607356148471616,0,0.4444444444444444,0.498351403769831,0,0.4444444444444444
2024-07-20,1644,1482,Blue,0.4891657638136511,0,-1.0,0.3682737169517885,0,-1.0,0.4058472334649439,0,-1.0,0.5846006385200316,1,0.9523809523809523,0.49026391725469054,0,-1.0,0.4309377798127798,0,-1.0,0.45550483351451154,0,-1.0,0.4484977449509693,0,-1.0,0.44839454577369914,0,-1.0,0.4836799533754209,0,-1.0
2024-07-20,924,2952,Red,0.5620437956204379,1,-1.0,0.3682737169517885,0,1.2000000000000002,0.4827048796685817,0,1.2000000000000002,0.6483147249558914,1,-1.0,0.5704117176340757,1,-1.0,0.4647883521707048,0,1.2000000000000002,0.4706980943116631,0,1.2000000000000002,0.4305723031084822,0,1.2000000000000002,0.500854013695997,1,-1.0,0.5899725284584056,1,-1.0
2024-07-20,2029,3082,Blue,0.4782608695652174,0,-1.0,0.3682737169517885,0,-1.0,0.3946428047638027,0,-1.0,0.45390571434010996,0,-1.0,0.4481048043797412,0,-1.0,0.4841137797387795,0,-1.0,0.4460186752161265,0,-1.0,0.5782669483327544,1,1.0,0.4703648527154831,0,-1.0,0.5237507481775922,1,1.0
2024-07-27,270,3158,Red,0.36989795918367335,0,0.5263157894736841,0.3682737169517885,0,0.5263157894736841,0.2907630874370258,0,0.5263157894736841,0.4575616443261586,0,0.5263157894736841,0.41542209191236146,0,0.5263157894736841,0.4767075987737753,0,0.5263157894736841,0.47292987106266043,0,0.5263157894736841,0.39156666679444774,0,0.5263157894736841,0.43778981073877926,0,0.5263157894736841,0.4691438241644041,0,0.5263157894736841
2024-07-27,2127,1600,Red,0.21359223300970875,0,0.22222222222222232,0.3682737169517885,0,0.22222222222222232,0.17354029304612772,0,0.22222222222222232,0.2172893293241063,0,0.22222222222222232,0.363296343754857,0,0.22222222222222232,0.2911304519640434,0,0.22222222222222232,0.2941570788850825,0,0.22222222222222232,0.26783456560256813,0,0.22222222222222232,0.3350847639780778,0,0.22222222222222232,0.09428238674173293,0,0.22222222222222232
2024-07-27,395,1617,Red,0.4088050314465409,0,0.625,0.3682737169517885,0,0.625,0.32626198954654007,0,0.625,0.35158390870906603,0,0.625,0.4125076004086513,0,0.625,0.5005845752115103,1,-1.0,0.499195870011981,0,0.625,0.36598504374437907,0,0.625,0.4083966088155824,0,0.625,0.6521657116813091,1,-1.0
2024-07-27,245,335,Red,0.23364485981308414,0,0.25,0.3682737169517885,0,0.25,0.18619793898742618,0,0.25,0.6795826505467859,1,-1.0,0.5820730278906266,1,-1.0,0.2772572988014164,0,0.25,0.39191515738291205,0,0.25,0.2481272499162844,0,0.25,0.35917999269188206,0,0.25,0.6759675878253603,1,-1.0
2024-07-27,639,1398,Blue,0.30423004792665137,0,-1.0,0.3682737169517885,0,-1.0,0.23635470576792184,0,-1.0,0.5385520478796125,1,2.15,0.6547604125264562,1,2.15,0.36305040402132877,0,-1.0,0.3780295964548302,0,-1.0,0.3451320964847876,0,-1.0,0.3139373125944069,0,-1.0,0.5253632711714757,1,2.15
2024-07-27,189,464,Red,0.29556650246305427,0,0.36363636363636376,0.3682737169517885,0,0.36363636363636376,0.2297269369169647,0,0.36363636363636376,0.2543239718072669,0,0.36363636363636376,0.34190789620376366,0,0.36363636363636376,0.2991678221016455,0,0.36363636363636376,0.33982734218171706,0,0.36363636363636376,0.23157764692380517,0,0.36363636363636376,0.2902531229183445,0,0.36363636363636376,0.5427430046955123,1,-1.0
2024-07-27,1541,2942,Red,0.2080344332855093,0,0.20833333333333326,0.3682737169517885,0,0.20833333333333326,0.1701546964663968,0,0.20833333333333326,0.2878126017629079,0,0.20833333333333326,0.37561145996870593,0,0.20833333333333326,0.2594159775409775,0,0.20833333333333326,0.31685238057761334,0,0.20833333333333326,0.1548732895945585,0,0.20833333333333326,0.3828253916114732,0,0.20833333333333326,0.14009333392362494,0,0.20833333333333326
2024-07-27,1294,365,Blue,0.2553191489361702,0,-1.0,0.3682737169517885,0,-1.0,0.20066698163070695,0,-1.0,0.3587769362853151,0,-1.0,0.3616236714445627,0,-1.0,0.4799457734817643,0,-1.0,0.5006403250546473,1,2.75,0.43693908780543406,0,-1.0,0.479659892214042,0,-1.0,0.3292835965887409,0,-1.0
2024-07-27,3064,1533,Red,0.5990922844175491,1,-1.0,0.3682737169517885,0,1.4,0.5223292659967418,1,-1.0,0.42148847206817647,0,1.4,0.43204176567820013,0,1.4,0.2954492313242314,0,1.4,0.3188933045126585,0,1.4,0.4892036324444244,0,1.4,0.41403297103258363,0,1.4,0.6119651299645443,1,-1.0
2024-07-27,1361,1040,Red,0.3418803418803419,0,0.4545454545454546,0.3682737169517885,0,0.4545454545454546,0.2666650592881528,0,0.4545454545454546,0.3741946347313409,0,0.4545454545454546,0.42243809737725335,0,0.4545454545454546,0.35559066364298914,0,0.4545454545454546,0.3459607476361783,0,0.4545454545454546,0.32779296049466944,0,0.4545454545454546,0.30994231591023014,0,0.4545454545454546,0.17947686689171205,0,0.4545454545454546
2024-07-27,620,1701,Blue,0.4675324675324676,0,-1.0,0.3682737169517885,0,-1.0,0.3837266583299639,0,-1.0,0.33904368558933773,0,-1.0,0.40194109031664943,0,-1.0,0.38969814397562086,0,-1.0,0.39741425564919713,0,-1.0,0.28256317679837045,0,-1.0,0.28240945292221464,0,-1.0,0.3654166362441073,0,-1.0
2024-07-27,1532,388,Red,0.19117647058823528,0,0.18181818181818188,0.3682737169517885,0,0.18181818181818188,0.160206671083403,0,0.18181818181818188,0.2764835612310639,0,0.18181818181818188,0.391694626313615,0,0.18181818181818188,0.31171250508750514,0,0.18181818181818188,0.36180029708726136,0,0.18181818181818188,0.25902004655313604,0,0.18181818181818188,0.3853737285835616,0,0.18181818181818188,0.3112648945366721,0,0.18181818181818188
2024-07-27,3103,1599,Blue,0.5467695274831245,1,0.7407407407407407,0.3682737169517885,0,-1.0,0.4664034495740591,0,-1.0,0.5201018476364696,1,0.7407407407407407,0.5034834320599659,1,0.7407407407407407,0.4930260456491106,0,-1.0,0.48124799863183376,0,-1.0,0.5688767416023572,1,0.7407407407407407,0.5446418048226866,1,0.7407407407407407,0.6339156795952939,1,0.7407407407407407
2024-07-27,848,2927,Red,0.6818181818181818,1,-1.0,0.3682737169517885,0,2.0,0.6090882833424296,1,-1.0,0.3531951133140583,0,2.0,0.395785313498651,0,2.0,0.5068884462487405,1,-1.0,0.48264090268887133,0,2.0,0.5428366682590094,1,-1.0,0.5248647066312219,1,-1.0,0.5230225806611069,1,-1.0
2024-08-03,1415,1328,Red,0.34929577464788736,0,0.4761904761904763,0.3682737169517885,0,0.4761904761904763,0.2729180432441444,0,0.4761904761904763,0.2853248367033569,0,0.4761904761904763,0.32653484281599837,0,0.4761904761904763,0.429782562753151,0,0.4761904761904763,0.42309925134102505,0,0.4761904761904763,0.3591669160817721,0,0.4761904761904763,0.3797854144308018,0,0.4761904761904763,0.4044805178201085,0,0.4761904761904763
2024-08-03,1110,3267,Red,0.33099297893681046,0,0.4347826086956521,0.3682737169517885,0,0.4347826086956521,0.25765128023935513,0,0.4347826086956521,0.48079953006649,0,0.4347826086956521,0.4453213771148241,0,0.4347826086956521,0.4150140238880748,0,0.4347826086956521,0.4756330521128116,0,0.4347826086956521,0.41407293752710067,0,0.4347826086956521,0.5118617955099987,1,-1.0,0.5258426736276813,1,-1.0
2024-08-03,892,299,Red,0.4532304725168756,0,0.7407407407407407,0.3682737169517885,0,0.7407407407407407,0.3693563055532054,0,0.7407407407407407,0.7558161874266154,1,-1.0,0.593476419470408,1,-1.0,0.5546815208212268,1,-1.0,0.5811423219644413,1,-1.0,0.7056630170024095,1,-1.0,0.5640202102257815,1,-1.0,0.5623475431415081,1,-1.0
2024-08-03,201,369,Red,0.41700735895339325,0,0.6451612903225805,0.3682737169517885,0,0.6451612903225805,0.33402620438123604,0,0.6451612903225805,0.5006736839197339,1,-1.0,0.43050891007620234,0,0.6451612903225805,0.5349049099621856,1,-1.0,0.540140306043421,1,-1.0,0.5688628427539077,1,-1.0,0.5431713945932829,1,-1.0,0.4744284348685782,0,0.6451612903225805
2024-08-03,1776,1473,Blue,0.7508125677139762,1,0.2777777777777777,0.3682737169517885,0,-1.0,0.676735415337732,1,0.2777777777777777,0.45252803077195697,0,-1.0,0.4696567637678473,0,-1.0,0.5359268144709323,1,0.2777777777777777,0.539199431726031,1,0.2777777777777777,0.7628761272254866,1,0.2777777777777777,0.58721927727267,1,0.2777777777777777,0.8908839744106594,1,0.2777777777777777
2024-08-03,2955,2954,Blue,0.7659021045164341,1,0.25316455696202533,0.3682737169517885,0,-1.0,0.6907011785118701,1,0.25316455696202533,0.31724162255005595,0,-1.0,0.3976824882365876,0,-1.0,0.4004845244767845,0,-1.0,0.40898710785362685,0,-1.0,0.5492985667653286,1,0.25316455696202533,0.3851071870096181,0,-1.0,0.18555015541719663,0,-1.0
2024-08-03,613,952,Blue,0.4009077155824508,0,-1.0,0.3682737169517885,0,-1.0,0.31887541179245016,0,-1.0,0.3253033969652266,0,-1.0,0.3551838787679163,0,-1.0,0.3671162743202218,0,-1.0,0.39718495661561765,0,-1.0,0.2866061342428385,0,-1.0,0.3685154589020125,0,-1.0,0.39770614583930125,0,-1.0
2024-08-03,688,463,Blue,0.7966101694915254,1,0.19999999999999996,0.3682737169517885,0,-1.0,0.718057010495453,1,0.19999999999999996,0.8398984248288023,1,0.19999999999999996,0.716755576866346,1,0.19999999999999996,0.5577465973568914,1,0.19999999999999996,0.5917456286375192,1,0.19999999999999996,0.42895931519307684,0,-1.0,0.4710602400389815,0,-1.0,0.8639524820434946,1,0.19999999999999996
2024-08-03,579,775,Red,0.4532304725168756,0,0.7407407407407407,0.3682737169517885,0,0.7407407407407407,0.3693563055532054,0,0.7407407407407407,0.7675739414222851,1,-1.0,0.590777434606382,1,-1.0,0.4846319105874063,0,0.7407407407407407,0.45713312526863864,0,0.7407407407407407,0.5042585432938481,1,-1.0,0.559342654606758,1,-1.0,0.8799271325939643,1,-1.0
2024-08-03,3027,1289,Red,0.299837925445705,0,0.37037037037037024,0.3682737169517885,0,0.37037037037037024,0.2329782515773198,0,0.37037037037037024,0.20113238296914454,0,0.37037037037037024,0.3442044600868119,0,0.37037037037037024,0.45252919765419763,0,0.37037037037037024,0.4960602468279563,0,0.37037037037037024,0.4162884348174123,0,0.37037037037037024,0.48244036743058133,0,0.37037037037037024,0.3269515457541092,0,0.37037037037037024
2024-08-03,2051,697,Blue,0.552594002855783,1,0.7407407407407407,0.3682737169517885,0,-1.0,0.47261304800379783,0,-1.0,0.6115637506483377,1,0.7407407407407407,0.4700822199137714,0,-1.0,0.3726590131001897,0,-1.0,0.49873302481083354,0,-1.0,0.21861950162239757,0,-1.0,0.3720371933127955,0,-1.0,0.116214957820755,0,-1.0
2024-08-03,617,1986,Red,0.33635187580853815,0,0.4444444444444444,0.3682737169517885,0,0.4444444444444444,0.2620630016519996,0,0.4444444444444444,0.3531101222593822,0,0.4444444444444444,0.40637816258259896,0,0.4444444444444444,0.32385579643667894,0,0.4444444444444444,0.34746134564106074,0,0.4444444444444444,0.2414571618109711,0,0.4444444444444444,0.35374401154743634,0,0.4444444444444444,0.32857524885247347,0,0.4444444444444444
2024-08-03,2956,1487,Red,0.26645768025078376,0,0.3076923076923077,0.3682737169517885,0,0.3076923076923077,0.20842376057923043,0,0.3076923076923077,0.5364131584106216,1,-1.0,0.5055661330340452,1,-1.0,0.4197564836407716,0,0.3076923076923077,0.4574857036002703,0,0.3076923076923077,0.5183419869403331,1,-1.0,0.5265959547180151,1,-1.0,0.4261402196461082,0,0.3076923076923077
2024-08-10,1788,457,Red,0.43439716312056736,0,0.6896551724137931,0.3682737169517885,0,0.6896551724137931,0.35078407501923653,0,0.6896551724137931,0.4097600121460808,0,0.6896551724137931,0.4567481031249805,0,0.6896551724137931,0.3967421407568467,0,0.6896551724137931,0.4312803478224821,0,0.6896551724137931,0.4397709297724674,0,0.6896551724137931,0.35885436142675964,0,0.6896551724137931,0.39059963631765615,0,0.6896551724137931
2024-08-10,1051,3282,Red,0.6912521440823327,1,-1.0,0.3682737169517885,0,2.1,0.6186596929573126,1,-1.0,0.25597375407823636,0,2.1,0.3631683288107399,0,2.1,0.3421836048654933,0,2.1,0.36146095083688035,0,2.1,0.30098044098014387,0,2.1,0.27858317960398127,0,2.1,0.29023227428395615,0,2.1
2024-08-10,844,3248,Red,0.18181818181818185,0,0.16666666666666674,0.3682737169517885,0,0.16666666666666674,0.15489034973514199,0,0.16666666666666674,0.0630612242647957,0,0.16666666666666674,0.2289390998687431,0,0.16666666666666674,0.3077746730393788,0,0.16666666666666674,0.3114820527397974,0,0.16666666666666674,0.32320694471880934,0,0.16666666666666674,0.37861734222216664,0,0.16666666666666674,0.16257289458394328,0,0.16666666666666674
2024-08-10,1731,1067,Red,0.35527082119976705,0,0.4878048780487805,0.3682737169517885,0,0.4878048780487805,0.2780225442047455,0,0.4878048780487805,0.22994014118136213,0,0.4878048780487805,0.41667812986134944,0,0.4878048780487805,0.3397336824588643,0,0.4878048780487805,0.32449758206375484,0,0.4878048780487805,0.3411971581605414,0,0.4878048780487805,0.35367778965950547,0,0.4878048780487805,0.2756959666338528,0,0.4878048780487805
2024-08-10,3240,3154,Red,0.247557003257329,0,0.2666666666666666,0.3682737169517885,0,0.2666666666666666,0.1953905721904124,0,0.2666666666666666,0.21056209459197026,0,0.2666666666666666,0.30840675242500637,0,0.2666666666666666,0.20306110836068142,0,0.2666666666666666,0.2397900111445762,0,0.2666666666666666,0.18003743946059783,0,0.2666666666666666,0.3114727269829115,0,0.2666666666666666,0.06849852895144531,0,0.2666666666666666
2024-08-10,2017,1911,Blue,0.574468085106383,1,0.6666666666666665,0.3682737169517885,0,-1.0,0.4959934837918982,0,-1.0,0.8320694885634002,1,0.6666666666666665,0.6757579751404583,1,0.6666666666666665,0.6019618899618897,1,0.6666666666666665,0.6154491433127398,1,0.6666666666666665,0.7872397849532227,1,0.6666666666666665,0.5678886446151171,1,0.6666666666666665,0.5744285786956512,1,0.6666666666666665
2024-08-10,2159,660,Red,0.21739130434782608,0,0.22222222222222232,0.3682737169517885,0,0.22222222222222232,0.17588501902864603,0,0.22222222222222232,0.3793096490154272,0,0.22222222222222232,0.4503392872241671,0,0.22222222222222232,0.24643148947528754,0,0.22222222222222232,0.3852644826968989,0,0.22222222222222232,0.30360439568811,0,0.22222222222222232,0.3917569394106395,0,0.22222222222222232,0.2744806660806963,0,0.22222222222222232
2024-08-10,970,1253,Blue,0.6233894945490583,1,0.5405405405405406,0.3682737169517885,0,-1.0,0.5481948455858207,1,0.5405405405405406,0.6577250659159123,1,0.5405405405405406,0.5611521817896035,1,0.5405405405405406,0.5472305194805198,1,0.5405405405405406,0.5496446064226923,1,0.5405405405405406,0.5618207192401989,1,0.5405405405405406,0.5393084611064612,1,0.5405405405405406,0.3983218527909489,0,-1.0
2024-08-10,3241,2115,Red,0.6385542168674698,1,-1.0,0.3682737169517885,0,1.65,0.5642163244242636,1,-1.0,0.29705601947257027,0,1.65,0.3849909842257515,0,1.65,0.30407805620305645,0,1.65,0.3280728288507759,0,1.65,0.37390939117909994,0,1.65,0.3460095353102867,0,1.65,0.3322667067956132,0,1.65
2024-08-10,3073,2944,Red,0.41700735895339325,0,0.6451612903225805,0.3682737169517885,0,0.6451612903225805,0.33402620438123604,0,0.6451612903225805,0.2837856426425597,0,0.6451612903225805,0.3715993746917435,0,0.6451612903225805,0.2991751538056739,0,0.6451612903225805,0.29565759793269725,0,0.6451612903225805,0.3225530352942298,0,0.6451612903225805,0.3551243458052966,0,0.6451612903225805,0.272728783328457,0,0.6451612903225805
2024-08-17,1171,3165,Blue,0.6690070210631895,1,0.4347826086956521,0.3682737169517885,0,-1.0,0.5959561801349517,1,0.4347826086956521,0.720202902368675,1,0.4347826086956521,0.5627678823670547,1,0.4347826086956521,0.606159418468242,1,0.4347826086956521,0.606523418702953,1,0.4347826086956521,0.771996996933541,1,0.4347826086956521,0.5500664824661121,1,0.4347826086956521,0.6891933312897578,1,0.4347826086956521
2024-08-17,1041,658,Red,0.6690070210631895,1,-1.0,0.3682737169517885,0,1.9,0.5959561801349517,1,-1.0,0.5587667879537666,1,-1.0,0.47650486013086,0,1.9,0.5371224203929311,1,-1.0,0.47913789035993415,0,1.9,0.6227165468518185,1,-1.0,0.5573224025348072,1,-1.0,0.5796336150523941,1,-1.0
2024-08-17,987,402,Red,0.1881331403762663,0,0.18181818181818188,0.3682737169517885,0,0.18181818181818188,0.15846177980988288,0,0.18181818181818188,0.21702247450424372,0,0.18181818181818188,0.3259805999551815,0,0.18181818181818188,0.35777286602286607,0,0.18181818181818188,0.37461015465399833,0,0.18181818181818188,0.2031132387198142,0,0.18181818181818188,0.3797454105816321,0,0.18181818181818188,0.08145139405261557,0,0.18181818181818188
2024-08-17,1886,773,Red,0.33099297893681046,0,0.4347826086956521,0.3682737169517885,0,0.4347826086956521,0.25765128023935513,0,0.4347826086956521,0.4004296088554518,0,0.4347826086956521,0.43321393390177737,0,0.4347826086956521,0.3673838615088613,0,0.4347826086956521,0.41291242938491085,0,0.4347826086956521,0.4040690471279445,0,0.4347826086956521,0.36007284663762656,0,0.4347826086956521,0.6264756594167171,1,-1.0
2024-08-17,1478,2933,Red,0.574468085106383,1,-1.0,0.3682737169517885,0,1.25,0.4959934837918982,0,1.25,0.4438114431836249,0,1.25,0.422919142165289,0,1.25,0.425275269321322,0,1.25,0.4322477344646926,0,1.25,0.4439047197441926,0,1.25,0.38349411210140427,0,1.25,0.5621984325738284,1,-1.0
2024-08-17,611,152,Red,0.5467695274831245,1,-1.0,0.3682737169517885,0,1.1,0.4664034495740591,0,1.1,0.17805279848036387,0,1.1,0.26320930198714987,0,1.1,0.24635348447848449,0,1.1,0.2849831274738114,0,1.1,0.18506707998670316,0,1.1,0.17080772315866086,0,1.1,0.6292628280745776,1,-1.0
2024-08-17,1955,3081,Blue,0.5,0,-1.0,0.3682737169517885,0,-1.0,0.41707702825587434,0,-1.0,0.3988442336176805,0,-1.0,0.4157710973221433,0,-1.0,0.4243017557061674,0,-1.0,0.3770194412222375,0,-1.0,0.47180657833972534,0,-1.0,0.4301882083584063,0,-1.0,0.5057027740218577,1,0.9090909090909092
2024-08-17,745,933,Blue,0.30874785591766724,0,-1.0,0.3682737169517885,0,-1.0,0.23986287486965338,0,-1.0,0.4507126528798171,0,-1.0,0.4825727500120834,0,-1.0,0.2997343087196029,0,-1.0,0.3786710754227754,0,-1.0,0.33397439060326656,0,-1.0,0.28939858021251136,0,-1.0,0.43684291894667177,0,-1.0
2024-08-17,2009,1742,Blue,0.6279373368146214,1,0.5405405405405406,0.3682737169517885,0,-1.0,0.553011672960792,1,0.5405405405405406,0.5147903702796341,1,0.5405405405405406,0.4853854467097548,0,-1.0,0.4353630027380028,0,-1.0,0.49942640930834703,0,-1.0,0.3813308046746506,0,-1.0,0.4451164354492822,0,-1.0,0.7180341221929301,1,0.5405405405405406
2024-08-17,524,1648,Blue,0.3932993445010925,0,-1.0,0.3682737169517885,0,-1.0,0.3118440834386769,0,-1.0,0.49880100534499544,0,-1.0,0.45211487130606626,0,-1.0,0.5006687215290155,1,1.4500000000000002,0.5260881445277595,1,1.4500000000000002,0.5612172385512059,1,1.4500000000000002,0.5267607410567904,1,1.4500000000000002,0.6243022199794714,1,1.4500000000000002
2024-08-17,3136,1668,Red,0.12,0,0.09090909090909083,0.3682737169517885,0,0.09090909090909083,0.12332002160759359,0,0.09090909090909083,0.2166271252352369,0,0.09090909090909083,0.33367239687794925,0,0.09090909090909083,0.26646637920902655,0,0.09090909090909083,0.30746825241248144,0,0.09090909090909083,0.2536898389692316,0,0.09090909090909083,0.31911198798768947,0,0.09090909090909083,0.17209141766878946,0,0.09090909090909083
2024-08-17,3097,156,Blue,0.33635187580853815,0,-1.0,0.3682737169517885,0,-1.0,0.2620630016519996,0,-1.0,0.35083795826542125,0,-1.0,0.37516150744891075,0,-1.0,0.4658379164607796,0,-1.0,0.359159961271658,0,-1.0,0.4052616868708159,0,-1.0,0.38969186614748474,0,-1.0,0.15549150598166372,0,-1.0
2024-08-24,2929,1469,Red,0.29556650246305427,0,0.36363636363636376,0.3682737169517885,0,0.36363636363636376,0.2297269369169647,0,0.36363636363636376,0.31232810446978126,0,0.36363636363636376,0.4061180428433873,0,0.36363636363636376,0.3369228383272502,0,0.36363636363636376,0.34815321172453234,0,0.36363636363636376,0.1869313353062868,0,0.36363636363636376,0.30785891592298215,0,0.36363636363636376,0.09896861607858619,0,0.36363636363636376
2024-08-24,1228,1381,Blue,0.863013698630137,1,0.11111111111111116,0.3682737169517885,0,-1.0,0.7719019206707736,1,0.11111111111111116,0.8313072474965164,1,0.11111111111111116,0.7299497428232784,1,0.11111111111111116,0.566327339327339,1,0.11111111111111116,0.6272135601903207,1,0.11111111111111116,0.5121476315375377,1,0.11111111111111116,0.5283260524111307,1,0.11111111111111116,0.2645854319821764,0,-1.0
2024-08-24,1816,1320,Blue,0.27424749163879597,0,-1.0,0.3682737169517885,0,-1.0,0.21397845052367068,0,-1.0,0.3063095938325159,0,-1.0,0.35890496682377143,0,-1.0,0.370870605701488,0,-1.0,0.39162555760103934,0,-1.0,0.2027538885203693,0,-1.0,0.35983534122345967,0,-1.0,0.6965788197619215,1,2.5
2024-08-24,406,1263,Blue,0.6164383561643836,1,0.5555555555555556,0.3682737169517885,0,-1.0,0.5408154001134118,1,0.5555555555555556,0.4420304632471219,0,-1.0,0.43959424123053437,0,-1.0,0.4649054705471112,0,-1.0,0.49525027028367763,0,-1.0,0.5489384030821416,1,0.5555555555555556,0.3929836947451758,0,-1.0,0.41694605061627227,0,-1.0
2024-08-24,353,3278,Red,0.3207547169811321,0,0.41666666666666674,0.3682737169517885,0,0.41666666666666674,0.2493585024692973,0,0.41666666666666674,0.6707346178888243,1,-1.0,0.5410118554059893,1,-1.0,0.4581613520065534,0,0.41666666666666674,0.49913548149794806,0,0.41666666666666674,0.33769745732778533,0,0.41666666666666674,0.4825573102448851,0,0.41666666666666674,0.5451627030912863,1,-1.0
2024-08-24,911,1675,Blue,0.5829926410466066,1,0.6451612903225805,0.3682737169517885,0,-1.0,0.5051154764827089,1,0.6451612903225805,0.5466895508165817,1,0.6451612903225805,0.5948411148915249,1,0.6451612903225805,0.5104589217971571,1,0.6451612903225805,0.661958922205236,1,0.6451612903225805,0.7417851878073578,1,0.6451612903225805,0.6695401415375357,1,0.6451612903225805,0.1837711579479066,0,-1.0
2024-08-24,424,351,Blue,0.6853932584269663,1,0.3999999999999999,0.3682737169517885,0,-1.0,0.6127257745745904,1,0.3999999999999999,0.6297503707630328,1,0.3999999999999999,0.5031936963442881,1,0.3999999999999999,0.5387044997486173,1,0.3999999999999999,0.6772667832343752,1,0.3999999999999999,0.5870243837432282,1,0.3999999999999999,0.632138246555743,1,0.3999999999999999,0.7904890346156457,1,0.3999999999999999
2024-08-24,2945,3212,Red,0.1475409836065574,0,0.125,0.3682737169517885,0,0.125,0.13664128378851975,0,0.125,0.27987287684946344,0,0.125,0.3689857733872191,0,0.125,0.15655844591138715,0,0.125,0.19821333766479912,0,0.125,0.15703962597215107,0,0.125,0.227081334563627,0,0.125,0.10077014146806916,0,0.125
2024-08-24,3059,3234,Blue,0.44362292051756014,0,-1.0,0.3682737169517885,0,-1.0,0.35982955295397395,0,-1.0,0.3143861085619033,0,-1.0,0.37347984214815416,0,-1.0,0.29421736824760764,0,-1.0,0.2627840696584771,0,-1.0,0.3375351331398532,0,-1.0,0.3426255813043502,0,-1.0,0.30378426346696014,0,-1.0
2024-08-24,3118,3231,Blue,0.6385542168674698,1,0.5,0.3682737169517885,0,-1.0,0.5642163244242636,1,0.5,0.38326404215106585,0,-1.0,0.41588122803207767,0,-1.0,0.46140099181795696,0,-1.0,0.4991837883605608,0,-1.0,0.40495128466268343,0,-1.0,0.4340018880491504,0,-1.0,0.3750423049226267,0,-1.0
2024-08-24,3107,1162,Red,0.11484823625922887,0,0.07692307692307687,0.3682737169517885,0,0.07692307692307687,0.12095567514425112,0,0.07692307692307687,0.1841046512397154,0,0.07692307692307687,0.28908052043016497,0,0.07692307692307687,0.27377360436065024,0,0.07692307692307687,0.3065478482928906,0,0.07692307692307687,0.23851936263696508,0,0.07692307692307687,0.30872555843251864,0,0.07692307692307687,0.13500613305339662,0,0.07692307692307687
2024-09-07,1726,3028,Blue,0.3181818181818181,0,-1.0,0.3682737169517885,0,-1.0,0.2473027612426706,0,-1.0,0.3071210773089411,0,-1.0,0.36161259389758516,0,-1.0,0.38097782446311856,0,-1.0,0.39443688239334646,0,-1.0,0.42497709281906393,0,-1.0,0.47622455612115705,0,-1.0,0.2189340710189757,0,-1.0
2024-09-07,2148,1792,Blue,0.6923725242309313,1,0.37735849056603765,0.3682737169517885,0,-1.0,0.6197904584942376,1,0.37735849056603765,0.3461614979061334,0,-1.0,0.40034254591106,0,-1.0,0.3637391822144143,0,-1.0,0.3527228625713899,0,-1.0,0.40409664047197635,0,-1.0,0.3795516324856825,0,-1.0,0.2593416269444573,0,-1.0
2024-09-07,2938,3010,Blue,0.6164383561643836,1,0.5555555555555556,0.3682737169517885,0,-1.0,0.5408154001134118,1,0.5555555555555556,0.42635116965664105,0,-1.0,0.4121695087377267,0,-1.0,0.4231338030447939,0,-1.0,0.4334496905502824,0,-1.0,0.43703565511521614,0,-1.0,0.3654583780194901,0,-1.0,0.45809674769772746,0,-1.0
2024-09-07,1804,625,Blue,0.7183098591549295,1,0.33333333333333326,0.3682737169517885,0,-1.0,0.6455837030077445,1,0.33333333333333326,0.6777787321851213,1,0.33333333333333326,0.5400552860418691,1,0.33333333333333326,0.48190551442022034,0,-1.0,0.43352734061600356,0,-1.0,0.5981789294904709,1,0.33333333333333326,0.5630932562749085,1,0.33333333333333326,0.8524149649871404,1,0.33333333333333326
2024-09-07,401,361,Blue,0.6301020408163265,1,0.5263157894736841,0.3682737169517885,0,-1.0,0.5553009752743421,1,0.5263157894736841,0.591409599796385,1,0.5263157894736841,0.46909508069791594,0,-1.0,0.6468584577187518,1,0.5263157894736841,0.6748942006646542,1,0.5263157894736841,0.7042616475102628,1,0.5263157894736841,0.6159887417732443,1,0.5263157894736841,0.6721277118651269,1,0.5263157894736841
2024-09-07,2931,2958,Red,0.07407407407407408,0,0.040000000000000036,0.3682737169517885,0,0.040000000000000036,0.10359127478522107,0,0.040000000000000036,0.2698490621907472,0,0.040000000000000036,0.35599647052907823,0,0.040000000000000036,0.24551469223644148,0,0.040000000000000036,0.26919397728301003,0,0.040000000000000036,0.138921598100266,0,0.040000000000000036,0.30188374155616476,0,0.040000000000000036,0.1171769702059442,0,0.040000000000000036
2024-09-07,210,576,Red,0.27424749163879597,0,0.32258064516129026,0.3682737169517885,0,0.32258064516129026,0.21397845052367068,0,0.32258064516129026,0.0998946958611391,0,0.32258064516129026,0.2680640292723311,0,0.32258064516129026,0.320037876611406,0,0.32258064516129026,0.34584162517919437,0,0.32258064516129026,0.18072212457734657,0,0.32258064516129026,0.26836284599321886,0,0.32258064516129026,0.08983541354160987,0,0.32258064516129026
2024-09-07,1550,239,Blue,0.4675324675324676,0,-1.0,0.3682737169517885,0,-1.0,0.3837266583299639,0,-1.0,0.3421912738873976,0,-1.0,0.3889882583793069,0,-1.0,0.4616225017672388,0,-1.0,0.4098076970127485,0,-1.0,0.43778239379666023,0,-1.0,0.47317744219102914,0,-1.0,0.16093188082602253,0,-1.0
2024-09-07,214,1848,Blue,0.7272727272727274,1,0.3125,0.3682737169517885,0,-1.0,0.6543120473052394,1,0.3125,0.5398808764638654,1,0.3125,0.48843446804522006,0,-1.0,0.5830446606770131,1,0.3125,0.693600344264252,1,0.3125,0.5933579804806812,1,0.3125,0.6091317654936979,1,0.3125,0.8114705960654452,1,0.3125
2024-09-07,1577,3271,Red,0.30423004792665137,0,0.37735849056603765,0.3682737169517885,0,0.37735849056603765,0.23635470576792184,0,0.37735849056603765,0.25581587664662647,0,0.37735849056603765,0.3311751173713513,0,0.37735849056603765,0.3374170941431003,0,0.37735849056603765,0.41419080699240357,0,0.37735849056603765,0.27482559007080815,0,0.37735849056603765,0.3432779671824946,0,0.37735849056603765,0.06575187588648015,0,0.37735849056603765
2024-09-07,753,1441,Red,0.3766105054509415,0,0.5405405405405406,0.3682737169517885,0,0.5405405405405406,0.2967237866187604,0,0.5405405405405406,0.3429264868029964,0,0.5405405405405406,0.39742129439763774,0,0.5405405405405406,0.35392365096776873,0,0.5405405405405406,0.3484185616956522,0,0.5405405405405406,0.3395139850807652,0,0.5405405405405406,0.34272966020340073,0,0.5405405405405406,0.6698832918877654,1,-1.0
2024-09-07,3281,3253,Blue,0.552594002855783,1,0.7407407407407407,0.3682737169517885,0,-1.0,0.47261304800379783,0,-1.0,0.33209958047833665,0,-1.0,0.3881944016025381,0,-1.0,0.3998789768974176,0,-1.0,0.3745139682883051,0,-1.0,0.38622493639683364,0,-1.0,0.39823027745183454,0,-1.0,0.39548436220885946,0,-1.0
2024-09-14,813,1826,Blue,0.4675324675324676,0,-1.0,0.3682737169517885,0,-1.0,0.3837266583299639,0,-1.0,0.22059627162473808,0,-1.0,0.2654980773499601,0,-1.0,0.4461732410506641,0,-1.0,0.33171027386934165,0,-1.0,0.2279546960899888,0,-1.0,0.20309137495350668,0,-1.0,0.5266205495243927,1,1.0499999999999998
2024-09-14,172,618,Blue,0.5108342361863489,1,0.8695652173913042,0.3682737169517885,0,-1.0,0.4283935113921339,0,-1.0,0.5462934261815827,1,0.8695652173913042,0.509344630292175,1,0.8695652173913042,0.4675668138477736,0,-1.0,0.6181766059147998,1,0.8695652173913042,0.572307423342054,1,0.8695652173913042,0.5909879163221603,1,0.8695652173913042,0.5448389940911492,1,0.8695652173913042
2024-09-14,1500,1195,Blue,0.6365876193409301,1,0.5128205128205128,0.3682737169517885,0,-1.0,0.562145444660929,1,0.5128205128205128,0.4635937091226151,0,-1.0,0.3477359899921949,0,-1.0,0.5508513508908247,1,0.5128205128205128,0.5455744237312184,1,0.5128205128205128,0.4766275622205767,0,-1.0,0.5744189972232621,1,0.5128205128205128,0.328127573073126,0,-1.0
2024-09-14,2163,1673,Blue,0.36989795918367335,0,-1.0,0.3682737169517885,0,-1.0,0.2907630874370258,0,-1.0,0.2972628195139661,0,-1.0,0.37080339794612815,0,-1.0,0.4306130038262392,0,-1.0,0.4097953604916297,0,-1.0,0.3281724725478762,0,-1.0,0.4252796753815371,0,-1.0,0.19326860294521064,0,-1.0
2024-09-14,982,1904,Blue,0.19999999999999998,0,-1.0,0.3682737169517885,0,-1.0,0.165353541252866,0,-1.0,0.41437497639370213,0,-1.0,0.3956123415297854,0,-1.0,0.5137166164445577,1,3.8,0.4891026349217994,0,-1.0,0.49139019397051487,0,-1.0,0.5191746353172427,1,3.8,0.48333460983271276,0,-1.0
2024-09-14,2963,263,Blue,0.43795620437956206,0,-1.0,0.3682737169517885,0,-1.0,0.3542612979004225,0,-1.0,0.4882622771165157,0,-1.0,0.4778207469412497,0,-1.0,0.32994733701970563,0,-1.0,0.4090567839690586,0,-1.0,0.4408391356283803,0,-1.0,0.4590551487848917,0,-1.0,0.7808604001335165,1,1.2000000000000002
2024-09-14,454,2037,Blue,0.7135512302607419,1,0.3448275862068966,0.3682737169517885,0,-1.0,0.640909438099085,1,0.3448275862068966,0.4950862550360151,0,-1.0,0.45153639369370024,0,-1.0,0.4949914393884982,0,-1.0,0.4822333075240463,0,-1.0,0.5016036106483092,1,0.3448275862068966,0.4713507908291465,0,-1.0,0.6575034044938062,1,0.3448275862068966
2024-09-14,3266,1504,Red,0.36989795918367335,0,0.5263157894736841,0.3682737169517885,0,0.5263157894736841,0.2907630874370258,0,0.5263157894736841,0.2665884546847783,0,0.5263157894736841,0.4027161391197601,0,0.5263157894736841,0.31201406137435556,0,0.5263157894736841,0.3185669707677223,0,0.5263157894736841,0.22014899108086233,0,0.5263157894736841,0.42864341291656444,0,0.5263157894736841,0.11205474824039237,0,0.5263157894736841
2024-09-14,1477,626,Blue,0.4675324675324676,0,-1.0,0.3682737169517885,0,-1.0,0.3837266583299639,0,-1.0,0.3639304797345254,0,-1.0,0.4695289723571644,0,-1.0,0.38223991229713716,0,-1.0,0.3521196857517617,0,-1.0,0.2209839258115183,0,-1.0,0.26535122467954503,0,-1.0,0.7619596071570394,1,1.0499999999999998
2024-09-14,1733,225,Red,0.12790697674418605,0,0.10000000000000009,0.3682737169517885,0,0.10000000000000009,0.12702602713389635,0,0.10000000000000009,0.13738427611026413,0,0.10000000000000009,0.3241582867303137,0,0.10000000000000009,0.2825017520605756,0,0.10000000000000009,0.3370250762823069,0,0.10000000000000009,0.25669243260502306,0,0.10000000000000009,0.27084418292217355,0,0.10000000000000009,0.031079067019499498,0,0.10000000000000009
2024-09-28,277,198,Red,0.5467695274831245,1,-1.0,0.3682737169517885,0,1.1,0.4664034495740591,0,1.1,0.5110828116361488,1,-1.0,0.4777951502384632,0,1.1,0.3980535051893412,0,1.1,0.43067482676695557,0,1.1,0.3738496436173165,0,1.1,0.5071983349377227,1,-1.0,0.5131237731191438,1,-1.0
2024-09-28,787,375,Red,0.735576923076923,1,-1.0,0.3682737169517885,0,2.6,0.6623073725660911,1,-1.0,0.25846313051531644,0,2.6,0.3349499850996883,0,2.6,0.31191991793122176,0,2.6,0.35914512574598767,0,2.6,0.363444844578923,0,2.6,0.417194802267129,0,2.6,0.1828332129759906,0,2.6
2024-09-28,2941,292,Blue,0.5911949685534592,1,0.625,0.3682737169517885,0,-1.0,0.5138895159858577,1,0.625,0.41189814138272046,0,-1.0,0.4534868753679225,0,-1.0,0.368823977965619,0,-1.0,0.4532553431319494,0,-1.0,0.38201896217605513,0,-1.0,0.46042113859304135,0,-1.0,0.4519008830071266,0,-1.0
2024-09-28,3204,619,Blue,0.37443511943189156,0,-1.0,0.3682737169517885,0,-1.0,0.2947843269761307,0,-1.0,0.37102017401120785,0,-1.0,0.412305201885663,0,-1.0,0.32652566034183683,0,-1.0,0.3739673499994035,0,-1.0,0.45693397907236516,0,-1.0,0.5339940751025004,1,1.5499999999999998,0.6086188251139182,1,1.5499999999999998
2024-09-28,2170,732,Red,0.4532304725168756,0,0.7407407407407407,0.3682737169517885,0,0.7407407407407407,0.3693563055532054,0,0.7407407407407407,0.2790637956951448,0,0.7407407407407407,0.35466644618597576,0,0.7407407407407407,0.3240184635625813,0,0.7407407407407407,0.3142241927311231,0,0.7407407407407407,0.2182872067563324,0,0.7407407407407407,0.2945020991143174,0,0.7407407407407407,0.4100527009276227,0,0.7407407407407407
2024-09-28,533,3156,Red,0.5157232704402516,1,-1.0,0.3682737169517885,0,0.9523809523809523,0.4335255398972301,0,0.9523809523809523,0.5360730524241359,1,-1.0,0.45024671456269755,0,0.9523809523809523,0.4578107624945859,0,0.9523809523809523,0.4501275973529639,0,0.9523809523809523,0.3306148447733768,0,0.9523809523809523,0.4013006960906628,0,0.9523809523809523,0.3448707882495545,0,0.9523809523809523
2024-09-28,2925,1349,Red,0.1671309192200557,0,0.15384615384615374,0.3682737169517885,0,0.15384615384615374,0.14683829062822343,0,0.15384615384615374,0.19124509648388155,0,0.15384615384615374,0.3017026021690191,0,0.15384615384615374,0.29292529692529695,0,0.15384615384615374,0.35937117192550555,0,0.15384615384615374,0.29196602024849244,0,0.15384615384615374,0.3373031412506666,0,0.15384615384615374,0.10246635658351172,0,0.15384615384615374
2024-09-28,2928,2929,Blue,0.6507042253521127,1,0.4761904761904763,0.3682737169517885,0,-1.0,0.5769583405613034,1,0.4761904761904763,0.7453238625002915,1,0.4761904761904763,0.5573032478401231,1,0.4761904761904763,0.557177693221811,1,0.4761904761904763,0.5792493102006602,1,0.4761904761904763,0.682654353560563,1,0.4761904761904763,0.6238308665591825,1,0.4761904761904763,0.6159992559436007,1,0.4761904761904763
2024-09-28,1359,1755,Red,0.7135512302607419,1,-1.0,0.3682737169517885,0,2.35,0.640909438099085,1,-1.0,0.5285355697364201,1,-1.0,0.5099128651164412,1,-1.0,0.5910194228429524,1,-1.0,0.5886636612467517,1,-1.0,0.6252525813417391,1,-1.0,0.5866558998749438,1,-1.0,0.44814656176272777,0,2.35
2024-09-28,2995,1027,Red,0.18041237113402062,0,0.16666666666666674,0.3682737169517885,0,0.16666666666666674,0.15410429549574012,0,0.16666666666666674,0.3023306175068856,0,0.16666666666666674,0.3692695879053484,0,0.16666666666666674,0.4545616335562155,0,0.16666666666666674,0.43895460913940704,0,0.16666666666666674,0.4365976305013546,0,0.16666666666666674,0.4823625044412982,0,0.16666666666666674,0.633248260262561,1,-1.0
2024-09-28,1569,3185,Red,0.3244274809160305,0,0.41666666666666674,0.3682737169517885,0,0.41666666666666674,0.2523127438166796,0,0.41666666666666674,0.4249429360281658,0,0.41666666666666674,0.4204333793783105,0,0.41666666666666674,0.3648989779283896,0,0.41666666666666674,0.3073225953624917,0,0.41666666666666674,0.49603539380604583,0,0.41666666666666674,0.37142392830066917,0,0.41666666666666674,0.588048584356803,1,-1.0
2024-09-28,959,190,Red,0.35527082119976705,0,0.4878048780487805,0.3682737169517885,0,0.4878048780487805,0.2780225442047455,0,0.4878048780487805,0.5090706339196248,1,-1.0,0.441052350590205,0,0.4878048780487805,0.3783061268796564,0,0.4878048780487805,0.34818446453723956,0,0.4878048780487805,0.42878324185120653,0,0.4878048780487805,0.3777732955002353,0,0.4878048780487805,0.3981589595010674,0,0.4878048780487805
2024-09-28,1084,1694,Red,0.12790697674418605,0,0.10000000000000009,0.3682737169517885,0,0.10000000000000009,0.12702602713389635,0,0.10000000000000009,0.2973637460582428,0,0.10000000000000009,0.350187461844193,0,0.10000000000000009,0.32025250504855757,0,0.10000000000000009,0.3219394266317909,0,0.10000000000000009,0.3433578928637175,0,0.10000000000000009,0.34971322758543594,0,0.10000000000000009,0.48656307552397854,0,0.10000000000000009
2024-09-28,1123,1379,Red,0.2456874019864088,0,0.2702702702702702,0.3682737169517885,0,0.2702702702702702,0.19413550050139497,0,0.2702702702702702,0.24003376365483506,0,0.2702702702702702,0.3626078931778879,0,0.2702702702702702,0.3201873771796372,0,0.2702702702702702,0.35164855153109226,0,0.2702702702702702,0.30746488213202755,0,0.2702702702702702,0.32227781087373286,0,0.2702702702702702,0.2138110447305082,0,0.2702702702702702
2024-10-05,663,3237,Blue,0.6092362344582594,1,0.5714285714285714,0.3682737169517885,0,-1.0,0.5331506197375515,1,0.5714285714285714,0.7016671495934822,1,0.5714285714285714,0.5893925423159782,1,0.5714285714285714,0.4488609158442751,0,-1.0,0.4890744504164801,0,-1.0,0.32193631857156146,0,-1.0,0.5411456301772323,1,0.5714285714285714,0.38825559936775283,0,-1.0
2024-10-05,2060,3257,Blue,0.88,1,0.09090909090909083,0.3682737169517885,0,-1.0,0.7844501776671469,1,0.09090909090909083,0.48606663204838413,0,-1.0,0.4609039993863204,0,-1.0,0.43158577914460267,0,-1.0,0.4616827867549714,0,-1.0,0.43996934063501897,0,-1.0,0.4503335932229209,0,-1.0,0.631309853279514,1,0.09090909090909083
2024-10-05,1981,390,Blue,0.6636481241914618,1,0.4444444444444444,0.3682737169517885,0,-1.0,0.5904208106516671,1,0.4444444444444444,0.8092555307009526,1,0.4444444444444444,0.6580940439279438,1,0.4444444444444444,0.5294943653840711,1,0.4444444444444444,0.5495730161673805,1,0.4444444444444444,0.6834052441307772,1,0.4444444444444444,0.5891057383086088,1,0.4444444444444444,0.6955552035330833,1,0.4444444444444444
2024-10-05,1558,1552,Blue,0.41401273885350315,0,-1.0,0.3682737169517885,0,-1.0,0.33118081947714517,0,-1.0,0.5595352461232932,1,1.2999999999999998,0.5597272871796949,1,1.2999999999999998,0.4480774853371603,0,-1.0,0.5893953395231417,1,1.2999999999999998,0.4401632093668446,0,-1.0,0.44860372657085407,0,-1.0,0.3713838766951908,0,-1.0
2024-10-05,1304,1315,Red,0.6365876193409301,1,-1.0,0.3682737169517885,0,1.65,0.562145444660929,1,-1.0,0.6564781754588366,1,-1.0,0.6231614629019034,1,-1.0,0.3997292019412763,0,1.65,0.5456765234685654,1,-1.0,0.31794055974290536,0,1.65,0.45513205100883747,0,1.65,0.4238258420440321,0,1.65
2024-10-05,1705,1202,Blue,0.6092362344582594,1,0.5714285714285714,0.3682737169517885,0,-1.0,0.5331506197375515,1,0.5714285714285714,0.9126614880948462,1,0.5714285714285714,0.7167024411085711,1,0.5714285714285714,0.6167047259013204,1,0.5714285714285714,0.5858882004827305,1,0.5714285714285714,0.5760915340076668,1,0.5714285714285714,0.5675010920927998,1,0.5714285714285714,0.9809340751221164,1,0.5714285714285714
2024-10-05,1905,1756,Red,0.3181818181818181,0,0.3999999999999999,0.3682737169517885,0,0.3999999999999999,0.2473027612426706,0,0.3999999999999999,0.4516171337079128,0,0.3999999999999999,0.5232466222682877,1,-1.0,0.35322264687783256,0,0.3999999999999999,0.4328246425253413,0,0.3999999999999999,0.288251563869279,0,0.3999999999999999,0.2804195015889658,0,0.3999999999999999,0.4428827182484979,0,0.3999999999999999
2024-10-05,947,896,Blue,0.5,0,-1.0,0.3682737169517885,0,-1.0,0.41707702825587434,0,-1.0,0.5930942334869893,1,0.9090909090909092,0.5183479216621435,1,0.9090909090909092,0.401421950326362,0,-1.0,0.37395243789875876,0,-1.0,0.5046208931640191,1,0.9090909090909092,0.4313440053872264,0,-1.0,0.595556513482386,1,0.9090909090909092
2024-10-05,175,294,Blue,0.5324675324675325,1,0.8,0.3682737169517885,0,-1.0,0.45120377572871534,0,-1.0,0.5689956976677295,1,0.8,0.6100127159122358,1,0.8,0.5613465006268714,1,0.8,0.7112503173188915,1,0.8,0.5177279663106948,1,0.8,0.649034703035522,1,0.8,0.801299367942799,1,0.8
2024-10-05,3109,1612,Red,0.2077414772727273,0,0.2061855670103092,0.3682737169517885,0,0.2061855670103092,0.16997770416731686,0,0.2061855670103092,0.5392492482272088,1,-1.0,0.44572462876746877,0,0.2061855670103092,0.4695833399343462,0,0.2061855670103092,0.4377230092582251,0,0.2061855670103092,0.4747478073784603,0,0.2061855670103092,0.4563262142565554,0,0.2061855670103092,0.719612247520935,1,-1.0
2024-10-05,1563,1738,Red,0.2080344332855093,0,0.20833333333333326,0.3682737169517885,0,0.20833333333333326,0.1701546964663968,0,0.20833333333333326,0.14339409616646248,0,0.20833333333333326,0.2628575130314277,0,0.20833333333333326,0.3776671471230297,0,0.20833333333333326,0.3452774055297845,0,0.20833333333333326,0.258833508656755,0,0.20833333333333326,0.3319077658829373,0,0.20833333333333326,0.12286701214664339,0,0.20833333333333326
2024-10-05,600,920,Red,0.574468085106383,1,-1.0,0.3682737169517885,0,1.25,0.4959934837918982,0,1.25,0.5118251326002872,1,-1.0,0.5864119297680853,1,-1.0,0.41844977571448166,0,1.25,0.4819211861148389,0,1.25,0.34391035137624426,0,1.25,0.5243465287511854,1,-1.0,0.5034180791472497,1,-1.0
2024-10-12,436,3242,Red,0.33099297893681046,0,0.4347826086956521,0.3682737169517885,0,0.4347826086956521,0.25765128023935513,0,0.4347826086956521,0.3016820659995161,0,0.4347826086956521,0.3764588789312458,0,0.4347826086956521,0.2879862863171686,0,0.4347826086956521,0.34141984035515244,0,0.4347826086956521,0.3314798032455843,0,0.4347826086956521,0.3553507795008087,0,0.4347826086956521,0.17900603486379318,0,0.4347826086956521
2024-10-12,1968,1528,Blue,0.6385542168674698,1,0.5,0.3682737169517885,0,-1.0,0.5642163244242636,1,0.5,0.82379135899088,1,0.5,0.7012414741978346,1,0.5,0.6196071433439853,1,0.5,0.7333635180703002,1,0.5,0.7723961788938416,1,0.5,0.7259569107339022,1,0.5,0.7927257710104179,1,0.5
2024-10-12,1741,1957,Red,0.725752508361204,1,-1.0,0.3682737169517885,0,2.5,0.6528387153832018,1,-1.0,0.6312912998824788,1,-1.0,0.5257822010118659,1,-1.0,0.48420909694593905,0,2.5,0.48455743555577685,0,2.5,0.42535578231101023,0,2.5,0.4664264251965275,0,2.5,0.7055904949059448,1,-1.0
2024-10-12,2053,3074,Blue,0.7471910112359551,1,0.2857142857142856,0.3682737169517885,0,-1.0,0.6733348933442141,1,0.2857142857142856,0.3709530028284583,0,-1.0,0.39997459820135733,0,-1.0,0.4058618149279913,0,-1.0,0.36582196524279065,0,-1.0,0.3357686253746966,0,-1.0,0.4023751540799018,0,-1.0,0.4744276949130945,0,-1.0
2024-10-12,1455,796,Red,0.4009077155824508,0,0.606060606060606,0.3682737169517885,0,0.606060606060606,0.31887541179245016,0,0.606060606060606,0.42291371711171116,0,0.606060606060606,0.43434645702704555,0,0.606060606060606,0.5442551851743026,1,-1.0,0.5288398916143392,1,-1.0,0.498063966734749,0,0.606060606060606,0.4844080471796358,0,0.606060606060606,0.20381195542954156,0,0.606060606060606
2024-10-12,230,3145,Blue,0.5940252776713904,1,0.606060606060606,0.3682737169517885,0,-1.0,0.5169153894177936,1,0.606060606060606,0.35118806754519405,0,-1.0,0.3950017647262079,0,-1.0,0.28432653495160665,0,-1.0,0.3644077889235569,0,-1.0,0.33856507984406625,0,-1.0,0.3737918956424749,0,-1.0,0.21764854480148968,0,-1.0
2024-10-12,1546,1748,Blue,0.38356164383561653,0,-1.0,0.3682737169517885,0,-1.0,0.3029701498676844,0,-1.0,0.3039499780338886,0,-1.0,0.39759017504475286,0,-1.0,0.2555962237080658,0,-1.0,0.28399925685509514,0,-1.0,0.22984740852552962,0,-1.0,0.2561897424275006,0,-1.0,0.23512849387061377,0,-1.0
2024-10-12,802,1625,Red,0.27424749163879597,0,0.32258064516129026,0.3682737169517885,0,0.32258064516129026,0.21397845052367068,0,0.32258064516129026,0.2567843273806834,0,0.32258064516129026,0.41678578040018915,0,0.32258064516129026,0.2998284229387171,0,0.32258064516129026,0.37315628575303167,0,0.32258064516129026,0.3305538810062214,0,0.32258064516129026,0.4400900288824335,0,0.32258064516129026,0.354243545164322,0,0.32258064516129026
2024-10-12,557,755,Red,0.25164113785557984,0,0.2777777777777777,0.3682737169517885,0,0.2777777777777777,0.1981536114076313,0,0.2777777777777777,0.41089473206584126,0,0.2777777777777777,0.47488309932949246,0,0.2777777777777777,0.4297905834991749,0,0.2777777777777777,0.4177017911790285,0,0.2777777777777777,0.5654638617570108,1,-1.0,0.49676075879478937,0,0.2777777777777777,0.2620629206368575,0,0.2777777777777777
2024-10-12,3017,1308,Red,0.4891657638136511,0,0.8695652173913042,0.3682737169517885,0,0.8695652173913042,0.4058472334649439,0,0.8695652173913042,0.2103135259791562,0,0.8695652173913042,0.29678555656325395,0,0.8695652173913042,0.4612436752990162,0,0.8695652173913042,0.41587517739714824,0,0.8695652173913042,0.5313520828821987,1,-1.0,0.31860447925757285,0,0.8695652173913042,0.2091205043701906,0,0.8695652173913042
2024-10-12,1706,1388,Red,0.33635187580853815,0,0.4444444444444444,0.3682737169517885,0,0.4444444444444444,0.2620630016519996,0,0.4444444444444444,0.3918689846801364,0,0.4444444444444444,0.562714614404465,1,-1.0,0.41952201880220474,0,0.4444444444444444,0.41907420690487146,0,0.4444444444444444,0.35128566654158067,0,0.4444444444444444,0.42033598216595786,0,0.4444444444444444,0.429491577112645,0,0.4444444444444444
2024-10-12,1955,2968,Red,0.27792074112197634,0,0.3278688524590163,0.3682737169517885,0,0.3278688524590163,0.2166348535079764,0,0.3278688524590163,0.35820692886597266,0,0.3278688524590163,0.4250297180475309,0,0.3278688524590163,0.3391161721014665,0,0.3278688524590163,0.3606393400436291,0,0.3278688524590163,0.3920409392753049,0,0.3278688524590163,0.4370937253035379,0,0.3278688524590163,0.45368434723946366,0,0.3278688524590163
2024-10-19,1274,3158,Red,0.4532304725168756,0,0.7407407407407407,0.3682737169517885,0,0.7407407407407407,0.3693563055532054,0,0.7407407407407407,0.3025641067591361,0,0.7407407407407407,0.3387527998831168,0,0.7407407407407407,0.38473668651609844,0,0.7407407407407407,0.4062819993863415,0,0.7407407407407407,0.3731097831756168,0,0.7407407407407407,0.40272820983230384,0,0.7407407407407407,0.4768835655646825,0,0.7407407407407407
2024-10-19,1557,1659,Blue,0.6233894945490583,1,0.5405405405405406,0.3682737169517885,0,-1.0,0.5481948455858207,1,0.5405405405405406,0.6526376927709958,1,0.5405405405405406,0.5086106435604822,1,0.5405405405405406,0.5624676018426022,1,0.5405405405405406,0.5277098227449879,1,0.5405405405405406,0.6872698161146353,1,0.5405405405405406,0.5687705875166973,1,0.5405405405405406,0.5476685342365467,1,0.5405405405405406
2024-10-19,645,1600,Red,0.4891657638136511,0,0.8695652173913042,0.3682737169517885,0,0.8695652173913042,0.4058472334649439,0,0.8695652173913042,0.7420373713043724,1,-1.0,0.6388966114679071,1,-1.0,0.46746174418117137,0,0.8695652173913042,0.6492476749978314,1,-1.0,0.465152378696675,0,0.8695652173913042,0.5807508016794057,1,-1.0,0.5732203214418421,1,-1.0
2024-10-19,718,1591,Red,0.7867435158501441,1,-1.0,0.3682737169517885,0,3.5,0.7094285442648195,1,-1.0,0.6967374273747194,1,-1.0,0.5676256030757818,1,-1.0,0.48689210045188286,0,3.5,0.6236056274914841,1,-1.0,0.6042898499581129,1,-1.0,0.5904485318235665,1,-1.0,0.5553633964477178,1,-1.0
2024-10-19,897,1562,Red,0.447405997144217,0,0.7407407407407407,0.3682737169517885,0,0.7407407407407407,0.3635681227782799,0,0.7407407407407407,0.306628241839166,0,0.7407407407407407,0.41346383460000674,0,0.7407407407407407,0.3405977296124355,0,0.7407407407407407,0.35970726967629757,0,0.7407407407407407,0.3521935848092662,0,0.7407407407407407,0.3096664483161154,0,0.7407407407407407,0.1724289585744829,0,0.7407407407407407
2024-10-19,1450,3112,Blue,0.6465222348916762,1,0.4761904761904763,0.3682737169517885,0,-1.0,0.5725832378846029,1,0.4761904761904763,0.377347221932279,0,-1.0,0.37232046989198797,0,-1.0,0.4281832498283736,0,-1.0,0.43067427976163064,0,-1.0,0.483211977251998,0,-1.0,0.37731402325811003,0,-1.0,0.5173599048476735,1,0.4761904761904763
2024-10-19,1121,2970,Red,0.7446808510638299,1,-1.0,0.3682737169517885,0,2.75,0.6709671684698175,1,-1.0,0.3442711468604494,0,2.75,0.41071660865015597,0,2.75,0.4154572053906417,0,2.75,0.45210030585002964,0,2.75,0.46078968645967044,0,2.75,0.5560132531631511,1,-1.0,0.48810482384514325,0,2.75
2024-10-19,641,2058,Red,0.30874785591766724,0,0.3846153846153846,0.3682737169517885,0,0.3846153846153846,0.23986287486965338,0,0.3846153846153846,0.4429999111581953,0,0.3846153846153846,0.4538176027145105,0,0.3846153846153846,0.4341430696210109,0,0.3846153846153846,0.47176052564664844,0,0.3846153846153846,0.4029361796823071,0,0.3846153846153846,0.375568675268083,0,0.3846153846153846,0.3939887392146368,0,0.3846153846153846
2024-10-19,1046,3122,Blue,0.6581196581196581,1,0.4545454545454546,0.3682737169517885,0,-1.0,0.584686190154043,1,0.4545454545454546,0.57829575074898,1,0.4545454545454546,0.501257943179233,1,0.4545454545454546,0.49186699305739573,0,-1.0,0.47036596118704443,0,-1.0,0.72959956398112,1,0.4545454545454546,0.6216236676624827,1,0.4545454545454546,0.46862439668205047,0,-1.0
2024-10-19,1009,1947,Red,0.33635187580853815,0,0.4444444444444444,0.3682737169517885,0,0.4444444444444444,0.2620630016519996,0,0.4444444444444444,0.36347190782728606,0,0.4444444444444444,0.40538092792199654,0,0.4444444444444444,0.45251910589410604,0,0.4444444444444444,0.4745035850223793,0,0.4444444444444444,0.396023406137634,0,0.4444444444444444,0.4034326151794742,0,0.4444444444444444,0.29688957033512225,0,0.4444444444444444
2024-10-19,848,3142,Blue,0.19999999999999998,0,-1.0,0.3682737169517885,0,-1.0,0.165353541252866,0,-1.0,0.1945674192288098,0,-1.0,0.296544341384013,0,-1.0,0.4290925022559098,0,-1.0,0.43177361997630953,0,-1.0,0.3877727761290457,0,-1.0,0.40200950007514824,0,-1.0,0.16983032343857998,0,-1.0
2024-10-26,1432,1844,Red,0.3907637655417407,0,0.5714285714285714,0.3682737169517885,0,0.5714285714285714,0.3095197320582117,0,0.5714285714285714,0.2228140453051931,0,0.5714285714285714,0.3557567985851626,0,0.5714285714285714,0.27619420418762514,0,0.5714285714285714,0.34208311631519045,0,0.5714285714285714,0.1832268660683424,0,0.5714285714285714,0.28069017604589547,0,0.5714285714285714,0.08970519890278236,0,0.5714285714285714
2024-10-26,221,1647,Red,0.2522172949002217,0,0.2816901408450705,0.3682737169517885,0,0.2816901408450705,0.19854575738978755,0,0.2816901408450705,0.3567893216657164,0,0.2816901408450705,0.38661484830237847,0,0.2816901408450705,0.2940537665522186,0,0.2816901408450705,0.32318101672404215,0,0.2816901408450705,0.27708413313709057,0,0.2816901408450705,0.3450021330888484,0,0.2816901408450705,0.6395201482514231,1,-1.0
2024-10-26,291,3280,Red,0.15999999999999998,0,0.1428571428571428,0.3682737169517885,0,0.1428571428571428,0.14305546067860475,0,0.1428571428571428,0.3384161948258046,0,0.1428571428571428,0.39337968900782483,0,0.1428571428571428,0.2904792973910622,0,0.1428571428571428,0.3282976986941427,0,0.1428571428571428,0.33966791684399095,0,0.1428571428571428,0.3115032817126934,0,0.1428571428571428,0.29291075602743444,0,0.1428571428571428
2024-10-26,1991,921,Red,0.30874785591766724,0,0.3846153846153846,0.3682737169517885,0,0.3846153846153846,0.23986287486965338,0,0.3846153846153846,0.007013063070294613,0,0.3846153846153846,0.15855446116797894,0,0.3846153846153846,0.2669574845089553,0,0.3846153846153846,0.3364455470907338,0,0.3846153846153846,0.22847343128904216,0,0.3846153846153846,0.21632031596014745,0,0.3846153846153846,0.09038824894480246,0,0.3846153846153846
2024-10-26,1434,603,Red,0.3181818181818181,0,0.3999999999999999,0.3682737169517885,0,0.3999999999999999,0.2473027612426706,0,0.3999999999999999,0.7107631556004398,1,-1.0,0.6247223380130412,1,-1.0,0.4808164251326018,0,0.3999999999999999,0.4379473383070738,0,0.3999999999999999,0.3310782050612211,0,0.3999999999999999,0.3610839251565768,0,0.3999999999999999,0.9994160340950538,1,-1.0
2024-10-26,1474,282,Red,0.15349887133182846,0,0.1333333333333333,0.3682737169517885,0,0.1333333333333333,0.13967779908312541,0,0.1333333333333333,0.23330689802375465,0,0.1333333333333333,0.3809266634531201,0,0.1333333333333333,0.360066428941429,0,0.1333333333333333,0.3422850623505526,0,0.1333333333333333,0.153439276567915,0,0.1333333333333333,0.2974174655964423,0,0.1333333333333333,0.10713966408114682,0,0.1333333333333333
2024-10-26,3230,3232,Red,0.5108342361863489,1,-1.0,0.3682737169517885,0,0.9523809523809523,0.4283935113921339,0,0.9523809523809523,0.2806431066387453,0,0.9523809523809523,0.35453372239134917,0,0.9523809523809523,0.25784641366259015,0,0.9523809523809523,0.3057722957543968,0,0.9523809523809523,0.2965966661758216,0,0.9523809523809523,0.32629207343545424,0,0.9523809523809523,0.21897069999556834,0,0.9523809523809523
2024-10-26,1655,2948,Red,0.6818181818181818,1,-1.0,0.3682737169517885,0,2.0,0.6090882833424296,1,-1.0,0.4756887003011659,0,2.0,0.4224180350335323,0,2.0,0.5275511471958841,1,-1.0,0.44981404292598376,0,2.0,0.4607885265986133,0,2.0,0.42625566820064015,0,2.0,0.6871043069529713,1,-1.0
2024-10-26,1412,957,Red,0.2553191489361702,0,0.2857142857142856,0.3682737169517885,0,0.2857142857142856,0.20066698163070695,0,0.2857142857142856,0.4504622922936234,0,0.2857142857142856,0.47914923103055856,0,0.2857142857142856,0.2912145126115714,0,0.2857142857142856,0.2766779239849979,0,0.2857142857142856,0.3118029219595583,0,0.2857142857142856,0.3463155351783097,0,0.2857142857142856,0.5742549239046858,1,-1.0
2024-10-26,1231,693,Red,0.41401273885350315,0,0.625,0.3682737169517885,0,0.625,0.33118081947714517,0,0.625,0.5345183890428538,1,-1.0,0.4731880810216862,0,0.625,0.41921981885217185,0,0.625,0.37422304189314165,0,0.625,0.4508459385699668,0,0.625,0.41538933246299614,0,0.625,0.6838749516475474,1,-1.0
2024-10-26,2104,465,Blue,0.6690070210631895,1,0.4347826086956521,0.3682737169517885,0,-1.0,0.5959561801349517,1,0.4347826086956521,0.5188676185149724,1,0.4347826086956521,0.48418141143907917,0,-1.0,0.6099343110593111,1,0.4347826086956521,0.7080004167107863,1,0.4347826086956521,0.8385803366217435,1,0.4347826086956521,0.6981573154809704,1,0.4347826086956521,0.6324474793479526,1,0.4347826086956521
2024-10-26,682,3217,Red,0.33635187580853815,0,0.4444444444444444,0.3682737169517885,0,0.4444444444444444,0.2620630016519996,0,0.4444444444444444,0.32833633204604684,0,0.4444444444444444,0.3862785497270198,0,0.4444444444444444,0.3050900194389454,0,0.4444444444444444,0.2998587731607573,0,0.4444444444444444,0.2669567011867007,0,0.4444444444444444,0.3303893690538355,0,0.4444444444444444,0.21312536525456366,0,0.4444444444444444
2024-10-26,2956,1578,Red,0.3812709030100334,0,0.5405405405405406,0.3682737169517885,0,0.5405405405405406,0.3009034567287069,0,0.5405405405405406,0.25535132631097973,0,0.5405405405405406,0.3644779605129718,0,0.5405405405405406,0.36637936449022557,0,0.5405405405405406,0.41349999774444524,0,0.5405405405405406,0.39382220350912733,0,0.5405405405405406,0.40515589856060763,0,0.5405405405405406,0.2925875363105216,0,0.5405405405405406
2024-11-02,941,1579,Red,0.33635187580853815,0,0.4444444444444444,0.3682737169517885,0,0.4444444444444444,0.2620630016519996,0,0.4444444444444444,0.5834412881078769,1,-1.0,0.47323698698678285,0,0.4444444444444444,0.43000555667815715,0,0.4444444444444444,0.44097544858432997,0,0.4444444444444444,0.6489947042451433,1,-1.0,0.562886958175364,1,-1.0,0.4702749401809169,0,0.4444444444444444
2024-11-02,1246,769,Red,0.27272727272727276,0,0.3125,0.3682737169517885,0,0.3125,0.2128860244502085,0,0.3125,0.4223246832423059,0,0.3125,0.42929029661807094,0,0.3125,0.41067033266298003,0,0.3125,0.3848732081856724,0,0.3125,0.42390083410326673,0,0.3125,0.40020800696806336,0,0.3125,0.3203930478976498,0,0.3125
2024-11-02,3262,233,Red,0.447405997144217,0,0.7407407407407407,0.3682737169517885,0,0.7407407407407407,0.3635681227782799,0,0.7407407407407407,0.6230481193580033,1,-1.0,0.533269935736284,1,-1.0,0.4002381815237853,0,0.7407407407407407,0.38981556259208144,0,0.7407407407407407,0.35950118366970835,0,0.7407407407407407,0.41347263170879295,0,0.7407407407407407,0.6073861813836081,1,-1.0
2024-11-02,1385,166,Red,0.3907637655417407,0,0.5714285714285714,0.3682737169517885,0,0.5714285714285714,0.3095197320582117,0,0.5714285714285714,0.5170509626456291,1,-1.0,0.4096014295488537,0,0.5714285714285714,0.4266186885010414,0,0.5714285714285714,0.5503551837007773,1,-1.0,0.2829148375507648,0,0.5714285714285714,0.4299265016807537,0,0.5714285714285714,0.9311323109934632,1,-1.0
2024-11-02,2158,1401,Red,0.43795620437956206,0,0.7142857142857144,0.3682737169517885,0,0.7142857142857144,0.3542612979004225,0,0.7142857142857144,0.216733476046098,0,0.7142857142857144,0.3603418997831019,0,0.7142857142857144,0.39729502632443825,0,0.7142857142857144,0.40832201024876597,0,0.7142857142857144,0.36271968999864496,0,0.7142857142857144,0.4777255915759963,0,0.7142857142857144,0.7327524417890872,1,-1.0
2024-11-02,220,766,Blue,0.644729178800233,1,0.4878048780487805,0.3682737169517885,0,-1.0,0.5707038585142735,1,0.4878048780487805,0.48416272549382994,0,-1.0,0.47692510026172275,0,-1.0,0.4872230562694961,0,-1.0,0.487430399600512,0,-1.0,0.5360562548102455,1,0.4878048780487805,0.5520461003464769,1,0.4878048780487805,0.3901698330463913,0,-1.0
2024-11-02,333,1424,Red,0.447405997144217,0,0.7407407407407407,0.3682737169517885,0,0.7407407407407407,0.3635681227782799,0,0.7407407407407407,0.09285388332510544,0,0.7407407407407407,0.1754979832294575,0,0.7407407407407407,0.23193024391902123,0,0.7407407407407407,0.26305815927293263,0,0.7407407407407407,0.2533033850435758,0,0.7407407407407407,0.2631744570205011,0,0.7407407407407407,0.6628365518309601,1,-1.0
2024-11-02,3258,981,Blue,0.6636481241914618,1,0.4444444444444444,0.3682737169517885,0,-1.0,0.5904208106516671,1,0.4444444444444444,0.24489699216257946,0,-1.0,0.35612398140744794,0,-1.0,0.3482026734159087,0,-1.0,0.43888501141808256,0,-1.0,0.3751831048568588,0,-1.0,0.3584810548977693,0,-1.0,0.1417885165722088,0,-1.0
2024-11-02,2949,3085,Blue,0.42553191489361697,0,-1.0,0.3682737169517885,0,-1.0,0.3421918339751657,0,-1.0,0.4254301736699894,0,-1.0,0.4116938759036026,0,-1.0,0.41817929755429795,0,-1.0,0.4686282586768303,0,-1.0,0.39245587676409166,0,-1.0,0.47062677192488483,0,-1.0,0.3640273444581255,0,-1.0
2024-11-02,1831,2159,Blue,0.735576923076923,1,0.2941176470588236,0.3682737169517885,0,-1.0,0.6623073725660911,1,0.2941176470588236,0.5962641496104409,1,0.2941176470588236,0.47515231307606054,0,-1.0,0.36587443703813693,0,-1.0,0.3957863256521416,0,-1.0,0.4168331392408445,0,-1.0,0.42010275908182676,0,-1.0,0.4491206251950471,0,-1.0
2024-11-02,1719,1427,Red,0.5,0,0.9090909090909092,0.3682737169517885,0,0.9090909090909092,0.41707702825587434,0,0.9090909090909092,0.11431958270542905,0,0.9090909090909092,0.27051738937610426,0,0.9090909090909092,0.3617209272209273,0,0.9090909090909092,0.3503294277702636,0,0.9090909090909092,0.334273841458585,0,0.9090909090909092,0.3965314350217026,0,0.9090909090909092,0.10058931583851916,0,0.9090909090909092
2024-11-02,285,1933,Blue,0.35527082119976705,0,-1.0,0.3682737169517885,0,-1.0,0.2780225442047455,0,-1.0,0.6266699143452722,1,1.7000000000000002,0.5671366915311957,1,1.7000000000000002,0.5157401949901947,1,1.7000000000000002,0.5705557337072977,1,1.7000000000000002,0.4935400046397468,0,-1.0,0.46666655307769955,0,-1.0,0.4064374866536779,0,-1.0
2024-11-02,1022,891,Red,0.43795620437956206,0,0.7142857142857144,0.3682737169517885,0,0.7142857142857144,0.3542612979004225,0,0.7142857142857144,0.42737137336327363,0,0.7142857142857144,0.5392414900461006,1,-1.0,0.4817326657117678,0,0.7142857142857144,0.4514993692631853,0,0.7142857142857144,0.3392175395684248,0,0.7142857142857144,0.45979694075298394,0,0.7142857142857144,0.3931412851717875,0,0.7142857142857144
2024-11-09,800,3197,Red,0.3907637655417407,0,0.5714285714285714,0.3682737169517885,0,0.5714285714285714,0.3095197320582117,0,0.5714285714285714,0.39521870079057403,0,0.5714285714285714,0.41025744877634496,0,0.5714285714285714,0.4065556110556111,0,0.5714285714285714,0.4027217841611121,0,0.5714285714285714,0.4596357761795162,0,0.5714285714285714,0.3731034351517785,0,0.5714285714285714,0.41460811842452566,0,0.5714285714285714
2024-11-09,1810,2940,Blue,0.5940252776713904,1,0.606060606060606,0.3682737169517885,0,-1.0,0.5169153894177936,1,0.606060606060606,0.40354270239773066,0,-1.0,0.41879556518566746,0,-1.0,0.4782531879884822,0,-1.0,0.4294946434328616,0,-1.0,0.4661785061263206,0,-1.0,0.3915167368392955,0,-1.0,0.42525889205903267,0,-1.0
2024-11-09,344,3264,Red,0.6596858638743455,1,-1.0,0.3682737169517885,0,1.7999999999999998,0.5863132009222274,1,-1.0,0.49065193260323076,0,1.7999999999999998,0.4561978318007272,0,1.7999999999999998,0.38811649723685343,0,1.7999999999999998,0.36661478898659305,0,1.7999999999999998,0.4246807885882399,0,1.7999999999999998,0.44565289220347515,0,1.7999999999999998,0.4514147976432358,0,1.7999999999999998
2024-11-09,3129,2999,Red,0.30874785591766724,0,0.3846153846153846,0.3682737169517885,0,0.3846153846153846,0.23986287486965338,0,0.3846153846153846,0.4708715888386217,0,0.3846153846153846,0.4401516534390043,0,0.3846153846153846,0.3689321345865465,0,0.3846153846153846,0.40149504432914684,0,0.3846153846153846,0.47040643727476933,0,0.3846153846153846,0.43366028418327324,0,0.3846153846153846,0.4674597739272083,0,0.3846153846153846
2024-11-09,1097,779,Blue,0.8042929292929294,1,0.1923076923076923,0.3682737169517885,0,-1.0,0.7246667744659597,1,0.1923076923076923,0.7843796170756047,1,0.1923076923076923,0.6097321737027485,1,0.1923076923076923,0.4939070598590724,0,-1.0,0.6433055186247427,1,0.1923076923076923,0.647827790499358,1,0.1923076923076923,0.6107450199241172,1,0.1923076923076923,0.825771462871005,1,0.1923076923076923
2024-11-09,1602,1696,Blue,0.7619047619047619,1,0.25,0.3682737169517885,0,-1.0,0.6870339400898144,1,0.25,0.3964962357032332,0,-1.0,0.36746843847983446,0,-1.0,0.5294541970184387,1,0.25,0.5037347234073519,1,0.25,0.6569272960940271,1,0.25,0.5218078454973601,1,0.25,0.5560647550011736,1,0.25
2024-11-09,2160,3279,Red,0.1475409836065574,0,0.125,0.3682737169517885,0,0.125,0.13664128378851975,0,0.125,0.34843199672534864,0,0.125,0.4233064136303957,0,0.125,0.542770671594201,1,-1.0,0.5033126362067852,1,-1.0,0.5252818901249507,1,-1.0,0.5050228325317148,1,-1.0,0.6958832739954068,1,-1.0
2024-11-09,1916,332,Blue,0.7044334975369458,1,0.36363636363636376,0.3682737169517885,0,-1.0,0.6318788178898025,1,0.36363636363636376,0.4976442131189471,0,-1.0,0.4738262545150813,0,-1.0,0.551112658984176,1,0.36363636363636376,0.6086479056254357,1,0.36363636363636376,0.513327131321373,1,0.36363636363636376,0.4911891907342095,0,-1.0,0.7473604714745311,1,0.36363636363636376
2024-11-09,1228,3165,Blue,0.8524590163934427,1,0.125,0.3682737169517885,0,-1.0,0.7638497555674888,1,0.125,0.7021353251615406,1,0.125,0.6600356854043212,1,0.125,0.5456022115139765,1,0.125,0.5336270464439619,1,0.125,0.4584404806899327,0,-1.0,0.5803621023733601,1,0.125,0.40778953744230395,0,-1.0
2024-11-09,1320,3020,Blue,0.7241379310344829,1,0.33333333333333326,0.3682737169517885,0,-1.0,0.6512707234755049,1,0.33333333333333326,0.44934974876637696,0,-1.0,0.44820306644737123,0,-1.0,0.4858574780339487,0,-1.0,0.4720438495176084,0,-1.0,0.5185807855170215,1,0.33333333333333326,0.5494337466258725,1,0.33333333333333326,0.6616296799878109,1,0.33333333333333326
2024-11-09,3036,1987,Red,0.2080344332855093,0,0.20833333333333326,0.3682737169517885,0,0.20833333333333326,0.1701546964663968,0,0.20833333333333326,0.21664301610411849,0,0.20833333333333326,0.323186909002441,0,0.20833333333333326,0.2204424166286833,0,0.20833333333333326,0.31771987764521314,0,0.20833333333333326,0.2939390787734411,0,0.20833333333333326,0.3311822875434967,0,0.20833333333333326,0.10199568826563672,0,0.20833333333333326
2024-11-16,1012,1345,Red,0.17211703958691912,0,0.15384615384615374,0.3682737169517885,0,0.15384615384615374,0.14953226364312774,0,0.15384615384615374,0.01154290421408355,0,0.15384615384615374,0.06525533784958557,0,0.15384615384615374,0.2977433081624259,0,0.15384615384615374,0.36023649387173423,0,0.15384615384615374,0.12426096918705526,0,0.15384615384615374,0.31891973830319476,0,0.15384615384615374,0.09317039034360011,0,0.15384615384615374
2024-11-16,228,1851,Red,0.7183098591549295,1,-1.0,0.3682737169517885,0,2.4,0.6455837030077445,1,-1.0,0.46816708381107364,0,2.4,0.45899719556476287,0,2.4,0.5957949822795023,1,-1.0,0.5183703861235393,1,-1.0,0.5828435577500828,1,-1.0,0.6168787500481065,1,-1.0,0.4371974398202634,0,2.4
2024-11-16,1489,456,Red,0.3076274757690687,0,0.37735849056603765,0.3682737169517885,0,0.37735849056603765,0.238989564509068,0,0.37735849056603765,0.3790196339792525,0,0.37735849056603765,0.48210782490308357,0,0.37735849056603765,0.4273630903696692,0,0.37735849056603765,0.5001422071527486,1,-1.0,0.35447320170618524,0,0.37735849056603765,0.39874043889488736,0,0.37735849056603765,0.24386327128868573,0,0.37735849056603765
2024-11-16,1449,515,Red,0.10661764705882351,0,0.07407407407407396,0.3682737169517885,0,0.07407407407407396,0.1172594964057807,0,0.07407407407407396,0.15090394236214716,0,0.07407407407407396,0.3066842801075927,0,0.07407407407407396,0.23587911924676633,0,0.07407407407407396,0.3237399560681923,0,0.07407407407407396,0.11965768207946703,0,0.07407407407407396,0.20224563794039113,0,0.07407407407407396,0.49309351277762187,0,0.07407407407407396
2024-11-16,1336,970,Red,0.6187290969899665,1,-1.0,0.3682737169517885,0,1.5,0.5432494282454093,1,-1.0,0.5830075125387152,1,-1.0,0.4640647084549563,0,1.5,0.5867090507961252,1,-1.0,0.6832673276136159,1,-1.0,0.5068112768508397,1,-1.0,0.6220850844620378,1,-1.0,0.23553007047786462,0,1.5
2024-11-16,1498,3263,Red,0.13698630136986303,0,0.11111111111111116,0.3682737169517885,0,0.11111111111111116,0.13139846707362524,0,0.11111111111111116,0.3582196578411746,0,0.11111111111111116,0.4161162546144329,0,0.11111111111111116,0.36580102794808655,0,0.11111111111111116,0.42122957486400275,0,0.11111111111111116,0.24611763871409512,0,0.11111111111111116,0.3446467137685675,0,0.11111111111111116,0.4526408931127508,0,0.11111111111111116
2024-11-16,1270,1305,Blue,0.5656028368794326,1,0.6896551724137931,0.3682737169517885,0,-1.0,0.4865098358666663,0,-1.0,0.3584593602230572,0,-1.0,0.3799565065193231,0,-1.0,0.5170553335123768,1,0.6896551724137931,0.43983390810716627,0,-1.0,0.42445032122080123,0,-1.0,0.3486790810685323,0,-1.0,0.42181946995591596,0,-1.0
2024-11-16,2965,3278,Red,0.13698630136986303,0,0.11111111111111116,0.3682737169517885,0,0.11111111111111116,0.13139846707362524,0,0.11111111111111116,0.4604967809686858,0,0.11111111111111116,0.4255653521329858,0,0.11111111111111116,0.37945269735710907,0,0.11111111111111116,0.4507408255976843,0,0.11111111111111116,0.47304774897402385,0,0.11111111111111116,0.535670820945335,1,-1.0,0.3986753902761955,0,0.11111111111111116
2024-11-16,866,2953,Blue,0.447405997144217,0,-1.0,0.3682737169517885,0,-1.0,0.3635681227782799,0,-1.0,0.619096909217664,1,1.15,0.4747651092590641,0,-1.0,0.510953627756259,1,1.15,0.4825324115058945,0,-1.0,0.43471496798237874,0,-1.0,0.5286434484612527,1,1.15,0.6508505771975257,1,1.15
2024-11-16,743,362,Blue,0.43439716312056736,0,-1.0,0.3682737169517885,0,-1.0,0.35078407501923653,0,-1.0,0.5631763029505579,1,1.2000000000000002,0.504536817675284,1,1.2000000000000002,0.4516358075475722,0,-1.0,0.4496082248772225,0,-1.0,0.5052123004448837,1,1.2000000000000002,0.41056654591759856,0,-1.0,0.3427246018178946,0,-1.0
2024-11-16,850,3064,Blue,0.7135512302607419,1,0.3448275862068966,0.3682737169517885,0,-1.0,0.640909438099085,1,0.3448275862068966,0.4956946641691689,0,-1.0,0.4556074116844553,0,-1.0,0.49026888001346225,0,-1.0,0.5000102537930954,1,0.3448275862068966,0.4967341671786595,0,-1.0,0.48797265381176397,0,-1.0,0.40695808552170315,0,-1.0
2024-11-16,2017,3241,Red,0.43439716312056736,0,0.6896551724137931,0.3682737169517885,0,0.6896551724137931,0.35078407501923653,0,0.6896551724137931,0.722420982737094,1,-1.0,0.5943681721321684,1,-1.0,0.6318238225053238,1,-1.0,0.5298023307867975,1,-1.0,0.6073643344265888,1,-1.0,0.5719795715362316,1,-1.0,0.3967037712435257,0,0.6896551724137931
2024-11-23,3140,2974,Red,0.2591283863368669,0,0.2941176470588236,0.3682737169517885,0,0.2941176470588236,0.2032951151465376,0,0.2941176470588236,0.30907288202164296,0,0.2941176470588236,0.36821387995675814,0,0.2941176470588236,0.2947884049501699,0,0.2941176470588236,0.2862179226056214,0,0.2941176470588236,0.3915130477301628,0,0.2941176470588236,0.4616840265352971,0,0.2941176470588236,0.21481091489030163,0,0.2941176470588236
2024-11-23,3107,689,Blue,0.1322834645669291,0,-1.0,0.3682737169517885,0,-1.0,0.129117935064936,0,-1.0,0.34965070712296925,0,-1.0,0.4156778301919467,0,-1.0,0.4248491051432231,0,-1.0,0.3746429609635087,0,-1.0,0.41710783429399584,0,-1.0,0.33691738580190456,0,-1.0,0.22075556010625066,0,-1.0
2024-11-23,2142,697,Red,0.27792074112197634,0,0.3278688524590163,0.3682737169517885,0,0.3278688524590163,0.2166348535079764,0,0.3278688524590163,0.3301032323224601,0,0.3278688524590163,0.24237911428841483,0,0.3278688524590163,0.39013825308678235,0,0.3278688524590163,0.4206601618946851,0,0.3278688524590163,0.26228051107298983,0,0.3278688524590163,0.2756271123075455,0,0.3278688524590163,0.0873314274734211,0,0.3278688524590163
2024-11-23,2141,1675,Red,0.3614457831325302,0,0.5,0.3682737169517885,0,0.5,0.28335907035899244,0,0.5,0.618521481855079,1,-1.0,0.5368663438394281,1,-1.0,0.48603825286913527,0,0.5,0.4491019030514902,0,0.5,0.6863553782582424,1,-1.0,0.5985285867610954,1,-1.0,0.4141694325462149,0,0.5
2024-11-23,1234,1392,Blue,0.36989795918367335,0,-1.0,0.3682737169517885,0,-1.0,0.2907630874370258,0,-1.0,0.4771762292183291,0,-1.0,0.4791371339493388,0,-1.0,0.413228570993277,0,-1.0,0.42955752338167025,0,-1.0,0.4460036583003891,0,-1.0,0.4372849203215513,0,-1.0,0.3330722320162811,0,-1.0
2024-11-23,1481,2020,Blue,0.6690070210631895,1,0.4347826086956521,0.3682737169517885,0,-1.0,0.5959561801349517,1,0.4347826086956521,0.45794539115534505,0,-1.0,0.42932127780088214,0,-1.0,0.6044369598266658,1,0.4347826086956521,0.537825282827929,1,0.4347826086956521,0.5879755151214107,1,0.4347826086956521,0.4537161691026356,0,-1.0,0.6072313222011205,1,0.4347826086956521
2024-11-23,3012,3248,Red,0.42553191489361697,0,0.6666666666666665,0.3682737169517885,0,0.6666666666666665,0.3421918339751657,0,0.6666666666666665,0.25495577774726774,0,0.6666666666666665,0.37098426856496974,0,0.6666666666666665,0.3159962325256443,0,0.6666666666666665,0.31576933448921846,0,0.6666666666666665,0.31590650990422214,0,0.6666666666666665,0.39028443471852714,0,0.6666666666666665,0.22803985916348646,0,0.6666666666666665
2024-11-23,1886,1763,Blue,0.6187290969899665,1,0.5405405405405406,0.3682737169517885,0,-1.0,0.5432494282454093,1,0.5405405405405406,0.5238898075909171,1,0.5405405405405406,0.5266817631189167,1,0.5405405405405406,0.3090003150444328,0,-1.0,0.34297847867783604,0,-1.0,0.4214534333767399,0,-1.0,0.38646831740286114,0,-1.0,0.37289469124863833,0,-1.0
2024-11-23,3273,3203,Blue,0.5990922844175491,1,0.606060606060606,0.3682737169517885,0,-1.0,0.5223292659967418,1,0.606060606060606,0.2600240270154357,0,-1.0,0.3462024898019548,0,-1.0,0.2851873639930659,0,-1.0,0.30138480750380764,0,-1.0,0.3255175672746603,0,-1.0,0.367520077621597,0,-1.0,0.24481276185060663,0,-1.0
2024-11-23,3274,3275,Blue,0.4891657638136511,0,-1.0,0.3682737169517885,0,-1.0,0.4058472334649439,0,-1.0,0.295860596435753,0,-1.0,0.37604560960411654,0,-1.0,0.24672930322863876,0,-1.0,0.25939823099605236,0,-1.0,0.3255175672746603,0,-1.0,0.36322113602146444,0,-1.0,0.24540266385464568,0,-1.0
2024-11-23,3276,3277,Red,0.771505376344086,1,-1.0,0.3682737169517885,0,3.2,0.6958015060989358,1,-1.0,0.38164908056519636,0,3.2,0.4119550859770505,0,3.2,0.41766726029700113,0,3.2,0.4406788917021529,0,3.2,0.40495128466268343,0,3.2,0.4150792100113399,0,3.2,0.25566555032568355,0,3.2
2024-11-23,3102,3164,Red,0.2456874019864088,0,0.2702702702702702,0.3682737169517885,0,0.2702702702702702,0.19413550050139497,0,0.2702702702702702,0.32357048927445586,0,0.2702702702702702,0.38057272759500343,0,0.2702702702702702,0.43058838124317694,0,0.2702702702702702,0.4104403365497058,0,0.2702702702702702,0.3955015546186615,0,0.2702702702702702,0.4150578124172453,0,0.2702702702702702,0.3184316650540433,0,0.2702702702702702
2024-11-23,3207,899,Blue,0.6187290969899665,1,0.5405405405405406,0.3682737169517885,0,-1.0,0.5432494282454093,1,0.5405405405405406,0.4049801607553462,0,-1.0,0.4192195420266795,0,-1.0,0.3156037540897579,0,-1.0,0.3876530295232701,0,-1.0,0.36410434382354323,0,-1.0,0.4146628786727135,0,-1.0,0.6977863133870256,1,0.5405405405405406
2024-12-07,747,2071,Red,0.24281150159744405,0,0.2666666666666666,0.3682737169517885,0,0.2666666666666666,0.19221685945406206,0,0.2666666666666666,0.22309126591547623,0,0.2666666666666666,0.44934726814261916,0,0.2666666666666666,0.292544035485212,0,0.2666666666666666,0.30731938051596,0,0.2666666666666666,0.1848997938335605,0,0.2666666666666666,0.29549688799611995,0,0.2666666666666666,0.19748315747711723,0,0.2666666666666666
2024-12-07,836,934,Blue,0.8839285714285713,1,0.08333333333333326,0.3682737169517885,0,-1.0,0.7872799767664015,1,0.08333333333333326,0.929536925003056,1,0.08333333333333326,0.7316903384252265,1,0.08333333333333326,0.6948995436824384,1,0.08333333333333326,0.7379761588387056,1,0.08333333333333326,0.7668063636698729,1,0.08333333333333326,0.6381054576038527,1,0.08333333333333326,0.9748732808953008,1,0.08333333333333326
2024-12-07,1646,757,Red,0.23364485981308414,0,0.25,0.3682737169517885,0,0.25,0.18619793898742618,0,0.25,0.38053681521311267,0,0.25,0.4355167307948577,0,0.25,0.4234302439762968,0,0.25,0.47668285686580275,0,0.25,0.5558313447524226,1,-1.0,0.5231804765680755,1,-1.0,0.5455120061746019,1,-1.0
2024-12-07,1351,808,Red,0.13698630136986303,0,0.11111111111111116,0.3682737169517885,0,0.11111111111111116,0.13139846707362524,0,0.11111111111111116,0.12349673535151187,0,0.11111111111111116,0.2774844173056415,0,0.11111111111111116,0.3359312003356123,0,0.11111111111111116,0.3432235548825335,0,0.11111111111111116,0.2933228045315973,0,0.11111111111111116,0.39071625390365045,0,0.11111111111111116,0.058624665266837656,0,0.11111111111111116
2024-12-07,675,1927,Red,0.3207547169811321,0,0.41666666666666674,0.3682737169517885,0,0.41666666666666674,0.2493585024692973,0,0.41666666666666674,0.545022551929935,1,-1.0,0.5573726569034514,1,-1.0,0.3189903544884194,0,0.41666666666666674,0.34135673276199907,0,0.41666666666666674,0.23881359639856056,0,0.41666666666666674,0.446615786581286,0,0.41666666666666674,0.6496757917832094,1,-1.0
2024-12-07,1205,802,Red,0.574468085106383,1,-1.0,0.3682737169517885,0,1.25,0.4959934837918982,0,1.25,0.6953179653691056,1,-1.0,0.5569962835113272,1,-1.0,0.5150420154464269,1,-1.0,0.6175999860118008,1,-1.0,0.5844583682687595,1,-1.0,0.5679192102016819,1,-1.0,0.8456459518974953,1,-1.0
2024-12-07,2092,211,Blue,0.4891657638136511,0,-1.0,0.3682737169517885,0,-1.0,0.4058472334649439,0,-1.0,0.21152464524335746,0,-1.0,0.35416442227975276,0,-1.0,0.4421541022330497,0,-1.0,0.44209738414610283,0,-1.0,0.3347462364737065,0,-1.0,0.3963953148590441,0,-1.0,0.083910713865256,0,-1.0
2024-12-07,1120,466,Blue,0.4532304725168756,0,-1.0,0.3682737169517885,0,-1.0,0.3693563055532054,0,-1.0,0.6127241371223162,1,1.1,0.4753735332227526,0,-1.0,0.4711366370557546,0,-1.0,0.40611662622802935,0,-1.0,0.5464239196816733,1,1.1,0.5536606151284374,1,1.1,0.8342908981034274,1,1.1
2024-12-07,1523,3004,Red,0.3181818181818181,0,0.3999999999999999,0.3682737169517885,0,0.3999999999999999,0.2473027612426706,0,0.3999999999999999,0.2240690101849958,0,0.3999999999999999,0.37128836764489653,0,0.3999999999999999,0.5174694045061687,1,-1.0,0.44646924722120607,0,0.3999999999999999,0.39792643096706404,0,0.3999999999999999,0.39810096629416314,0,0.3999999999999999,0.6409539924283826,1,-1.0
2024-12-07,382,292,Blue,0.6428571428571429,1,0.5,0.3682737169517885,0,-1.0,0.5687395201299372,1,0.5,0.40792692979734374,0,-1.0,0.526377148484706,1,0.5,0.49998317069640613,0,-1.0,0.6267329264508541,1,0.5,0.647530326719113,1,0.5,0.541070757930515,1,0.5,0.32543689529580266,0,-1.0
2024-12-07,1667,1870,Red,0.2456874019864088,0,0.2702702702702702,0.3682737169517885,0,0.2702702702702702,0.19413550050139497,0,0.2702702702702702,0.13289865482458588,0,0.2702702702702702,0.2871166359766187,0,0.2702702702702702,0.33912284229931294,0,0.2702702702702702,0.338827294931524,0,0.2702702702702702,0.22832566588255798,0,0.2702702702702702,0.25361318426781,0,0.2702702702702702,0.7987772982440106,1,-1.0
2024-12-07,463,825,Red,0.4782608695652174,0,0.8333333333333335,0.3682737169517885,0,0.8333333333333335,0.3946428047638027,0,0.8333333333333335,0.5233694937946439,1,-1.0,0.5082012941164884,1,-1.0,0.4679767574187081,0,0.8333333333333335,0.43151125501285603,0,0.8333333333333335,0.4031097059037904,0,0.8333333333333335,0.47931880988011727,0,0.8333333333333335,0.5499317791615437,1,-1.0
2024-12-07,625,2037,Blue,0.5859872611464968,1,0.625,0.3682737169517885,0,-1.0,0.5083194755937426,1,0.625,0.5548640075870638,1,0.625,0.47627705720092756,0,-1.0,0.5315503769822654,1,0.625,0.5401591382005361,1,0.625,0.5613571890710288,1,0.625,0.47418277283095395,0,-1.0,0.6118268706436292,1,0.625
2024-12-07,1474,388,Red,0.1881331403762663,0,0.18181818181818188,0.3682737169517885,0,0.18181818181818188,0.15846177980988288,0,0.18181818181818188,0.3508109042166005,0,0.18181818181818188,0.4563727100111443,0,0.18181818181818188,0.38445930920930915,0,0.18181818181818188,0.3651408457226319,0,0.18181818181818188,0.3502616625796802,0,0.18181818181818188,0.37598561748048787,0,0.18181818181818188,0.12332184121242483,0,0.18181818181818188
2024-12-14,811,3246,Red,0.4891657638136511,0,0.8695652173913042,0.3682737169517885,0,0.8695652173913042,0.4058472334649439,0,0.8695652173913042,0.6009039990772095,1,-1.0,0.4666043288158389,0,0.8695652173913042,0.6738578910196557,1,-1.0,0.5747589642055617,1,-1.0,0.7105170794568867,1,-1.0,0.6183474780886119,1,-1.0,0.7044242674839928,1,-1.0
2024-12-14,511,390,Blue,0.6636481241914618,1,0.4444444444444444,0.3682737169517885,0,-1.0,0.5904208106516671,1,0.4444444444444444,0.5268966232103747,1,0.4444444444444444,0.509994161001027,1,0.4444444444444444,0.447229632567868,0,-1.0,0.4997821405670072,0,-1.0,0.47330253583455106,0,-1.0,0.5420716857869364,1,0.4444444444444444,0.5149488435017618,1,0.4444444444444444
2024-12-14,1002,255,Red,0.3244274809160305,0,0.41666666666666674,0.3682737169517885,0,0.41666666666666674,0.2523127438166796,0,0.41666666666666674,0.7795245828284757,1,-1.0,0.6084503739929904,1,-1.0,0.6084798846377792,1,-1.0,0.5425621660814789,1,-1.0,0.49934791141202023,0,0.41666666666666674,0.5571602096590628,1,-1.0,0.7287891042124645,1,-1.0
2024-12-14,1576,975,Blue,0.27424749163879597,0,-1.0,0.3682737169517885,0,-1.0,0.21397845052367068,0,-1.0,0.12837619307123682,0,-1.0,0.29075609703091865,0,-1.0,0.3433014716764717,0,-1.0,0.3803109027677093,0,-1.0,0.21233676846436303,0,-1.0,0.23110344748693457,0,-1.0,0.16486154095466365,0,-1.0
2024-12-14,2130,1513,Red,0.42553191489361697,0,0.6666666666666665,0.3682737169517885,0,0.6666666666666665,0.3421918339751657,0,0.6666666666666665,0.5128335741547536,1,-1.0,0.48682509429157184,0,0.6666666666666665,0.5445348415201358,1,-1.0,0.5301357860047016,1,-1.0,0.5189234058993492,1,-1.0,0.5197391851162813,1,-1.0,0.7857079446346815,1,-1.0
2024-12-14,2145,1251,Blue,0.6636481241914618,1,0.4444444444444444,0.3682737169517885,0,-1.0,0.5904208106516671,1,0.4444444444444444,0.5473430616558647,1,0.4444444444444444,0.47869945842828465,0,-1.0,0.443762790729509,0,-1.0,0.41729132971924704,0,-1.0,0.48060861234630675,0,-1.0,0.3357225715069621,0,-1.0,0.6719513286474538,1,0.4444444444444444
2024-12-14,996,2993,Blue,0.6912521440823327,1,0.3846153846153846,0.3682737169517885,0,-1.0,0.6186596929573126,1,0.3846153846153846,0.3811160186915074,0,-1.0,0.4248765689896231,0,-1.0,0.4745774590333413,0,-1.0,0.5304133560068649,1,0.3846153846153846,0.5304123889910847,1,0.3846153846153846,0.47202030914012577,0,-1.0,0.4612236187209937,0,-1.0
2024-12-14,1088,1711,Blue,0.30874785591766724,0,-1.0,0.3682737169517885,0,-1.0,0.23986287486965338,0,-1.0,0.4035978387021312,0,-1.0,0.42510973270747826,0,-1.0,0.37194881915470146,0,-1.0,0.4458744873074909,0,-1.0,0.2894770017412896,0,-1.0,0.4724893671769995,0,-1.0,0.570747328874658,1,2.1
2024-12-14,1950,1638,Red,0.5911949685534592,1,-1.0,0.3682737169517885,0,1.35,0.5138895159858577,1,-1.0,0.4546867266533853,0,1.35,0.5169156906656022,1,-1.0,0.5512842318357022,1,-1.0,0.6657287317447248,1,-1.0,0.5810610831989943,1,-1.0,0.5983479127167922,1,-1.0,0.44375035597251355,0,1.35
2024-12-14,1287,941,Red,0.15349887133182846,0,0.1333333333333333,0.3682737169517885,0,0.1333333333333333,0.13967779908312541,0,0.1333333333333333,0.31724970364684457,0,0.1333333333333333,0.3847832654747618,0,0.1333333333333333,0.3051618612868612,0,0.1333333333333333,0.3521892869669871,0,0.1333333333333333,0.3045193995393155,0,0.1333333333333333,0.3814195674488951,0,0.1333333333333333,0.45269897375793194,0,0.1333333333333333
2024-12-14,1040,1844,Red,0.23364485981308414,0,0.25,0.3682737169517885,0,0.25,0.18619793898742618,0,0.25,0.18809896009823202,0,0.25,0.3062593225059358,0,0.25,0.24126689541395427,0,0.25,0.29046974455638275,0,0.25,0.24559570100393166,0,0.25,0.3122374748318882,0,0.25,0.0828728477033278,0,0.25
2024-12-14,201,1085,Red,0.2033898305084746,0,0.19999999999999996,0.3682737169517885,0,0.19999999999999996,0.16736583261850096,0,0.19999999999999996,0.2085852160114305,0,0.19999999999999996,0.3594280975640441,0,0.19999999999999996,0.3761167568671439,0,0.19999999999999996,0.40581639568961153,0,0.19999999999999996,0.3137581995430893,0,0.19999999999999996,0.2996083393772317,0,0.19999999999999996,0.25422361907069385,0,0.19999999999999996
2024-12-14,3058,3155,Red,0.13698630136986303,0,0.11111111111111116,0.3682737169517885,0,0.11111111111111116,0.13139846707362524,0,0.11111111111111116,0.3680520255237337,0,0.11111111111111116,0.400332732549461,0,0.11111111111111116,0.1742979844229844,0,0.11111111111111116,0.2389685416736813,0,0.11111111111111116,0.21710516070589606,0,0.11111111111111116,0.2194420219746089,0,0.11111111111111116,0.2011192544610477,0,0.11111111111111116
2025-01-11,185,1885,Red,0.15349887133182846,0,0.1333333333333333,0.3682737169517885,0,0.1333333333333333,0.13967779908312541,0,0.1333333333333333,0.3356578102346377,0,0.1333333333333333,0.42472692524831457,0,0.1333333333333333,0.34023604935369667,0,0.1333333333333333,0.3354593803452076,0,0.1333333333333333,0.3102260572801167,0,0.1333333333333333,0.3702285651123731,0,0.1333333333333333,0.2667512867087749,0,0.1333333333333333
2025-01-11,532,1093,Blue,0.665144596651446,1,0.4347826086956521,0.3682737169517885,0,-1.0,0.5919689349969549,1,0.4347826086956521,0.6349594537059007,1,0.4347826086956521,0.4931021174677924,0,-1.0,0.4818515751677517,0,-1.0,0.44321280929265194,0,-1.0,0.5939440693464084,1,0.4347826086956521,0.43607760456746586,0,-1.0,0.668265855530187,1,0.4347826086956521
2025-01-11,3213,3159,Red,0.3031544448996313,0,0.37037037037037024,0.3682737169517885,0,0.37037037037037024,0.2355247195824195,0,0.37037037037037024,0.3211335745011345,0,0.37037037037037024,0.39313905558215567,0,0.37037037037037024,0.34766660953425665,0,0.37037037037037024,0.39302142059762657,0,0.37037037037037024,0.3232726359191499,0,0.37037037037037024,0.3780975079729654,0,0.37037037037037024,0.3529150582020474,0,0.37037037037037024
2025-01-11,1891,1317,Red,0.6596858638743455,1,-1.0,0.3682737169517885,0,1.7999999999999998,0.5863132009222274,1,-1.0,0.4214680040004473,0,1.7999999999999998,0.36126245476467045,0,1.7999999999999998,0.39029660154660156,0,1.7999999999999998,0.3724253136937868,0,1.7999999999999998,0.3515778013584682,0,1.7999999999999998,0.388410364589071,0,1.7999999999999998,0.38475890460935747,0,1.7999999999999998
2025-01-11,1360,1482,Red,0.3907637655417407,0,0.5714285714285714,0.3682737169517885,0,0.5714285714285714,0.3095197320582117,0,0.5714285714285714,0.34637453267899976,0,0.5714285714285714,0.36900250877927815,0,0.5714285714285714,0.46988852813852805,0,0.5714285714285714,0.46550445239542193,0,0.5714285714285714,0.33781606087931965,0,0.5714285714285714,0.41263294426854186,0,0.5714285714285714,0.34187988617544374,0,0.5714285714285714
2025-01-11,1008,3209,Blue,0.38356164383561653,0,-1.0,0.3682737169517885,0,-1.0,0.3029701498676844,0,-1.0,0.31084144978516515,0,-1.0,0.3614373503964439,0,-1.0,0.3204301789541727,0,-1.0,0.29256721307643624,0,-1.0,0.351035393896796,0,-1.0,0.29951959553251595,0,-1.0,0.26604610992673555,0,-1.0
2025-01-11,3272,3050,Blue,0.3021148036253777,0,-1.0,0.3682737169517885,0,-1.0,0.23472440188153787,0,-1.0,0.28194935407118993,0,-1.0,0.3616526419166853,0,-1.0,0.13556991075373429,0,-1.0,0.20407737039660034,0,-1.0,0.1414663852588987,0,-1.0,0.23359785353654866,0,-1.0,0.09664328736590817,0,-1.0
2025-01-11,1609,871,Red,0.44362292051756014,0,0.7142857142857144,0.3682737169517885,0,0.7142857142857144,0.35982955295397395,0,0.7142857142857144,0.48020548922029815,0,0.7142857142857144,0.46634058671257084,0,0.7142857142857144,0.534631440254505,1,-1.0,0.6179411350834884,1,-1.0,0.5877771283195155,1,-1.0,0.5806122471898182,1,-1.0,0.3198769044789397,0,0.7142857142857144
2025-01-11,1712,3090,Red,0.6968455551003687,1,-1.0,0.3682737169517885,0,2.15,0.6242919054054703,1,-1.0,0.264888993875912,0,2.15,0.3840483696789011,0,2.15,0.3395596788750254,0,2.15,0.34686161415845385,0,2.15,0.38706068843678687,0,2.15,0.39392475291819967,0,2.15,0.2353648824110149,0,2.15
2025-01-11,3088,613,Red,0.13449899125756556,0,0.11111111111111116,0.3682737169517885,0,0.11111111111111116,0.1301880745306899,0,0.11111111111111116,0.36878392865504656,0,0.11111111111111116,0.4136836422192247,0,0.11111111111111116,0.4068131492690317,0,0.11111111111111116,0.37691905082855476,0,0.11111111111111116,0.4112479217058498,0,0.11111111111111116,0.43172767786265465,0,0.11111111111111116,0.48924488574658265,0,0.11111111111111116
2025-01-11,1533,3215,Blue,0.816017316017316,1,0.1724137931034484,0.3682737169517885,0,-1.0,0.7345663872479402,1,0.1724137931034484,0.36033864190295356,0,-1.0,0.3999036825550353,0,-1.0,0.33997592754870415,0,-1.0,0.36247251984987927,0,-1.0,0.34611760842455175,0,-1.0,0.3612592865916224,0,-1.0,0.3387699580683629,0,-1.0
2025-01-11,579,1671,Red,0.6301020408163265,1,-1.0,0.3682737169517885,0,1.6,0.5553009752743421,1,-1.0,0.5653474416213103,1,-1.0,0.49356344601941027,0,1.6,0.45686565832115417,0,1.6,0.4718858203854676,0,1.6,0.3633620177471769,0,1.6,0.47333660652952386,0,1.6,0.5636093097637693,1,-1.0
2025-01-11,3109,1654,Red,0.3076274757690687,0,0.37735849056603765,0.3682737169517885,0,0.37735849056603765,0.238989564509068,0,0.37735849056603765,0.38794214541486666,0,0.37735849056603765,0.400155704211559,0,0.37735849056603765,0.41195949284919914,0,0.37735849056603765,0.40558670564601884,0,0.37735849056603765,0.33513635466080655,0,0.37735849056603765,0.4121067566325186,0,0.37735849056603765,0.4842614150052209,0,0.37735849056603765
2025-01-11,3162,1612,Red,0.19522776572668113,0,0.18867924528301883,0.3682737169517885,0,0.18867924528301883,0.1625535632003186,0,0.18867924528301883,0.29353119526938154,0,0.18867924528301883,0.3260487286581201,0,0.18867924528301883,0.3870413676446636,0,0.18867924528301883,0.40547386395268914,0,0.18867924528301883,0.35821016374531506,0,0.18867924528301883,0.37381096300713385,0,0.18867924528301883,0.6607918451551952,1,-1.0
2025-01-18,2019,436,Red,0.26645768025078376,0,0.3076923076923077,0.3682737169517885,0,0.3076923076923077,0.20842376057923043,0,0.3076923076923077,0.32426832158554686,0,0.3076923076923077,0.3804029950633398,0,0.3076923076923077,0.4661641291714822,0,0.3076923076923077,0.413143904128175,0,0.3076923076923077,0.5214510515987355,1,-1.0,0.5458411591874444,1,-1.0,0.2855044383229669,0,0.3076923076923077
2025-01-18,1422,741,Blue,0.18041237113402062,0,-1.0,0.3682737169517885,0,-1.0,0.15410429549574012,0,-1.0,0.3224098910918155,0,-1.0,0.38533390562869496,0,-1.0,0.3508488850474144,0,-1.0,0.36766754969248977,0,-1.0,0.38558849569209436,0,-1.0,0.37607182468834466,0,-1.0,0.25435646381598676,0,-1.0
2025-01-18,2923,3220,Red,0.25164113785557984,0,0.2777777777777777,0.3682737169517885,0,0.2777777777777777,0.1981536114076313,0,0.2777777777777777,0.30687944808815304,0,0.2777777777777777,0.3667874788708814,0,0.2777777777777777,0.34493621947272624,0,0.2777777777777777,0.3441817347510431,0,0.2777777777777777,0.39643445162300317,0,0.2777777777777777,0.421262363939877,0,0.2777777777777777,0.22394412612835024,0,0.2777777777777777
2025-01-18,1240,1359,Red,0.13636363636363635,0,0.10526315789473673,0.3682737169517885,0,0.10526315789473673,0.1310945681483893,0,0.10526315789473673,0.18717254869614355,0,0.10526315789473673,0.3655611398732097,0,0.10526315789473673,0.2839582236935179,0,0.10526315789473673,0.28295412980991536,0,0.10526315789473673,0.17406119499435485,0,0.10526315789473673,0.29363459329731867,0,0.10526315789473673,0.5265874763173799,1,-1.0
2025-01-18,194,1911,Red,0.21044858777921358,0,0.2127659574468086,0.3682737169517885,0,0.2127659574468086,0.17161881291401657,0,0.2127659574468086,0.24435289219914963,0,0.2127659574468086,0.34148957140965924,0,0.2127659574468086,0.3434486205515619,0,0.2127659574468086,0.3056542220442548,0,0.2127659574468086,0.3450128155069423,0,0.2127659574468086,0.36740913751277665,0,0.2127659574468086,0.10944060401760433,0,0.2127659574468086
2025-01-18,2013,3153,Blue,0.6853932584269663,1,0.3999999999999999,0.3682737169517885,0,-1.0,0.6127257745745904,1,0.3999999999999999,0.5417363222279195,1,0.3999999999999999,0.5030772287333038,1,0.3999999999999999,0.42069254270840956,0,-1.0,0.4362379195470327,0,-1.0,0.3831565935697598,0,-1.0,0.5100149313828801,1,0.3999999999999999,0.5654228915839784,1,0.3999999999999999
2025-01-18,1626,912,Red,0.5467695274831245,1,-1.0,0.3682737169517885,0,1.1,0.4664034495740591,0,1.1,0.2271051645486504,0,1.1,0.37692566335870026,0,1.1,0.38898138021822243,0,1.1,0.3793699817218077,0,1.1,0.25981900124433255,0,1.1,0.3138615118844617,0,1.1,0.42650803254584235,0,1.1
2025-01-18,2947,276,Blue,0.11831519167061051,0,-1.0,0.3682737169517885,0,-1.0,0.12254245847807202,0,-1.0,0.26809715643509197,0,-1.0,0.3533327916533229,0,-1.0,0.3027857605357606,0,-1.0,0.38203407490645047,0,-1.0,0.25942439562927816,0,-1.0,0.3491678935529342,0,-1.0,0.32036163120524475,0,-1.0
2025-01-18,1731,1569,Blue,0.3146067415730337,0,-1.0,0.3682737169517885,0,-1.0,0.2444652307406781,0,-1.0,0.39381321448083045,0,-1.0,0.4884852096603454,0,-1.0,0.43992479927193556,0,-1.0,0.4164840482702634,0,-1.0,0.5150839761010269,1,2.05,0.4824851743439768,0,-1.0,0.7374572044219924,1,2.05
2025-01-18,2945,3192,Blue,0.6301020408163265,1,0.5263157894736841,0.3682737169517885,0,-1.0,0.5553009752743421,1,0.5263157894736841,0.22689967279558954,0,-1.0,0.3259510160697327,0,-1.0,0.16744899158480273,0,-1.0,0.20889227999334048,0,-1.0,0.18347195976255048,0,-1.0,0.2014088496925565,0,-1.0,0.06407382695531266,0,-1.0
2025-01-18,626,1473,Red,0.7054263565891473,1,-1.0,0.3682737169517885,0,2.25,0.6328668219672613,1,-1.0,0.38121491589541107,0,2.25,0.38497127184059626,0,2.25,0.491856934731935,0,2.25,0.4890494898344273,0,2.25,0.6296858197562758,1,-1.0,0.4776976679134996,0,2.25,0.4256876651815989,0,2.25
2025-01-18,920,3020,Blue,0.5324675324675325,1,0.8,0.3682737169517885,0,-1.0,0.45120377572871534,0,-1.0,0.19211125571299228,0,-1.0,0.29382298232304876,0,-1.0,0.4915332649376768,0,-1.0,0.4946068114718239,0,-1.0,0.4250693744014409,0,-1.0,0.43003676279821906,0,-1.0,0.3286141890936604,0,-1.0
2025-01-18,557,691,Red,0.3181818181818181,0,0.3999999999999999,0.3682737169517885,0,0.3999999999999999,0.2473027612426706,0,0.3999999999999999,0.3086303200553856,0,0.3999999999999999,0.47721525574144946,0,0.3999999999999999,0.3492547947695007,0,0.3999999999999999,0.3687345034280173,0,0.3999999999999999,0.24317885788453739,0,0.3999999999999999,0.3328052948628703,0,0.3999999999999999,0.13404657881431467,0,0.3999999999999999
2025-02-01,144,1605,Red,0.4782608695652174,0,0.8333333333333335,0.3682737169517885,0,0.8333333333333335,0.3946428047638027,0,0.8333333333333335,0.2222158639447289,0,0.8333333333333335,0.33617530100863224,0,0.8333333333333335,0.41397038609538633,0,0.8333333333333335,0.4363246703399108,0,0.8333333333333335,0.43566666138941734,0,0.8333333333333335,0.4678496915761227,0,0.8333333333333335,0.308081572960018,0,0.8333333333333335
2025-02-01,1471,3127,Blue,0.4088050314465409,0,-1.0,0.3682737169517885,0,-1.0,0.32626198954654007,0,-1.0,0.4280031523848302,0,-1.0,0.4416676839903426,0,-1.0,0.4703492098286987,0,-1.0,0.531788708846114,1,1.35,0.5819297954103467,1,1.35,0.6605147640138884,1,1.35,0.508591234933878,1,1.35
2025-02-01,1311,849,Red,0.19117647058823528,0,0.18181818181818188,0.3682737169517885,0,0.18181818181818188,0.160206671083403,0,0.18181818181818188,0.4108265655795124,0,0.18181818181818188,0.41490233821636613,0,0.18181818181818188,0.3098685625376803,0,0.18181818181818188,0.3447892546158559,0,0.18181818181818188,0.24333882956970557,0,0.18181818181818188,0.2832801026438202,0,0.18181818181818188,0.29488317312711604,0,0.18181818181818188
2025-02-01,1544,1742,Red,0.28644876973925815,0,0.3448275862068966,0.3682737169517885,0,0.3448275862068966,0.2228937638728917,0,0.3448275862068966,0.25644745914111716,0,0.3448275862068966,0.3625106619153971,0,0.3448275862068966,0.41620334036162193,0,0.3448275862068966,0.4502960539798285,0,0.3448275862068966,0.3471794982476325,0,0.3448275862068966,0.3524136367548505,0,0.3448275862068966,0.6248660556844453,1,-1.0
2025-02-01,1419,3118,Red,0.2553191489361702,0,0.2857142857142856,0.3682737169517885,0,0.2857142857142856,0.20066698163070695,0,0.2857142857142856,0.267754327146712,0,0.2857142857142856,0.3356941943209781,0,0.2857142857142856,0.32870194369613887,0,0.2857142857142856,0.3229676149674271,0,0.2857142857142856,0.3103353575392196,0,0.2857142857142856,0.28071730559406816,0,0.2857142857142856,0.26555408335747127,0,0.2857142857142856
2025-02-01,3027,3082,Red,0.2553191489361702,0,0.2857142857142856,0.3682737169517885,0,0.2857142857142856,0.20066698163070695,0,0.2857142857142856,0.32200685644479693,0,0.2857142857142856,0.3621635643764414,0,0.2857142857142856,0.49449980332493104,0,0.2857142857142856,0.4715043476703358,0,0.2857142857142856,0.42324102276153136,0,0.2857142857142856,0.4775858572312666,0,0.2857142857142856,0.37821769718622883,0,0.2857142857142856
2025-02-01,152,959,Blue,0.4009077155824508,0,-1.0,0.3682737169517885,0,-1.0,0.31887541179245016,0,-1.0,0.5586830960412575,1,1.4,0.49894832991231003,0,-1.0,0.5044664328046677,1,1.4,0.5417427703667416,1,1.4,0.44160222513485053,0,-1.0,0.46704046483865724,0,-1.0,0.7858550512689638,1,1.4
2025-02-01,2170,555,Red,0.5620437956204379,1,-1.0,0.3682737169517885,0,1.2000000000000002,0.4827048796685817,0,1.2000000000000002,0.26073151310967585,0,1.2000000000000002,0.37782930842460644,0,1.2000000000000002,0.31240572036895564,0,1.2000000000000002,0.3162136207064495,0,1.2000000000000002,0.25237768981900566,0,1.2000000000000002,0.30421603997188224,0,1.2000000000000002,0.20258767548287362,0,1.2000000000000002
2025-02-01,2956,2989,Blue,0.3614457831325302,0,-1.0,0.3682737169517885,0,-1.0,0.28335907035899244,0,-1.0,0.35731933022718976,0,-1.0,0.43647867529821355,0,-1.0,0.41427534230475405,0,-1.0,0.38478455348019386,0,-1.0,0.38652107068196034,0,-1.0,0.37512816437822777,0,-1.0,0.5082224015134358,1,1.65
2025-02-01,981,393,Red,0.30423004792665137,0,0.37735849056603765,0.3682737169517885,0,0.37735849056603765,0.23635470576792184,0,0.37735849056603765,0.48463851511752504,0,0.37735849056603765,0.42294816175923916,0,0.37735849056603765,0.42486016679399036,0,0.37735849056603765,0.4071936317677961,0,0.37735849056603765,0.3646849532215158,0,0.37735849056603765,0.36109677979930954,0,0.37735849056603765,0.597191600131571,1,-1.0
2025-02-01,3068,181,Red,0.5217391304347826,1,-1.0,0.3682737169517885,0,1.0,0.4398599076862452,0,1.0,0.4745717505486373,0,1.0,0.4365165501061352,0,1.0,0.4350969265037379,0,1.0,0.38285887031130506,0,1.0,0.5053621422390796,1,-1.0,0.48238403347580705,0,1.0,0.49835516800531826,0,1.0
2025-02-08,1954,3141,Blue,0.5829926410466066,1,0.6451612903225805,0.3682737169517885,0,-1.0,0.5051154764827089,1,0.6451612903225805,0.38521383752511096,0,-1.0,0.3941318490221006,0,-1.0,0.47240501117527456,0,-1.0,0.5233380479341154,1,0.6451612903225805,0.46179758251647063,0,-1.0,0.465660431388693,0,-1.0,0.8389832250350595,1,0.6451612903225805
2025-02-08,2166,1943,Red,0.42553191489361697,0,0.6666666666666665,0.3682737169517885,0,0.6666666666666665,0.3421918339751657,0,0.6666666666666665,0.31496935559587225,0,0.6666666666666665,0.3273250699545338,0,0.6666666666666665,0.40471873714520784,0,0.6666666666666665,0.40622873387528563,0,0.6666666666666665,0.36401172726760167,0,0.6666666666666665,0.4817382121619916,0,0.6666666666666665,0.8084832908390498,1,-1.0
2025-02-08,1285,1619,Red,0.3194444444444444,0,0.40816326530612246,0.3682737169517885,0,0.40816326530612246,0.24831017322164303,0,0.40816326530612246,0.502419853856017,1,-1.0,0.43165877674929964,0,0.40816326530612246,0.524921130517678,1,-1.0,0.5970357824121002,1,-1.0,0.549164162211716,1,-1.0,0.4150248275686526,0,0.40816326530612246,0.11191030364390064,0,0.40816326530612246
2025-02-08,611,1940,Red,0.35347776510832385,0,0.4761904761904763,0.3682737169517885,0,0.4761904761904763,0.2764845785188436,0,0.4761904761904763,0.03623561463413233,0,0.4761904761904763,0.3047723398589817,0,0.4761904761904763,0.3265456210456213,0,0.4761904761904763,0.35542120209025524,0,0.4761904761904763,0.1594793995706152,0,0.4761904761904763,0.3573518175221841,0,0.4761904761904763,0.14482119110552902,0,0.4761904761904763
2025-02-08,987,1792,Blue,0.6636481241914618,1,0.4444444444444444,0.3682737169517885,0,-1.0,0.5904208106516671,1,0.4444444444444444,0.39884641628920436,0,-1.0,0.41833893718931703,0,-1.0,0.39503311149634684,0,-1.0,0.39941516380371306,0,-1.0,0.40039905133911663,0,-1.0,0.3449595830006112,0,-1.0,0.5041339590301981,1,0.4444444444444444
2025-02-08,3136,353,Red,0.5217391304347826,1,-1.0,0.3682737169517885,0,1.0,0.4398599076862452,0,1.0,0.21732439608009818,0,1.0,0.3110783241086331,0,1.0,0.32976102893208153,0,1.0,0.38761721004204497,0,1.0,0.3370304703649372,0,1.0,0.3392074286310454,0,1.0,0.4888141604797243,0,1.0
2025-02-08,1726,3175,Red,0.7477827050997783,1,-1.0,0.3682737169517885,0,2.8,0.6738917335824948,1,-1.0,0.38114939428912514,0,2.8,0.392457341218697,0,2.8,0.4089035476267929,0,2.8,0.3932472771291822,0,2.8,0.3818941332036527,0,2.8,0.433455433662427,0,2.8,0.2823816209954293,0,2.8
2025-02-08,3107,365,Red,0.2657601977750309,0,0.303030303030303,0.3682737169517885,0,0.303030303030303,0.20793162406715326,0,0.303030303030303,0.3926210926087167,0,0.303030303030303,0.38978724205126275,0,0.303030303030303,0.39078965206906363,0,0.303030303030303,0.4106375304987424,0,0.303030303030303,0.46367859818653445,0,0.303030303030303,0.38031339177164897,0,0.303030303030303,0.41004631027149624,0,0.303030303030303
2025-02-08,3171,3233,Blue,0.7408716136631331,1,0.2941176470588236,0.3682737169517885,0,-1.0,0.6673574628730947,1,0.2941176470588236,0.3013041163108099,0,-1.0,0.3692075265882927,0,-1.0,0.441113884355434,0,-1.0,0.41130526753837954,0,-1.0,0.3959096544417328,0,-1.0,0.39823027745183454,0,-1.0,0.36576365666562655,0,-1.0
2025-02-08,3173,2941,Red,0.6465222348916762,1,-1.0,0.3682737169517885,0,1.7000000000000002,0.5725832378846029,1,-1.0,0.3386964047554261,0,1.7000000000000002,0.36334317559451024,0,1.7000000000000002,0.2833647186539202,0,1.7000000000000002,0.2907934061565946,0,1.7000000000000002,0.2614201580607068,0,1.7000000000000002,0.3032268143670494,0,1.7000000000000002,0.18748530700014476,0,1.7000000000000002
2025-02-08,3042,1024,Red,0.22849462365591394,0,0.24390243902439024,0.3682737169517885,0,0.24390243902439024,0.18288052400412955,0,0.24390243902439024,0.37971535827120495,0,0.24390243902439024,0.4210237610372426,0,0.24390243902439024,0.2963259317646237,0,0.24390243902439024,0.2839308978485074,0,0.24390243902439024,0.43690260588129953,0,0.24390243902439024,0.3706330885022055,0,0.24390243902439024,0.23635416441187243,0,0.24390243902439024
2025-02-15,2950,156,Red,0.2080344332855093,0,0.20833333333333326,0.3682737169517885,0,0.20833333333333326,0.1701546964663968,0,0.20833333333333326,0.3007209756426614,0,0.20833333333333326,0.35484511444463124,0,0.20833333333333326,0.3697782068149715,0,0.20833333333333326,0.3632609316236767,0,0.20833333333333326,0.3536831317002027,0,0.20833333333333326,0.41906092288454977,0,0.20833333333333326,0.128836817042683,0,0.20833333333333326
2025-02-15,252,2929,Blue,0.84,1,0.1428571428571428,0.3682737169517885,0,-1.0,0.7540949034837968,1,0.1428571428571428,0.8226188555970495,1,0.1428571428571428,0.6258509759810379,1,0.1428571428571428,0.5690452784285904,1,0.1428571428571428,0.628560280827838,1,0.1428571428571428,0.7982434509809296,1,0.1428571428571428,0.6768096367317356,1,0.1428571428571428,0.6850469813875568,1,0.1428571428571428
2025-02-15,2061,1577,Blue,0.2926829268292683,0,-1.0,0.3682737169517885,0,-1.0,0.2275500963585665,0,-1.0,0.5561400058607937,1,2.25,0.5007774583203123,1,2.25,0.44957658898835384,0,-1.0,0.40285228979379,0,-1.0,0.4565192956411411,0,-1.0,0.4218313587722102,0,-1.0,0.666959451946129,1,2.25
2025-02-15,3261,2976,Blue,0.7723292469352013,1,0.23809523809523814,0.3682737169517885,0,-1.0,0.6965474251912983,1,0.23809523809523814,0.48224391624703566,0,-1.0,0.45588436927182013,0,-1.0,0.4379664480065542,0,-1.0,0.46699483276046816,0,-1.0,0.4955343822509302,0,-1.0,0.47686201180870424,0,-1.0,0.36963343616708944,0,-1.0
2025-02-15,1047,2159,Blue,0.7966101694915254,1,0.19999999999999996,0.3682737169517885,0,-1.0,0.718057010495453,1,0.19999999999999996,0.9117873582607928,1,0.19999999999999996,0.5919293346284636,1,0.19999999999999996,0.5954909596480804,1,0.19999999999999996,0.673262693896714,1,0.19999999999999996,0.7396823528113295,1,0.19999999999999996,0.676151290248255,1,0.19999999999999996,0.9771618144327741,1,0.19999999999999996
2025-02-15,347,1750,Blue,0.33099297893681046,0,-1.0,0.3682737169517885,0,-1.0,0.25765128023935513,0,-1.0,0.34390138550827765,0,-1.0,0.373846457886731,0,-1.0,0.34859219103336764,0,-1.0,0.325792180587031,0,-1.0,0.301668348941272,0,-1.0,0.3200266408811295,0,-1.0,0.5502204853363751,1,1.9
2025-02-15,346,2114,Red,0.33635187580853815,0,0.4444444444444444,0.3682737169517885,0,0.4444444444444444,0.2620630016519996,0,0.4444444444444444,0.22969432468134504,0,0.4444444444444444,0.3617961325301803,0,0.4444444444444444,0.3786304806304808,0,0.4444444444444444,0.40631014697514545,0,0.4444444444444444,0.3148800566040716,0,0.4444444444444444,0.3513704439883547,0,0.4444444444444444,0.1460321963345974,0,0.4444444444444444
2025-02-15,1289,3081,Blue,0.6853932584269663,1,0.3999999999999999,0.3682737169517885,0,-1.0,0.6127257745745904,1,0.3999999999999999,0.5730718802460176,1,0.3999999999999999,0.48079422646424663,0,-1.0,0.5747485240794065,1,0.3999999999999999,0.5602008450854358,1,0.3999999999999999,0.580096141834652,1,0.3999999999999999,0.5527526326543476,1,0.3999999999999999,0.7285912864143413,1,0.3999999999999999
2025-02-15,424,1701,Red,0.6690070210631895,1,-1.0,0.3682737169517885,0,1.9,0.5959561801349517,1,-1.0,0.7345110976378179,1,-1.0,0.5990248947251313,1,-1.0,0.5881362023053197,1,-1.0,0.6514175790467429,1,-1.0,0.6400720079026357,1,-1.0,0.5538483485617869,1,-1.0,0.823227741134611,1,-1.0
2025-02-15,911,1904,Red,0.5108342361863489,1,-1.0,0.3682737169517885,0,0.9523809523809523,0.4283935113921339,0,0.9523809523809523,0.4927785555498111,0,0.9523809523809523,0.5753623195875478,1,-1.0,0.5762289091627328,1,-1.0,0.6586628146667359,1,-1.0,0.6432778961320929,1,-1.0,0.6834419027558237,1,-1.0,0.23082402867717383,0,0.9523809523809523
2025-02-15,1816,3271,Red,0.2423018677435638,0,0.26315789473684204,0.3682737169517885,0,0.26315789473684204,0.19187837136553565,0,0.26315789473684204,0.38508348635916,0,0.26315789473684204,0.3933618082425922,0,0.26315789473684204,0.38195460777039725,0,0.26315789473684204,0.40957626815156606,0,0.26315789473684204,0.3968806419105901,0,0.26315789473684204,0.3825908657056932,0,0.26315789473684204,0.23308985814708297,0,0.26315789473684204
2025-02-15,1379,3202,Blue,0.5689655172413793,1,0.6666666666666665,0.3682737169517885,0,-1.0,0.49010630805495553,0,-1.0,0.6322952748823903,1,0.6666666666666665,0.5050820377749801,1,0.6666666666666665,0.4473911059700532,0,-1.0,0.34188958039276324,0,-1.0,0.5261415289859316,1,0.6666666666666665,0.42077150264108965,0,-1.0,0.48293348514207357,0,-1.0
2025-02-22,3036,3254,Red,0.11218568665377175,0,0.07407407407407396,0.3682737169517885,0,0.07407407407407396,0.11974911634643892,0,0.07407407407407396,0.253852375992956,0,0.07407407407407396,0.3500835932730656,0,0.07407407407407396,0.10251808648867469,0,0.07407407407407396,0.17287052784345097,0,0.07407407407407396,0.10949344964342657,0,0.07407407407407396,0.17588671211184623,0,0.07407407407407396,0.14129403326839968,0,0.07407407407407396
2025-02-22,450,1887,Blue,0.6912521440823327,1,0.3846153846153846,0.3682737169517885,0,-1.0,0.6186596929573126,1,0.3846153846153846,0.48814067245567777,0,-1.0,0.45907119414001657,0,-1.0,0.4547322207567307,0,-1.0,0.4500182918223698,0,-1.0,0.5572708756985059,1,0.3846153846153846,0.523726970617128,1,0.3846153846153846,0.16881832752620496,0,-1.0
2025-02-22,1745,3039,Red,0.299837925445705,0,0.37037037037037024,0.3682737169517885,0,0.37037037037037024,0.2329782515773198,0,0.37037037037037024,0.43995803484347373,0,0.37037037037037024,0.4496048013233581,0,0.37037037037037024,0.35316371817298936,0,0.37037037037037024,0.3613550608880185,0,0.37037037037037024,0.3814647091703745,0,0.37037037037037024,0.42299653123937564,0,0.37037037037037024,0.5831041955311995,1,-1.0
2025-02-22,701,505,Blue,0.5427435387673957,1,0.7692307692307692,0.3682737169517885,0,-1.0,0.46211721698599134,0,-1.0,0.5907034538882918,1,0.7692307692307692,0.5018107790064662,1,0.7692307692307692,0.6509618602501732,1,0.7692307692307692,0.6443054698056814,1,0.7692307692307692,0.6114630984095363,1,0.7692307692307692,0.617524471603911,1,0.7692307692307692,0.633698487228465,1,0.7692307692307692
2025-02-22,1857,290,Red,0.6805555555555556,1,-1.0,0.3682737169517885,0,2.0,0.6078006881466295,1,-1.0,0.5761460274860704,1,-1.0,0.508666173254291,1,-1.0,0.5398192099581417,1,-1.0,0.5937920528764329,1,-1.0,0.5208374923263452,1,-1.0,0.6088786886990863,1,-1.0,0.6690917540480391,1,-1.0
2025-02-22,2975,261,Red,0.19117647058823528,0,0.18181818181818188,0.3682737169517885,0,0.18181818181818188,0.160206671083403,0,0.18181818181818188,0.40040501269179424,0,0.18181818181818188,0.42196559177052795,0,0.18181818181818188,0.418620309937454,0,0.18181818181818188,0.40388638982760006,0,0.18181818181818188,0.31161654399340294,0,0.18181818181818188,0.5382924007503719,1,-1.0,0.4741209836518504,0,0.18181818181818188
2025-02-22,395,3232,Red,0.2904564315352697,0,0.3508771929824561,0.3682737169517885,0,0.3508771929824561,0.2258792744358568,0,0.3508771929824561,0.4297836950471432,0,0.3508771929824561,0.4345776599912814,0,0.3508771929824561,0.38432819304878146,0,0.3508771929824561,0.41430795940733084,0,0.3508771929824561,0.2928211684331107,0,0.3508771929824561,0.36911251062092076,0,0.3508771929824561,0.4418555551095907,0,0.3508771929824561
2025-02-22,1328,3116,Red,0.3306973400431344,0,0.40816326530612246,0.3682737169517885,0,0.40816326530612246,0.2574093115708699,0,0.40816326530612246,0.6385068803126615,1,-1.0,0.4980583707693235,0,0.40816326530612246,0.40158772362946576,0,0.40816326530612246,0.35914655705067594,0,0.40816326530612246,0.3571708389292106,0,0.40816326530612246,0.41936016644246754,0,0.40816326530612246,0.6975624705131227,1,-1.0
2025-02-22,3154,3245,Blue,0.5108342361863489,1,0.8695652173913042,0.3682737169517885,0,-1.0,0.4283935113921339,0,-1.0,0.4809546451692628,0,-1.0,0.43873136546624564,0,-1.0,0.4389144989141118,0,-1.0,0.4144739143934913,0,-1.0,0.4045822409009169,0,-1.0,0.3514381205459581,0,-1.0,0.3461467117523549,0,-1.0
2025-02-22,190,897,Blue,0.7342398022249692,1,0.303030303030303,0.3682737169517885,0,-1.0,0.6610260903383186,1,0.303030303030303,0.7861398132107101,1,0.303030303030303,0.6285737062460844,1,0.303030303030303,0.3702355427560034,0,-1.0,0.36718661157751215,0,-1.0,0.4414213496680192,0,-1.0,0.3666651093451055,0,-1.0,0.7934361557576914,1,0.303030303030303
2025-02-22,533,3230,Red,0.6233894945490583,1,-1.0,0.3682737169517885,0,1.5499999999999998,0.5481948455858207,1,-1.0,0.6283928833268363,1,-1.0,0.4690588903460786,0,1.5499999999999998,0.5383562480784345,1,-1.0,0.45914263121124255,0,1.5499999999999998,0.5856461861488499,1,-1.0,0.5307486504637257,1,-1.0,0.3425899133080846,0,1.5499999999999998
2025-02-22,718,3122,Red,0.5859872611464968,1,-1.0,0.3682737169517885,0,1.2999999999999998,0.5083194755937426,1,-1.0,0.4488748856158745,0,1.2999999999999998,0.42261736434871916,0,1.2999999999999998,0.5712673745100216,1,-1.0,0.5795207458411554,1,-1.0,0.6648470875687005,1,-1.0,0.5500524291493081,1,-1.0,0.43773960270489437,0,1.2999999999999998
2025-03-01,3195,195,Red,0.30874785591766724,0,0.3846153846153846,0.3682737169517885,0,0.3846153846153846,0.23986287486965338,0,0.3846153846153846,0.2540864967395145,0,0.3846153846153846,0.36681217598393057,0,0.3846153846153846,0.33445673356018185,0,0.3846153846153846,0.33542920631984346,0,0.3846153846153846,0.3574873441978371,0,0.3846153846153846,0.3917438752820335,0,0.3846153846153846,0.17086614222113325,0,0.3846153846153846
2025-03-01,1152,176,Blue,0.6301020408163265,1,0.5263157894736841,0.3682737169517885,0,-1.0,0.5553009752743421,1,0.5263157894736841,0.18808707836608599,0,-1.0,0.26124117070176084,0,-1.0,0.49737754989535177,0,-1.0,0.44928738150502207,0,-1.0,0.4709008431851028,0,-1.0,0.4637711593937264,0,-1.0,0.034667283212144795,0,-1.0
2025-03-01,862,1673,Red,0.6923725242309313,1,-1.0,0.3682737169517885,0,2.1,0.6197904584942376,1,-1.0,0.39450316326456103,0,2.1,0.4202365885557394,0,2.1,0.46440340518900874,0,2.1,0.5625880654297811,1,-1.0,0.4247349472277423,0,2.1,0.45400737690000675,0,2.1,0.40341832032471664,0,2.1
2025-03-01,386,1260,Red,0.5108342361863489,1,-1.0,0.3682737169517885,0,0.9523809523809523,0.4283935113921339,0,0.9523809523809523,0.3771583325754788,0,0.9523809523809523,0.38982346959883585,0,0.9523809523809523,0.3324494598538716,0,0.9523809523809523,0.35014199760900133,0,0.9523809523809523,0.41542728619443525,0,0.9523809523809523,0.3495712956080708,0,0.9523809523809523,0.6317101040307802,1,-1.0
2025-03-01,3125,787,Red,0.6581196581196581,1,-1.0,0.3682737169517885,0,1.7999999999999998,0.584686190154043,1,-1.0,0.4631148980955374,0,1.7999999999999998,0.4234129085147622,0,1.7999999999999998,0.37137742268624635,0,1.7999999999999998,0.458684492729643,0,1.7999999999999998,0.5078853461316039,1,-1.0,0.43987538703341866,0,1.7999999999999998,0.221342079069001,0,1.7999999999999998
2025-03-01,3240,1541,Blue,0.33635187580853815,0,-1.0,0.3682737169517885,0,-1.0,0.2620630016519996,0,-1.0,0.3141857641805766,0,-1.0,0.3468800342411191,0,-1.0,0.34936835401154287,0,-1.0,0.3920891524058945,0,-1.0,0.30300573034971884,0,-1.0,0.3204516815720013,0,-1.0,0.14787586987653925,0,-1.0
2025-03-01,1648,1253,Blue,0.7543125980135912,1,0.2702702702702702,0.3682737169517885,0,-1.0,0.6800041739827182,1,0.2702702702702702,0.5281245433675538,1,0.2702702702702702,0.44261590721090865,0,-1.0,0.4732977882683764,0,-1.0,0.4021349567317984,0,-1.0,0.33192734491228165,0,-1.0,0.4636533131070907,0,-1.0,0.3576922130413693,0,-1.0
2025-03-01,1009,3074,Blue,0.4572564612326044,0,-1.0,0.3682737169517885,0,-1.0,0.37337940486727245,0,-1.0,0.34593711755755086,0,-1.0,0.4120512724810528,0,-1.0,0.4684568632978079,0,-1.0,0.5185709867777842,1,1.1,0.442193568195282,0,-1.0,0.5312375712931516,1,1.1,0.3902665605745971,0,-1.0
2025-03-01,1121,2994,Blue,0.8088235294117646,1,0.18181818181818188,0.3682737169517885,0,-1.0,0.7285192649888979,1,0.18181818181818188,0.4213177810230208,0,-1.0,0.40728318884480175,0,-1.0,0.38235770289309684,0,-1.0,0.3659309814847855,0,-1.0,0.3470567441401524,0,-1.0,0.39086267162166427,0,-1.0,0.3211009123187937,0,-1.0
2025-03-01,1040,3112,Red,0.3418803418803419,0,0.4545454545454546,0.3682737169517885,0,0.4545454545454546,0.2666650592881528,0,0.4545454545454546,0.25706072933874324,0,0.4545454545454546,0.3149303969580237,0,0.4545454545454546,0.4166740389240391,0,0.4545454545454546,0.3618727866401953,0,0.4545454545454546,0.37945856276881007,0,0.4545454545454546,0.3983696261607292,0,0.4545454545454546,0.25686282489800527,0,0.4545454545454546
2025-03-08,740,709,Red,0.5911949685534592,1,-1.0,0.3682737169517885,0,1.35,0.5138895159858577,1,-1.0,0.6717357461227074,1,-1.0,0.5864162465315945,1,-1.0,0.4887709031164915,0,1.35,0.5401059762631578,1,-1.0,0.4473778024389915,0,1.35,0.606476559992874,1,-1.0,0.557996562495066,1,-1.0
2025-03-08,2016,263,Blue,0.5324675324675325,1,0.8,0.3682737169517885,0,-1.0,0.45120377572871534,0,-1.0,0.4516892244641879,0,-1.0,0.4309548417113182,0,-1.0,0.4909863924681533,0,-1.0,0.4904848497529664,0,-1.0,0.5750933139500496,1,0.8,0.4581007114986282,0,-1.0,0.45220191371646384,0,-1.0
2025-03-08,1159,1202,Red,0.5633187772925765,1,-1.0,0.3682737169517885,0,1.15,0.4840677497434861,0,1.15,0.9039002429868142,1,-1.0,0.7066140292359084,1,-1.0,0.6028552748993923,1,-1.0,0.5583173677196662,1,-1.0,0.6611485084611833,1,-1.0,0.6174782380222368,1,-1.0,0.962087102129492,1,-1.0
2025-03-08,3103,2965,Blue,0.7919655667144906,1,0.20833333333333326,0.3682737169517885,0,-1.0,0.7140146800651497,1,0.20833333333333326,0.6070571522361137,1,0.20833333333333326,0.5074587663249431,1,0.20833333333333326,0.47441594477192855,0,-1.0,0.5131970251155877,1,0.20833333333333326,0.5136741034919278,1,0.20833333333333326,0.4861708974965636,0,-1.0,0.5923529498299444,1,0.20833333333333326
2025-03-08,3231,1263,Red,0.29780564263322884,0,0.3571428571428572,0.3682737169517885,0,0.3571428571428572,0.2314273388242176,0,0.3571428571428572,0.3100903934361587,0,0.3571428571428572,0.3682304046836948,0,0.3571428571428572,0.3073918992227815,0,0.3571428571428572,0.3371790714529386,0,0.3571428571428572,0.2229713328930387,0,0.3571428571428572,0.26451622015281184,0,0.3571428571428572,0.2211433440503845,0,0.3571428571428572
2025-03-08,1563,221,Blue,0.4782608695652174,0,-1.0,0.3682737169517885,0,-1.0,0.3946428047638027,0,-1.0,0.3978129914276202,0,-1.0,0.4044710155927886,0,-1.0,0.4009729018258431,0,-1.0,0.39242733172497857,0,-1.0,0.3636849659205476,0,-1.0,0.348516494837684,0,-1.0,0.4140964694937287,0,-1.0
2025-03-08,1388,3217,Blue,0.8465011286681716,1,0.1333333333333333,0.3682737169517885,0,-1.0,0.7592186182518044,1,0.1333333333333333,0.4919716341758842,0,-1.0,0.4606063522226983,0,-1.0,0.5994416543495492,1,0.1333333333333333,0.6659876130428874,1,0.1333333333333333,0.5559704094168217,1,0.1333333333333333,0.5721477845666849,1,0.1333333333333333,0.2164181312957212,0,-1.0
2025-03-08,693,1578,Red,0.552594002855783,1,-1.0,0.3682737169517885,0,1.15,0.47261304800379783,0,1.15,0.3066660914310823,0,1.15,0.36206266348658456,0,1.15,0.3760882717357175,0,1.15,0.44765113542311413,0,1.15,0.3278452295291775,0,1.15,0.32655970027079745,0,1.15,0.28417284418172023,0,1.15
2025-03-08,2037,3011,Red,0.4059747223286097,0,0.606060606060606,0.3682737169517885,0,0.606060606060606,0.32360454955462187,0,0.606060606060606,0.1965050947403907,0,0.606060606060606,0.34644666874012814,0,0.606060606060606,0.4176029643301318,0,0.606060606060606,0.4170310721949893,0,0.606060606060606,0.4172307196835942,0,0.606060606060606,0.43628632277109897,0,0.606060606060606,0.4663350088183156,0,0.606060606060606
2025-03-08,2982,2974,Blue,0.3614457831325302,0,-1.0,0.3682737169517885,0,-1.0,0.28335907035899244,0,-1.0,0.31950400652326594,0,-1.0,0.3782752161124404,0,-1.0,0.22049974907560047,0,-1.0,0.2833122016694887,0,-1.0,0.29077723128452726,0,-1.0,0.3681175188309616,0,-1.0,0.16359969954807696,0,-1.0
2025-03-15,2054,600,Blue,0.4088050314465409,0,-1.0,0.3682737169517885,0,-1.0,0.32626198954654007,0,-1.0,0.34351211425525874,0,-1.0,0.39712855760356675,0,-1.0,0.3558999725764432,0,-1.0,0.4801952406159769,0,-1.0,0.22426131351594994,0,-1.0,0.34553247513526325,0,-1.0,0.7596166375221204,1,1.35
2025-03-15,3270,3247,Red,0.8524590163934427,1,-1.0,0.3682737169517885,0,5.5,0.7638497555674888,1,-1.0,0.5016226036563525,1,-1.0,0.44441117378292805,0,5.5,0.5231549682343798,1,-1.0,0.48861958046162696,0,5.5,0.5881359068755743,1,-1.0,0.5212104031919229,1,-1.0,0.323139400678976,0,5.5
2025-03-15,2979,1905,Red,0.38356164383561653,0,0.5555555555555556,0.3682737169517885,0,0.5555555555555556,0.3029701498676844,0,0.5555555555555556,0.18911385714244477,0,0.5555555555555556,0.32759441610989815,0,0.5555555555555556,0.34099352444940667,0,0.5555555555555556,0.3664803182479391,0,0.5555555555555556,0.22130021046035167,0,0.5555555555555556,0.25185518038035803,0,0.5555555555555556,0.6481544498227625,1,-1.0
2025-03-15,467,3200,Blue,0.8223350253807106,1,0.16666666666666674,0.3682737169517885,0,-1.0,0.739805583621341,1,0.16666666666666674,0.6357371602013129,1,0.16666666666666674,0.5451035610895141,1,0.16666666666666674,0.4569643338687455,0,-1.0,0.4868059823225202,0,-1.0,0.43902624051414735,0,-1.0,0.5027113823412713,1,0.16666666666666674,0.7094076903045722,1,0.16666666666666674
2025-03-15,3073,952,Blue,0.3244274809160305,0,-1.0,0.3682737169517885,0,-1.0,0.2523127438166796,0,-1.0,0.24224933992788114,0,-1.0,0.32563920100048704,0,-1.0,0.35274728430610786,0,-1.0,0.3414958163537973,0,-1.0,0.2955842084710984,0,-1.0,0.33172260502708645,0,-1.0,0.15105156736185985,0,-1.0
2025-03-15,1469,411,Blue,0.3766105054509415,0,-1.0,0.3682737169517885,0,-1.0,0.2967237866187604,0,-1.0,0.04022442425629854,0,-1.0,0.1535228202467256,0,-1.0,0.33998340113045983,0,-1.0,0.3421663768405753,0,-1.0,0.41984195191104573,0,-1.0,0.33592701193977054,0,-1.0,0.12904293192604183,0,-1.0
2025-03-15,277,3010,Blue,0.7663551401869159,1,0.25,0.3682737169517885,0,-1.0,0.6911153027742297,1,0.25,0.4682163464366685,0,-1.0,0.3987669390371763,0,-1.0,0.46645393041484356,0,-1.0,0.46438492345732296,0,-1.0,0.5926838097732855,1,0.25,0.45169763793300993,0,-1.0,0.45569300110720135,0,-1.0
2025-03-15,896,924,Red,0.35527082119976705,0,0.4878048780487805,0.3682737169517885,0,0.4878048780487805,0.2780225442047455,0,0.4878048780487805,0.25396301229985296,0,0.4878048780487805,0.3571698122238597,0,0.4878048780487805,0.4135609668109668,0,0.4878048780487805,0.41324776663521984,0,0.4878048780487805,0.19154844714619182,0,0.4878048780487805,0.2483246659692029,0,0.4878048780487805,0.19892689464830673,0,0.4878048780487805
2025-03-15,1455,2160,Red,0.6465222348916762,1,-1.0,0.3682737169517885,0,1.7000000000000002,0.5725832378846029,1,-1.0,0.22520145975752554,0,1.7000000000000002,0.32888455755422025,0,1.7000000000000002,0.4033672318966438,0,1.7000000000000002,0.3653821902871222,0,1.7000000000000002,0.34124685457954457,0,1.7000000000000002,0.2867195939159548,0,1.7000000000000002,0.2470294378887249,0,1.7000000000000002
2025-03-15,332,766,Red,0.2042241228835748,0,0.2061855670103092,0.3682737169517885,0,0.2061855670103092,0.16786408062514127,0,0.2061855670103092,0.31026108460856344,0,0.2061855670103092,0.4107651570875049,0,0.2061855670103092,0.3578622396122396,0,0.2061855670103092,0.3669515487475692,0,0.2061855670103092,0.31986320759296394,0,0.2061855670103092,0.38173730225976255,0,0.2061855670103092,0.14332237884373766,0,0.2061855670103092
2025-03-15,3203,3269,Red,0.18041237113402062,0,0.16666666666666674,0.3682737169517885,0,0.16666666666666674,0.15410429549574012,0,0.16666666666666674,0.356678294097699,0,0.16666666666666674,0.40912705754362116,0,0.16666666666666674,0.21469789469789466,0,0.16666666666666674,0.2816720109059884,0,0.16666666666666674,0.17676490387158533,0,0.16666666666666674,0.26841495604177973,0,0.16666666666666674,0.14703675553415826,0,0.16666666666666674
2025-03-15,3049,3085,Blue,0.23809523809523808,0,-1.0,0.3682737169517885,0,-1.0,0.18910177324538888,0,-1.0,0.41966945085456514,0,-1.0,0.4224566611672995,0,-1.0,0.2962476156498843,0,-1.0,0.35897482754318644,0,-1.0,0.5031084318898718,1,3.0,0.3784065439180921,0,-1.0,0.4032834450025963,0,-1.0
2025-03-15,3139,3022,Blue,0.7543125980135912,1,0.2702702702702702,0.3682737169517885,0,-1.0,0.6800041739827182,1,0.2702702702702702,0.5226134591753875,1,0.2702702702702702,0.4739025518149908,0,-1.0,0.4257162182387705,0,-1.0,0.41373243615318167,0,-1.0,0.5343298170058853,1,0.2702702702702702,0.5675832528208132,1,0.2702702702702702,0.7189341308389539,1,0.2702702702702702
2025-03-22,3267,619,Blue,0.27792074112197634,0,-1.0,0.3682737169517885,0,-1.0,0.2166348535079764,0,-1.0,0.37262083280084224,0,-1.0,0.41599424131003204,0,-1.0,0.3782954210821858,0,-1.0,0.41568720530635817,0,-1.0,0.4280625162856701,0,-1.0,0.49664978080317324,0,-1.0,0.5022412205514776,1,2.45
2025-03-22,1440,920,Blue,0.4532304725168756,0,-1.0,0.3682737169517885,0,-1.0,0.3693563055532054,0,-1.0,0.7766619414046578,1,1.1,0.7150653331092329,1,1.1,0.39681207273119046,0,-1.0,0.45863268475385544,0,-1.0,0.28707616750065024,0,-1.0,0.5087894228675235,1,1.1,0.47859435117394244,0,-1.0
2025-03-22,329,2020,Blue,0.7446808510638299,1,0.2857142857142856,0.3682737169517885,0,-1.0,0.6709671684698175,1,0.2857142857142856,0.5832755214961585,1,0.2857142857142856,0.5209623911789087,1,0.2857142857142856,0.6322734400675578,1,0.2857142857142856,0.634722873953111,1,0.2857142857142856,0.6951632048879554,1,0.2857142857142856,0.5991157437305046,1,0.2857142857142856,0.8561283345394736,1,0.2857142857142856
2025-03-22,639,361,Blue,0.5427435387673957,1,0.7692307692307692,0.3682737169517885,0,-1.0,0.46211721698599134,0,-1.0,0.5344017197560295,1,0.7692307692307692,0.5445908345714179,1,0.7692307692307692,0.4715104821076184,0,-1.0,0.5071416294616327,1,0.7692307692307692,0.45984132090418933,0,-1.0,0.40684997961601216,0,-1.0,0.8958272903339847,1,0.7692307692307692
2025-03-22,620,3117,Red,0.21809369951534735,0,0.2272727272727273,0.3682737169517885,0,0.2272727272727273,0.1763212452720062,0,0.2272727272727273,0.29719414811994344,0,0.2272727272727273,0.3691610432030344,0,0.2272727272727273,0.3115633087445686,0,0.2272727272727273,0.36343441785378716,0,0.2272727272727273,0.3429943631927565,0,0.2272727272727273,0.42356225058605157,0,0.2272727272727273,0.2760268699807053,0,0.2272727272727273
2025-03-22,2127,2925,Red,0.5,0,0.9090909090909092,0.3682737169517885,0,0.9090909090909092,0.41707702825587434,0,0.9090909090909092,0.3163565026568023,0,0.9090909090909092,0.3963838816839401,0,0.9090909090909092,0.4727896964196769,0,0.9090909090909092,0.4637787947628326,0,0.9090909090909092,0.48296897106243797,0,0.9090909090909092,0.472925672226713,0,0.9090909090909092,0.4311814649369981,0,0.9090909090909092
2025-03-22,1294,3044,Blue,0.644729178800233,1,0.4878048780487805,0.3682737169517885,0,-1.0,0.5707038585142735,1,0.4878048780487805,0.391757612141194,0,-1.0,0.40423250976054215,0,-1.0,0.40197936513377686,0,-1.0,0.4196779494327924,0,-1.0,0.40809313770228817,0,-1.0,0.42818091567161437,0,-1.0,0.15185683712742007,0,-1.0
2025-03-22,270,3268,Red,0.35527082119976705,0,0.4878048780487805,0.3682737169517885,0,0.4878048780487805,0.2780225442047455,0,0.4878048780487805,0.4914720664171044,0,0.4878048780487805,0.47435208088818903,0,0.4878048780487805,0.4167737526634585,0,0.4878048780487805,0.47962915334554423,0,0.4878048780487805,0.5247689909386253,1,-1.0,0.5231751741757594,1,-1.0,0.4262811540156567,0,0.4878048780487805
2025-03-22,1110,2954,Blue,0.24,0,-1.0,0.3682737169517885,0,-1.0,0.19035518287048397,0,-1.0,0.5439892847966274,1,3.0,0.5000657795607956,1,3.0,0.4416364702835291,0,-1.0,0.47658159281905105,0,-1.0,0.46220828070338477,0,-1.0,0.4910477449738145,0,-1.0,0.4203760518065215,0,-1.0
2025-03-22,892,3028,Blue,0.46324269889224573,0,-1.0,0.3682737169517885,0,-1.0,0.37939373175816554,0,-1.0,0.6762326333518882,1,1.0499999999999998,0.5217447486537456,1,1.0499999999999998,0.5950394431276784,1,1.0499999999999998,0.5382997574169235,1,1.0499999999999998,0.6597441109552725,1,1.0499999999999998,0.5682313777914412,1,1.0499999999999998,0.2691132790831629,0,-1.0
2025-03-22,3253,2927,Blue,0.41700735895339325,0,-1.0,0.3682737169517885,0,-1.0,0.33402620438123604,0,-1.0,0.3186860138877896,0,-1.0,0.38687721482462,0,-1.0,0.33375183286212706,0,-1.0,0.3507317779018275,0,-1.0,0.29285572833667467,0,-1.0,0.3183343826885702,0,-1.0,0.3600085770806126,0,-1.0
2025-03-22,2017,1532,Red,0.6164383561643836,1,-1.0,0.3682737169517885,0,1.5,0.5408154001134118,1,-1.0,0.8114175804835462,1,-1.0,0.6421754396886459,1,-1.0,0.5880788258582376,1,-1.0,0.6641499764072067,1,-1.0,0.6485591389614925,1,-1.0,0.4954705377059026,0,1.5,0.43633974677096654,0,1.5
2025-03-22,3102,2938,Red,0.29556650246305427,0,0.36363636363636376,0.3682737169517885,0,0.36363636363636376,0.2297269369169647,0,0.36363636363636376,0.44900301083901134,0,0.36363636363636376,0.45636490129035095,0,0.36363636363636376,0.4940145077660561,0,0.36363636363636376,0.49886863309517815,0,0.36363636363636376,0.4122104055174543,0,0.36363636363636376,0.41888791117137514,0,0.36363636363636376,0.5411426769883725,1,-1.0
2025-03-29,3021,947,Red,0.41700735895339325,0,0.6451612903225805,0.3682737169517885,0,0.6451612903225805,0.33402620438123604,0,0.6451612903225805,0.48378355311144394,0,0.6451612903225805,0.48425781872569623,0,0.6451612903225805,0.39149482189923385,0,0.6451612903225805,0.431961474830655,0,0.6451612903225805,0.3712064247724701,0,0.6451612903225805,0.45996937021579826,0,0.6451612903225805,0.4616832288722335,0,0.6451612903225805
2025-03-29,653,1349,Red,0.19999999999999998,0,0.19999999999999996,0.3682737169517885,0,0.19999999999999996,0.165353541252866,0,0.19999999999999996,0.26259949793339077,0,0.19999999999999996,0.3328880830813914,0,0.19999999999999996,0.38749519462019455,0,0.19999999999999996,0.3854582290942411,0,0.19999999999999996,0.357187075739596,0,0.19999999999999996,0.3674601948665842,0,0.19999999999999996,0.5291176447801612,1,-1.0
2025-03-29,775,3017,Red,0.3281853281853282,0,0.41666666666666674,0.3682737169517885,0,0.41666666666666674,0.25535932781231635,0,0.41666666666666674,0.2475340383407867,0,0.41666666666666674,0.37771532243902733,0,0.41666666666666674,0.5376681317764906,1,-1.0,0.6003327407843078,1,-1.0,0.49131452516383023,0,0.41666666666666674,0.6015451891220938,1,-1.0,0.4168499708083178,0,0.41666666666666674
2025-03-29,3212,3160,Blue,0.7864077669902914,1,0.22222222222222232,0.3682737169517885,0,-1.0,0.7091321994444105,1,0.22222222222222232,0.5437652836532151,1,0.22222222222222232,0.4799966544644615,0,-1.0,0.4781136691539165,0,-1.0,0.48642264134070407,0,-1.0,0.44466147287298213,0,-1.0,0.523876054784797,1,0.22222222222222232,0.551692447419477,1,0.22222222222222232
2025-03-29,3266,2951,Blue,0.41700735895339325,0,-1.0,0.3682737169517885,0,-1.0,0.33402620438123604,0,-1.0,0.4677034200735053,0,-1.0,0.471166174346918,0,-1.0,0.3609889291994556,0,-1.0,0.39801710020320424,0,-1.0,0.4308864926266509,0,-1.0,0.4071383966348792,0,-1.0,0.2868807199508154,0,-1.0
2025-03-29,2963,595,Red,0.4675324675324676,0,0.8,0.3682737169517885,0,0.8,0.3837266583299639,0,0.8,0.27899366941836246,0,0.8,0.4381716863488481,0,0.8,0.32217181293651886,0,0.8,0.420562013701338,0,0.8,0.3237352682589281,0,0.8,0.36655956601023676,0,0.8,0.3790993273226484,0,0.8
2025-03-29,454,2053,Red,0.29780564263322884,0,0.3571428571428572,0.3682737169517885,0,0.3571428571428572,0.2314273388242176,0,0.3571428571428572,0.2763204360321288,0,0.3571428571428572,0.3870298353134827,0,0.3571428571428572,0.4269014689014688,0,0.3571428571428572,0.4572578092673122,0,0.3571428571428572,0.363875674850949,0,0.3571428571428572,0.36681426117709,0,0.3571428571428572,0.3577308984072612,0,0.3571428571428572
2025-03-29,1733,1379,Red,0.2080344332855093,0,0.20833333333333326,0.3682737169517885,0,0.20833333333333326,0.1701546964663968,0,0.20833333333333326,0.1752903853965721,0,0.20833333333333326,0.32410157237139364,0,0.20833333333333326,0.3409295481207245,0,0.20833333333333326,0.32281919811047033,0,0.20833333333333326,0.18940479313670333,0,0.20833333333333326,0.19610466068314733,0,0.20833333333333326,0.15336548608509293,0,0.20833333333333326
2025-03-29,755,1592,Red,0.27272727272727276,0,0.3125,0.3682737169517885,0,0.3125,0.2128860244502085,0,0.3125,0.22604925890233876,0,0.3125,0.36900753641075834,0,0.3125,0.37381024993525,0,0.3125,0.30820794162009574,0,0.3125,0.2409155676570512,0,0.3125,0.27079613802898067,0,0.3125,0.13144003701830823,0,0.3125
2025-03-29,1385,658,Red,0.30423004792665137,0,0.37735849056603765,0.3682737169517885,0,0.37735849056603765,0.23635470576792184,0,0.37735849056603765,0.6096291833814687,1,-1.0,0.4927563212034593,0,0.37735849056603765,0.4089467610706,0,0.37735849056603765,0.5629605752597886,1,-1.0,0.45787780996411714,0,0.37735849056603765,0.47592958266724267,0,0.37735849056603765,0.9766831323336319,1,-1.0
2025-03-29,1712,505,Blue,0.38356164383561653,0,-1.0,0.3682737169517885,0,-1.0,0.3029701498676844,0,-1.0,0.4292410934456179,0,-1.0,0.4703499160542193,0,-1.0,0.3581941628632803,0,-1.0,0.3869919056588805,0,-1.0,0.34376604539605227,0,-1.0,0.5063512008575315,1,1.5,0.5421674381123773,1,1.5
2025-03-29,2980,1493,Red,0.19999999999999998,0,0.19999999999999996,0.3682737169517885,0,0.19999999999999996,0.165353541252866,0,0.19999999999999996,0.3874875829423021,0,0.19999999999999996,0.43097844119970474,0,0.19999999999999996,0.28427542069349526,0,0.19999999999999996,0.309425014171456,0,0.19999999999999996,0.24142949536261663,0,0.19999999999999996,0.31982182496923145,0,0.19999999999999996,0.16768100991957988,0,0.19999999999999996
2025-04-05,654,1412,Blue,0.7342398022249692,1,0.303030303030303,0.3682737169517885,0,-1.0,0.6610260903383186,1,0.303030303030303,0.701886119827347,1,0.303030303030303,0.5209622758034268,1,0.303030303030303,0.6192562253564572,1,0.303030303030303,0.6398334556901745,1,0.303030303030303,0.762045616987465,1,0.303030303030303,0.6963578471603191,1,0.303030303030303,0.9730015572913199,1,0.303030303030303
2025-04-05,303,3101,Blue,0.88,1,0.09090909090909083,0.3682737169517885,0,-1.0,0.7844501776671469,1,0.09090909090909083,0.5104194132509056,1,0.09090909090909083,0.44585403109012844,0,-1.0,0.40743327195107365,0,-1.0,0.41592673254291324,0,-1.0,0.4127794874930681,0,-1.0,0.3174961072834467,0,-1.0,0.4257095418723578,0,-1.0
2025-04-05,1193,1468,Red,0.1322834645669291,0,0.10526315789473673,0.3682737169517885,0,0.10526315789473673,0.129117935064936,0,0.10526315789473673,0.5416872743261626,1,-1.0,0.4993703131173291,0,0.10526315789473673,0.28298517169105414,0,0.10526315789473673,0.36084181213036204,0,0.10526315789473673,0.23586681045567526,0,0.10526315789473673,0.3166369047225557,0,0.10526315789473673,0.23013458128734626,0,0.10526315789473673
2025-04-05,1307,3238,Red,0.5620437956204379,1,-1.0,0.3682737169517885,0,1.2000000000000002,0.4827048796685817,0,1.2000000000000002,0.5055153416018726,1,-1.0,0.44097076726221957,0,1.2000000000000002,0.5090626131675767,1,-1.0,0.50955540752933,1,-1.0,0.4623388503893617,0,1.2000000000000002,0.44965731294502687,0,1.2000000000000002,0.5081955658392276,1,-1.0
2025-04-05,391,3252,Red,0.3907637655417407,0,0.5714285714285714,0.3682737169517885,0,0.5714285714285714,0.3095197320582117,0,0.5714285714285714,0.37972248230156325,0,0.5714285714285714,0.4218441284590852,0,0.5714285714285714,0.43486665425413357,0,0.5714285714285714,0.3780128599261387,0,0.5714285714285714,0.40483546251221864,0,0.5714285714285714,0.4567143393804789,0,0.5714285714285714,0.6908604114450232,1,-1.0
2025-04-05,576,2944,Blue,0.5,0,-1.0,0.3682737169517885,0,-1.0,0.41707702825587434,0,-1.0,0.6026698238406937,1,0.9090909090909092,0.5031149693864498,1,0.9090909090909092,0.4594607002474649,0,-1.0,0.5047392465700364,1,0.9090909090909092,0.5171074982088785,1,0.9090909090909092,0.4614851479445694,0,-1.0,0.3339913966043447,0,-1.0
2025-04-05,1504,3146,Red,0.6853932584269663,1,-1.0,0.3682737169517885,0,2.05,0.6127257745745904,1,-1.0,0.40668710553729237,0,2.05,0.404698297112394,0,2.05,0.5089382559505625,1,-1.0,0.5166075093147252,1,-1.0,0.44361121363398853,0,2.05,0.43898310661541384,0,2.05,0.5417199589372876,1,-1.0
2025-04-05,1968,1320,Red,0.4009077155824508,0,0.606060606060606,0.3682737169517885,0,0.606060606060606,0.31887541179245016,0,0.606060606060606,0.5558271175263818,1,-1.0,0.5567055670057918,1,-1.0,0.43774933689175194,0,0.606060606060606,0.5901488672959659,1,-1.0,0.5243308052785403,1,-1.0,0.606074922452363,1,-1.0,0.4966359097440843,0,0.606060606060606
2025-04-05,1748,375,Red,0.6581196581196581,1,-1.0,0.3682737169517885,0,1.7999999999999998,0.584686190154043,1,-1.0,0.274206014816545,0,1.7999999999999998,0.36375241808883124,0,1.7999999999999998,0.36367858764329347,0,1.7999999999999998,0.34169998236484284,0,1.7999999999999998,0.35381674098333393,0,1.7999999999999998,0.45941457413187414,0,1.7999999999999998,0.19699364972422442,0,1.7999999999999998
2025-04-05,891,3265,Red,0.35527082119976705,0,0.4878048780487805,0.3682737169517885,0,0.4878048780487805,0.2780225442047455,0,0.4878048780487805,0.37881321236768006,0,0.4878048780487805,0.43607801887227077,0,0.4878048780487805,0.43821752729840946,0,0.4878048780487805,0.4792606380006838,0,0.4878048780487805,0.4524304852264539,0,0.4878048780487805,0.41732543124821153,0,0.4878048780487805,0.3138598933086647,0,0.4878048780487805
2025-04-05,3264,3239,Blue,0.5829926410466066,1,0.6451612903225805,0.3682737169517885,0,-1.0,0.5051154764827089,1,0.6451612903225805,0.3562520714829663,0,-1.0,0.38093085672838606,0,-1.0,0.3734529364970544,0,-1.0,0.4004113826968189,0,-1.0,0.47983337025608036,0,-1.0,0.5088181589015514,1,0.6451612903225805,0.1835380732764281,0,-1.0
2025-04-05,3221,3059,Red,0.26920031670625494,0,0.3076923076923077,0.3682737169517885,0,0.3076923076923077,0.21036725320549612,0,0.3076923076923077,0.20937299333045176,0,0.3076923076923077,0.28628998016214213,0,0.3076923076923077,0.22765998317701105,0,0.3076923076923077,0.2569623881052555,0,0.3076923076923077,0.128564283092944,0,0.3076923076923077,0.19820786905226917,0,0.3076923076923077,0.07184223549382172,0,0.3076923076923077
2025-04-12,1100,1667,Blue,0.4088050314465409,0,-1.0,0.3682737169517885,0,-1.0,0.32626198954654007,0,-1.0,0.636653267694196,1,1.35,0.5830325043282543,1,1.35,0.4000778121660476,0,-1.0,0.42412119139887555,0,-1.0,0.3753309042336459,0,-1.0,0.3783157068353848,0,-1.0,0.3707380019014832,0,-1.0
2025-04-12,2069,1195,Red,0.41700735895339325,0,0.6451612903225805,0.3682737169517885,0,0.6451612903225805,0.33402620438123604,0,0.6451612903225805,0.04463516339729584,0,0.6451612903225805,0.14149669195487585,0,0.6451612903225805,0.46720495571966175,0,0.6451612903225805,0.5417643340114204,1,-1.0,0.37656888782276915,0,0.6451612903225805,0.49660283853321574,0,0.6451612903225805,0.1760424637455658,0,0.6451612903225805
2025-04-12,1703,2966,Red,0.4009077155824508,0,0.606060606060606,0.3682737169517885,0,0.606060606060606,0.31887541179245016,0,0.606060606060606,0.10997225378357484,0,0.606060606060606,0.29465501889192636,0,0.606060606060606,0.4307486213620113,0,0.606060606060606,0.48600064279411004,0,0.606060606060606,0.4564894752252407,0,0.606060606060606,0.4765383808575948,0,0.606060606060606,0.6588701740542412,1,-1.0
2025-04-12,617,1487,Blue,0.6255648805681084,1,0.5263157894736841,0.3682737169517885,0,-1.0,0.5505000794775666,1,0.5263157894736841,0.5894516343075844,1,0.5263157894736841,0.5503454921742507,1,0.5263157894736841,0.4342694070062493,0,-1.0,0.437330968824205,0,-1.0,0.4335872515705461,0,-1.0,0.3932065360303897,0,-1.0,0.7138825860533419,1,0.5263157894736841
2025-04-12,2928,512,Red,0.34929577464788736,0,0.4761904761904763,0.3682737169517885,0,0.4761904761904763,0.2729180432441444,0,0.4761904761904763,0.6111703290895375,1,-1.0,0.5079769328471132,1,-1.0,0.434933754512315,0,0.4761904761904763,0.44702184046901067,0,0.4761904761904763,0.44300271215972176,0,0.4761904761904763,0.5021657512863188,1,-1.0,0.2702685731032651,0,0.4761904761904763
2025-04-12,1947,3130,Red,0.42553191489361697,0,0.6666666666666665,0.3682737169517885,0,0.6666666666666665,0.3421918339751657,0,0.6666666666666665,0.3697341372905063,0,0.6666666666666665,0.4124930356643689,0,0.6666666666666665,0.47200078496208525,0,0.6666666666666665,0.5062104777967069,1,-1.0,0.41276181354760116,0,0.6666666666666665,0.3980347829178957,0,0.6666666666666665,0.3078052717843508,0,0.6666666666666665
2025-04-12,645,659,Blue,0.7135512302607419,1,0.3448275862068966,0.3682737169517885,0,-1.0,0.640909438099085,1,0.3448275862068966,0.5853049881832805,1,0.3448275862068966,0.5959842210473499,1,0.3448275862068966,0.5193642641757965,1,0.3448275862068966,0.6134450589971262,1,0.3448275862068966,0.5416837618372672,1,0.3448275862068966,0.5057395260260413,1,0.3448275862068966,0.3796874331746291,0,-1.0
2025-04-12,957,2130,Red,0.6301020408163265,1,-1.0,0.3682737169517885,0,1.6,0.5553009752743421,1,-1.0,0.688200856303782,1,-1.0,0.5247775202212507,1,-1.0,0.47304390113097533,0,1.6,0.5529637497561224,1,-1.0,0.5534881847470543,1,-1.0,0.48444412160390404,0,1.6,0.713190366758613,1,-1.0
2025-04-12,800,3162,Blue,0.7983193277310925,1,0.19999999999999996,0.3682737169517885,0,-1.0,0.7195357743074786,1,0.19999999999999996,0.38501897448961964,0,-1.0,0.39575826580423074,0,-1.0,0.39424273466185206,0,-1.0,0.3896388034613881,0,-1.0,0.41788456603738655,0,-1.0,0.39574352453849304,0,-1.0,0.4845583748650196,0,-1.0
2025-04-12,456,1599,Blue,0.5911949685534592,1,0.625,0.3682737169517885,0,-1.0,0.5138895159858577,1,0.625,0.6394689629928,1,0.625,0.530408111698364,1,0.625,0.5748980833980833,1,0.625,0.513475801892891,1,0.625,0.6756523313816137,1,0.625,0.6274523296471048,1,0.625,0.6363235238630046,1,0.625
2025-04-12,1336,934,Blue,0.863013698630137,1,0.11111111111111116,0.3682737169517885,0,-1.0,0.7719019206707736,1,0.11111111111111116,0.8870323317138036,1,0.11111111111111116,0.6706481624755836,1,0.11111111111111116,0.6532311544664487,1,0.11111111111111116,0.7101964764455948,1,0.11111111111111116,0.8222607730924282,1,0.11111111111111116,0.6427550903332333,1,0.11111111111111116,0.871395833976498,1,0.11111111111111116
2025-04-12,2141,976,Blue,0.5427435387673957,1,0.7692307692307692,0.3682737169517885,0,-1.0,0.46211721698599134,0,-1.0,0.48365721681045093,0,-1.0,0.49625473745214765,0,-1.0,0.40693491666285797,0,-1.0,0.40135890565455556,0,-1.0,0.33202705020939605,0,-1.0,0.37564888594808604,0,-1.0,0.11159097781106163,0,-1.0
2025-04-12,1351,2975,Blue,0.6404361921603301,1,0.4878048780487805,0.3682737169517885,0,-1.0,0.5661960003221348,1,0.4878048780487805,0.2939069834014704,0,-1.0,0.36567245068237647,0,-1.0,0.35628280978280985,0,-1.0,0.3596217193376146,0,-1.0,0.43306184099008,0,-1.0,0.29567296787559594,0,-1.0,0.16159492962335373,0,-1.0
2025-04-26,3152,3263,Red,0.4891657638136511,0,0.8695652173913042,0.3682737169517885,0,0.8695652173913042,0.4058472334649439,0,0.8695652173913042,0.3597945567599704,0,0.8695652173913042,0.40753129580423686,0,0.8695652173913042,0.37251134076476544,0,0.8695652173913042,0.38744062771487786,0,0.8695652173913042,0.47285077519570096,0,0.8695652173913042,0.519797035702563,1,-1.0,0.24528206236403946,0,0.8695652173913042
2025-04-26,186,1402,Red,0.2042241228835748,0,0.2061855670103092,0.3682737169517885,0,0.2061855670103092,0.16786408062514127,0,0.2061855670103092,0.489440382141271,0,0.2061855670103092,0.4833418260024966,0,0.2061855670103092,0.37509129731923857,0,0.2061855670103092,0.4170255016027705,0,0.2061855670103092,0.2938844045151,0,0.2061855670103092,0.39482678508233277,0,0.2061855670103092,0.5994089866329748,1,-1.0
2025-04-26,643,3031,Red,0.3614457831325302,0,0.5,0.3682737169517885,0,0.5,0.28335907035899244,0,0.5,0.3597723890943462,0,0.5,0.39816651718423857,0,0.5,0.39064088008704395,0,0.5,0.4820031223587564,0,0.5,0.37747743547579804,0,0.5,0.5210654719618041,1,-1.0,0.46625870236264294,0,0.5
2025-04-26,464,1498,Blue,0.6465222348916762,1,0.4761904761904763,0.3682737169517885,0,-1.0,0.5725832378846029,1,0.4761904761904763,0.6334871062122913,1,0.4761904761904763,0.4985674516282344,0,-1.0,0.4988911428984961,0,-1.0,0.43569081321785696,0,-1.0,0.4855207256416705,0,-1.0,0.4542675030983093,0,-1.0,0.41899394681736474,0,-1.0
2025-04-26,844,443,Red,0.43439716312056736,0,0.6896551724137931,0.3682737169517885,0,0.6896551724137931,0.35078407501923653,0,0.6896551724137931,0.14981289033858736,0,0.6896551724137931,0.32712463947492143,0,0.6896551724137931,0.42573109721948726,0,0.6896551724137931,0.36927069736383816,0,0.6896551724137931,0.4679367372736274,0,0.6896551724137931,0.4658806550482636,0,0.6896551724137931,0.2636241655097989,0,0.6896551724137931
2025-04-26,457,641,Blue,0.7054263565891473,1,0.3571428571428572,0.3682737169517885,0,-1.0,0.6328668219672613,1,0.3571428571428572,0.6333310953596044,1,0.3571428571428572,0.516876639486461,1,0.3571428571428572,0.53870905892926,1,0.3571428571428572,0.5311978520540978,1,0.3571428571428572,0.6319702885379613,1,0.3571428571428572,0.4865963774166068,0,-1.0,0.39968344680504914,0,-1.0
2025-04-26,1804,711,Red,0.4088050314465409,0,0.625,0.3682737169517885,0,0.625,0.32626198954654007,0,0.625,0.5400466114854344,1,-1.0,0.475898285187549,0,0.625,0.504045390339508,1,-1.0,0.4841534987529766,0,0.625,0.5664462434442274,1,-1.0,0.5050568270658707,1,-1.0,0.6075853105152383,1,-1.0
2025-04-26,210,2056,Red,0.14205607476635515,0,0.11764705882352944,0.3682737169517885,0,0.11764705882352944,0.13389513440553322,0,0.11764705882352944,0.3140297637434143,0,0.11764705882352944,0.3772447166117913,0,0.11764705882352944,0.3113812067562068,0,0.11764705882352944,0.34563399767239833,0,0.11764705882352944,0.27509865425648955,0,0.11764705882352944,0.2981006599980702,0,0.11764705882352944,0.17794635637275472,0,0.11764705882352944
2025-04-26,1562,1231,Blue,0.43439716312056736,0,-1.0,0.3682737169517885,0,-1.0,0.35078407501923653,0,-1.0,0.47672545280587536,0,-1.0,0.48175837118690557,0,-1.0,0.38776043721786757,0,-1.0,0.3987768834891418,0,-1.0,0.3430308074788986,0,-1.0,0.38184611904583543,0,-1.0,0.42066619894179597,0,-1.0
2025-04-26,757,3165,Red,0.41700735895339325,0,0.6451612903225805,0.3682737169517885,0,0.6451612903225805,0.33402620438123604,0,0.6451612903225805,0.3582114060293682,0,0.6451612903225805,0.41395044798228425,0,0.6451612903225805,0.345326318313211,0,0.6451612903225805,0.31991586672184175,0,0.6451612903225805,0.3027392098037767,0,0.6451612903225805,0.3162051147782768,0,0.6451612903225805,0.3810164982728738,0,0.6451612903225805
2025-04-26,1870,3140,Blue,0.7819063004846527,1,0.2272727272727273,0.3682737169517885,0,-1.0,0.7051418815618161,1,0.2272727272727273,0.835673630609491,1,0.2272727272727273,0.667317898755209,1,0.2272727272727273,0.6526347658189762,1,0.2272727272727273,0.5778189296459288,1,0.2272727272727273,0.5955533613239887,1,0.2272727272727273,0.6214937005261315,1,0.2272727272727273,0.6828171688760721,1,0.2272727272727273
2025-04-26,382,537,Red,0.2838619239530401,0,0.3278688524590163,0.3682737169517885,0,0.3278688524590163,0.22098169109077212,0,0.3278688524590163,0.278471616333904,0,0.3278688524590163,0.48551144894442505,0,0.3278688524590163,0.37306800330445855,0,0.3278688524590163,0.3769719995683253,0,0.3278688524590163,0.29598233204991825,0,0.3278688524590163,0.3571479980432448,0,0.3278688524590163,0.12979986374277494,0,0.3278688524590163
2025-04-26,332,165,Red,0.19117647058823528,0,0.18181818181818188,0.3682737169517885,0,0.18181818181818188,0.160206671083403,0,0.18181818181818188,0.2881337860990206,0,0.18181818181818188,0.37024385386133923,0,0.18181818181818188,0.38958084970584994,0,0.18181818181818188,0.4428808412749551,0,0.18181818181818188,0.37631787224815494,0,0.18181818181818188,0.4370556147641371,0,0.18181818181818188,0.22361726731908593,0,0.18181818181818188
2025-04-26,3149,1746,Red,0.4782608695652174,0,0.8333333333333335,0.3682737169517885,0,0.8333333333333335,0.3946428047638027,0,0.8333333333333335,0.511589829657616,1,-1.0,0.4395766315623576,0,0.8333333333333335,0.41344423837983896,0,0.8333333333333335,0.41967732598776464,0,0.8333333333333335,0.3556944057989785,0,0.8333333333333335,0.3864558101576125,0,0.8333333333333335,0.6800998773508375,1,-1.0
2025-05-03,3142,3262,Blue,0.5620437956204379,1,0.7142857142857144,0.3682737169517885,0,-1.0,0.4827048796685817,0,-1.0,0.5395103028536286,1,0.7142857142857144,0.47829955124415346,0,-1.0,0.38619009938862886,0,-1.0,0.48314362727890053,0,-1.0,0.5076631878083697,1,0.7142857142857144,0.5331143229682412,1,0.7142857142857144,0.5555715634417385,1,0.7142857142857144
2025-05-03,1926,1015,Blue,0.8334234721471064,1,0.14925373134328357,0.3682737169517885,0,-1.0,0.7488375221800686,1,0.14925373134328357,0.8379108611260441,1,0.14925373134328357,0.6171144348568844,1,0.14925373134328357,0.6555466894216896,1,0.14925373134328357,0.7019352796176018,1,0.14925373134328357,0.6988486980936035,1,0.14925373134328357,0.562370037091934,1,0.14925373134328357,0.9523734110989938,1,0.14925373134328357
2025-05-03,1339,1579,Red,0.6853932584269663,1,-1.0,0.3682737169517885,0,2.05,0.6127257745745904,1,-1.0,0.5591654932834633,1,-1.0,0.46436020013439644,0,2.05,0.423979052838573,0,2.05,0.4771294664765725,0,2.05,0.5925524456870116,1,-1.0,0.5718156480535197,1,-1.0,0.6235139883478212,1,-1.0
2025-05-03,973,1251,Red,0.3517587939698492,0,0.4651162790697674,0.3682737169517885,0,0.4651162790697674,0.27501510353798475,0,0.4651162790697674,0.26056045372425535,0,0.4651162790697674,0.3488268183548357,0,0.4651162790697674,0.31481617266176104,0,0.4651162790697674,0.3077812982669724,0,0.4651162790697674,0.24849894012798776,0,0.4651162790697674,0.3636368749133504,0,0.4651162790697674,0.11481137922932043,0,0.4651162790697674
2025-05-03,1776,697,Red,0.19999999999999998,0,0.19999999999999996,0.3682737169517885,0,0.19999999999999996,0.165353541252866,0,0.19999999999999996,0.19110024005809859,0,0.19999999999999996,0.25891318368131905,0,0.19999999999999996,0.30629411011531743,0,0.19999999999999996,0.31580472517899577,0,0.19999999999999996,0.2160585846936214,0,0.19999999999999996,0.2360868634187072,0,0.19999999999999996,0.32343733980060463,0,0.19999999999999996
2025-05-03,1788,1965,Red,0.5467695274831245,1,-1.0,0.3682737169517885,0,1.1,0.4664034495740591,0,1.1,0.1406415445988289,0,1.1,0.28485235233530565,0,1.1,0.3439789154200918,0,1.1,0.3508022149788477,0,1.1,0.37930557009332444,0,1.1,0.256764196276432,0,1.1,0.30268332272923937,0,1.1
2025-05-03,3234,3192,Blue,0.7342398022249692,1,0.303030303030303,0.3682737169517885,0,-1.0,0.6610260903383186,1,0.303030303030303,0.22038223467584572,0,-1.0,0.3127188721419306,0,-1.0,0.24221899913811698,0,-1.0,0.31788349049616266,0,-1.0,0.1820787861166862,0,-1.0,0.2065533882360547,0,-1.0,0.05790053856526671,0,-1.0
2025-05-03,1705,1696,Blue,0.6853932584269663,1,0.3999999999999999,0.3682737169517885,0,-1.0,0.6127257745745904,1,0.3999999999999999,0.798013288929548,1,0.3999999999999999,0.5876381729287526,1,0.3999999999999999,0.5354933223810935,1,0.3999999999999999,0.48954399095734286,0,-1.0,0.6785352526676846,1,0.3999999999999999,0.5767806005798974,1,0.3999999999999999,0.9568478435214536,1,0.3999999999999999
2025-05-03,344,3248,Blue,0.4675324675324676,0,-1.0,0.3682737169517885,0,-1.0,0.3837266583299639,0,-1.0,0.4497471659635924,0,-1.0,0.4737183502809158,0,-1.0,0.3657865555783512,0,-1.0,0.37196025910478026,0,-1.0,0.36208459845976937,0,-1.0,0.36507273350259123,0,-1.0,0.37390889653397785,0,-1.0
2025-05-03,1609,1706,Blue,0.4310344827586206,0,-1.0,0.3682737169517885,0,-1.0,0.3475131853607602,0,-1.0,0.46729582431027256,0,-1.0,0.5384508153907487,1,1.2000000000000002,0.4705437186079599,0,-1.0,0.587198114522877,1,1.2000000000000002,0.5117222350054806,1,1.2000000000000002,0.6066708521231207,1,1.2000000000000002,0.6199070648164067,1,1.2000000000000002
2025-05-03,3020,1449,Red,0.7571884984025559,1,-1.0,0.3682737169517885,0,2.95,0.6826768942360582,1,-1.0,0.43319952397091466,0,2.95,0.4156121108503316,0,2.95,0.3918915665231457,0,2.95,0.3616565490458868,0,2.95,0.5692867019384491,1,-1.0,0.4339089550832873,0,2.95,0.39250910952570583,0,2.95
2025-05-03,3082,1289,Red,0.28085991678224687,0,0.3278688524590163,0.3682737169517885,0,0.3278688524590163,0.21877751681309815,0,0.3278688524590163,0.15308448347443743,0,0.3278688524590163,0.33237355888761283,0,0.3278688524590163,0.41591796848375784,0,0.3278688524590163,0.4726576515513116,0,0.3278688524590163,0.3000092509878582,0,0.3278688524590163,0.4992735344349993,0,0.3278688524590163,0.2963472530727296,0,0.3278688524590163
2025-05-10,3058,3156,Red,0.27272727272727276,0,0.3125,0.3682737169517885,0,0.3125,0.2128860244502085,0,0.3125,0.24018134002460223,0,0.3125,0.3226471115544308,0,0.3125,0.2421425582787811,0,0.3125,0.2730881549777421,0,0.3125,0.16706228329781134,0,0.3125,0.2267742767414683,0,0.3125,0.07937007122959847,0,0.3125
2025-05-10,1791,1153,Red,0.552594002855783,1,-1.0,0.3682737169517885,0,1.15,0.47261304800379783,0,1.15,0.603859479986653,1,-1.0,0.5141440069401094,1,-1.0,0.42428372686559684,0,1.15,0.4557302004111409,0,1.15,0.41944269330717143,0,1.15,0.45892689538517906,0,1.15,0.6215223223535861,1,-1.0
2025-05-10,1398,573,Blue,0.3766105054509415,0,-1.0,0.3682737169517885,0,-1.0,0.2967237866187604,0,-1.0,0.6555542730244996,1,1.5499999999999998,0.5859866603551043,1,1.5499999999999998,0.5555710895857956,1,1.5499999999999998,0.6416407507540448,1,1.5499999999999998,0.6181573641293703,1,1.5499999999999998,0.5623693294748265,1,1.5499999999999998,0.8676517588334134,1,1.5499999999999998
2025-05-10,214,981,Blue,0.7272727272727274,1,0.3125,0.3682737169517885,0,-1.0,0.6543120473052394,1,0.3125,0.44618215908647163,0,-1.0,0.4541472751759014,0,-1.0,0.4278443386678681,0,-1.0,0.6555490204392821,1,0.3125,0.31550834143328355,0,-1.0,0.5632745655409913,1,0.3125,0.5109811702172142,1,0.3125
2025-05-10,813,1848,Blue,0.6853932584269663,1,0.3999999999999999,0.3682737169517885,0,-1.0,0.6127257745745904,1,0.3999999999999999,0.787683087753286,1,0.3999999999999999,0.6700296221779883,1,0.3999999999999999,0.5766543740916804,1,0.3999999999999999,0.603773902644624,1,0.3999999999999999,0.6701482001604421,1,0.3999999999999999,0.4852403227956076,0,-1.0,0.9606648061060643,1,0.3999999999999999
2025-05-10,1826,705,Red,0.5427435387673957,1,-1.0,0.3682737169517885,0,1.1,0.46211721698599134,0,1.1,0.2486417948282919,0,1.1,0.3179786491849463,0,1.1,0.4016545309981845,0,1.1,0.4361144377680108,0,1.1,0.3471528047976411,0,1.1,0.40448333777504625,0,1.1,0.7733266526450927,1,-1.0
2025-05-10,1755,1624,Red,0.10059171597633135,0,0.0625,0.3682737169517885,0,0.0625,0.1146158372809881,0,0.0625,0.47786219717583966,0,0.0625,0.45456702026826923,0,0.0625,0.3671641895686015,0,0.0625,0.42433014558807275,0,0.0625,0.3276470176761378,0,0.0625,0.364949914581213,0,0.0625,0.09260314234437944,0,0.0625
2025-05-10,175,2158,Blue,0.36989795918367335,0,-1.0,0.3682737169517885,0,-1.0,0.2907630874370258,0,-1.0,0.444032630937761,0,-1.0,0.5436370792032618,1,1.6,0.47517116988904917,0,-1.0,0.6514020691801689,1,1.6,0.6322458308046756,1,1.6,0.6777826392816818,1,1.6,0.6226305079951981,1,1.6
2025-05-10,1046,3121,Blue,0.5829926410466066,1,0.6451612903225805,0.3682737169517885,0,-1.0,0.5051154764827089,1,0.6451612903225805,0.45026353682393194,0,-1.0,0.462859788264811,0,-1.0,0.4106759198403937,0,-1.0,0.40148661441545697,0,-1.0,0.3971278761307617,0,-1.0,0.37119414626426034,0,-1.0,0.15219465926208633,0,-1.0
2025-05-10,285,1844,Red,0.4009077155824508,0,0.606060606060606,0.3682737169517885,0,0.606060606060606,0.31887541179245016,0,0.606060606060606,0.5099107259722471,1,-1.0,0.519728002970335,1,-1.0,0.4937136200572733,0,0.606060606060606,0.4610058250977035,0,0.606060606060606,0.3541917238531271,0,0.606060606060606,0.4204207693803295,0,0.606060606060606,0.4923723609765307,0,0.606060606060606
2025-05-10,1246,2940,Red,0.35347776510832385,0,0.4761904761904763,0.3682737169517885,0,0.4761904761904763,0.2764845785188436,0,0.4761904761904763,0.34193018176305595,0,0.4761904761904763,0.39083931333807886,0,0.4761904761904763,0.3904002664002663,0,0.4761904761904763,0.35423481647364563,0,0.4761904761904763,0.30982746566056024,0,0.4761904761904763,0.34919799598659923,0,0.4761904761904763,0.28017468478447705,0,0.4761904761904763
2025-05-10,395,533,Red,0.5217391304347826,1,-1.0,0.3682737169517885,0,1.0,0.4398599076862452,0,1.0,0.7196929261924239,1,-1.0,0.5924951533549477,1,-1.0,0.45322107230001973,0,1.0,0.46906159536467,0,1.0,0.4832552301574669,0,1.0,0.4727023101961959,0,1.0,0.7628322304089844,1,-1.0
2025-05-17,820,3111,Red,0.6690070210631895,1,-1.0,0.3682737169517885,0,1.9,0.5959561801349517,1,-1.0,0.44532338209084543,0,1.9,0.4223051466757451,0,1.9,0.48487378171937034,0,1.9,0.47333019747685967,0,1.9,0.42450654944704946,0,1.9,0.44769204814312286,0,1.9,0.49698291095381625,0,1.9
2025-05-17,1530,899,Red,0.3766105054509415,0,0.5405405405405406,0.3682737169517885,0,0.5405405405405406,0.2967237866187604,0,0.5405405405405406,0.46224921645716815,0,0.5405405405405406,0.4499804950285763,0,0.5405405405405406,0.3445945553844161,0,0.5405405405405406,0.39534061386712954,0,0.5405405405405406,0.36478220286542207,0,0.5405405405405406,0.35454285352710213,0,0.5405405405405406,0.5608318124875835,1,-1.0
2025-05-17,2155,3231,Blue,0.552594002855783,1,0.7407407407407407,0.3682737169517885,0,-1.0,0.47261304800379783,0,-1.0,0.6137516749530024,1,0.7407407407407407,0.4992696202006361,0,-1.0,0.4901600937189173,0,-1.0,0.5392845567792832,1,0.7407407407407407,0.6258635583983125,1,0.7407407407407407,0.588745508731654,1,0.7407407407407407,0.4114867183729237,0,-1.0
2025-05-17,798,1360,Red,0.47368421052631576,0,0.8,0.3682737169517885,0,0.8,0.38997249511352783,0,0.8,0.27710925514303947,0,0.8,0.38998207579425526,0,0.8,0.4484854177231628,0,0.8,0.47252818560845317,0,0.8,0.5093194962168508,1,-1.0,0.5052792287664519,1,-1.0,0.21327475115462433,0,0.8
2025-05-17,2933,1185,Red,0.4009077155824508,0,0.606060606060606,0.3682737169517885,0,0.606060606060606,0.31887541179245016,0,0.606060606060606,0.2911340375250672,0,0.606060606060606,0.36769461904343703,0,0.606060606060606,0.35062856221984007,0,0.606060606060606,0.33472955248464326,0,0.606060606060606,0.27870643410118,0,0.606060606060606,0.3257118948000668,0,0.606060606060606,0.47856402400855513,0,0.606060606060606
2025-05-17,401,1381,Blue,0.8524590163934427,1,0.125,0.3682737169517885,0,-1.0,0.7638497555674888,1,0.125,0.8147838407831165,1,0.125,0.6321767180263803,1,0.125,0.6632810186889132,1,0.125,0.68935664739397,1,0.125,0.6849734259652378,1,0.125,0.5654503660172696,1,0.125,0.8780759386289846,1,0.125
2025-05-17,3237,1602,Red,0.26174895895300415,0,0.2941176470588236,0.3682737169517885,0,0.2941176470588236,0.20511797976699805,0,0.2941176470588236,0.5149151323803614,1,-1.0,0.5117749670875977,1,-1.0,0.4862924760424762,0,0.2941176470588236,0.481301202671536,0,0.2941176470588236,0.5111342543357661,1,-1.0,0.5121973260898103,1,-1.0,0.5261245159798672,1,-1.0
2025-05-17,1659,779,Blue,0.827123695976155,1,0.15999999999999992,0.3682737169517885,0,-1.0,0.7437318196683689,1,0.15999999999999992,0.7142969193491026,1,0.15999999999999992,0.56763137842119,1,0.15999999999999992,0.45499662429074184,0,-1.0,0.45327500313887975,0,-1.0,0.5570017919483589,1,0.15999999999999992,0.5533960549509216,1,0.15999999999999992,0.7936814415683718,1,0.15999999999999992
2025-05-17,1933,1745,Blue,0.7183098591549295,1,0.33333333333333326,0.3682737169517885,0,-1.0,0.6455837030077445,1,0.33333333333333326,0.31746768840322953,0,-1.0,0.3865539243762738,0,-1.0,0.3959368594368594,0,-1.0,0.4227503047500522,0,-1.0,0.2544046729916402,0,-1.0,0.31380790366707617,0,-1.0,0.266601593496329,0,-1.0
2025-05-17,659,505,Blue,0.6116504854368932,1,0.5555555555555556,0.3682737169517885,0,-1.0,0.5357218858623317,1,0.5555555555555556,0.7448372309818776,1,0.5555555555555556,0.6156895016153712,1,0.5555555555555556,0.5482736846486846,1,0.5555555555555556,0.5884936860673008,1,0.5555555555555556,0.645519679122043,1,0.5555555555555556,0.5539581681672907,1,0.5555555555555556,0.7376445626733968,1,0.5555555555555556
2025-05-17,3043,3261,Red,0.19117647058823528,0,0.18181818181818188,0.3682737169517885,0,0.18181818181818188,0.160206671083403,0,0.18181818181818188,0.3055128219619615,0,0.18181818181818188,0.38477445683488837,0,0.18181818181818188,0.34095570258878144,0,0.18181818181818188,0.33175168672917066,0,0.18181818181818188,0.42512093978850063,0,0.18181818181818188,0.41260072797557334,0,0.18181818181818188,0.21002751720014673,0,0.18181818181818188
2025-05-31,700,1426,Blue,0.5324675324675325,1,0.8,0.3682737169517885,0,-1.0,0.45120377572871534,0,-1.0,0.40297046385041413,0,-1.0,0.41799954948960044,0,-1.0,0.2368628073995721,0,-1.0,0.2963219148056062,0,-1.0,0.30375970268327496,0,-1.0,0.36039989575958087,0,-1.0,0.1465625787004465,0,-1.0
2025-05-31,3045,362,Blue,0.23364485981308414,0,-1.0,0.3682737169517885,0,-1.0,0.18619793898742618,0,-1.0,0.30055578842765784,0,-1.0,0.3726236651080212,0,-1.0,0.36434357193374217,0,-1.0,0.36935800264310537,0,-1.0,0.31250848322670927,0,-1.0,0.3614001801595988,0,-1.0,0.39082690896080186,0,-1.0
2025-05-31,3260,3158,Blue,0.34929577464788736,0,-1.0,0.3682737169517885,0,-1.0,0.2729180432441444,0,-1.0,0.3513485774307308,0,-1.0,0.4004115308870402,0,-1.0,0.4182000175320609,0,-1.0,0.41317574333959994,0,-1.0,0.4282052775627549,0,-1.0,0.4537009317283458,0,-1.0,0.311128164259552,0,-1.0
2025-05-31,745,1084,Red,0.41401273885350315,0,0.625,0.3682737169517885,0,0.625,0.33118081947714517,0,0.625,0.5489493417970561,1,-1.0,0.48384322000975205,0,0.625,0.4268012828674591,0,0.625,0.4542065217222851,0,0.625,0.6579426598855154,1,-1.0,0.46510793125607275,0,0.625,0.27424603249752344,0,0.625
2025-05-31,3204,2971,Red,0.22240698399501138,0,0.2298850574712643,0.3682737169517885,0,0.2298850574712643,0.1790186857525622,0,0.2298850574712643,0.2819556010750051,0,0.2298850574712643,0.35669316661472317,0,0.2298850574712643,0.17424556053967818,0,0.2298850574712643,0.24556853700430867,0,0.2298850574712643,0.21334575572004405,0,0.2298850574712643,0.29368247845132284,0,0.2298850574712643,0.25278650059012686,0,0.2298850574712643
2025-05-31,2060,462,Red,0.574468085106383,1,-1.0,0.3682737169517885,0,1.25,0.4959934837918982,0,1.25,0.579233308303103,1,-1.0,0.5371405080328913,1,-1.0,0.4577324138995967,0,1.25,0.5230897894796013,1,-1.0,0.47777589886375016,0,1.25,0.42059567908850914,0,1.25,0.34970266708272224,0,1.25
2025-05-31,975,3050,Red,0.3766105054509415,0,0.5405405405405406,0.3682737169517885,0,0.5405405405405406,0.2967237866187604,0,0.5405405405405406,0.5102434800270402,1,-1.0,0.4963512416393792,0,0.5405405405405406,0.6553591809234224,1,-1.0,0.6175666206896736,1,-1.0,0.6454769534179163,1,-1.0,0.6288777564986958,1,-1.0,0.8111305075522527,1,-1.0
2025-05-31,2945,1987,Red,0.35527082119976705,0,0.4878048780487805,0.3682737169517885,0,0.4878048780487805,0.2780225442047455,0,0.4878048780487805,0.19675441384508643,0,0.4878048780487805,0.31904866222172223,0,0.4878048780487805,0.3294189754890221,0,0.4878048780487805,0.34954991398779345,0,0.4878048780487805,0.26502496894361477,0,0.4878048780487805,0.3282508153706875,0,0.4878048780487805,0.16792436639589386,0,0.4878048780487805
2025-05-31,924,1146,Blue,0.6818181818181818,1,0.3999999999999999,0.3682737169517885,0,-1.0,0.6090882833424296,1,0.3999999999999999,0.6609035809259584,1,0.3999999999999999,0.5576284128879095,1,0.3999999999999999,0.517165848040848,1,0.3999999999999999,0.5536509933663473,1,0.3999999999999999,0.7332850520364769,1,0.3999999999999999,0.6324724967957231,1,0.3999999999999999,0.485868717436446,0,-1.0
2025-06-07,1794,2972,Blue,0.8167539267015708,1,0.16666666666666674,0.3682737169517885,0,-1.0,0.7351807064174232,1,0.16666666666666674,0.5205833188868257,1,0.16666666666666674,0.46047086376796087,0,-1.0,0.4247443526073192,0,-1.0,0.4172324467279202,0,-1.0,0.4499027575492352,0,-1.0,0.4577587449015498,0,-1.0,0.43587974969631416,0,-1.0
2025-06-07,759,1635,Blue,0.768064228367529,1,0.23809523809523814,0.3682737169517885,0,-1.0,0.6926748308063889,1,0.23809523809523814,0.7233317420180347,1,0.23809523809523814,0.5845020265102515,1,0.23809523809523814,0.5823633136069196,1,0.23809523809523814,0.6095145638378534,1,0.23809523809523814,0.6840607491381886,1,0.23809523809523814,0.5936167513800796,1,0.23809523809523814,0.695180109279431,1,0.23809523809523814
2025-06-07,1415,3085,Red,0.15846994535519124,0,0.1298701298701299,0.3682737169517885,0,0.1298701298701299,0.14225444874157273,0,0.1298701298701299,0.5290528152852271,1,-1.0,0.46079530297965077,0,0.1298701298701299,0.48950900415374105,0,0.1298701298701299,0.5138631075495632,1,-1.0,0.5163683669099739,1,-1.0,0.5348915586157578,1,-1.0,0.5982130750668359,1,-1.0
2025-06-07,1552,3257,Blue,0.8411214953271028,1,0.1333333333333333,0.3682737169517885,0,-1.0,0.7549840048420796,1,0.1333333333333333,0.5442253681840556,1,0.1333333333333333,0.51676524352772,1,0.1333333333333333,0.39956552053610894,0,-1.0,0.4301595315350745,0,-1.0,0.5718732332426057,1,0.1333333333333333,0.4747394546696995,0,-1.0,0.6957339329370321,1,0.1333333333333333
2025-06-07,294,3244,Red,0.6209150326797386,1,-1.0,0.3682737169517885,0,1.5,0.545570173144904,1,-1.0,0.19528504695692447,0,1.5,0.33864005278492054,0,1.5,0.37147923691319357,0,1.5,0.3359814292828484,0,1.5,0.3974297864273658,0,1.5,0.41527174724653065,0,1.5,0.24473147451141808,0,1.5
2025-06-07,3258,3107,Blue,0.8172588832487311,1,0.17391304347826075,0.3682737169517885,0,-1.0,0.7356013045888039,1,0.17391304347826075,0.27882390984574196,0,-1.0,0.38648537201607963,0,-1.0,0.4223399220748292,0,-1.0,0.417270774546556,0,-1.0,0.43894657374186313,0,-1.0,0.5320597450134423,1,0.17391304347826075,0.3017268702521622,0,-1.0
2025-06-07,1205,920,Blue,0.6360381861575178,1,0.4878048780487805,0.3682737169517885,0,-1.0,0.5615664863945725,1,0.4878048780487805,0.7235950234175852,1,0.4878048780487805,0.6918661803748378,1,0.4878048780487805,0.4367639729981061,0,-1.0,0.5570502271781518,1,0.4878048780487805,0.38458342294314696,0,-1.0,0.5149312088204863,1,0.4878048780487805,0.791817253694402,1,0.4878048780487805
2025-06-07,626,1477,Red,0.2904564315352697,0,0.3508771929824561,0.3682737169517885,0,0.3508771929824561,0.2258792744358568,0,0.3508771929824561,0.24043493852177242,0,0.3508771929824561,0.3553907666779778,0,0.3508771929824561,0.33958683743061985,0,0.3508771929824561,0.3638378092439782,0,0.3508771929824561,0.3610981347207204,0,0.3508771929824561,0.36460452990223247,0,0.3508771929824561,0.19693096507468816,0,0.3508771929824561
2025-06-07,1911,2979,Blue,0.3956834532374101,0,-1.0,0.3682737169517885,0,-1.0,0.3140382615450573,0,-1.0,0.35449849812478007,0,-1.0,0.41542076545141593,0,-1.0,0.36440163273832005,0,-1.0,0.3998360903345316,0,-1.0,0.3979515196310305,0,-1.0,0.39825429391190126,0,-1.0,0.425705586612572,0,-1.0
2025-06-07,3042,239,Red,0.22613065326633167,0,0.2272727272727273,0.3682737169517885,0,0.2272727272727273,0.18137325589398456,0,0.2272727272727273,0.24887165302095107,0,0.2272727272727273,0.3208466657704265,0,0.2272727272727273,0.31930577420515505,0,0.2272727272727273,0.31971305866805855,0,0.2272727272727273,0.23434666932333778,0,0.2272727272727273,0.33187429915371636,0,0.2272727272727273,0.13186101676747614,0,0.2272727272727273
2025-06-07,2114,3250,Blue,0.3766105054509415,0,-1.0,0.3682737169517885,0,-1.0,0.2967237866187604,0,-1.0,0.2806896618240776,0,-1.0,0.32755105215849134,0,-1.0,0.44261148232858766,0,-1.0,0.39300358074435543,0,-1.0,0.3438465764216258,0,-1.0,0.34025554018209175,0,-1.0,0.3602386788525984,0,-1.0
2025-06-07,3021,3259,Red,0.42553191489361697,0,0.6666666666666665,0.3682737169517885,0,0.6666666666666665,0.3421918339751657,0,0.6666666666666665,0.3260519154689276,0,0.6666666666666665,0.39453945867898305,0,0.6666666666666665,0.28766879876456686,0,0.6666666666666665,0.3181990353990535,0,0.6666666666666665,0.2918270150061755,0,0.6666666666666665,0.32918957056282544,0,0.6666666666666665,0.22422066098373217,0,0.6666666666666665
2025-06-07,1844,2037,Blue,0.840352595494613,1,0.1398601398601398,0.3682737169517885,0,-1.0,0.754374669023737,1,0.1398601398601398,0.7426502722347087,1,0.1398601398601398,0.5814185141717788,1,0.1398601398601398,0.5743777157654867,1,0.1398601398601398,0.5307880496479214,1,0.1398601398601398,0.694264081000763,1,0.1398601398601398,0.5014780580948479,1,0.1398601398601398,0.8846487218483086,1,0.1398601398601398
2025-06-14,3149,1394,Red,0.09170022080789712,0,0.06006006006006004,0.3682737169517885,0,0.06006006006006004,0.11080985951209855,0,0.06006006006006004,0.3884806583061826,0,0.06006006006006004,0.424335165914296,0,0.06006006006006004,0.4023568265956037,0,0.06006006006006004,0.477814758670983,0,0.06006006006006004,0.4315547873974096,0,0.06006006006006004,0.4415316964188197,0,0.06006006006006004,0.1367223484475524,0,0.06006006006006004
2025-06-14,2028,390,Red,0.6853932584269663,1,-1.0,0.3682737169517885,0,2.05,0.6127257745745904,1,-1.0,0.45149311793138514,0,2.05,0.39279750011003206,0,2.05,0.4510001656839895,0,2.05,0.4983199370395584,0,2.05,0.5095670912126752,1,-1.0,0.5356630735155207,1,-1.0,0.19646721894176136,0,2.05
2025-06-14,749,276,Blue,0.6912521440823327,1,0.3846153846153846,0.3682737169517885,0,-1.0,0.6186596929573126,1,0.3846153846153846,0.7168307663208647,1,0.3846153846153846,0.5339036618958894,1,0.3846153846153846,0.4423317238317237,0,-1.0,0.4229960533072245,0,-1.0,0.4140816802104071,0,-1.0,0.3968374776849413,0,-1.0,0.8590040676545931,1,0.3846153846153846
2025-06-14,1740,1194,Red,0.574468085106383,1,-1.0,0.3682737169517885,0,1.25,0.4959934837918982,0,1.25,0.5831416607279883,1,-1.0,0.5587172932830758,1,-1.0,0.511482407842702,1,-1.0,0.5857809169179772,1,-1.0,0.5109435459275016,1,-1.0,0.6225833250305731,1,-1.0,0.48833186676977997,0,1.25
2025-06-14,1424,1287,Red,0.33099297893681046,0,0.4347826086956521,0.3682737169517885,0,0.4347826086956521,0.25765128023935513,0,0.4347826086956521,0.5022393765659271,1,-1.0,0.5070228840289628,1,-1.0,0.49514816356088737,0,0.4347826086956521,0.6322147399719398,1,-1.0,0.6445903781667937,1,-1.0,0.4810906338090425,0,0.4347826086956521,0.8416263217817594,1,-1.0
2025-06-14,625,3164,Blue,0.6581196581196581,1,0.4545454545454546,0.3682737169517885,0,-1.0,0.584686190154043,1,0.4545454545454546,0.6695901326091266,1,0.4545454545454546,0.5196498147493448,1,0.4545454545454546,0.5232808618396855,1,0.4545454545454546,0.52876540284736,1,0.4545454545454546,0.6551056145758801,1,0.4545454545454546,0.5999761011821456,1,0.4545454545454546,0.37278177821914577,0,-1.0
2025-06-14,463,1304,Red,0.2712933753943218,0,0.303030303030303,0.3682737169517885,0,0.303030303030303,0.21185936278921072,0,0.303030303030303,0.32583070434777134,0,0.303030303030303,0.48611293924093985,0,0.303030303030303,0.37809880796877704,0,0.303030303030303,0.4561435085293552,0,0.303030303030303,0.2627895481611674,0,0.303030303030303,0.4959311867479325,0,0.303030303030303,0.48673847020443767,0,0.303030303030303
2025-06-14,941,576,Red,0.17766497461928932,0,0.16666666666666674,0.3682737169517885,0,0.16666666666666674,0.15257751916179207,0,0.16666666666666674,0.2365537365323435,0,0.16666666666666674,0.4051100446300237,0,0.16666666666666674,0.44882730691344136,0,0.16666666666666674,0.4706303889808822,0,0.16666666666666674,0.37717823619781227,0,0.16666666666666674,0.461967279986398,0,0.16666666666666674,0.3043864730716,0,0.16666666666666674
2025-06-14,1816,1577,Red,0.42236024844720493,0,0.6451612903225805,0.3682737169517885,0,0.6451612903225805,0.3391424590265567,0,0.6451612903225805,0.48978621805675887,0,0.6451612903225805,0.4820356043550401,0,0.6451612903225805,0.4109978436596084,0,0.6451612903225805,0.3907473829102183,0,0.6451612903225805,0.2910570601703952,0,0.6451612903225805,0.3618770515317801,0,0.6451612903225805,0.48884732147239757,0,0.6451612903225805
2025-06-14,1328,2995,Red,0.840352595494613,1,-1.0,0.3682737169517885,0,5.0,0.754374669023737,1,-1.0,0.8154943321283237,1,-1.0,0.6010448873109349,1,-1.0,0.6479196799788906,1,-1.0,0.5886735030217861,1,-1.0,0.7229667851981074,1,-1.0,0.6226051091776043,1,-1.0,0.9418819368028755,1,-1.0
2025-06-14,1857,3142,Red,0.21359223300970875,0,0.22222222222222232,0.3682737169517885,0,0.22222222222222232,0.17354029304612772,0,0.22222222222222232,0.4714655060107099,0,0.22222222222222232,0.44619569497736905,0,0.22222222222222232,0.5415827564964566,1,-1.0,0.5456029678056514,1,-1.0,0.5126628573886856,1,-1.0,0.6190278962074733,1,-1.0,0.6145168880657295,1,-1.0
2025-06-21,177,2999,Blue,0.298804780876494,0,-1.0,0.3682737169517885,0,-1.0,0.2321889164348904,0,-1.0,0.6955333094489182,1,2.2,0.5134912023383253,1,2.2,0.46840719030424927,0,-1.0,0.49805140708800766,0,-1.0,0.5989830320866889,1,2.2,0.5464451025546617,1,2.2,0.4194419254678628,0,-1.0
2025-06-21,335,3077,Red,0.3146067415730337,0,0.3999999999999999,0.3682737169517885,0,0.3999999999999999,0.2444652307406781,0,0.3999999999999999,0.19657811271894274,0,0.3999999999999999,0.3021343276696866,0,0.3999999999999999,0.3170688118354528,0,0.3999999999999999,0.31632369161234053,0,0.3999999999999999,0.3038705096240806,0,0.3999999999999999,0.36702913847286245,0,0.3999999999999999,0.04613641927558188,0,0.3999999999999999
2025-06-21,3185,3129,Red,0.6923725242309313,1,-1.0,0.3682737169517885,0,2.1,0.6197904584942376,1,-1.0,0.38796331115318244,0,2.1,0.422770042756745,0,2.1,0.24034034402416757,0,2.1,0.31892301771034004,0,2.1,0.27541157230159763,0,2.1,0.3117706346405835,0,2.1,0.1781622349715113,0,2.1
2025-06-21,1432,1528,Blue,0.6164383561643836,1,0.5555555555555556,0.3682737169517885,0,-1.0,0.5408154001134118,1,0.5555555555555556,0.5053484040098137,1,0.5555555555555556,0.48413108725734044,0,-1.0,0.33002549278207177,0,-1.0,0.3271873062499904,0,-1.0,0.3534534870084502,0,-1.0,0.41839559763213985,0,-1.0,0.2266368314377435,0,-1.0
2025-06-21,912,1738,Blue,0.5108342361863489,1,0.8695652173913042,0.3682737169517885,0,-1.0,0.4283935113921339,0,-1.0,0.4345671470773156,0,-1.0,0.36717728153446716,0,-1.0,0.3455818926515521,0,-1.0,0.36375507871010054,0,-1.0,0.249948907059134,0,-1.0,0.28671716046839246,0,-1.0,0.2996718147720377,0,-1.0
2025-06-21,2019,1242,Red,0.2193645990922844,0,0.20833333333333326,0.3682737169517885,0,0.20833333333333326,0.17711270457433995,0,0.20833333333333326,0.38577806346034166,0,0.20833333333333326,0.46541548959711126,0,0.20833333333333326,0.4455447924824859,0,0.20833333333333326,0.4679670888708338,0,0.20833333333333326,0.36751954975908185,0,0.20833333333333326,0.4025998034912674,0,0.20833333333333326,0.23074718195052074,0,0.20833333333333326
2025-06-21,1419,3068,Red,0.31222896790980054,0,0.3846153846153846,0.3682737169517885,0,0.3846153846153846,0.24259023278942402,0,0.3846153846153846,0.5456197789777166,1,-1.0,0.48708615023728474,0,0.3846153846153846,0.3138105604262725,0,0.3846153846153846,0.29554172614347446,0,0.3846153846153846,0.41895090339382574,0,0.3846153846153846,0.3870789427894644,0,0.3846153846153846,0.3346572978642058,0,0.3846153846153846
2025-06-21,144,2029,Blue,0.4088050314465409,0,-1.0,0.3682737169517885,0,-1.0,0.32626198954654007,0,-1.0,0.191237554249946,0,-1.0,0.3368892183369091,0,-1.0,0.30205340737693687,0,-1.0,0.3745394155648921,0,-1.0,0.205540897578513,0,-1.0,0.32929569428035743,0,-1.0,0.22578806190350484,0,-1.0
2025-06-21,1750,1392,Red,0.2265029635901778,0,0.2298850574712643,0.3682737169517885,0,0.2298850574712643,0.18160999787367907,0,0.2298850574712643,0.4535803663504222,0,0.2298850574712643,0.44103387688781936,0,0.2298850574712643,0.35566464445140916,0,0.2298850574712643,0.4228480051107995,0,0.2298850574712643,0.3531232308331031,0,0.2298850574712643,0.46609688605606375,0,0.2298850574712643,0.13943874195054526,0,0.2298850574712643
2025-06-21,709,263,Red,0.55637707948244,1,-1.0,0.3682737169517885,0,1.15,0.47665093262231323,0,1.15,0.6346875805844961,1,-1.0,0.5459634357187099,1,-1.0,0.4929372845506747,0,1.15,0.44906026648298303,0,1.15,0.5155093229530906,1,-1.0,0.456102624042488,0,1.15,0.8476379203213351,1,-1.0
2025-06-21,3092,3064,Red,0.7922585227272728,1,-1.0,0.3682737169517885,0,3.5999999999999996,0.71427067255885,1,-1.0,0.43099229727641036,0,3.5999999999999996,0.42208869436478946,0,3.5999999999999996,0.4007336899801274,0,3.5999999999999996,0.4306612314485458,0,3.5999999999999996,0.4699199880191398,0,3.5999999999999996,0.5134585246448068,1,-1.0,0.43707165697157163,0,3.5999999999999996
2025-06-21,3063,2948,Blue,0.5940252776713904,1,0.606060606060606,0.3682737169517885,0,-1.0,0.5169153894177936,1,0.606060606060606,0.5475076593876744,1,0.606060606060606,0.48696071986602507,0,-1.0,0.3850111469849039,0,-1.0,0.4078661439156793,0,-1.0,0.4194966082854932,0,-1.0,0.39424654412450205,0,-1.0,0.5339845966172962,1,0.606060606060606
2025-06-28,547,1359,Red,0.4947698744769875,0,0.8695652173913042,0.3682737169517885,0,0.8695652173913042,0.411644443795088,0,0.8695652173913042,0.37045934127634117,0,0.8695652173913042,0.44325834641926926,0,0.8695652173913042,0.4008825803825803,0,0.8695652173913042,0.38035020326669855,0,0.8695652173913042,0.29389244608850057,0,0.8695652173913042,0.3808018128759975,0,0.8695652173913042,0.8099803246258483,1,-1.0
2025-06-28,895,1701,Blue,0.6439672223792031,1,0.4651162790697674,0.3682737169517885,0,-1.0,0.5699045982363806,1,0.4651162790697674,0.6874520948077685,1,0.4651162790697674,0.5302603473415869,1,0.4651162790697674,0.5201100704850703,1,0.4651162790697674,0.5080833595621671,1,0.4651162790697674,0.5541679065054519,1,0.4651162790697674,0.5629163794931333,1,0.4651162790697674,0.7830389235646033,1,0.4651162790697674
2025-06-28,1741,2037,Blue,0.5324675324675325,1,0.8,0.3682737169517885,0,-1.0,0.45120377572871534,0,-1.0,0.5903459207520309,1,0.8,0.5692502222292413,1,0.8,0.5110964588530381,1,0.8,0.4936551670247435,0,-1.0,0.6039582400128458,1,0.8,0.5154105446594743,1,0.8,0.8110846121639741,1,0.8
2025-06-28,1625,3215,Blue,0.9166666666666667,1,0.045454545454545414,0.3682737169517885,0,-1.0,0.8098046301647679,1,0.045454545454545414,0.7545352983939237,1,0.045454545454545414,0.6000434290482078,1,0.045454545454545414,0.541681606791901,1,0.045454545454545414,0.5646315933967613,1,0.045454545454545414,0.6131576135067099,1,0.045454545454545414,0.5694993088922439,1,0.045454545454545414,0.7390179833727506,1,0.045454545454545414
2025-06-28,1991,1489,Red,0.2276707530647986,0,0.23809523809523814,0.3682737169517885,0,0.23809523809523814,0.182354123033677,0,0.23809523809523814,0.4587946137778786,0,0.23809523809523814,0.4703433377593298,0,0.23809523809523814,0.32277756502756494,0,0.23809523809523814,0.3415138897234669,0,0.23809523809523814,0.1647271823033035,0,0.23809523809523814,0.3570208314540793,0,0.23809523809523814,0.30559516995657693,0,0.23809523809523814
2025-06-28,228,498,Blue,0.6636481241914618,1,0.4444444444444444,0.3682737169517885,0,-1.0,0.5904208106516671,1,0.4444444444444444,0.5559802670357586,1,0.4444444444444444,0.5260466000474288,1,0.4444444444444444,0.5582467052927579,1,0.4444444444444444,0.6426345294292855,1,0.4444444444444444,0.5257959684872135,1,0.4444444444444444,0.5577349331701144,1,0.4444444444444444,0.6846683396781932,1,0.4444444444444444
2025-06-28,3241,3099,Red,0.20689655172413796,0,0.19999999999999996,0.3682737169517885,0,0.19999999999999996,0.16946805401672765,0,0.19999999999999996,0.19395605718059447,0,0.19999999999999996,0.3183953001595178,0,0.19999999999999996,0.3065555427911536,0,0.19999999999999996,0.27870101853572415,0,0.19999999999999996,0.20733935439119194,0,0.19999999999999996,0.24929006811083107,0,0.19999999999999996,0.057439988958361526,0,0.19999999999999996
2025-06-28,1523,1041,Red,0.30874785591766724,0,0.3846153846153846,0.3682737169517885,0,0.3846153846153846,0.23986287486965338,0,0.3846153846153846,0.2409564470103006,0,0.3846153846153846,0.40792217807987935,0,0.3846153846153846,0.4183849113849116,0,0.3846153846153846,0.3984236154389717,0,0.3846153846153846,0.3243730008559401,0,0.3846153846153846,0.35881604646467713,0,0.3846153846153846,0.30021973869363283,0,0.3846153846153846
2025-06-28,2947,2993,Red,0.5990922844175491,1,-1.0,0.3682737169517885,0,1.4,0.5223292659967418,1,-1.0,0.3702849690219244,0,1.4,0.4168647455848722,0,1.4,0.3276646055469584,0,1.4,0.3121623823193225,0,1.4,0.3123988966830875,0,1.4,0.3623997517893159,0,1.4,0.33305064760034053,0,1.4
2025-06-28,1311,353,Red,0.3932993445010925,0,0.5882352941176472,0.3682737169517885,0,0.5882352941176472,0.3118440834386769,0,0.5882352941176472,0.28013095856252834,0,0.5882352941176472,0.32124295746681447,0,0.5882352941176472,0.31433689859618674,0,0.5882352941176472,0.33673433353796967,0,0.5882352941176472,0.25085696383823697,0,0.5882352941176472,0.2273139538058055,0,0.5882352941176472,0.22700172273018715,0,0.5882352941176472
2025-06-28,3125,2976,Blue,0.5427435387673957,1,0.7692307692307692,0.3682737169517885,0,-1.0,0.46211721698599134,0,-1.0,0.4722043141757093,0,-1.0,0.44767387504797485,0,-1.0,0.44743673908152676,0,-1.0,0.4479923692667551,0,-1.0,0.5950584923999156,1,0.7692307692307692,0.438081319955686,0,-1.0,0.44918837904212466,0,-1.0
2025-07-12,1411,2953,Blue,0.7969094922737308,1,0.21052631578947367,0.3682737169517885,0,-1.0,0.7183163263976213,1,0.21052631578947367,0.8275220764347219,1,0.21052631578947367,0.6118407217593587,1,0.21052631578947367,0.5985149711399712,1,0.21052631578947367,0.6173196533339912,1,0.21052631578947367,0.8060105650865727,1,0.21052631578947367,0.6324659715281197,1,0.21052631578947367,0.6960714234980321,1,0.21052631578947367
2025-07-12,3087,555,Blue,0.84,1,0.1428571428571428,0.3682737169517885,0,-1.0,0.7540949034837968,1,0.1428571428571428,0.5943699031770144,1,0.1428571428571428,0.5034770677027681,1,0.1428571428571428,0.44483182704235325,0,-1.0,0.46433359167023064,0,-1.0,0.4620977791387203,0,-1.0,0.4790075901005904,0,-1.0,0.7183748904703099,1,0.1428571428571428
2025-07-12,1167,3141,Red,0.7241379310344829,1,-1.0,0.3682737169517885,0,2.5,0.6512707234755049,1,-1.0,0.9064324842563356,1,-1.0,0.6483477585316813,1,-1.0,0.5945482654170735,1,-1.0,0.5232925214723998,1,-1.0,0.6786627116131867,1,-1.0,0.5061332683387567,1,-1.0,0.8490559648827475,1,-1.0
2025-07-12,1981,346,Blue,0.7983193277310925,1,0.19999999999999996,0.3682737169517885,0,-1.0,0.7195357743074786,1,0.19999999999999996,0.7749559529131774,1,0.19999999999999996,0.5714785141550897,1,0.19999999999999996,0.6059703185301012,1,0.19999999999999996,0.6671570348961509,1,0.19999999999999996,0.6442611709396503,1,0.19999999999999996,0.6031167649059922,1,0.19999999999999996,0.9293448794984214,1,0.19999999999999996
2025-07-12,1955,3155,Blue,0.315861753261616,0,-1.0,0.3682737169517885,0,-1.0,0.2454588165716923,0,-1.0,0.38738112671539554,0,-1.0,0.4486438790605779,0,-1.0,0.3567908572908573,0,-1.0,0.3608803659819349,0,-1.0,0.2787546197718511,0,-1.0,0.37111756188851175,0,-1.0,0.3783181423659356,0,-1.0
2025-07-12,1120,2925,Blue,0.6841382467383841,1,0.40816326530612246,0.3682737169517885,0,-1.0,0.6114502610452418,1,0.40816326530612246,0.6897893924467543,1,0.40816326530612246,0.5698372643006632,1,0.40816326530612246,0.5552213910816853,1,0.40816326530612246,0.5804106488851071,1,0.40816326530612246,0.5286730597059283,1,0.40816326530612246,0.5282320629231083,1,0.40816326530612246,0.7211568620348555,1,0.40816326530612246
2025-07-12,825,532,Blue,0.7355163727959698,1,0.3125,0.3682737169517885,0,-1.0,0.6622494021889789,1,0.3125,0.36660592497987726,0,-1.0,0.4297450049037387,0,-1.0,0.4990860903802077,0,-1.0,0.4744656156843516,0,-1.0,0.4847255037182707,0,-1.0,0.5002689307740725,1,0.3125,0.09788553561093262,0,-1.0
2025-07-12,1474,3081,Blue,0.36341238065906994,0,-1.0,0.3682737169517885,0,-1.0,0.2850715874205708,0,-1.0,0.4275235016771222,0,-1.0,0.4250521167724168,0,-1.0,0.5154107839901184,1,1.65,0.5019059334152808,1,1.65,0.580533482032049,1,1.65,0.48540447340968157,0,-1.0,0.2012631535035252,0,-1.0
2025-07-12,1576,1121,Red,0.18181818181818185,0,0.16666666666666674,0.3682737169517885,0,0.16666666666666674,0.15489034973514199,0,0.16666666666666674,0.1841466023900802,0,0.16666666666666674,0.32814585971828164,0,0.16666666666666674,0.33260927960927966,0,0.16666666666666674,0.3183429811513268,0,0.16666666666666674,0.23013377354020234,0,0.16666666666666674,0.3057610461356132,0,0.16666666666666674,0.21336676144187494,0,0.16666666666666674
2025-07-12,3088,1274,Red,0.12533125487139518,0,0.11049723756906071,0.3682737169517885,0,0.11049723756906071,0.12580844882054326,0,0.11049723756906071,0.3047217989340527,0,0.11049723756906071,0.3935246048050105,0,0.11049723756906071,0.39931488792711695,0,0.11049723756906071,0.38210024992307234,0,0.11049723756906071,0.3702146474247603,0,0.11049723756906071,0.4145498918139252,0,0.11049723756906071,0.29656068796072665,0,0.11049723756906071
2025-07-12,1285,1455,Red,0.5056053811659194,1,-1.0,0.3682737169517885,0,0.9523809523809523,0.4229217950040964,0,0.9523809523809523,0.36784061965879067,0,0.9523809523809523,0.4032123186917208,0,0.9523809523809523,0.4366730925020398,0,0.9523809523809523,0.48354301023390306,0,0.9523809523809523,0.39685818889176666,0,0.9523809523809523,0.37565989382481835,0,0.9523809523809523,0.14003262466687852,0,0.9523809523809523
2025-07-12,1047,753,Blue,0.6115107913669063,1,0.5882352941176472,0.3682737169517885,0,-1.0,0.5355731569637069,1,0.5882352941176472,0.7080687749948213,1,0.5882352941176472,0.47262668407661,0,-1.0,0.5744299159446216,1,0.5882352941176472,0.6185545705637021,1,0.5882352941176472,0.6976200268526744,1,0.5882352941176472,0.5811269645666036,1,0.5882352941176472,0.6672521881306934,1,0.5882352941176472
2025-07-19,502,1093,Red,0.6530147895335608,1,-1.0,0.3682737169517885,0,1.7999999999999998,0.5793704787586588,1,-1.0,0.4372121412117763,0,1.7999999999999998,0.34910059138648447,0,1.7999999999999998,0.3736024981926685,0,1.7999999999999998,0.37097558800093294,0,1.7999999999999998,0.3100303494622377,0,1.7999999999999998,0.3638726807290991,0,1.7999999999999998,0.4710392822173539,0,1.7999999999999998
2025-07-19,735,3256,Blue,0.84,1,0.1428571428571428,0.3682737169517885,0,-1.0,0.7540949034837968,1,0.1428571428571428,0.4577679197958217,0,-1.0,0.4161338858624673,0,-1.0,0.5038394442761788,1,0.1428571428571428,0.48383469385515454,0,-1.0,0.5301997796319657,1,0.1428571428571428,0.5476032016391444,1,0.1428571428571428,0.7613127663466517,1,0.1428571428571428
2025-07-19,1591,3127,Blue,0.5675675675675675,1,0.7142857142857144,0.3682737169517885,0,-1.0,0.488611019569739,0,-1.0,0.4001147173425132,0,-1.0,0.41531899690381924,0,-1.0,0.3918928789075847,0,-1.0,0.3950794729051589,0,-1.0,0.384207236147171,0,-1.0,0.3969964037394266,0,-1.0,0.5810615827071736,1,0.7142857142857144
2025-07-19,921,1606,Red,0.47210300429184554,0,0.8333333333333335,0.3682737169517885,0,0.8333333333333335,0.3883635638736582,0,0.8333333333333335,0.026489495972875327,0,0.8333333333333335,0.098739393654942,0,0.8333333333333335,0.4211403098535453,0,0.8333333333333335,0.4979217750713977,0,0.8333333333333335,0.17834197227266987,0,0.8333333333333335,0.360627698863872,0,0.8333333333333335,0.12022592626013083,0,0.8333333333333335
2025-07-19,1002,2163,Red,0.8542385884158037,1,-1.0,0.3682737169517885,0,5.55,0.7652210425544732,1,-1.0,0.8680504606089483,1,-1.0,0.6900796556214175,1,-1.0,0.5701688280043542,1,-1.0,0.6876908464068143,1,-1.0,0.7633274579170307,1,-1.0,0.6797258014481665,1,-1.0,0.7728728956419696,1,-1.0
2025-07-19,521,1617,Red,0.26184538653366585,0,0.3125,0.3682737169517885,0,0.3125,0.20518528534498706,0,0.3125,0.3791985503459348,0,0.3125,0.41762591498034407,0,0.3125,0.38408391445156165,0,0.3125,0.3521355229339665,0,0.3125,0.27527592804991996,0,0.3125,0.2733658645727232,0,0.3125,0.08704286850463484,0,0.3125
2025-07-19,1619,3154,Blue,0.45142296368989204,0,-1.0,0.3682737169517885,0,-1.0,0.36755594450792484,0,-1.0,0.32247089061386386,0,-1.0,0.37473074253241634,0,-1.0,0.4040861292846588,0,-1.0,0.4443253644272295,0,-1.0,0.368200755763982,0,-1.0,0.35998907803606517,0,-1.0,0.4213955702896007,0,-1.0
2025-07-19,693,3034,Red,0.18925056775170326,0,0.19047619047619047,0.3682737169517885,0,0.19047619047619047,0.15910065706663815,0,0.19047619047619047,0.359500162769355,0,0.19047619047619047,0.38048802839946605,0,0.19047619047619047,0.37955992910057385,0,0.19047619047619047,0.41619890180746555,0,0.19047619047619047,0.38254456612330257,0,0.19047619047619047,0.3946634378144985,0,0.19047619047619047,0.37215681777721554,0,0.19047619047619047
2025-07-19,2054,190,Blue,0.6279373368146214,1,0.5405405405405406,0.3682737169517885,0,-1.0,0.553011672960792,1,0.5405405405405406,0.6777863138882669,1,0.5405405405405406,0.5242992459339312,1,0.5405405405405406,0.45688045968193003,0,-1.0,0.6046112701059169,1,0.5405405405405406,0.40546576171592247,0,-1.0,0.5107756780889762,1,0.5405405405405406,0.9166895608987248,1,0.5405405405405406
2025-07-19,1905,388,Red,0.315861753261616,0,0.40816326530612246,0.3682737169517885,0,0.40816326530612246,0.2454588165716923,0,0.40816326530612246,0.5835099543137598,1,-1.0,0.5564418384448478,1,-1.0,0.5311985468235466,1,-1.0,0.4949569216631947,0,0.40816326530612246,0.5122002133814422,1,-1.0,0.4613414698514661,0,0.40816326530612246,0.8169638125845318,1,-1.0
2025-07-19,3022,3159,Red,0.24556616643929052,0,0.2857142857142856,0.3682737169517885,0,0.2857142857142856,0.19405432620195406,0,0.2857142857142856,0.292799788565903,0,0.2857142857142856,0.37583662970601983,0,0.2857142857142856,0.4355858035296891,0,0.2857142857142856,0.4663370859408897,0,0.2857142857142856,0.3436990143533611,0,0.2857142857142856,0.47045683333563726,0,0.2857142857142856,0.13838651512498584,0,0.2857142857142856
2025-07-19,3160,3059,Red,0.19076688286913393,0,0.19047619047619047,0.3682737169517885,0,0.19047619047619047,0.15997093193413356,0,0.19047619047619047,0.30246944377764856,0,0.19047619047619047,0.35308869704150514,0,0.19047619047619047,0.25169014645485244,0,0.19047619047619047,0.2716403696323831,0,0.19047619047619047,0.14673624431327098,0,0.19047619047619047,0.22985081846999594,0,0.19047619047619047,0.2339221553868532,0,0.19047619047619047
2025-07-19,957,2966,Blue,0.3418803418803419,0,-1.0,0.3682737169517885,0,-1.0,0.2666650592881528,0,-1.0,0.3567741907617702,0,-1.0,0.38040494629345917,0,-1.0,0.4050448241415734,0,-1.0,0.437072270962734,0,-1.0,0.2674439394543728,0,-1.0,0.2857637426215327,0,-1.0,0.2661665263111776,0,-1.0
2025-07-19,920,1706,Blue,0.17482951022938623,0,-1.0,0.3682737169517885,0,-1.0,0.15101483033689295,0,-1.0,0.16908852875921396,0,-1.0,0.3761472039218445,0,-1.0,0.3776714486064332,0,-1.0,0.43008782061785233,0,-1.0,0.24387027688898125,0,-1.0,0.37890836608908135,0,-1.0,0.11861899611719517,0,-1.0
2025-07-26,2955,3255,Blue,0.7739989029072957,1,0.24096385542168663,0.3682737169517885,0,-1.0,0.6980559330146403,1,0.24096385542168663,0.39330242671727395,0,-1.0,0.4417585098361876,0,-1.0,0.4630652973760557,0,-1.0,0.4158138530610532,0,-1.0,0.31496009689911064,0,-1.0,0.41157434005197036,0,-1.0,0.6145257705525081,1,0.24096385542168663
2025-07-26,2104,3020,Blue,0.4201680672268907,0,-1.0,0.3682737169517885,0,-1.0,0.3370425582374103,0,-1.0,0.3990092500184609,0,-1.0,0.4322797145698234,0,-1.0,0.6144412161912165,1,1.2999999999999998,0.6231034680801804,1,1.2999999999999998,0.5702056244346277,1,1.2999999999999998,0.574332443254688,1,1.2999999999999998,0.8377664028229077,1,1.2999999999999998
2025-07-26,2142,1305,Red,0.23983315954118872,0,0.2777777777777777,0.3682737169517885,0,0.2777777777777777,0.19024514172483054,0,0.2777777777777777,0.34826295380438194,0,0.2777777777777777,0.29787900115964194,0,0.2777777777777777,0.4743484579146343,0,0.2777777777777777,0.5844002358199878,1,-1.0,0.4444144390100579,0,0.2777777777777777,0.5261882054462964,1,-1.0,0.6455973095273304,1,-1.0
2025-07-26,1763,3217,Red,0.7972027972027972,1,-1.0,0.3682737169517885,0,3.75,0.7185702880969785,1,-1.0,0.7050220524009428,1,-1.0,0.5694970389084579,1,-1.0,0.6199659531644827,1,-1.0,0.609505225665013,1,-1.0,0.6759310664143101,1,-1.0,0.6066289495186575,1,-1.0,0.8932009007842935,1,-1.0
2025-07-26,811,332,Red,0.749652294853964,1,-1.0,0.3682737169517885,0,2.85,0.6756479681555517,1,-1.0,0.616897770423089,1,-1.0,0.5075647772200574,1,-1.0,0.5599886271136272,1,-1.0,0.4912787000647686,0,2.85,0.5640729519681393,1,-1.0,0.563296237249436,1,-1.0,0.5929377407294059,1,-1.0
2025-07-26,1671,1675,Blue,0.37889039242219225,0,-1.0,0.3682737169517885,0,-1.0,0.2987643076505778,0,-1.0,0.4307187347528222,0,-1.0,0.45352186911588266,0,-1.0,0.4153908153393449,0,-1.0,0.4239332911497141,0,-1.0,0.547158924086791,1,1.5499999999999998,0.5226717052839877,1,1.5499999999999998,0.3390723028033002,0,-1.0
2025-07-26,2956,285,Red,0.16547788873038516,0,0.15999999999999992,0.3682737169517885,0,0.15999999999999992,0.14595407871046512,0,0.15999999999999992,0.21822751615297686,0,0.15999999999999992,0.3002276193185805,0,0.15999999999999992,0.40517604285406145,0,0.15999999999999992,0.37251612850269167,0,0.15999999999999992,0.34334043494788014,0,0.15999999999999992,0.38545446942092426,0,0.15999999999999992,0.271714015969709,0,0.15999999999999992
2025-07-26,3230,3220,Blue,0.2722231557721391,0,-1.0,0.3682737169517885,0,-1.0,0.21252466663278047,0,-1.0,0.29401460551323383,0,-1.0,0.3487877940965968,0,-1.0,0.2794000624132204,0,-1.0,0.3066250668489488,0,-1.0,0.26246079227944413,0,-1.0,0.26356192237416987,0,-1.0,0.21940007854149463,0,-1.0
2025-07-26,3112,3164,Red,0.5056053811659194,1,-1.0,0.3682737169517885,0,0.9523809523809523,0.4229217950040964,0,0.9523809523809523,0.5313875079015642,1,-1.0,0.46800980440439516,0,0.9523809523809523,0.36571689742432784,0,0.9523809523809523,0.41428947371465796,0,0.9523809523809523,0.38785199831115547,0,0.9523809523809523,0.46521141141182426,0,0.9523809523809523,0.2473241197675593,0,0.9523809523809523
2025-07-26,391,3177,Red,0.6923076923076924,1,-1.0,0.3682737169517885,0,2.15,0.6197250609012223,1,-1.0,0.32610080736345304,0,2.15,0.4045975227302599,0,2.15,0.3935131036547444,0,2.15,0.306877078595297,0,2.15,0.38219899687751274,0,2.15,0.41406186385645244,0,2.15,0.5535252115146049,1,-1.0
2025-07-26,1351,1471,Red,0.43243243243243246,0,0.7142857142857144,0.3682737169517885,0,0.7142857142857144,0.34887124940695335,0,0.7142857142857144,0.304019937237102,0,0.7142857142857144,0.4034163546664938,0,0.7142857142857144,0.3389324860868978,0,0.7142857142857144,0.32794010843410193,0,0.7142857142857144,0.3269419913659064,0,0.7142857142857144,0.40738739398538454,0,0.7142857142857144,0.4158614529631899,0,0.7142857142857144
2025-07-26,1100,2923,Blue,0.36546943919344677,0,-1.0,0.3682737169517885,0,-1.0,0.28686952052264897,0,-1.0,0.3803491267488768,0,-1.0,0.4243184052835911,0,-1.0,0.3531941470838529,0,-1.0,0.37832073289124113,0,-1.0,0.3448238558058505,0,-1.0,0.3211196752970699,0,-1.0,0.15172014655456803,0,-1.0
2025-08-02,3090,3138,Red,0.13199027440083363,0,0.11764705882352944,0.3682737169517885,0,0.11764705882352944,0.12897688162194454,0,0.11764705882352944,0.3443116643592554,0,0.11764705882352944,0.3908135124182427,0,0.11764705882352944,0.38990808168439745,0,0.11764705882352944,0.4145192684281947,0,0.11764705882352944,0.4166719333967358,0,0.11764705882352944,0.36433380202349747,0,0.11764705882352944,0.24777952859905933,0,0.11764705882352944
2025-08-02,369,1673,Blue,0.6956521739130435,1,0.3999999999999999,0.3682737169517885,0,-1.0,0.6230930057077677,1,0.3999999999999999,0.47141582207330546,0,-1.0,0.43686279131816813,0,-1.0,0.44669340708311295,0,-1.0,0.483710658524312,0,-1.0,0.37735576596942283,0,-1.0,0.4205078437077645,0,-1.0,0.2967138030805366,0,-1.0
2025-08-02,1957,1530,Red,0.2604482132041187,0,0.303030303030303,0.3682737169517885,0,0.303030303030303,0.20421167186217312,0,0.303030303030303,0.27831958641303206,0,0.303030303030303,0.36831728974964556,0,0.303030303030303,0.27813559969387036,0,0.303030303030303,0.273673961540911,0,0.303030303030303,0.20399589411791474,0,0.303030303030303,0.2579317073904142,0,0.303030303030303,0.2746225213917526,0,0.303030303030303
2025-08-02,1655,619,Blue,0.32721864154685176,0,-1.0,0.3682737169517885,0,-1.0,0.25457330582600207,0,-1.0,0.4237389925819331,0,-1.0,0.40924548832008023,0,-1.0,0.44429589244891143,0,-1.0,0.4287254559969227,0,-1.0,0.428211099980712,0,-1.0,0.413402194340086,0,-1.0,0.3711619704673485,0,-1.0
2025-08-02,1228,2160,Red,0.5962732919254659,1,-1.0,0.3682737169517885,0,1.4,0.5193178607694983,1,-1.0,0.3727431616275702,0,1.4,0.5065466139398583,1,-1.0,0.3831001833134187,0,1.4,0.5394324945754182,1,-1.0,0.30521182183862944,0,1.4,0.49328234420985023,0,1.4,0.036716851903996754,0,1.4
2025-08-02,1711,1904,Red,0.3020134228187919,0,0.3846153846153846,0.3682737169517885,0,0.3846153846153846,0.234646459732447,0,0.3846153846153846,0.5057588860778663,1,-1.0,0.4401518026317096,0,0.3846153846153846,0.41475167533991086,0,0.3846153846153846,0.42853552295794295,0,0.3846153846153846,0.44955310868536713,0,0.3846153846153846,0.48517027370802673,0,0.3846153846153846,0.5734268863946665,1,-1.0
2025-08-02,1731,2928,Red,0.4117884537747275,0,0.6451612903225805,0.3682737169517885,0,0.6451612903225805,0.32907532500672126,0,0.6451612903225805,0.27023226443535425,0,0.6451612903225805,0.3870348079024891,0,0.6451612903225805,0.4475021179371028,0,0.6451612903225805,0.4195389695976377,0,0.6451612903225805,0.45165122488285664,0,0.6451612903225805,0.41000600464829096,0,0.6451612903225805,0.30818277306643055,0,0.6451612903225805
2025-08-02,1422,3253,Red,0.24102564102564106,0,0.2702702702702702,0.3682737169517885,0,0.2702702702702702,0.19103272334449709,0,0.2702702702702702,0.36490220463364764,0,0.2702702702702702,0.3992637968196448,0,0.2702702702702702,0.30520112820615924,0,0.2702702702702702,0.23949154429176903,0,0.2702702702702702,0.20944051420722146,0,0.2702702702702702,0.33361268120375454,0,0.2702702702702702,0.18821864549676276,0,0.2702702702702702
2025-08-02,2061,800,Red,0.337909186906019,0,0.4545454545454546,0.3682737169517885,0,0.4545454545454546,0.26335415750404717,0,0.4545454545454546,0.3169993374461281,0,0.4545454545454546,0.3634534507858688,0,0.4545454545454546,0.3454563630813631,0,0.4545454545454546,0.43995202086209806,0,0.4545454545454546,0.4265417080089964,0,0.4545454545454546,0.4436408888325147,0,0.4545454545454546,0.14302169651588986,0,0.4545454545454546
2025-08-02,2950,3209,Red,0.154473494842888,0,0.14184397163120566,0.3682737169517885,0,0.14184397163120566,0.1401798741077122,0,0.14184397163120566,0.28634183687569675,0,0.14184397163120566,0.3551826415563587,0,0.14184397163120566,0.302377445138281,0,0.14184397163120566,0.29155761524206497,0,0.14184397163120566,0.2524274950711006,0,0.14184397163120566,0.28190876853077385,0,0.14184397163120566,0.16294431195540973,0,0.14184397163120566
2025-08-02,3254,3117,Blue,0.5384615384615385,1,0.8,0.3682737169517885,0,-1.0,0.4575645758804292,0,-1.0,0.3952836939434293,0,-1.0,0.38147375468563804,0,-1.0,0.3097183015785958,0,-1.0,0.35174201327318716,0,-1.0,0.34863943864577557,0,-1.0,0.40378863141681903,0,-1.0,0.21358747290896504,0,-1.0
2025-08-02,3195,3200,Blue,0.7760382691889541,1,0.24096385542168663,0.3682737169517885,0,-1.0,0.6998926807853185,1,0.24096385542168663,0.3487068429832252,0,-1.0,0.3914604223555494,0,-1.0,0.42044630560071744,0,-1.0,0.45621700000857207,0,-1.0,0.4665485897406606,0,-1.0,0.4864802880488165,0,-1.0,0.350128249108772,0,-1.0
2025-08-09,3202,1051,Red,0.1489841986455982,0,0.13793103448275867,0.3682737169517885,0,0.13793103448275867,0.1373716982343116,0,0.13793103448275867,0.25252234495916115,0,0.13793103448275867,0.34391997484244835,0,0.13793103448275867,0.28973464171993596,0,0.13793103448275867,0.30810417198479423,0,0.13793103448275867,0.23494971467398038,0,0.13793103448275867,0.3833910351102846,0,0.13793103448275867,0.17030297581266884,0,0.13793103448275867
2025-08-09,689,2962,Red,0.21920668058455114,0,0.23529411764705888,0.3682737169517885,0,0.23529411764705888,0.17701420851962593,0,0.23529411764705888,0.39135920956421477,0,0.23529411764705888,0.4331152761229263,0,0.23529411764705888,0.4273301908228379,0,0.23529411764705888,0.45466474793554773,0,0.23529411764705888,0.44586685671708914,0,0.23529411764705888,0.4682268989498811,0,0.23529411764705888,0.5815432340250375,1,-1.0
2025-08-09,211,620,Blue,0.7983193277310925,1,0.19999999999999996,0.3682737169517885,0,-1.0,0.7195357743074786,1,0.19999999999999996,0.6767497905529355,1,0.19999999999999996,0.5214269283868584,1,0.19999999999999996,0.6124003739924792,1,0.19999999999999996,0.6624610232718018,1,0.19999999999999996,0.7147333148101613,1,0.19999999999999996,0.46140016037628195,0,-1.0,0.6318965932491747,1,0.19999999999999996
2025-08-09,996,3122,Blue,0.6713021491782554,1,0.4444444444444444,0.3682737169517885,0,-1.0,0.5983195274655739,1,0.4444444444444444,0.4646974374069922,0,-1.0,0.45320949755570644,0,-1.0,0.4913049768572215,0,-1.0,0.5106810813264276,1,0.4444444444444444,0.5793756863645488,1,0.4444444444444444,0.4837983022155094,0,-1.0,0.6372255624821785,1,0.4444444444444444
2025-08-09,1317,2026,Red,0.2852852852852853,0,0.3571428571428572,0.3682737169517885,0,0.3571428571428572,0.2220323148381103,0,0.3571428571428572,0.4631735990527874,0,0.3571428571428572,0.4199040675670684,0,0.3571428571428572,0.46959584007112276,0,0.3571428571428572,0.4210049667181002,0,0.3571428571428572,0.5380868911733747,1,-1.0,0.5080696946491932,1,-1.0,0.627124136300605,1,-1.0
2025-08-09,3116,3232,Red,0.1601708489054992,0,0.15384615384615374,0.3682737169517885,0,0.15384615384615374,0.14314513606288035,0,0.15384615384615374,0.3019904190997655,0,0.15384615384615374,0.39229556098777607,0,0.15384615384615374,0.37919006048417797,0,0.15384615384615374,0.3199950623896802,0,0.15384615384615374,0.4517109045394841,0,0.15384615384615374,0.37562881195151815,0,0.15384615384615374,0.5025232393177078,1,-1.0
2025-08-09,701,1712,Red,0.6828358208955223,1,-1.0,0.3682737169517885,0,2.05,0.6101249430712015,1,-1.0,0.7356760509972273,1,-1.0,0.5681877041713452,1,-1.0,0.6371274940659615,1,-1.0,0.7101407262707553,1,-1.0,0.614498805402005,1,-1.0,0.5780713447623019,1,-1.0,0.5766631708854568,1,-1.0
2025-08-09,1202,911,Red,0.4009077155824508,0,0.606060606060606,0.3682737169517885,0,0.606060606060606,0.31887541179245016,0,0.606060606060606,0.15409643864956693,0,0.606060606060606,0.33479113054380444,0,0.606060606060606,0.25363460286989714,0,0.606060606060606,0.36652957739606873,0,0.606060606060606,0.23301368170894263,0,0.606060606060606,0.3526996581852631,0,0.606060606060606,0.07202035136868425,0,0.606060606060606
2025-08-09,600,897,Blue,0.7340253000324359,1,0.32258064516129026,0.3682737169517885,0,-1.0,0.6608203254255767,1,0.32258064516129026,0.7334926056013976,1,0.32258064516129026,0.6178674056015336,1,0.32258064516129026,0.5272407421726307,1,0.32258064516129026,0.4598735665937305,0,-1.0,0.593632601684089,1,0.32258064516129026,0.5028840808711982,1,0.32258064516129026,0.7151474611917393,1,0.32258064516129026
2025-08-09,658,1504,Red,0.18374558303886926,0,0.18181818181818188,0.3682737169517885,0,0.18181818181818188,0.15597336829536668,0,0.18181818181818188,0.3735542422713689,0,0.18181818181818188,0.44041158694500043,0,0.18181818181818188,0.26047805462511364,0,0.18181818181818188,0.3279618260667729,0,0.18181818181818188,0.2066585108266116,0,0.18181818181818188,0.3144282022571385,0,0.18181818181818188,0.10968915675524968,0,0.18181818181818188
2025-08-09,641,411,Red,0.2302631578947368,0,0.2564102564102564,0.3682737169517885,0,0.2564102564102564,0.18401448672479476,0,0.2564102564102564,0.03203697840173721,0,0.2564102564102564,0.17971960533481685,0,0.2564102564102564,0.28573714721237936,0,0.2564102564102564,0.2810183083719266,0,0.2564102564102564,0.16814257324250848,0,0.2564102564102564,0.24412384292605313,0,0.2564102564102564,0.018480324185885723,0,0.2564102564102564
2025-08-09,386,3039,Blue,0.35714285714285715,0,-1.0,0.3682737169517885,0,-1.0,0.2796338546353161,0,-1.0,0.5469618573461408,1,1.7000000000000002,0.5124351852450234,1,1.7000000000000002,0.38840449044706027,0,-1.0,0.3679142719229458,0,-1.0,0.33612183493085257,0,-1.0,0.2834739934156126,0,-1.0,0.6243032795258378,1,1.7000000000000002
2025-08-16,648,3004,Red,0.7241379310344829,1,-1.0,0.3682737169517885,0,2.5,0.6512707234755049,1,-1.0,0.5378240138403506,1,-1.0,0.492289982639295,0,2.5,0.46420959776377724,0,2.5,0.4926092126642428,0,2.5,0.6005296015170961,1,-1.0,0.469571528290295,0,2.5,0.26203559062090653,0,2.5
2025-08-16,275,1085,Blue,0.4831460674157303,0,-1.0,0.3682737169517885,0,-1.0,0.3996492627713737,0,-1.0,0.696149649221305,1,1.0,0.5346880008701389,1,1.0,0.5477121044160519,1,1.0,0.6532547151087873,1,1.0,0.49109703048752573,0,-1.0,0.6009564256219241,1,1.0,0.8109012798606734,1,1.0
2025-08-16,1434,3165,Blue,0.6345305608065532,1,0.5263157894736841,0.3682737169517885,0,-1.0,0.5599769884904061,1,0.5263157894736841,0.5556277017874818,1,0.5263157894736841,0.49163464514421457,0,-1.0,0.505673479642133,1,0.5263157894736841,0.472748137280139,0,-1.0,0.590242988678264,1,0.5263157894736841,0.5246985265469978,1,0.5263157894736841,0.3637750431092538,0,-1.0
2025-08-16,1851,3101,Red,0.3590992087644553,0,0.5128205128205128,0.3682737169517885,0,0.5128205128205128,0.28132382899197633,0,0.5128205128205128,0.45430709635575867,0,0.5128205128205128,0.4327401118956153,0,0.5128205128205128,0.36103311762197204,0,0.5128205128205128,0.4057919894263108,0,0.5128205128205128,0.330226484899137,0,0.5128205128205128,0.3230307860713445,0,0.5128205128205128,0.3901042545584766,0,0.5128205128205128
2025-08-16,611,465,Blue,0.7012448132780084,1,0.3846153846153846,0.3682737169517885,0,-1.0,0.6286982670793451,1,0.3846153846153846,0.3532020099307093,0,-1.0,0.40590035889412557,0,-1.0,0.4508589069599131,0,-1.0,0.34761898985955453,0,-1.0,0.498168049615847,0,-1.0,0.39870923941640246,0,-1.0,0.8872847617242805,1,0.3846153846153846
2025-08-16,424,2989,Blue,0.6507042253521127,1,0.4761904761904763,0.3682737169517885,0,-1.0,0.5769583405613034,1,0.4761904761904763,0.6782552028943934,1,0.4761904761904763,0.5894686322889006,1,0.4761904761904763,0.5905585102175661,1,0.4761904761904763,0.6164132281678895,1,0.4761904761904763,0.5959986073446297,1,0.4761904761904763,0.5576031903216174,1,0.4761904761904763,0.9541214231059567,1,0.4761904761904763
2025-08-16,1412,3187,Red,0.6115107913669063,1,-1.0,0.3682737169517885,0,1.5,0.5355731569637069,1,-1.0,0.23175610756571963,0,1.5,0.32659516111822556,0,1.5,0.236792841059869,0,1.5,0.25218003062120803,0,1.5,0.29442469652394543,0,1.5,0.3128189785980864,0,1.5,0.2844058278569158,0,1.5
2025-08-16,1320,1487,Blue,0.6547884187082406,1,0.4761904761904763,0.3682737169517885,0,-1.0,0.5812195164378221,1,0.4761904761904763,0.7664680058643953,1,0.4761904761904763,0.6239963883815075,1,0.4761904761904763,0.6002541876767882,1,0.4761904761904763,0.6065981808313733,1,0.4761904761904763,0.6930247310648092,1,0.4761904761904763,0.6328181445387863,1,0.4761904761904763,0.29756411437197205,0,-1.0
2025-08-16,934,896,Blue,0.23286520225663185,0,-1.0,0.3682737169517885,0,-1.0,0.18569277417171126,0,-1.0,0.428864642676066,0,-1.0,0.4892761053454668,0,-1.0,0.3586086473439413,0,-1.0,0.37945967283927123,0,-1.0,0.23658859198165208,0,-1.0,0.31414097343604147,0,-1.0,0.08181647464049263,0,-1.0
2025-08-16,214,775,Blue,0.5675675675675675,1,0.7142857142857144,0.3682737169517885,0,-1.0,0.488611019569739,0,-1.0,0.672682761593903,1,0.7142857142857144,0.5661556802879812,1,0.7142857142857144,0.5226569563334269,1,0.7142857142857144,0.6450498646712123,1,0.7142857142857144,0.4882965843237318,0,-1.0,0.6449984646332021,1,0.7142857142857144,0.5269600587831861,1,0.7142857142857144
2025-08-16,3163,3114,Red,0.11304347826086955,0,0.08333333333333326,0.3682737169517885,0,0.08333333333333326,0.12013669281067355,0,0.08333333333333326,0.2540199199875096,0,0.08333333333333326,0.3377243173602052,0,0.08333333333333326,0.1295273188125568,0,0.08333333333333326,0.1742729454684777,0,0.08333333333333326,0.25196630099762873,0,0.08333333333333326,0.30036380333951895,0,0.08333333333333326,0.12374536360403102,0,0.08333333333333326
2025-08-16,3218,1378,Blue,0.20512820512820512,0,-1.0,0.3682737169517885,0,-1.0,0.16840534387358533,0,-1.0,0.5027118182362389,1,3.6500000000000004,0.46879856323805613,0,-1.0,0.3326384589955718,0,-1.0,0.2976630524632547,0,-1.0,0.3458287555744821,0,-1.0,0.3326353077810855,0,-1.0,0.19036191477670572,0,-1.0
2025-08-23,2075,3140,Red,0.758974358974359,1,-1.0,0.3682737169517885,0,3.0,0.6843305565222417,1,-1.0,0.6573587932235752,1,-1.0,0.533898642054109,1,-1.0,0.5548886268959801,1,-1.0,0.5079673026448511,1,-1.0,0.5908390744964513,1,-1.0,0.6865660766052026,1,-1.0,0.4991354560932037,0,3.0
2025-08-23,2148,2119,Red,0.12481426448736996,0,0.10526315789473673,0.3682737169517885,0,0.10526315789473673,0.1255652677588603,0,0.10526315789473673,0.3484193031584826,0,0.10526315789473673,0.4057242242124369,0,0.10526315789473673,0.32431691456691464,0,0.10526315789473673,0.37432316426704554,0,0.10526315789473673,0.3272487236928319,0,0.10526315789473673,0.37267053431576047,0,0.10526315789473673,0.18316251215742294,0,0.10526315789473673
2025-08-23,1500,1927,Blue,0.8037954326149888,1,0.196078431372549,0.3682737169517885,0,-1.0,0.7242416800994121,1,0.196078431372549,0.8412161264391295,1,0.196078431372549,0.618629135522269,1,0.196078431372549,0.49630980488952636,0,-1.0,0.528454219868939,1,0.196078431372549,0.589228755313906,1,0.196078431372549,0.6000642448783753,1,0.196078431372549,0.8757673842445873,1,0.196078431372549
2025-08-23,3012,3203,Blue,0.552594002855783,1,0.7407407407407407,0.3682737169517885,0,-1.0,0.47261304800379783,0,-1.0,0.2603630094227955,0,-1.0,0.3209946460526154,0,-1.0,0.4875473731921103,0,-1.0,0.4093187897733996,0,-1.0,0.6367592576577346,1,0.7407407407407407,0.5193652205757359,1,0.7407407407407407,0.16799840300097849,0,-1.0
2025-08-23,1234,3031,Blue,0.5798319327731092,1,0.6666666666666665,0.3682737169517885,0,-1.0,0.5017333260469528,1,0.6666666666666665,0.7160560189738479,1,0.6666666666666665,0.5831118100558559,1,0.6666666666666665,0.4953518983739573,0,-1.0,0.5648156150203659,1,0.6666666666666665,0.6381836774956341,1,0.6666666666666665,0.5798966290691263,1,0.6666666666666665,0.5938705130751961,1,0.6666666666666665
2025-08-23,1544,2979,Red,0.31111111111111106,0,0.3999999999999999,0.3682737169517885,0,0.3999999999999999,0.241712129716833,0,0.3999999999999999,0.286423632974752,0,0.3999999999999999,0.3803005314513361,0,0.3999999999999999,0.4626591100964166,0,0.3999999999999999,0.443232505849355,0,0.3999999999999999,0.41803621576100336,0,0.3999999999999999,0.4363467417034861,0,0.3999999999999999,0.19075293564679152,0,0.3999999999999999
2025-08-23,1726,947,Red,0.28138132651196784,0,0.3508771929824561,0.3682737169517885,0,0.3508771929824561,0.21915921453813514,0,0.3508771929824561,0.3705616955163858,0,0.3508771929824561,0.42762108557937556,0,0.3508771929824561,0.32891834336687276,0,0.3508771929824561,0.3470441823787959,0,0.3508771929824561,0.3787728324937458,0,0.3508771929824561,0.3684886678352778,0,0.3508771929824561,0.3955382750383674,0,0.3508771929824561
2025-08-23,1009,3102,Red,0.6935031297215627,1,-1.0,0.3682737169517885,0,2.15,0.6209302278283652,1,-1.0,0.3563263646961924,0,2.15,0.41537434798372336,0,2.15,0.6276174888922565,1,-1.0,0.5748683464592261,1,-1.0,0.6574364948567503,1,-1.0,0.5460734744817163,1,-1.0,0.460075675431805,0,2.15
2025-08-23,3252,3049,Red,0.5056053811659194,1,-1.0,0.3682737169517885,0,0.9523809523809523,0.4229217950040964,0,0.9523809523809523,0.4426450177176044,0,0.9523809523809523,0.4544490408716971,0,0.9523809523809523,0.40595708458208446,0,0.9523809523809523,0.4258454754737258,0,0.9523809523809523,0.39282961795068766,0,0.9523809523809523,0.3760816169344921,0,0.9523809523809523,0.4345091709802588,0,0.9523809523809523
2025-08-23,1947,2951,Red,0.3932993445010925,0,0.5882352941176472,0.3682737169517885,0,0.5882352941176472,0.3118440834386769,0,0.5882352941176472,0.37256364044597173,0,0.5882352941176472,0.40321792418189073,0,0.5882352941176472,0.41216454895866667,0,0.5882352941176472,0.3850024231928355,0,0.5882352941176472,0.5109560337155816,1,-1.0,0.38684266391633576,0,0.5882352941176472,0.3587141486286604,0,0.5882352941176472
2025-08-23,1562,548,Blue,0.32211538461538464,0,-1.0,0.3682737169517885,0,-1.0,0.25045027597788144,0,-1.0,0.4059995840983307,0,-1.0,0.4534872782056279,0,-1.0,0.3470278392394759,0,-1.0,0.4366784402430635,0,-1.0,0.33871801018786746,0,-1.0,0.37523214336269034,0,-1.0,0.33831616755573607,0,-1.0
2025-08-23,3251,2942,Red,0.19254658385093168,0,0.1923076923076923,0.3682737169517885,0,0.1923076923076923,0.16099728615370396,0,0.1923076923076923,0.2297190168841252,0,0.1923076923076923,0.34485579194398885,0,0.1923076923076923,0.29939183336283404,0,0.1923076923076923,0.26004963715106244,0,0.1923076923076923,0.22456095413801697,0,0.1923076923076923,0.2626098836288288,0,0.1923076923076923,0.07570317190582515,0,0.1923076923076923
2025-09-06,959,351,Red,0.5467695274831245,1,-1.0,0.3682737169517885,0,1.1,0.4664034495740591,0,1.1,0.3144999363791942,0,1.1,0.405199727893473,0,1.1,0.3364769065120727,0,1.1,0.32188372744023486,0,1.1,0.32069441212246114,0,1.1,0.3532650973494695,0,1.1,0.3533770756384739,0,1.1
2025-09-06,787,3190,Red,0.299837925445705,0,0.37037037037037024,0.3682737169517885,0,0.37037037037037024,0.2329782515773198,0,0.37037037037037024,0.28811435558506027,0,0.37037037037037024,0.3928049702399993,0,0.37037037037037024,0.37581170294977445,0,0.37037037037037024,0.41324462789454347,0,0.37037037037037024,0.3097885454155812,0,0.37037037037037024,0.4517535345605318,0,0.37037037037037024,0.22257909294010664,0,0.37037037037037024
2025-09-06,1541,2084,Red,0.36989795918367335,0,0.5263157894736841,0.3682737169517885,0,0.5263157894736841,0.2907630874370258,0,0.5263157894736841,0.5230124900064449,1,-1.0,0.4588622330506607,0,0.5263157894736841,0.37779000003264707,0,0.5263157894736841,0.4037936560918838,0,0.5263157894736841,0.2749312623147395,0,0.5263157894736841,0.3754924187924404,0,0.5263157894736841,0.3191673672984878,0,0.5263157894736841
2025-09-06,2017,3214,Blue,0.5,0,-1.0,0.3682737169517885,0,-1.0,0.41707702825587434,0,-1.0,0.6585372587611726,1,0.9090909090909092,0.5601849550788613,1,0.9090909090909092,0.4114563394122216,0,-1.0,0.4873224034958223,0,-1.0,0.45414282992190125,0,-1.0,0.45563124444011655,0,-1.0,0.44697337724515773,0,-1.0
2025-09-06,270,952,Blue,0.6912521440823327,1,0.3846153846153846,0.3682737169517885,0,-1.0,0.6186596929573126,1,0.3846153846153846,0.5092433743579949,1,0.3846153846153846,0.4488195512244589,0,-1.0,0.4779721615530439,0,-1.0,0.5443530093888437,1,0.3846153846153846,0.5071860774803074,1,0.3846153846153846,0.48719433528668743,0,-1.0,0.491315806434674,0,-1.0
2025-09-06,1968,3169,Blue,0.34929577464788736,0,-1.0,0.3682737169517885,0,-1.0,0.2729180432441444,0,-1.0,0.6577361745216135,1,1.75,0.6428281719236955,1,1.75,0.56987293551535,1,1.75,0.542377831904957,1,1.75,0.632799273673803,1,1.75,0.6084899190000046,1,1.75,0.6989218692750149,1,1.75
2025-09-06,1755,2965,Red,0.5911949685534592,1,-1.0,0.3682737169517885,0,1.35,0.5138895159858577,1,-1.0,0.4355926281048928,0,1.35,0.4045078141859057,0,1.35,0.4006637482887483,0,1.35,0.38766568995030426,0,1.35,0.4214585120074527,0,1.35,0.4177686606597312,0,1.35,0.3348008203541431,0,1.35
2025-09-06,395,515,Red,0.2553191489361702,0,0.2857142857142856,0.3682737169517885,0,0.2857142857142856,0.20066698163070695,0,0.2857142857142856,0.41859905454183016,0,0.2857142857142856,0.48348069934607085,0,0.2857142857142856,0.3437085517967871,0,0.2857142857142856,0.40910914054575026,0,0.2857142857142856,0.23074391815045897,0,0.2857142857142856,0.30414143129549326,0,0.2857142857142856,0.8565739655223237,1,-1.0
2025-09-06,3204,1015,Blue,0.574468085106383,1,0.6666666666666665,0.3682737169517885,0,-1.0,0.4959934837918982,0,-1.0,0.5262102498752029,1,0.6666666666666665,0.524255826130505,1,0.6666666666666665,0.5035861047993401,1,0.6666666666666665,0.5545231841352372,1,0.6666666666666665,0.5681793973947332,1,0.6666666666666665,0.5357740083449629,1,0.6666666666666665,0.586490308232276,1,0.6666666666666665
2025-09-06,3250,682,Blue,0.4532304725168756,0,-1.0,0.3682737169517885,0,-1.0,0.3693563055532054,0,-1.0,0.5033489108632926,1,1.1,0.46806634436577454,0,-1.0,0.3781870166870168,0,-1.0,0.3968089971540733,0,-1.0,0.6204909106639204,1,1.1,0.40464816630484274,0,-1.0,0.6865271277466217,1,1.1
2025-09-06,2995,3085,Red,0.18181818181818185,0,0.16666666666666674,0.3682737169517885,0,0.16666666666666674,0.15489034973514199,0,0.16666666666666674,0.340423955066281,0,0.16666666666666674,0.3924069928750494,0,0.16666666666666674,0.3436932394160756,0,0.16666666666666674,0.36431336481766646,0,0.16666666666666674,0.28581731255340753,0,0.16666666666666674,0.28880622695385777,0,0.16666666666666674,0.5388593095563535,1,-1.0
2025-09-06,2988,1307,Red,0.4572564612326044,0,0.7692307692307692,0.3682737169517885,0,0.7692307692307692,0.37337940486727245,0,0.7692307692307692,0.22435709571869586,0,0.7692307692307692,0.335224491223152,0,0.7692307692307692,0.40395096898849137,0,0.7692307692307692,0.40991065191198456,0,0.7692307692307692,0.3378600848073328,0,0.7692307692307692,0.40635429511406507,0,0.7692307692307692,0.49578373675553195,0,0.7692307692307692
2025-09-06,3201,2954,Blue,0.6428571428571429,1,0.5,0.3682737169517885,0,-1.0,0.5687395201299372,1,0.5,0.429571597884982,0,-1.0,0.4414711539088338,0,-1.0,0.3338685402857072,0,-1.0,0.290952991173622,0,-1.0,0.4057901045748062,0,-1.0,0.4143776406815368,0,-1.0,0.49157860426358047,0,-1.0
2025-09-13,1631,1842,Blue,0.4572564612326044,0,-1.0,0.3682737169517885,0,-1.0,0.37337940486727245,0,-1.0,0.12950514642027433,0,-1.0,0.28516818128361976,0,-1.0,0.3767272642934408,0,-1.0,0.3805177358207935,0,-1.0,0.19185636845578355,0,-1.0,0.3009936685630023,0,-1.0,0.12611842948436153,0,-1.0
2025-09-13,3205,3191,Red,0.574468085106383,1,-1.0,0.3682737169517885,0,1.25,0.4959934837918982,0,1.25,0.547687057014729,1,-1.0,0.46498482146028236,0,1.25,0.49996075357104786,0,1.25,0.5459561233963933,1,-1.0,0.5275994853013293,1,-1.0,0.46104869659199094,0,1.25,0.6061764268521783,1,-1.0
2025-09-13,504,3096,Blue,0.24333419622055394,0,-1.0,0.3682737169517885,0,-1.0,0.19256449470584722,0,-1.0,0.3755458808989925,0,-1.0,0.3855930639193051,0,-1.0,0.4517487085247766,0,-1.0,0.49592542581724985,0,-1.0,0.4897731040719065,0,-1.0,0.5005663513676966,1,2.95,0.5135027752241631,1,2.95
2025-09-13,1943,1159,Red,0.21882741535920724,0,0.2325581395348837,0.3682737169517885,0,0.2325581395348837,0.17677783095150484,0,0.2325581395348837,0.16111505325466982,0,0.2325581395348837,0.25917885422919673,0,0.2325581395348837,0.2700123626373626,0,0.2325581395348837,0.3061940684042093,0,0.2325581395348837,0.15579129963970492,0,0.2325581395348837,0.30313335603536506,0,0.2325581395348837,0.11944528184635747,0,0.2325581395348837
2025-09-13,156,3146,Red,0.6385542168674698,1,-1.0,0.3682737169517885,0,1.65,0.5642163244242636,1,-1.0,0.2920692489439,0,1.65,0.38433436561589857,0,1.65,0.3063023732803146,0,1.65,0.3338827084510137,0,1.65,0.3837025588650059,0,1.65,0.35906905445577314,0,1.65,0.17752454664936385,0,1.65
2025-09-13,718,2980,Blue,0.4782608695652174,0,-1.0,0.3682737169517885,0,-1.0,0.3946428047638027,0,-1.0,0.4972194635437048,0,-1.0,0.4598437820240792,0,-1.0,0.5522180371371548,1,1.0,0.5842710781372435,1,1.0,0.6729094582419787,1,1.0,0.6265201425027519,1,1.0,0.529076545945395,1,1.0
2025-09-13,3212,1987,Blue,0.7723292469352013,1,0.23809523809523814,0.3682737169517885,0,-1.0,0.6965474251912983,1,0.23809523809523814,0.3599431704732942,0,-1.0,0.4001229712763225,0,-1.0,0.5118058080263963,1,0.23809523809523814,0.48008144627134086,0,-1.0,0.6604585812121372,1,0.23809523809523814,0.5197584877542016,1,0.23809523809523814,0.6546021298859324,1,0.23809523809523814
2025-09-13,755,798,Red,0.6636481241914618,1,-1.0,0.3682737169517885,0,1.85,0.5904208106516671,1,-1.0,0.3522690250952998,0,1.85,0.4890031596237455,0,1.85,0.44997039643363157,0,1.85,0.4174488185422047,0,1.85,0.3247069377438484,0,1.85,0.33773848282476604,0,1.85,0.1808931655883631,0,1.85
2025-09-13,1195,2975,Red,0.6853932584269663,1,-1.0,0.3682737169517885,0,2.05,0.6127257745745904,1,-1.0,0.5030858125329138,1,-1.0,0.45740650704238117,0,2.05,0.44308892924527593,0,2.05,0.4728986483982439,0,2.05,0.49152462360165833,0,2.05,0.4810252395377979,0,2.05,0.3390205755567267,0,2.05
2025-09-13,759,1933,Red,0.33099297893681046,0,0.4347826086956521,0.3682737169517885,0,0.4347826086956521,0.25765128023935513,0,0.4347826086956521,0.5755069559492292,1,-1.0,0.5572271450231008,1,-1.0,0.4451423912344967,0,0.4347826086956521,0.6721947740785705,1,-1.0,0.40883399661739567,0,0.4347826086956521,0.49511349693465045,0,0.4347826086956521,0.36010552473773144,0,0.4347826086956521
2025-09-13,896,691,Red,0.5217391304347826,1,-1.0,0.3682737169517885,0,1.0,0.4398599076862452,0,1.0,0.6098314660502898,1,-1.0,0.5606634804231933,1,-1.0,0.4175838766353474,0,1.0,0.4416236336749859,0,1.0,0.23942252872549696,0,1.0,0.3131532652546058,0,1.0,0.3469219630619067,0,1.0
2025-09-13,3249,2990,Blue,0.6465222348916762,1,0.4761904761904763,0.3682737169517885,0,-1.0,0.5725832378846029,1,0.4761904761904763,0.2795434276931786,0,-1.0,0.3550008529189127,0,-1.0,0.3756662562049634,0,-1.0,0.3747485420984768,0,-1.0,0.35497091836237216,0,-1.0,0.350448777299344,0,-1.0,0.27924937188050103,0,-1.0
2025-09-13,3137,3248,Red,0.41700735895339325,0,0.6451612903225805,0.3682737169517885,0,0.6451612903225805,0.33402620438123604,0,0.6451612903225805,0.2823072661107362,0,0.6451612903225805,0.3839741092751979,0,0.6451612903225805,0.26884981770538074,0,0.6451612903225805,0.30571030123596826,0,0.6451612903225805,0.30795339571783775,0,0.6451612903225805,0.2968825560102756,0,0.6451612903225805,0.13985493492795503,0,0.6451612903225805
2025-09-27,1400,299,Red,0.447405997144217,0,0.7407407407407407,0.3682737169517885,0,0.7407407407407407,0.3635681227782799,0,0.7407407407407407,0.5422407635677041,1,-1.0,0.5058949869868197,1,-1.0,0.5065787942993826,1,-1.0,0.504266790576956,1,-1.0,0.5867675512633757,1,-1.0,0.5815092108520133,1,-1.0,0.454676355417569,0,0.7407407407407407
2025-09-27,987,3246,Red,0.28169014084507044,0,0.33333333333333326,0.3682737169517885,0,0.33333333333333326,0.21938550768017442,0,0.33333333333333326,0.3554406899092904,0,0.33333333333333326,0.40252799043563364,0,0.33333333333333326,0.3728018606923405,0,0.33333333333333326,0.40334426182998395,0,0.33333333333333326,0.31805469890546245,0,0.33333333333333326,0.380305399000492,0,0.33333333333333326,0.31894942023934963,0,0.33333333333333326
2025-09-27,3136,2937,Red,0.42553191489361697,0,0.6666666666666665,0.3682737169517885,0,0.6666666666666665,0.3421918339751657,0,0.6666666666666665,0.4050443128103577,0,0.6666666666666665,0.41842875168604704,0,0.6666666666666665,0.4244928867428868,0,0.6666666666666665,0.4169287145947321,0,0.6666666666666665,0.3946799167178899,0,0.6666666666666665,0.43286736041907803,0,0.6666666666666665,0.4290627842978781,0,0.6666666666666665
2025-09-27,3171,3247,Red,0.6164383561643836,1,-1.0,0.3682737169517885,0,1.5,0.5408154001134118,1,-1.0,0.6603334434357135,1,-1.0,0.5503828677508551,1,-1.0,0.3796319987202341,0,1.5,0.42338372706122707,0,1.5,0.5262306846012239,1,-1.0,0.5439911497740613,1,-1.0,0.392778134262946,0,1.5
2025-09-27,2020,1667,Red,0.3146067415730337,0,0.3999999999999999,0.3682737169517885,0,0.3999999999999999,0.2444652307406781,0,0.3999999999999999,0.4404347638833112,0,0.3999999999999999,0.47220721114645564,0,0.3999999999999999,0.3732498095586332,0,0.3999999999999999,0.3329917308141014,0,0.3999999999999999,0.36480136778084815,0,0.3999999999999999,0.3643223670942519,0,0.3999999999999999,0.7068505443186797,1,-1.0
2025-09-27,1193,3044,Blue,0.6704377766847024,1,0.42553191489361697,0.3682737169517885,0,-1.0,0.5974299927958933,1,0.42553191489361697,0.6345911652400442,1,0.42553191489361697,0.5431163231696329,1,0.42553191489361697,0.29913280136616055,0,-1.0,0.37931999236267677,0,-1.0,0.24080406158712264,0,-1.0,0.4089630894781576,0,-1.0,0.5345275645411354,1,0.42553191489361697
2025-09-27,3058,2946,Red,0.298804780876494,0,0.36363636363636376,0.3682737169517885,0,0.36363636363636376,0.2321889164348904,0,0.36363636363636376,0.2817570924595245,0,0.36363636363636376,0.3258367677723166,0,0.36363636363636376,0.2885461815589525,0,0.36363636363636376,0.3422628020235445,0,0.36363636363636376,0.17632727730979933,0,0.36363636363636376,0.3174868685217037,0,0.36363636363636376,0.35015342353063206,0,0.36363636363636376
2025-09-27,1285,1228,Blue,0.24333419622055394,0,-1.0,0.3682737169517885,0,-1.0,0.19256449470584722,0,-1.0,0.8309662150929185,1,2.95,0.810514773037533,1,2.95,0.36889125226625213,0,-1.0,0.42353523262922693,0,-1.0,0.2744505490450136,0,-1.0,0.44915077374451773,0,-1.0,0.2647526207132256,0,-1.0
2025-09-27,521,3156,Red,0.33099297893681046,0,0.4347826086956521,0.3682737169517885,0,0.4347826086956521,0.25765128023935513,0,0.4347826086956521,0.3380432449172775,0,0.4347826086956521,0.39354460784811984,0,0.4347826086956521,0.31362777037777045,0,0.4347826086956521,0.3268219528016465,0,0.4347826086956521,0.18030832205917677,0,0.4347826086956521,0.25952772732200646,0,0.4347826086956521,0.0676754914127301,0,0.4347826086956521
2025-09-27,3167,3104,Red,0.32579625577437393,0,0.42553191489361697,0.3682737169517885,0,0.42553191489361697,0.25341965091211066,0,0.42553191489361697,0.25332734981525806,0,0.42553191489361697,0.35102647269158294,0,0.42553191489361697,0.24519204921997428,0,0.42553191489361697,0.2618574680891974,0,0.42553191489361697,0.3399883574776169,0,0.42553191489361697,0.35837878654388944,0,0.42553191489361697,0.20317918414542002,0,0.42553191489361697
2025-09-27,3168,1577,Red,0.6255648805681084,1,-1.0,0.3682737169517885,0,1.5499999999999998,0.5505000794775666,1,-1.0,0.5221710819143968,1,-1.0,0.5121367915686754,1,-1.0,0.3773054601914132,0,1.5499999999999998,0.40718548226458146,0,1.5499999999999998,0.3790077355646989,0,1.5499999999999998,0.4362609212158171,0,1.5499999999999998,0.5181979297567396,1,-1.0
2025-09-27,3178,435,Red,0.33635187580853815,0,0.4444444444444444,0.3682737169517885,0,0.4444444444444444,0.2620630016519996,0,0.4444444444444444,0.34754977388290725,0,0.4444444444444444,0.4152394168532153,0,0.4444444444444444,0.5683349687089878,1,-1.0,0.474635378792142,0,0.4444444444444444,0.46722843408697007,0,0.4444444444444444,0.43967107067537925,0,0.4444444444444444,0.5498766128720549,1,-1.0
2025-10-04,866,2076,Red,0.1475409836065574,0,0.125,0.3682737169517885,0,0.125,0.13664128378851975,0,0.125,0.49151060895138793,0,0.125,0.4511558072675252,0,0.125,0.3580159470159471,0,0.125,0.3740900752696868,0,0.125,0.28242793296433044,0,0.125,0.36319892512896074,0,0.125,0.06960031783150336,0,0.125
2025-10-04,1891,3154,Red,0.23364485981308414,0,0.25,0.3682737169517885,0,0.25,0.18619793898742618,0,0.25,0.34068643903988693,0,0.25,0.340242262560356,0,0.25,0.28415839634222,0,0.25,0.3491765790704542,0,0.25,0.2327442514499843,0,0.25,0.32853875144664485,0,0.25,0.6370458313080063,1,-1.0
2025-10-04,1626,1738,Red,0.3614457831325302,0,0.5,0.3682737169517885,0,0.5,0.28335907035899244,0,0.5,0.3682822310091697,0,0.5,0.3913202118423384,0,0.5,0.36593182621472103,0,0.5,0.3752621366974165,0,0.5,0.2265995293122351,0,0.5,0.2995800885519507,0,0.5,0.2574672969212852,0,0.5
2025-10-04,221,1563,Blue,0.32579625577437393,0,-1.0,0.3682737169517885,0,-1.0,0.25341965091211066,0,-1.0,0.25748720976231715,0,-1.0,0.34021145196391284,0,-1.0,0.3046092796092795,0,-1.0,0.33154728934492006,0,-1.0,0.27267516026362626,0,-1.0,0.16217351065400631,0,-1.0,0.6464444261441631,1,1.9500000000000002
2025-10-04,654,2159,Blue,0.7999999999999999,1,0.19999999999999996,0.3682737169517885,0,-1.0,0.7209852675424621,1,0.19999999999999996,0.9293982590229606,1,0.19999999999999996,0.6416956786787903,1,0.19999999999999996,0.6044991446462035,1,0.19999999999999996,0.6226636341926705,1,0.19999999999999996,0.7427830693841412,1,0.19999999999999996,0.5653233682446497,1,0.19999999999999996,0.9383821148985386,1,0.19999999999999996
2025-10-04,1231,1635,Blue,0.6818181818181818,1,0.3999999999999999,0.3682737169517885,0,-1.0,0.6090882833424296,1,0.3999999999999999,0.6183619215507099,1,0.3999999999999999,0.4946185141589537,0,-1.0,0.496818613626394,0,-1.0,0.5115422481312665,1,0.3999999999999999,0.7203952824848904,1,0.3999999999999999,0.608125293042439,1,0.3999999999999999,0.8341980767372015,1,0.3999999999999999
2025-10-04,844,291,Blue,0.815229563269877,1,0.1785714285714286,0.3682737169517885,0,-1.0,0.733908410342626,1,0.1785714285714286,0.25359801973639556,0,-1.0,0.3774209409736247,0,-1.0,0.5898701755760578,1,0.1785714285714286,0.5878689617014712,1,0.1785714285714286,0.5793540508289285,1,0.1785714285714286,0.5959118583120943,1,0.1785714285714286,0.5636882026596882,1,0.1785714285714286
2025-10-04,1791,2972,Red,0.43795620437956206,0,0.7142857142857144,0.3682737169517885,0,0.7142857142857144,0.3542612979004225,0,0.7142857142857144,0.48710872329315047,0,0.7142857142857144,0.4565697298354251,0,0.7142857142857144,0.3071439763939766,0,0.7142857142857144,0.3421559850652748,0,0.7142857142857144,0.28354739172729687,0,0.7142857142857144,0.320199814913624,0,0.7142857142857144,0.35414155088703514,0,0.7142857142857144
2025-10-04,362,3245,Red,0.717453505007153,1,-1.0,0.3682737169517885,0,2.4,0.6447445493125692,1,-1.0,0.4221749726501749,0,2.4,0.42450387496775055,0,2.4,0.40229936737096184,0,2.4,0.43836407309046427,0,2.4,0.37863639580776326,0,2.4,0.3960233625731477,0,2.4,0.2413047274907095,0,2.4
2025-10-04,462,1788,Blue,0.35347776510832385,0,-1.0,0.3682737169517885,0,-1.0,0.2764845785188436,0,-1.0,0.34733138992563334,0,-1.0,0.45670821602429684,0,-1.0,0.4092638453164769,0,-1.0,0.3998535775142907,0,-1.0,0.22030969030443495,0,-1.0,0.390360923871317,0,-1.0,0.24058833324399745,0,-1.0
2025-10-04,626,1776,Red,0.21739130434782608,0,0.22222222222222232,0.3682737169517885,0,0.22222222222222232,0.17588501902864603,0,0.22222222222222232,0.13555362521761932,0,0.22222222222222232,0.30226081322428694,0,0.22222222222222232,0.2993764623176389,0,0.22222222222222232,0.33724136286073747,0,0.22222222222222232,0.33616423793017114,0,0.22222222222222232,0.33981818149731974,0,0.22222222222222232,0.49169727442474626,0,0.22222222222222232
2025-10-04,3244,3219,Blue,0.2528089887640449,0,-1.0,0.3682737169517885,0,-1.0,0.1989490854279226,0,-1.0,0.48809658358346963,0,-1.0,0.44533686987944543,0,-1.0,0.31129137543456437,0,-1.0,0.3830662895195116,0,-1.0,0.3642559557048451,0,-1.0,0.3584000709753115,0,-1.0,0.3903752324487512,0,-1.0
2025-10-04,1816,1402,Red,0.267175572519084,0,0.3125,0.3682737169517885,0,0.3125,0.20893119361123438,0,0.3125,0.4824740474540882,0,0.3125,0.4878471286853622,0,0.3125,0.3455648267854151,0,0.3125,0.3986230867810298,0,0.3125,0.26905073958634224,0,0.3125,0.43271680883692176,0,0.3125,0.2434878501314754,0,0.3125
2025-10-04,3160,3243,Red,0.09090909090909093,0,0.050000000000000044,0.3682737169517885,0,0.050000000000000044,0.11047663345847726,0,0.050000000000000044,0.2390649694934124,0,0.050000000000000044,0.3554543868723497,0,0.050000000000000044,0.1685829880903412,0,0.050000000000000044,0.24030856771849643,0,0.050000000000000044,0.12424954846056568,0,0.050000000000000044,0.1897708637835224,0,0.050000000000000044,0.15688023963864392,0,0.050000000000000044
2025-10-11,1113,1493,Red,0.2553191489361702,0,0.2857142857142856,0.3682737169517885,0,0.2857142857142856,0.20066698163070695,0,0.2857142857142856,0.5228598560331695,1,-1.0,0.4718059411725942,0,0.2857142857142856,0.3798121842754196,0,0.2857142857142856,0.4805797962207603,0,0.2857142857142856,0.35780493609889863,0,0.2857142857142856,0.4111311260556581,0,0.2857142857142856,0.33952797456763567,0,0.2857142857142856
2025-10-11,3242,3097,Red,0.4891657638136511,0,0.8695652173913042,0.3682737169517885,0,0.8695652173913042,0.4058472334649439,0,0.8695652173913042,0.24107696928149266,0,0.8695652173913042,0.33279738098908984,0,0.8695652173913042,0.3183755199049319,0,0.8695652173913042,0.33539447600698286,0,0.8695652173913042,0.43968313961526645,0,0.8695652173913042,0.5130586578461706,1,-1.0,0.18111253057725427,0,0.8695652173913042
2025-10-11,1648,3118,Blue,0.35714285714285715,0,-1.0,0.3682737169517885,0,-1.0,0.2796338546353161,0,-1.0,0.33910671297999867,0,-1.0,0.35568204005298076,0,-1.0,0.4305407832907833,0,-1.0,0.4002173891454175,0,-1.0,0.34060057031853386,0,-1.0,0.3563122691022485,0,-1.0,0.22972005607446544,0,-1.0
2025-10-11,195,2971,Blue,0.6946564885496184,1,0.3846153846153846,0.3682737169517885,0,-1.0,0.6220915610247295,1,0.3846153846153846,0.7302128626036242,1,0.3846153846153846,0.5715786446591347,1,0.3846153846153846,0.5602135138826316,1,0.3846153846153846,0.6134532700635988,1,0.3846153846153846,0.7593410591586964,1,0.3846153846153846,0.6610829841394215,1,0.3846153846153846,0.8091036125715334,1,0.3846153846153846
2025-10-11,3017,1097,Red,0.19117647058823528,0,0.18181818181818188,0.3682737169517885,0,0.18181818181818188,0.160206671083403,0,0.18181818181818188,0.15330292136682525,0,0.18181818181818188,0.3119467779083228,0,0.18181818181818188,0.31864144240692255,0,0.18181818181818188,0.4394351476289708,0,0.18181818181818188,0.16235886917820525,0,0.18181818181818188,0.39888115972046656,0,0.18181818181818188,0.1970069586684842,0,0.18181818181818188
2025-10-11,697,973,Red,0.7369226063016213,1,-1.0,0.3682737169517885,0,2.65,0.6635944583574663,1,-1.0,0.6957236183229362,1,-1.0,0.48099713838919095,0,2.65,0.5944082270641871,1,-1.0,0.5858714396576329,1,-1.0,0.660271989940269,1,-1.0,0.48129115658823884,0,2.65,0.9300178616638662,1,-1.0
2025-10-11,700,436,Red,0.4675324675324676,0,0.8,0.3682737169517885,0,0.8,0.3837266583299639,0,0.8,0.39307174726313887,0,0.8,0.39596295923189256,0,0.8,0.3070789164539164,0,0.8,0.2996008955203132,0,0.8,0.3528736815561035,0,0.8,0.31045084721166943,0,0.8,0.2910284769510303,0,0.8
2025-10-11,1205,201,Blue,0.8181818181818182,1,0.16666666666666674,0.3682737169517885,0,-1.0,0.7363689467299468,1,0.16666666666666674,0.6771811250417619,1,0.16666666666666674,0.5483408296152856,1,0.16666666666666674,0.5437028736943593,1,0.16666666666666674,0.7054698160766374,1,0.16666666666666674,0.6054215026315539,1,0.16666666666666674,0.6693682220639179,1,0.16666666666666674,0.7522601961286999,1,0.16666666666666674
2025-10-11,1489,745,Red,0.5,0,0.9090909090909092,0.3682737169517885,0,0.9090909090909092,0.41707702825587434,0,0.9090909090909092,0.7911760657729159,1,-1.0,0.6977945350058287,1,-1.0,0.44962297595192346,0,0.9090909090909092,0.48159711544039746,0,0.9090909090909092,0.42234246275404386,0,0.9090909090909092,0.5913974036138531,1,-1.0,0.672144628813284,1,-1.0
2025-10-11,3241,2994,Blue,0.4891657638136511,0,-1.0,0.3682737169517885,0,-1.0,0.4058472334649439,0,-1.0,0.36724027363116407,0,-1.0,0.4116562734096715,0,-1.0,0.3786703655105358,0,-1.0,0.4539221179506711,0,-1.0,0.3974516072755449,0,-1.0,0.489730469703701,0,-1.0,0.2094713515034853,0,-1.0
2025-10-11,1576,3082,Red,0.28169014084507044,0,0.33333333333333326,0.3682737169517885,0,0.33333333333333326,0.21938550768017442,0,0.33333333333333326,0.3264514992888493,0,0.33333333333333326,0.40787628764074546,0,0.33333333333333326,0.4556485221775601,0,0.33333333333333326,0.3691455375706471,0,0.33333333333333326,0.33541244526771663,0,0.33333333333333326,0.2947833982944205,0,0.33333333333333326,0.31755827858569996,0,0.33333333333333326
2025-10-11,3128,177,Red,0.17341040462427745,0,0.15384615384615374,0.3682737169517885,0,0.15384615384615374,0.15023768198043336,0,0.15384615384615374,0.2938742990704179,0,0.15384615384615374,0.40392132034826117,0,0.15384615384615374,0.2574527295160418,0,0.15384615384615374,0.3236396466437031,0,0.15384615384615374,0.29444925317490034,0,0.15384615384615374,0.3088060375132758,0,0.15384615384615374,0.22821388355089312,0,0.15384615384615374
2025-10-18,2051,2158,Blue,0.5427435387673957,1,0.7692307692307692,0.3682737169517885,0,-1.0,0.46211721698599134,0,-1.0,0.5367101102471451,1,0.7692307692307692,0.5006048870403341,1,0.7692307692307692,0.39684612316075163,0,-1.0,0.5670689924868071,1,0.7692307692307692,0.3082790126451543,0,-1.0,0.44620554015454467,0,-1.0,0.7569251952047337,1,0.7692307692307692
2025-10-18,1441,732,Red,0.4782608695652174,0,0.8333333333333335,0.3682737169517885,0,0.8333333333333335,0.3946428047638027,0,0.8333333333333335,0.5749471414835161,1,-1.0,0.4605638954162244,0,0.8333333333333335,0.46494133372074553,0,0.8333333333333335,0.4509016574976906,0,0.8333333333333335,0.4942794872686496,0,0.8333333333333335,0.38372314152310555,0,0.8333333333333335,0.8344608484794904,1,-1.0
2025-10-18,1022,811,Red,0.3812709030100334,0,0.5405405405405406,0.3682737169517885,0,0.5405405405405406,0.3009034567287069,0,0.5405405405405406,0.17667415431038783,0,0.5405405405405406,0.3907113199758059,0,0.5405405405405406,0.434544000074573,0,0.5405405405405406,0.40539800831191314,0,0.5405405405405406,0.2604001708550943,0,0.5405405405405406,0.3426435945751458,0,0.5405405405405406,0.12800503154793394,0,0.5405405405405406
2025-10-18,3240,2982,Blue,0.3146067415730337,0,-1.0,0.3682737169517885,0,-1.0,0.2444652307406781,0,-1.0,0.38957317015395376,0,-1.0,0.42153925748864596,0,-1.0,0.47554627092320584,0,-1.0,0.4517839161971303,0,-1.0,0.45348624319824343,0,-1.0,0.5477913510103207,1,2.05,0.5351536549178261,1,2.05
2025-10-18,766,225,Blue,0.36989795918367335,0,-1.0,0.3682737169517885,0,-1.0,0.2907630874370258,0,-1.0,0.33084312255390363,0,-1.0,0.4580118215634128,0,-1.0,0.45481820358290953,0,-1.0,0.4683811895520066,0,-1.0,0.47083608211532846,0,-1.0,0.542219919496153,1,1.6,0.5790528035627192,1,1.6
2025-10-18,3073,2957,Red,0.28169014084507044,0,0.33333333333333326,0.3682737169517885,0,0.33333333333333326,0.21938550768017442,0,0.33333333333333326,0.30245073726996174,0,0.33333333333333326,0.36948152707388754,0,0.33333333333333326,0.4019066976911403,0,0.33333333333333326,0.38230125890004424,0,0.33333333333333326,0.43375042953779774,0,0.33333333333333326,0.45955673709913303,0,0.33333333333333326,0.17458102630495,0,0.33333333333333326
2025-10-18,3192,2981,Blue,0.28169014084507044,0,-1.0,0.3682737169517885,0,-1.0,0.21938550768017442,0,-1.0,0.29306026091540294,0,-1.0,0.34448723667586906,0,-1.0,0.3026978713008126,0,-1.0,0.26452500518387784,0,-1.0,0.33678654066304853,0,-1.0,0.32353170246668883,0,-1.0,0.2950713678896284,0,-1.0
2025-10-18,705,981,Red,0.33099297893681046,0,0.4347826086956521,0.3682737169517885,0,0.4347826086956521,0.25765128023935513,0,0.4347826086956521,0.3603536760689238,0,0.4347826086956521,0.4096183310010231,0,0.4347826086956521,0.4067761013496307,0,0.4347826086956521,0.3347933443529202,0,0.4347826086956521,0.41401425883668624,0,0.4347826086956521,0.3511343694615379,0,0.4347826086956521,0.30410536622171414,0,0.4347826086956521
2025-10-18,1624,595,Blue,0.7369226063016213,1,0.303030303030303,0.3682737169517885,0,-1.0,0.6635944583574663,1,0.303030303030303,0.3467410240200738,0,-1.0,0.4548326163636604,0,-1.0,0.46941765123421486,0,-1.0,0.4877966285333041,0,-1.0,0.3910071130493248,0,-1.0,0.506171339595998,1,0.303030303030303,0.6598236631901698,1,0.303030303030303
2025-10-18,1844,1530,Red,0.6507042253521127,1,-1.0,0.3682737169517885,0,1.75,0.5769583405613034,1,-1.0,0.647541339993003,1,-1.0,0.5067734939939832,1,-1.0,0.6135666868534516,1,-1.0,0.577200437747736,1,-1.0,0.6212314425785915,1,-1.0,0.5094967286163283,1,-1.0,0.6298189083774186,1,-1.0
2025-10-18,920,1246,Blue,0.5056053811659194,1,0.9090909090909092,0.3682737169517885,0,-1.0,0.4229217950040964,0,-1.0,0.16636673228024274,0,-1.0,0.28971440558169265,0,-1.0,0.4705684040904628,0,-1.0,0.5964977748371822,1,0.9090909090909092,0.36515147749666,0,-1.0,0.5283274366311834,1,0.9090909090909092,0.15478669960815625,0,-1.0
2025-10-18,3020,190,Blue,0.33635187580853815,0,-1.0,0.3682737169517885,0,-1.0,0.2620630016519996,0,-1.0,0.6562979965472415,1,1.85,0.5357945020481713,1,1.85,0.5077222064427949,1,1.85,0.4580920909089328,0,-1.0,0.7331217027876529,1,1.85,0.5869812410051755,1,1.85,0.88694549277536,1,1.85
2025-10-18,3184,1185,Red,0.4572564612326044,0,0.7692307692307692,0.3682737169517885,0,0.7692307692307692,0.37337940486727245,0,0.7692307692307692,0.3529502282978968,0,0.7692307692307692,0.42674937492061193,0,0.7692307692307692,0.2891749598876822,0,0.7692307692307692,0.274700193976203,0,0.7692307692307692,0.3795516973037069,0,0.7692307692307692,0.35269580114072696,0,0.7692307692307692,0.37160983596511876,0,0.7692307692307692
2025-10-25,1647,1415,Blue,0.4782608695652174,0,-1.0,0.3682737169517885,0,-1.0,0.3946428047638027,0,-1.0,0.2491663577227833,0,-1.0,0.32615100030467353,0,-1.0,0.3712436831314541,0,-1.0,0.3918877922819766,0,-1.0,0.25579999244079055,0,-1.0,0.3175215983123099,0,-1.0,0.2797283411619475,0,-1.0
2025-10-25,2071,194,Red,0.6255648805681084,1,-1.0,0.3682737169517885,0,1.5499999999999998,0.5505000794775666,1,-1.0,0.42594085009442423,0,1.5499999999999998,0.46614472023479037,0,1.5499999999999998,0.48037609048444957,0,1.5499999999999998,0.4690005772293045,0,1.5499999999999998,0.36812381379577325,0,1.5499999999999998,0.42860600739074745,0,1.5499999999999998,0.46783182104750504,0,1.5499999999999998
2025-10-25,1473,294,Red,0.16580310880829016,0,0.1428571428571428,0.3682737169517885,0,0.1428571428571428,0.14612769056091493,0,0.1428571428571428,0.2042497194394239,0,0.1428571428571428,0.30277180012542043,0,0.1428571428571428,0.2899937056407644,0,0.1428571428571428,0.2672713406952954,0,0.1428571428571428,0.32321458896436717,0,0.1428571428571428,0.25715968387240745,0,0.1428571428571428,0.15584111839454412,0,0.1428571428571428
2025-10-25,862,3042,Blue,0.5217391304347826,1,0.8333333333333335,0.3682737169517885,0,-1.0,0.4398599076862452,0,-1.0,0.5919228785169556,1,0.8333333333333335,0.5202168337924705,1,0.8333333333333335,0.5938001674251674,1,0.8333333333333335,0.5919828491867576,1,0.8333333333333335,0.5637915335718764,1,0.8333333333333335,0.6070885312525663,1,0.8333333333333335,0.9247293300492196,1,0.8333333333333335
2025-10-25,2127,2976,Red,0.5829926410466066,1,-1.0,0.3682737169517885,0,1.2999999999999998,0.5051154764827089,1,-1.0,0.3751093233065975,0,1.2999999999999998,0.4315392440671215,0,1.2999999999999998,0.4727676018798314,0,1.2999999999999998,0.4382182239893787,0,1.2999999999999998,0.6244717865399655,1,-1.0,0.48534107168988805,0,1.2999999999999998,0.5593395247465918,1,-1.0
2025-10-25,976,579,Blue,0.574468085106383,1,0.6666666666666665,0.3682737169517885,0,-1.0,0.4959934837918982,0,-1.0,0.5502253404817306,1,0.6666666666666665,0.5218448817207982,1,0.6666666666666665,0.4776851012907512,0,-1.0,0.45414957927580163,0,-1.0,0.5563783334456515,1,0.6666666666666665,0.4522488707573523,0,-1.0,0.8203644876367961,1,0.6666666666666665
2025-10-25,186,1528,Red,0.3418803418803419,0,0.4545454545454546,0.3682737169517885,0,0.4545454545454546,0.2666650592881528,0,0.4545454545454546,0.5922732481680473,1,-1.0,0.4872822628413302,0,0.4545454545454546,0.38494443356208063,0,0.4545454545454546,0.3989309859304453,0,0.4545454545454546,0.4391036443985883,0,0.4545454545454546,0.38244261610204583,0,0.4545454545454546,0.5263865731223633,1,-1.0
2025-10-25,210,2935,Blue,0.2005438477226377,0,-1.0,0.3682737169517885,0,-1.0,0.1656750717413826,0,-1.0,0.35400457249255235,0,-1.0,0.3907352189534805,0,-1.0,0.3460599008834302,0,-1.0,0.3061552751405395,0,-1.0,0.23695384259671612,0,-1.0,0.300162716726218,0,-1.0,0.11329652124897993,0,-1.0
2025-10-25,1084,1655,Red,0.43795620437956206,0,0.7142857142857144,0.3682737169517885,0,0.7142857142857144,0.3542612979004225,0,0.7142857142857144,0.3450548499937908,0,0.7142857142857144,0.4278807548084026,0,0.7142857142857144,0.3023454921747761,0,0.7142857142857144,0.3095583521779412,0,0.7142857142857144,0.32907918344454423,0,0.7142857142857144,0.29969950434587983,0,0.7142857142857144,0.6637874637325023,1,-1.0
2025-10-25,1242,3130,Blue,0.19834710743801653,0,-1.0,0.3682737169517885,0,-1.0,0.16437939907179877,0,-1.0,0.5226087314090728,1,3.8499999999999996,0.47551701093023185,0,-1.0,0.4927994378485862,0,-1.0,0.5295542759688129,1,3.8499999999999996,0.6843962732329621,1,3.8499999999999996,0.5146743161505989,1,3.8499999999999996,0.4292386620888879,0,-1.0
2025-10-25,144,282,Red,0.21739130434782608,0,0.22222222222222232,0.3682737169517885,0,0.22222222222222232,0.17588501902864603,0,0.22222222222222232,0.1432439723397367,0,0.22222222222222232,0.28187439385380786,0,0.22222222222222232,0.28761331397360823,0,0.22222222222222232,0.3503513681811715,0,0.22222222222222232,0.17326797371951033,0,0.22222222222222232,0.3036392838191563,0,0.22222222222222232,0.14190009588170446,0,0.22222222222222232
2025-10-25,3081,3051,Red,0.22892112420670893,0,0.24691358024691357,0.3682737169517885,0,0.24691358024691357,0.18315349375591727,0,0.24691358024691357,0.1934947049765584,0,0.24691358024691357,0.3213495909464785,0,0.24691358024691357,0.20246227846227843,0,0.24691358024691357,0.24771883005023398,0,0.24691358024691357,0.19615172873105952,0,0.24691358024691357,0.2116591462514978,0,0.24691358024691357,0.07356050371504247,0,0.24691358024691357
2025-11-01,2094,802,Red,0.55637707948244,1,-1.0,0.3682737169517885,0,1.15,0.47665093262231323,0,1.15,0.6580946133849951,1,-1.0,0.5381717602632287,1,-1.0,0.4093653771552379,0,1.15,0.43037968781492175,0,1.15,0.6314458887947917,1,-1.0,0.5491717781587485,1,-1.0,0.6842060607548905,1,-1.0
2025-11-01,2931,3043,Blue,0.42888402625820565,0,-1.0,0.3682737169517885,0,-1.0,0.3454289248931731,0,-1.0,0.1984297666429115,0,-1.0,0.2930296585883245,0,-1.0,0.28397029087470255,0,-1.0,0.3158408939026763,0,-1.0,0.2361874283291911,0,-1.0,0.39905492269920134,0,-1.0,0.092033630031434,0,-1.0
2025-11-01,2944,434,Red,0.3418803418803419,0,0.4545454545454546,0.3682737169517885,0,0.4545454545454546,0.2666650592881528,0,0.4545454545454546,0.5251010996055421,1,-1.0,0.42507081538983915,0,0.4545454545454546,0.44048579334608734,0,0.4545454545454546,0.4183355197037179,0,0.4545454545454546,0.46533345655481095,0,0.4545454545454546,0.36585812535086165,0,0.4545454545454546,0.19066284299569355,0,0.4545454545454546
2025-11-01,3152,3239,Red,0.5,0,0.9090909090909092,0.3682737169517885,0,0.9090909090909092,0.41707702825587434,0,0.9090909090909092,0.39510301403255843,0,0.9090909090909092,0.38918116758467153,0,0.9090909090909092,0.387966720316154,0,0.9090909090909092,0.42362922655572116,0,0.9090909090909092,0.4379235536836201,0,0.9090909090909092,0.3636667075272343,0,0.9090909090909092,0.3573615869973312,0,0.9090909090909092
2025-11-01,2940,3238,Red,0.3932993445010925,0,0.5882352941176472,0.3682737169517885,0,0.5882352941176472,0.3118440834386769,0,0.5882352941176472,0.4136190387617643,0,0.5882352941176472,0.427435441943504,0,0.5882352941176472,0.40831510020480605,0,0.5882352941176472,0.3955858838606236,0,0.5882352941176472,0.4177906622547132,0,0.5882352941176472,0.33336391923314745,0,0.5882352941176472,0.1494637185579291,0,0.5882352941176472
2025-11-01,2060,618,Blue,0.6164383561643836,1,0.5555555555555556,0.3682737169517885,0,-1.0,0.5408154001134118,1,0.5555555555555556,0.6173413533934811,1,0.5555555555555556,0.5699050751827143,1,0.5555555555555556,0.46257841260047144,0,-1.0,0.4759247026584557,0,-1.0,0.6101094242052848,1,0.5555555555555556,0.4678726577242808,0,-1.0,0.743589407893181,1,0.5555555555555556
2025-11-01,1426,625,Red,0.28169014084507044,0,0.33333333333333326,0.3682737169517885,0,0.33333333333333326,0.21938550768017442,0,0.33333333333333326,0.38107527652329237,0,0.33333333333333326,0.42171979993485026,0,0.33333333333333326,0.3971305611599729,0,0.33333333333333326,0.4084406466392409,0,0.33333333333333326,0.3216997390651247,0,0.33333333333333326,0.37783667913143687,0,0.33333333333333326,0.6063578969804275,1,-1.0
2025-11-01,3158,2932,Red,0.23364485981308414,0,0.25,0.3682737169517885,0,0.25,0.18619793898742618,0,0.25,0.13420399861985888,0,0.25,0.3095636755185675,0,0.25,0.3920721280926392,0,0.25,0.44644137521817656,0,0.25,0.31355512711040917,0,0.25,0.3028897084382939,0,0.25,0.02425054040534065,0,0.25
2025-11-01,1740,3092,Blue,0.6187290969899665,1,0.5405405405405406,0.3682737169517885,0,-1.0,0.5432494282454093,1,0.5405405405405406,0.5216281081580472,1,0.5405405405405406,0.5282277483812917,1,0.5405405405405406,0.5329062261984091,1,0.5405405405405406,0.5441681833936175,1,0.5405405405405406,0.6132147376909051,1,0.5405405405405406,0.6504210188035972,1,0.5405405405405406,0.6239128351918045,1,0.5405405405405406
2025-11-01,753,1498,Red,0.447405997144217,0,0.7407407407407407,0.3682737169517885,0,0.7407407407407407,0.3635681227782799,0,0.7407407407407407,0.5564494892940226,1,-1.0,0.4933781184896169,0,0.7407407407407407,0.4704553619038913,0,0.7407407407407407,0.4707594322268111,0,0.7407407407407407,0.536499321991927,1,-1.0,0.4533319893420487,0,0.7407407407407407,0.6218756285730099,1,-1.0
2025-11-01,3220,3170,Red,0.298804780876494,0,0.36363636363636376,0.3682737169517885,0,0.36363636363636376,0.2321889164348904,0,0.36363636363636376,0.3828756899480945,0,0.36363636363636376,0.3733810547392857,0,0.36363636363636376,0.3916269256676894,0,0.36363636363636376,0.4188196148187929,0,0.36363636363636376,0.4169999711275284,0,0.36363636363636376,0.4877411084347364,0,0.36363636363636376,0.3768559985044433,0,0.36363636363636376
2025-11-01,2979,3214,Red,0.5427435387673957,1,-1.0,0.3682737169517885,0,1.1,0.46211721698599134,0,1.1,0.20781811981654255,0,1.1,0.33101256529918216,0,1.1,0.3319420612067669,0,1.1,0.35067238719229693,0,1.1,0.32457778811483134,0,1.1,0.30908020269941744,0,1.1,0.4629781900644688,0,1.1
2025-11-01,3038,617,Red,0.24050632911392406,0,0.2666666666666666,0.3682737169517885,0,0.2666666666666666,0.19068943490216092,0,0.2666666666666666,0.14878281899266668,0,0.2666666666666666,0.2595154537791596,0,0.2666666666666666,0.34828921857627104,0,0.2666666666666666,0.4424447745377729,0,0.2666666666666666,0.3609249502904094,0,0.2666666666666666,0.3924419923369681,0,0.2666666666666666,0.23667221142748007,0,0.2666666666666666
2025-11-08,393,2929,Blue,0.6636481241914618,1,0.4444444444444444,0.3682737169517885,0,-1.0,0.5904208106516671,1,0.4444444444444444,0.7776041206315522,1,0.4444444444444444,0.6231364885951176,1,0.4444444444444444,0.5188894400806164,1,0.4444444444444444,0.555517130439287,1,0.4444444444444444,0.5655841104818514,1,0.4444444444444444,0.4440952730446364,0,-1.0,0.7042999820177056,1,0.4444444444444444
2025-11-08,3028,347,Red,0.4891657638136511,0,0.8695652173913042,0.3682737169517885,0,0.8695652173913042,0.4058472334649439,0,0.8695652173913042,0.45751304912662827,0,0.8695652173913042,0.4502052665656232,0,0.8695652173913042,0.3675325399001868,0,0.8695652173913042,0.4109958987561414,0,0.8695652173913042,0.2744360505568014,0,0.8695652173913042,0.399650850831051,0,0.8695652173913042,0.5438661665887723,1,-1.0
2025-11-08,1804,1378,Blue,0.7864077669902914,1,0.22222222222222232,0.3682737169517885,0,-1.0,0.7091321994444105,1,0.22222222222222232,0.7037218011101757,1,0.22222222222222232,0.5626342660884904,1,0.22222222222222232,0.5625852257477645,1,0.22222222222222232,0.5110203679182039,1,0.22222222222222232,0.5798203442671587,1,0.22222222222222232,0.5019046104036519,1,0.22222222222222232,0.5320694239351439,1,0.22222222222222232
2025-11-08,3237,779,Blue,0.6187290969899665,1,0.5405405405405406,0.3682737169517885,0,-1.0,0.5432494282454093,1,0.5405405405405406,0.6182498584030938,1,0.5405405405405406,0.5246258943703722,1,0.5405405405405406,0.5116898708017126,1,0.5405405405405406,0.516901126948441,1,0.5405405405405406,0.7518626214153672,1,0.5405405405405406,0.574597627511066,1,0.5405405405405406,0.8372404680900679,1,0.5405405405405406
2025-11-08,1857,276,Blue,0.3812709030100334,0,-1.0,0.3682737169517885,0,-1.0,0.3009034567287069,0,-1.0,0.43001128463895416,0,-1.0,0.42886865517597333,0,-1.0,0.4635471335080467,0,-1.0,0.4194760108770955,0,-1.0,0.34660764244426445,0,-1.0,0.337659470078656,0,-1.0,0.5870704859612724,1,1.5
2025-11-08,3125,653,Blue,0.43795620437956206,0,-1.0,0.3682737169517885,0,-1.0,0.3542612979004225,0,-1.0,0.4957185343496981,0,-1.0,0.4693366335392993,0,-1.0,0.42727855477855475,0,-1.0,0.4570459172573693,0,-1.0,0.47390821047429443,0,-1.0,0.4414332506819425,0,-1.0,0.31355560796791854,0,-1.0
2025-11-08,346,382,Red,0.39823008849557523,0,0.5882352941176472,0.3682737169517885,0,0.5882352941176472,0.31639123314558676,0,0.5882352941176472,0.28460963829057134,0,0.5882352941176472,0.43560149355576094,0,0.5882352941176472,0.3391359941801118,0,0.5882352941176472,0.4128972564709833,0,0.5882352941176472,0.3127946351809607,0,0.5882352941176472,0.45548193419322014,0,0.5882352941176472,0.2158337981600394,0,0.5882352941176472
2025-11-08,1763,1317,Blue,0.5467695274831245,1,0.7407407407407407,0.3682737169517885,0,-1.0,0.4664034495740591,0,-1.0,0.5500062729205921,1,0.7407407407407407,0.4533996825341755,0,-1.0,0.5089522005772005,1,0.7407407407407407,0.46522317680134334,0,-1.0,0.6391946175399095,1,0.7407407407407407,0.4930368590587343,0,-1.0,0.44538444428205376,0,-1.0
2025-11-08,996,1251,Blue,0.6164383561643836,1,0.5555555555555556,0.3682737169517885,0,-1.0,0.5408154001134118,1,0.5555555555555556,0.4834523082101816,0,-1.0,0.483128039912029,0,-1.0,0.4130602055896175,0,-1.0,0.4369432184487353,0,-1.0,0.4602479633171013,0,-1.0,0.4759636344939129,0,-1.0,0.483780178512009,0,-1.0
2025-11-08,620,3162,Red,0.5911949685534592,1,-1.0,0.3682737169517885,0,1.35,0.5138895159858577,1,-1.0,0.34882345287662675,0,1.35,0.41480929146960027,0,1.35,0.42714039221585676,0,1.35,0.38123144907287737,0,1.35,0.47681137222419206,0,1.35,0.4263171423268625,0,1.35,0.5494242025279433,1,-1.0
2025-11-08,2945,3034,Red,0.3099083369707551,0,0.392156862745098,0.3682737169517885,0,0.392156862745098,0.24076974317800767,0,0.392156862745098,0.5583468809441636,1,-1.0,0.4942809370963299,0,0.392156862745098,0.3287383520905195,0,0.392156862745098,0.3650570988612328,0,0.392156862745098,0.3665897399800616,0,0.392156862745098,0.3757431850810609,0,0.392156862745098,0.6304629772448163,1,-1.0
2025-11-08,3135,3236,Red,0.23809523809523808,0,0.25,0.3682737169517885,0,0.25,0.18910177324538888,0,0.25,0.22801980961717241,0,0.25,0.3308498023417746,0,0.25,0.3818686170915765,0,0.25,0.39853358273785355,0,0.25,0.35178051694600015,0,0.25,0.37694202526341747,0,0.25,0.2160186887143364,0,0.25
2025-11-15,3163,3039,Red,0.10638297872340424,0,0.0714285714285714,0.3682737169517885,0,0.0714285714285714,0.11715556205064906,0,0.0714285714285714,0.14734688675932764,0,0.0714285714285714,0.29089384578801525,0,0.0714285714285714,0.16920430060135952,0,0.0714285714285714,0.2236544198807196,0,0.0714285714285714,0.1778857030819771,0,0.0714285714285714,0.2607141476507241,0,0.0714285714285714,0.15580795000997158,0,0.0714285714285714
2025-11-15,333,498,Red,0.26645768025078376,0,0.3076923076923077,0.3682737169517885,0,0.3076923076923077,0.20842376057923043,0,0.3076923076923077,0.39516984934996074,0,0.3076923076923077,0.4380720849267586,0,0.3076923076923077,0.2931966590054824,0,0.3076923076923077,0.27953496332758465,0,0.3076923076923077,0.2282602873507045,0,0.3076923076923077,0.32325537882736494,0,0.3076923076923077,0.6815093314691052,1,-1.0
2025-11-15,639,3165,Blue,0.5911949685534592,1,0.625,0.3682737169517885,0,-1.0,0.5138895159858577,1,0.625,0.6073778183896081,1,0.625,0.5816729438790408,1,0.625,0.5168590736319065,1,0.625,0.5297824838705436,1,0.625,0.5882526963571593,1,0.625,0.4989110672538948,0,-1.0,0.8390647720392428,1,0.625
2025-11-15,361,1381,Blue,0.42553191489361697,0,-1.0,0.3682737169517885,0,-1.0,0.3421918339751657,0,-1.0,0.6233719923378127,1,1.25,0.5349551327053836,1,1.25,0.3611620373090963,0,-1.0,0.4567731904841586,0,-1.0,0.6562358474814738,1,1.25,0.4812163790818576,0,-1.0,0.7494770920826607,1,1.25
2025-11-15,1748,1253,Red,0.4831460674157303,0,0.8695652173913042,0.3682737169517885,0,0.8695652173913042,0.3996492627713737,0,0.8695652173913042,0.479257156503671,0,0.8695652173913042,0.45834177320804265,0,0.8695652173913042,0.3849721871265988,0,0.8695652173913042,0.32484926597790686,0,0.8695652173913042,0.32252606887767976,0,0.8695652173913042,0.339011840257964,0,0.8695652173913042,0.3311423522332257,0,0.8695652173913042
2025-11-15,1449,2061,Red,0.3181818181818181,0,0.3999999999999999,0.3682737169517885,0,0.3999999999999999,0.2473027612426706,0,0.3999999999999999,0.23716836132551583,0,0.3999999999999999,0.33541311485247255,0,0.3999999999999999,0.37353434990935,0,0.3999999999999999,0.36626603718250855,0,0.3999999999999999,0.29559079702144464,0,0.3999999999999999,0.31503332670818524,0,0.3999999999999999,0.3589860877616635,0,0.3999999999999999
2025-11-15,573,1240,Blue,0.7212543554006969,1,0.33333333333333326,0.3682737169517885,0,-1.0,0.6484622006309406,1,0.33333333333333326,0.6143574581926844,1,0.33333333333333326,0.5281703723317518,1,0.33333333333333326,0.3233254934063757,0,-1.0,0.2943175446036754,0,-1.0,0.2739202306219945,0,-1.0,0.2361885876704819,0,-1.0,0.44253347545494615,0,-1.0
2025-11-15,1826,2166,Red,0.43795620437956206,0,0.7142857142857144,0.3682737169517885,0,0.7142857142857144,0.3542612979004225,0,0.7142857142857144,0.25070007247303977,0,0.7142857142857144,0.36370894775991763,0,0.7142857142857144,0.3637793149832624,0,0.7142857142857144,0.37932559788222314,0,0.7142857142857144,0.2625840732116753,0,0.7142857142857144,0.27337255348790485,0,0.7142857142857144,0.5974585682468992,1,-1.0
2025-11-15,3149,3188,Blue,0.2235597592433362,0,-1.0,0.3682737169517885,0,-1.0,0.17974504978044298,0,-1.0,0.3361841458663917,0,-1.0,0.39227598679015124,0,-1.0,0.27314724491195086,0,-1.0,0.2774813648165881,0,-1.0,0.18894355473476002,0,-1.0,0.3053202680586463,0,-1.0,0.20207874296373113,0,-1.0
2025-11-15,547,1755,Blue,0.6581196581196581,1,0.4545454545454546,0.3682737169517885,0,-1.0,0.584686190154043,1,0.4545454545454546,0.5654942993772715,1,0.4545454545454546,0.5044356125035038,1,0.4545454545454546,0.6398701872745989,1,0.4545454545454546,0.5743955999177084,1,0.4545454545454546,0.7922209485357828,1,0.4545454545454546,0.5983730699733899,1,0.4545454545454546,0.8012743936203746,1,0.4545454545454546
2025-11-15,353,3111,Blue,0.6092362344582594,1,0.5714285714285714,0.3682737169517885,0,-1.0,0.5331506197375515,1,0.5714285714285714,0.48716418286605223,0,-1.0,0.4554481750498452,0,-1.0,0.49574039788900515,0,-1.0,0.5314036805726904,1,0.5714285714285714,0.593827864201442,1,0.5714285714285714,0.5450848861380319,1,0.5714285714285714,0.6871250411030216,1,0.5714285714285714
2025-11-15,1093,1701,Blue,0.6301020408163265,1,0.5263157894736841,0.3682737169517885,0,-1.0,0.5553009752743421,1,0.5263157894736841,0.5496259211748331,1,0.5263157894736841,0.4674236247685947,0,-1.0,0.4332796008457776,0,-1.0,0.48538802234005457,0,-1.0,0.47718325504528986,0,-1.0,0.4792959213112656,0,-1.0,0.707116029060222,1,0.5263157894736841
2025-11-15,911,3088,Blue,0.819229761592874,1,0.1694915254237288,0.3682737169517885,0,-1.0,0.737238826905073,1,0.1694915254237288,0.7091728393362536,1,0.1694915254237288,0.6756686753742094,1,0.1694915254237288,0.5876780910151654,1,0.1694915254237288,0.625492292120042,1,0.1694915254237288,0.7160631685675561,1,0.1694915254237288,0.719637518172889,1,0.1694915254237288,0.4286767944603492,0,-1.0
2025-11-15,548,1320,Red,0.19999999999999998,0,0.19999999999999996,0.3682737169517885,0,0.19999999999999996,0.165353541252866,0,0.19999999999999996,0.2711550402148842,0,0.19999999999999996,0.3758350647305962,0,0.19999999999999996,0.450547524371054,0,0.19999999999999996,0.41018141189965024,0,0.19999999999999996,0.23875296881110472,0,0.19999999999999996,0.31335812565991367,0,0.19999999999999996,0.7306981397697694,1,-1.0
2025-11-22,2004,933,Red,0.1475409836065574,0,0.125,0.3682737169517885,0,0.125,0.13664128378851975,0,0.125,0.30704317202197023,0,0.125,0.42364325253111335,0,0.125,0.2595988719885778,0,0.125,0.35684831426022107,0,0.125,0.18866770343037792,0,0.125,0.2502724440207591,0,0.125,0.21077978347094264,0,0.125
2025-11-22,1567,3112,Blue,0.644729178800233,1,0.4878048780487805,0.3682737169517885,0,-1.0,0.5707038585142735,1,0.4878048780487805,0.49587898282872184,0,-1.0,0.4590298570288878,0,-1.0,0.4667274429789911,0,-1.0,0.4612677166374617,0,-1.0,0.6630942781841423,1,0.4878048780487805,0.5531591582453911,1,0.4878048780487805,0.1753110018871532,0,-1.0
2025-11-22,1481,1328,Red,0.33099297893681046,0,0.4347826086956521,0.3682737169517885,0,0.4347826086956521,0.25765128023935513,0,0.4347826086956521,0.3815706523119254,0,0.4347826086956521,0.3789288229159367,0,0.4347826086956521,0.42523099592759017,0,0.4347826086956521,0.3946843622054856,0,0.4347826086956521,0.4830862731565557,0,0.4347826086956521,0.39478486187989764,0,0.4347826086956521,0.49080899723269417,0,0.4347826086956521
2025-11-22,185,3198,Red,0.267175572519084,0,0.3125,0.3682737169517885,0,0.3125,0.20893119361123438,0,0.3125,0.2902712362234111,0,0.3125,0.376891985025048,0,0.3125,0.21907544579603405,0,0.3125,0.2620233811853971,0,0.3125,0.34682210213431663,0,0.3125,0.33675266454988073,0,0.3125,0.19504664278310885,0,0.3125
2025-11-22,537,3080,Red,0.7402209614810392,1,-1.0,0.3682737169517885,0,2.7,0.6667389084499653,1,-1.0,0.7298029360997415,1,-1.0,0.6092630272312792,1,-1.0,0.5242442350677643,1,-1.0,0.503766026752884,1,-1.0,0.5149113480232417,1,-1.0,0.4980591606865306,0,2.7,0.7326528529803973,1,-1.0
2025-11-22,1398,757,Blue,0.7183098591549295,1,0.33333333333333326,0.3682737169517885,0,-1.0,0.6455837030077445,1,0.33333333333333326,0.6698476932783,1,0.33333333333333326,0.6389042136722516,1,0.33333333333333326,0.5404351713101712,1,0.33333333333333326,0.6028997058474775,1,0.33333333333333326,0.622264865033583,1,0.33333333333333326,0.4882097419734773,0,-1.0,0.7954167010815248,1,0.33333333333333326
2025-11-22,3121,3233,Blue,0.5620437956204379,1,0.7142857142857144,0.3682737169517885,0,-1.0,0.4827048796685817,0,-1.0,0.46271162242544944,0,-1.0,0.4410109746386243,0,-1.0,0.37849455347713873,0,-1.0,0.3623197331814043,0,-1.0,0.49198431427167943,0,-1.0,0.44608830962298635,0,-1.0,0.4117762036269816,0,-1.0
2025-11-22,3068,3105,Blue,0.6853932584269663,1,0.3999999999999999,0.3682737169517885,0,-1.0,0.6127257745745904,1,0.3999999999999999,0.29236057761001844,0,-1.0,0.3609785786518792,0,-1.0,0.2754307808204869,0,-1.0,0.2650331955362738,0,-1.0,0.36427796844222626,0,-1.0,0.3677162770125413,0,-1.0,0.23472341485680828,0,-1.0
2025-11-22,1432,3234,Red,0.4675324675324676,0,0.8,0.3682737169517885,0,0.8,0.3837266583299639,0,0.8,0.25292223306439526,0,0.8,0.36835557401734065,0,0.8,0.29026967612997034,0,0.8,0.3200478636427018,0,0.8,0.23356453966656512,0,0.8,0.22797103781948047,0,0.8,0.36285589989146944,0,0.8
2025-11-22,2019,937,Blue,0.33099297893681046,0,-1.0,0.3682737169517885,0,-1.0,0.25765128023935513,0,-1.0,0.38891589300114054,0,-1.0,0.44739514129020747,0,-1.0,0.5050990488269901,1,1.9,0.468485688262649,0,-1.0,0.6261373683823155,1,1.9,0.4839773819446809,0,-1.0,0.21703145428719542,0,-1.0
2025-11-22,895,2948,Blue,0.6365876193409301,1,0.5128205128205128,0.3682737169517885,0,-1.0,0.562145444660929,1,0.5128205128205128,0.7056319356639787,1,0.5128205128205128,0.5262667066538349,1,0.5128205128205128,0.5880463002825534,1,0.5128205128205128,0.5745016908579991,1,0.5128205128205128,0.5902390670150981,1,0.5128205128205128,0.4815931382110028,0,-1.0,0.7930886019546196,1,0.5128205128205128
2025-11-22,2979,3027,Red,0.42553191489361697,0,0.6666666666666665,0.3682737169517885,0,0.6666666666666665,0.3421918339751657,0,0.6666666666666665,0.3732223448054491,0,0.6666666666666665,0.40799670160035334,0,0.6666666666666665,0.4067429644945124,0,0.6666666666666665,0.42790793140215383,0,0.6666666666666665,0.42795808789822476,0,0.6666666666666665,0.366913264425217,0,0.6666666666666665,0.47183349154640175,0,0.6666666666666665
2025-11-22,3235,3226,Blue,0.6742037442256261,1,0.42553191489361697,0.3682737169517885,0,-1.0,0.6013008271609427,1,0.42553191489361697,0.25737614179089185,0,-1.0,0.35199369044515155,0,-1.0,0.36511493338213535,0,-1.0,0.4081392381352323,0,-1.0,0.3487855132780859,0,-1.0,0.37005743151074394,0,-1.0,0.2932052971178569,0,-1.0
2025-11-22,3115,3232,Red,0.09090909090909093,0,0.050000000000000044,0.3682737169517885,0,0.050000000000000044,0.11047663345847726,0,0.050000000000000044,0.21077854979347557,0,0.050000000000000044,0.3421126833885429,0,0.050000000000000044,0.3040714434754806,0,0.050000000000000044,0.29744924354102287,0,0.050000000000000044,0.29403058525160913,0,0.050000000000000044,0.2852031653384941,0,0.050000000000000044,0.2210345037918497,0,0.050000000000000044
2025-12-06,273,1851,Red,0.35714285714285715,0,0.5,0.3682737169517885,0,0.5,0.2796338546353161,0,0.5,0.5376598453851069,1,-1.0,0.5291018057975376,1,-1.0,0.29681604778663623,0,0.5,0.3414644185990249,0,0.5,0.3225673040611781,0,0.5,0.38679194131353567,0,0.5,0.1637847764770529,0,0.5
2025-12-06,557,2963,Blue,0.3181818181818181,0,-1.0,0.3682737169517885,0,-1.0,0.2473027612426706,0,-1.0,0.2574512817412372,0,-1.0,0.38492528497216444,0,-1.0,0.32113579829756317,0,-1.0,0.3253446413221255,0,-1.0,0.29587663898134275,0,-1.0,0.2728122668954958,0,-1.0,0.17174775020410576,0,-1.0
2025-12-06,450,2947,Blue,0.6853932584269663,1,0.3999999999999999,0.3682737169517885,0,-1.0,0.6127257745745904,1,0.3999999999999999,0.3843664623547349,0,-1.0,0.4094196863888656,0,-1.0,0.6276226545785374,1,0.3999999999999999,0.6351997678624363,1,0.3999999999999999,0.6499311923296166,1,0.3999999999999999,0.617663111904034,1,0.3999999999999999,0.4917128225622102,0,-1.0
2025-12-06,1385,1957,Blue,0.5217391304347826,1,0.8333333333333335,0.3682737169517885,0,-1.0,0.4398599076862452,0,-1.0,0.6179054306823705,1,0.8333333333333335,0.44527467556826983,0,-1.0,0.49122651422651437,0,-1.0,0.6128257794623756,1,0.8333333333333335,0.551949475272223,1,0.8333333333333335,0.5312295243449005,1,0.8333333333333335,0.9395325471730388,1,0.8333333333333335
2025-12-06,3036,3197,Red,0.10638297872340424,0,0.0714285714285714,0.3682737169517885,0,0.0714285714285714,0.11715556205064906,0,0.0714285714285714,0.26304679913319623,0,0.0714285714285714,0.3558121650011261,0,0.0714285714285714,0.27172423409923396,0,0.0714285714285714,0.30133414657660906,0,0.0714285714285714,0.1759365955930417,0,0.0714285714285714,0.26279240596099257,0,0.0714285714285714,0.18710206244024932,0,0.0714285714285714
2025-12-06,1750,2170,Blue,0.6365876193409301,1,0.5128205128205128,0.3682737169517885,0,-1.0,0.562145444660929,1,0.5128205128205128,0.8666283618949961,1,0.5128205128205128,0.6768206028725986,1,0.5128205128205128,0.5029057668910609,1,0.5128205128205128,0.4806219710696937,0,-1.0,0.5763250202262814,1,0.5128205128205128,0.6273618573800165,1,0.5128205128205128,0.7554045138763699,1,0.5128205128205128
2025-12-06,1419,3231,Blue,0.6853932584269663,1,0.3999999999999999,0.3682737169517885,0,-1.0,0.6127257745745904,1,0.3999999999999999,0.5793863195740315,1,0.3999999999999999,0.49215196398788297,0,-1.0,0.40747812053505383,0,-1.0,0.5241081758044988,1,0.3999999999999999,0.5726979962781465,1,0.3999999999999999,0.5964126501552289,1,0.3999999999999999,0.5225843948885467,1,0.3999999999999999
2025-12-06,1523,2037,Blue,0.3295622233152976,0,-1.0,0.3682737169517885,0,-1.0,0.25648164406232865,0,-1.0,0.4882402397198222,0,-1.0,0.5422926745711022,1,1.9,0.5571288347636386,1,1.9,0.5126617440383651,1,1.9,0.6148851796929116,1,1.9,0.39572672805058523,0,-1.0,0.41628145323603827,0,-1.0
2025-12-06,1311,619,Blue,0.5108342361863489,1,0.8695652173913042,0.3682737169517885,0,-1.0,0.4283935113921339,0,-1.0,0.4350290158625679,0,-1.0,0.42382720166953836,0,-1.0,0.36760976577888343,0,-1.0,0.3754089104624427,0,-1.0,0.3122422378062894,0,-1.0,0.31714923216233315,0,-1.0,0.38491043692707105,0,-1.0
2025-12-06,2054,693,Blue,0.4782608695652174,0,-1.0,0.3682737169517885,0,-1.0,0.3946428047638027,0,-1.0,0.40665739694309516,0,-1.0,0.40709778316078354,0,-1.0,0.4539350944606361,0,-1.0,0.6329458637882611,1,1.0,0.34380085296235835,0,-1.0,0.4338947601985985,0,-1.0,0.7990340027556756,1,1.0
2025-12-06,275,2016,Blue,0.7983193277310925,1,0.19999999999999996,0.3682737169517885,0,-1.0,0.7195357743074786,1,0.19999999999999996,0.8502208049338054,1,0.19999999999999996,0.6441575445356419,1,0.19999999999999996,0.5864704554704551,1,0.19999999999999996,0.7203492283463481,1,0.19999999999999996,0.7412137088095363,1,0.19999999999999996,0.6973210939307642,1,0.19999999999999996,0.8676139409568112,1,0.19999999999999996
2025-12-06,626,2142,Blue,0.21882741535920724,0,-1.0,0.3682737169517885,0,-1.0,0.17677783095150484,0,-1.0,0.17893138076871795,0,-1.0,0.27007536293363044,0,-1.0,0.30242269012663736,0,-1.0,0.36704922263897266,0,-1.0,0.35302285913893927,0,-1.0,0.3885720618082382,0,-1.0,0.10960324666571386,0,-1.0
2025-12-06,2969,3230,Red,0.36341238065906994,0,0.5128205128205128,0.3682737169517885,0,0.5128205128205128,0.2850715874205708,0,0.5128205128205128,0.44886545442719195,0,0.5128205128205128,0.4318409480217708,0,0.5128205128205128,0.30863782723305194,0,0.5128205128205128,0.36443046952172775,0,0.5128205128205128,0.3797750100073195,0,0.5128205128205128,0.40946911445596096,0,0.5128205128205128,0.5405635802347737,1,-1.0
2025-12-13,2968,3047,Blue,0.6690070210631895,1,0.4347826086956521,0.3682737169517885,0,-1.0,0.5959561801349517,1,0.4347826086956521,0.3137841576094579,0,-1.0,0.35110437044807735,0,-1.0,0.41540226685079634,0,-1.0,0.40511434036678456,0,-1.0,0.3883548859843575,0,-1.0,0.46704117101782733,0,-1.0,0.25609981316385705,0,-1.0
2025-12-13,3109,3227,Blue,0.6465222348916762,1,0.4761904761904763,0.3682737169517885,0,-1.0,0.5725832378846029,1,0.4761904761904763,0.4468440234692431,0,-1.0,0.44423824051451294,0,-1.0,0.4314402586522331,0,-1.0,0.41817638315321315,0,-1.0,0.4262242697902812,0,-1.0,0.4479758355574266,0,-1.0,0.603534514721813,1,0.4761904761904763
2025-12-13,3103,3194,Red,0.36989795918367335,0,0.5263157894736841,0.3682737169517885,0,0.5263157894736841,0.2907630874370258,0,0.5263157894736841,0.4698233196762773,0,0.5263157894736841,0.45721341632274465,0,0.5263157894736841,0.3132712894181882,0,0.5263157894736841,0.3568383825763806,0,0.5263157894736841,0.3484109380651113,0,0.5263157894736841,0.4167951794686529,0,0.5263157894736841,0.29121852957366157,0,0.5263157894736841
2025-12-13,375,3228,Red,0.3207547169811321,0,0.41666666666666674,0.3682737169517885,0,0.41666666666666674,0.2493585024692973,0,0.41666666666666674,0.3248144989985304,0,0.41666666666666674,0.39731210211571066,0,0.41666666666666674,0.36331033675911373,0,0.41666666666666674,0.40873314563786023,0,0.41666666666666674,0.34480756120766953,0,0.41666666666666674,0.3496774317756019,0,0.41666666666666674,0.4076813611157659,0,0.41666666666666674
2025-12-13,464,3200,Blue,0.7446808510638299,1,0.2857142857142856,0.3682737169517885,0,-1.0,0.6709671684698175,1,0.2857142857142856,0.6408734284318163,1,0.2857142857142856,0.513700324509481,1,0.2857142857142856,0.6443185607965021,1,0.2857142857142856,0.6202919327644073,1,0.2857142857142856,0.7562195822228679,1,0.2857142857142856,0.6360574529634936,1,0.2857142857142856,0.8345265323194118,1,0.2857142857142856
2025-12-13,505,2925,Red,0.41700735895339325,0,0.6451612903225805,0.3682737169517885,0,0.6451612903225805,0.33402620438123604,0,0.6451612903225805,0.3806491087724857,0,0.6451612903225805,0.4025195895382045,0,0.6451612903225805,0.3634320397224452,0,0.6451612903225805,0.4119520633498033,0,0.6451612903225805,0.3959742377147042,0,0.6451612903225805,0.3903978553027459,0,0.6451612903225805,0.40031106780309494,0,0.6451612903225805
2025-12-13,941,336,Red,0.6301020408163265,1,-1.0,0.3682737169517885,0,1.6,0.5553009752743421,1,-1.0,0.7511482132769941,1,-1.0,0.5763706482420986,1,-1.0,0.505477299274513,1,-1.0,0.4709973433557392,0,1.6,0.4761662652925501,0,1.6,0.5054059240728853,1,-1.0,0.6665718924973948,1,-1.0
2025-12-13,1741,1040,Blue,0.7085889570552146,1,0.3571428571428572,0.3682737169517885,0,-1.0,0.6360064901248422,1,0.3571428571428572,0.6565279585614077,1,0.3571428571428572,0.5940085668024653,1,0.3571428571428572,0.4578569782613901,0,-1.0,0.40697038077452996,0,-1.0,0.4895869177755095,0,-1.0,0.3566152519282964,0,-1.0,0.7333987790644828,1,0.3571428571428572
2025-12-13,1228,3161,Blue,0.7999999999999999,1,0.19999999999999996,0.3682737169517885,0,-1.0,0.7209852675424621,1,0.19999999999999996,0.19583796337613887,0,-1.0,0.4446774962069769,0,-1.0,0.2790862642259702,0,-1.0,0.4973344257228784,0,-1.0,0.26051998050437636,0,-1.0,0.4963955799156308,0,-1.0,0.06250769367918772,0,-1.0
2025-12-13,3184,2933,Blue,0.55637707948244,1,0.7142857142857144,0.3682737169517885,0,-1.0,0.47665093262231323,0,-1.0,0.4907494028161871,0,-1.0,0.44273141149577555,0,-1.0,0.5058116466866467,1,0.7142857142857144,0.43208857201332407,0,-1.0,0.6088918998081257,1,0.7142857142857144,0.5373564251418299,1,0.7142857142857144,0.49982164429405035,0,-1.0
2025-12-13,3229,3048,Blue,0.6164383561643836,1,0.5555555555555556,0.3682737169517885,0,-1.0,0.5408154001134118,1,0.5555555555555556,0.2554989971567755,0,-1.0,0.3431401107195806,0,-1.0,0.3215218690106468,0,-1.0,0.3651918248395306,0,-1.0,0.34817331002028984,0,-1.0,0.41642184864424314,0,-1.0,0.273056298600683,0,-1.0
2026-01-24,189,2975,Blue,0.6704377766847024,1,0.42553191489361697,0.3682737169517885,0,-1.0,0.5974299927958933,1,0.42553191489361697,0.3768222416182747,0,-1.0,0.41077429780686725,0,-1.0,0.4615055089246267,0,-1.0,0.44725624069839565,0,-1.0,0.5398085763480612,1,0.42553191489361697,0.4696648266934638,0,-1.0,0.41147866791410026,0,-1.0
2026-01-24,740,1599,Red,0.6818181818181818,1,-1.0,0.3682737169517885,0,2.0,0.6090882833424296,1,-1.0,0.7193371474259418,1,-1.0,0.5545260781184358,1,-1.0,0.5613101068321654,1,-1.0,0.6096911726378204,1,-1.0,0.5471448597643577,1,-1.0,0.6634451918998234,1,-1.0,0.624553054618967,1,-1.0
2026-01-24,1848,1424,Red,0.27272727272727276,0,0.3125,0.3682737169517885,0,0.3125,0.2128860244502085,0,0.3125,0.3110104992455785,0,0.3125,0.3032043841291944,0,0.3125,0.291091816551182,0,0.3125,0.33289910321212984,0,0.3125,0.3683155780689233,0,0.3125,0.32653648012064834,0,0.3125,0.7270577334000384,1,-1.0
2026-01-24,1477,1887,Red,0.3418803418803419,0,0.4545454545454546,0.3682737169517885,0,0.4545454545454546,0.2666650592881528,0,0.4545454545454546,0.15241604802439623,0,0.4545454545454546,0.30835913840320994,0,0.4545454545454546,0.37614790308993196,0,0.4545454545454546,0.3724013384209935,0,0.4545454545454546,0.2809086835616003,0,0.4545454545454546,0.3089428174472123,0,0.4545454545454546,0.05583390840724691,0,0.4545454545454546
2026-01-24,735,3046,Blue,0.7826086956521738,1,0.22222222222222232,0.3682737169517885,0,-1.0,0.7057666132506918,1,0.22222222222222232,0.5382440837242212,1,0.22222222222222232,0.45673147522316837,0,-1.0,0.47816957615439604,0,-1.0,0.45840739219808657,0,-1.0,0.5377064118590461,1,0.22222222222222232,0.5537869203942688,1,0.22222222222222232,0.7902695447799328,1,0.22222222222222232
2026-01-24,1100,395,Red,0.552594002855783,1,-1.0,0.3682737169517885,0,1.15,0.47261304800379783,0,1.15,0.4950897616777701,0,1.15,0.5143793550213701,1,-1.0,0.4824241485638543,0,1.15,0.4175768266395293,0,1.15,0.4593170765630094,0,1.15,0.4970894751873134,0,1.15,0.3282067917997129,0,1.15
2026-01-24,3160,3117,Red,0.12790697674418605,0,0.10000000000000009,0.3682737169517885,0,0.10000000000000009,0.12702602713389635,0,0.10000000000000009,0.24981375918034932,0,0.10000000000000009,0.3444420131193112,0,0.10000000000000009,0.23829133257809734,0,0.10000000000000009,0.27290072608278093,0,0.10000000000000009,0.2069329423015696,0,0.10000000000000009,0.24878339536260285,0,0.10000000000000009,0.17278505292831647,0,0.10000000000000009
2026-01-24,1473,697,Red,0.096045197740113,0,0.0625,0.3682737169517885,0,0.0625,0.11265569692594841,0,0.0625,0.15422891917557027,0,0.0625,0.19834190762179021,0,0.0625,0.1902814436452208,0,0.0625,0.24545853354080446,0,0.0625,0.19710931564651693,0,0.0625,0.19356772499348304,0,0.0625,0.3410723110941706,0,0.0625
2026-01-24,3135,3226,Red,0.298804780876494,0,0.36363636363636376,0.3682737169517885,0,0.36363636363636376,0.2321889164348904,0,0.36363636363636376,0.27881776060525576,0,0.36363636363636376,0.36483558647805203,0,0.36363636363636376,0.29245223968211576,0,0.36363636363636376,0.35232070650231506,0,0.36363636363636376,0.2500052558229223,0,0.36363636363636376,0.30177652497636526,0,0.36363636363636376,0.3816264127406674,0,0.36363636363636376
2026-01-24,2979,1167,Red,0.26645768025078376,0,0.3076923076923077,0.3682737169517885,0,0.3076923076923077,0.20842376057923043,0,0.3076923076923077,0.08338470926598056,0,0.3076923076923077,0.27430857352172205,0,0.3076923076923077,0.3009849224849225,0,0.3076923076923077,0.36099394536773205,0,0.3076923076923077,0.2509085093130981,0,0.3076923076923077,0.2699967097449862,0,0.3076923076923077,0.2681561437805359,0,0.3076923076923077
2026-01-24,1567,1009,Red,0.6067006554989075,1,-1.0,0.3682737169517885,0,1.4500000000000002,0.5304482398940927,1,-1.0,0.6331274038304385,1,-1.0,0.5381027200354546,1,-1.0,0.38639368637898047,0,1.4500000000000002,0.394223205787708,0,1.4500000000000002,0.4338327630546682,0,1.4500000000000002,0.3959287153642756,0,1.4500000000000002,0.15899468647527007,0,1.4500000000000002
2026-01-31,1245,3221,Red,0.43439716312056736,0,0.6896551724137931,0.3682737169517885,0,0.6896551724137931,0.35078407501923653,0,0.6896551724137931,0.3893394710174074,0,0.6896551724137931,0.42455875099005197,0,0.6896551724137931,0.38027133054009316,0,0.6896551724137931,0.3624039044438531,0,0.6896551724137931,0.3986386975483123,0,0.6896551724137931,0.3312261266921005,0,0.6896551724137931,0.46800109976546417,0,0.6896551724137931
2026-01-31,2009,3141,Blue,0.7241379310344829,1,0.33333333333333326,0.3682737169517885,0,-1.0,0.6512707234755049,1,0.33333333333333326,0.8056629756489697,1,0.33333333333333326,0.577923486225507,1,0.33333333333333326,0.5259083971820546,1,0.33333333333333326,0.5407754471375873,1,0.33333333333333326,0.7046307026715807,1,0.33333333333333326,0.5957955992771102,1,0.33333333333333326,0.9781622903694799,1,0.33333333333333326
2026-01-31,3173,3064,Red,0.4675324675324676,0,0.8,0.3682737169517885,0,0.8,0.3837266583299639,0,0.8,0.3187333508867308,0,0.8,0.3710907219579217,0,0.8,0.41176160903366776,0,0.8,0.42878944882953535,0,0.8,0.32643348781228704,0,0.8,0.44451865615193353,0,0.8,0.29218616738890824,0,0.8
2026-01-31,2069,1195,Red,0.43795620437956206,0,0.7142857142857144,0.3682737169517885,0,0.7142857142857144,0.3542612979004225,0,0.7142857142857144,0.04861996600888881,0,0.7142857142857144,0.12424125197255351,0,0.7142857142857144,0.42097086247086246,0,0.7142857142857144,0.482856288932102,0,0.7142857142857144,0.2912961215349461,0,0.7142857142857144,0.4401340898222635,0,0.7142857142857144,0.13597241202697594,0,0.7142857142857144
2026-01-31,709,2965,Blue,0.4675324675324676,0,-1.0,0.3682737169517885,0,-1.0,0.3837266583299639,0,-1.0,0.6720222923462476,1,1.0499999999999998,0.5419283755663693,1,1.0499999999999998,0.48113094560313213,0,-1.0,0.501310170373946,1,1.0499999999999998,0.5445117159204985,1,1.0499999999999998,0.4804686677821289,0,-1.0,0.8168628166248945,1,1.0499999999999998
2026-01-31,1955,3220,Blue,0.700162074554295,1,0.37037037037037024,0.3682737169517885,0,-1.0,0.6276157325005143,1,0.37037037037037024,0.42468918900332703,0,-1.0,0.4399227957868278,0,-1.0,0.41193497176198424,0,-1.0,0.409244697038164,0,-1.0,0.44909291654338374,0,-1.0,0.41305740057396584,0,-1.0,0.45399663244925725,0,-1.0
2026-01-31,3168,386,Red,0.2456874019864088,0,0.2702702702702702,0.3682737169517885,0,0.2702702702702702,0.19413550050139497,0,0.2702702702702702,0.26468740100914473,0,0.2702702702702702,0.37936048709396347,0,0.2702702702702702,0.29183858019345643,0,0.2702702702702702,0.3324812464285125,0,0.2702702702702702,0.21974697504222485,0,0.2702702702702702,0.24708063205249828,0,0.2702702702702702,0.6625791463569413,1,-1.0
2026-01-31,3118,2148,Red,0.6704377766847024,1,-1.0,0.3682737169517885,0,1.9,0.5974299927958933,1,-1.0,0.5060363709822434,1,-1.0,0.4630590048812039,0,1.9,0.4496525574099102,0,1.9,0.4664784123513394,0,1.9,0.4697176955205331,0,1.9,0.42114884810754494,0,1.9,0.36253754763074264,0,1.9
2026-01-31,3042,1400,Red,0.11304347826086955,0,0.08333333333333326,0.3682737169517885,0,0.08333333333333326,0.12013669281067355,0,0.08333333333333326,0.1693592613980579,0,0.08333333333333326,0.3350217964316404,0,0.08333333333333326,0.3523369925997635,0,0.08333333333333326,0.390924237818315,0,0.08333333333333326,0.5295307804199241,1,-1.0,0.3961111034948137,0,0.08333333333333326,0.5362672980243605,1,-1.0
2026-01-31,933,1755,Blue,0.7663551401869159,1,0.25,0.3682737169517885,0,-1.0,0.6911153027742297,1,0.25,0.7045696835596376,1,0.25,0.5686444604495559,1,0.25,0.5758298283960047,1,0.25,0.7110357088331741,1,0.25,0.7661672760859665,1,0.25,0.6514400746004687,1,0.25,0.8539933278840839,1,0.25
2026-01-31,3222,3174,Blue,0.5711159737417943,1,0.6896551724137931,0.3682737169517885,0,-1.0,0.4924068364967874,0,-1.0,0.38541732766830356,0,-1.0,0.41218435433849265,0,-1.0,0.4506164397075035,0,-1.0,0.45498361075263266,0,-1.0,0.3833504890427397,0,-1.0,0.4128108802726569,0,-1.0,0.5035067887289768,1,0.6896551724137931
2026-01-31,3223,3224,Red,0.5467695274831245,1,-1.0,0.3682737169517885,0,1.1,0.4664034495740591,0,1.1,0.24609610818622962,0,1.1,0.34012154575194126,0,1.1,0.2811481953337142,0,1.1,0.27859349205076733,0,1.1,0.3125192755946101,0,1.1,0.3507329837472269,0,1.1,0.22076093077105913,0,1.1
2026-01-31,3225,3014,Blue,0.29141104294478526,0,-1.0,0.3682737169517885,0,-1.0,0.22659457464164445,0,-1.0,0.3736812157747238,0,-1.0,0.4106931124816244,0,-1.0,0.4470623433092634,0,-1.0,0.4972651845637436,0,-1.0,0.40102856304927537,0,-1.0,0.4385237039119527,0,-1.0,0.4203627041262873,0,-1.0
2026-02-07,166,937,Blue,0.7566658037794461,1,0.2702702702702702,0.3682737169517885,0,-1.0,0.6821920158582714,1,0.2702702702702702,0.35629361000818693,0,-1.0,0.4190080578652452,0,-1.0,0.37551865482012564,0,-1.0,0.3657257235874208,0,-1.0,0.2823883684765692,0,-1.0,0.30221339880619646,0,-1.0,0.4028335160321893,0,-1.0
2026-02-07,741,3219,Blue,0.447405997144217,0,-1.0,0.3682737169517885,0,-1.0,0.3635681227782799,0,-1.0,0.3396931314171773,0,-1.0,0.38565395596502755,0,-1.0,0.44073289719545955,0,-1.0,0.3853919590312932,0,-1.0,0.5208774711762999,1,1.15,0.39957989202377164,0,-1.0,0.42380200451271677,0,-1.0
2026-02-07,365,1904,Blue,0.5859872611464968,1,0.625,0.3682737169517885,0,-1.0,0.5083194755937426,1,0.625,0.4997961595573031,0,-1.0,0.4190080884479089,0,-1.0,0.42701493305169774,0,-1.0,0.47140490343757596,0,-1.0,0.4440446860486863,0,-1.0,0.5144622461608478,1,0.625,0.6371654692930853,1,0.625
2026-02-07,290,3055,Red,0.1588785046728972,0,0.1333333333333333,0.3682737169517885,0,0.1333333333333333,0.14246797026580046,0,0.1333333333333333,0.2769902580331906,0,0.1333333333333333,0.3641627724829414,0,0.1333333333333333,0.32545938109535033,0,0.1333333333333333,0.3689165076500312,0,0.1333333333333333,0.35304236899016317,0,0.1333333333333333,0.43726460440046383,0,0.1333333333333333,0.1644185909623433,0,0.1333333333333333
2026-02-07,1388,2990,Blue,0.8715596330275229,1,0.10526315789473673,0.3682737169517885,0,-1.0,0.7782784974438842,1,0.10526315789473673,0.6888727340498827,1,0.10526315789473673,0.5069285585752241,1,0.10526315789473673,0.6363416926211044,1,0.10526315789473673,0.6058214984996569,1,0.10526315789473673,0.7032935338450683,1,0.10526315789473673,0.5953110137265499,1,0.10526315789473673,0.3700086222718863,0,-1.0
2026-02-07,975,3116,Red,0.41700735895339325,0,0.6451612903225805,0.3682737169517885,0,0.6451612903225805,0.33402620438123604,0,0.6451612903225805,0.7443471254995438,1,-1.0,0.6144933314427612,1,-1.0,0.7206248386689565,1,-1.0,0.654483745498109,1,-1.0,0.8106740103002039,1,-1.0,0.7380844973665622,1,-1.0,0.921546660285742,1,-1.0
2026-02-07,3107,2953,Red,0.25164113785557984,0,0.2777777777777777,0.3682737169517885,0,0.2777777777777777,0.1981536114076313,0,0.2777777777777777,0.30313293670256125,0,0.2777777777777777,0.3664757803532067,0,0.2777777777777777,0.4511595526792896,0,0.2777777777777777,0.4693340547221446,0,0.2777777777777777,0.48050997658655364,0,0.2777777777777777,0.42079893888080244,0,0.2777777777777777,0.349057814176187,0,0.2777777777777777
2026-02-07,2999,411,Red,0.3932993445010925,0,0.5882352941176472,0.3682737169517885,0,0.5882352941176472,0.3118440834386769,0,0.5882352941176472,0.0221400523741562,0,0.5882352941176472,0.13697979908360788,0,0.5882352941176472,0.3460177646427644,0,0.5882352941176472,0.3689415015278727,0,0.5882352941176472,0.3175078234010476,0,0.5882352941176472,0.44310490425719073,0,0.5882352941176472,0.04894281818439971,0,0.5882352941176472
2026-02-07,3122,291,Blue,0.7241379310344829,1,0.33333333333333326,0.3682737169517885,0,-1.0,0.6512707234755049,1,0.33333333333333326,0.44800413533430206,0,-1.0,0.45519975004376473,0,-1.0,0.44374466098343796,0,-1.0,0.5012570059311385,1,0.33333333333333326,0.5381730974557419,1,0.33333333333333326,0.5618931348606317,1,0.33333333333333326,0.4431516300376765,0,-1.0
2026-02-07,1487,285,Red,0.19117647058823528,0,0.18181818181818188,0.3682737169517885,0,0.18181818181818188,0.160206671083403,0,0.18181818181818188,0.19969540551861398,0,0.18181818181818188,0.2419433736123227,0,0.18181818181818188,0.3793789660774956,0,0.18181818181818188,0.384361831963309,0,0.18181818181818188,0.3046269523230683,0,0.18181818181818188,0.28592001863540434,0,0.18181818181818188,0.804926715435001,1,-1.0
2026-02-07,3154,1625,Red,0.30874785591766724,0,0.3846153846153846,0.3682737169517885,0,0.3846153846153846,0.23986287486965338,0,0.3846153846153846,0.29917013720457375,0,0.3846153846153846,0.4450001319335973,0,0.3846153846153846,0.4166990264637325,0,0.3846153846153846,0.45588503669233443,0,0.3846153846153846,0.3695518912444282,0,0.3846153846153846,0.4082465298530815,0,0.3846153846153846,0.6235138863537081,1,-1.0
2026-02-07,294,3127,Red,0.4675324675324676,0,0.8,0.3682737169517885,0,0.8,0.3837266583299639,0,0.8,0.4375727031540512,0,0.8,0.49402053381320243,0,0.8,0.4110956829118594,0,0.8,0.47725397625167076,0,0.8,0.504933539865682,1,-1.0,0.5178758576838162,1,-1.0,0.5632188000006304,1,-1.0
2026-02-07,194,3077,Blue,0.3932993445010925,0,-1.0,0.3682737169517885,0,-1.0,0.3118440834386769,0,-1.0,0.15877160453742953,0,-1.0,0.297736498701501,0,-1.0,0.31900395709954554,0,-1.0,0.2903512887230357,0,-1.0,0.25466707933979305,0,-1.0,0.1961732112863923,0,-1.0,0.03989047056142041,0,-1.0
2026-02-21,3096,3146,Red,0.2456874019864088,0,0.2702702702702702,0.3682737169517885,0,0.2702702702702702,0.19413550050139497,0,0.2702702702702702,0.279063705065724,0,0.2702702702702702,0.37729737937590246,0,0.2702702702702702,0.25612219180601525,0,0.2702702702702702,0.2797778521441445,0,0.2702702702702702,0.1992943135843159,0,0.2702702702702702,0.2366111058959158,0,0.2702702702702702,0.27868395648657757,0,0.2702702702702702
2026-02-21,1940,897,Red,0.6866033988082101,1,-1.0,0.3682737169517885,0,2.05,0.6139542218911139,1,-1.0,0.31416577457024897,0,2.05,0.300765628329858,0,2.05,0.5375790652129663,1,-1.0,0.6795874643762373,1,-1.0,0.5676753904838076,1,-1.0,0.634528000914942,1,-1.0,0.8380134359488075,1,-1.0
2026-02-21,1339,3022,Blue,0.8474576271186441,1,0.125,0.3682737169517885,0,-1.0,0.7599662767401536,1,0.125,0.7011932539985168,1,0.125,0.555053621682744,1,0.125,0.4592195688298632,0,-1.0,0.5081047808843643,1,0.125,0.4738709449546053,0,-1.0,0.5214379294795115,1,0.125,0.6486550539880563,1,0.125
2026-02-21,1146,3043,Red,0.7764402407566638,1,-1.0,0.3682737169517885,0,3.3,0.7002539612251455,1,-1.0,0.34293138489960207,0,3.3,0.3677779037478018,0,3.3,0.3301562772023299,0,3.3,0.36889106640144426,0,3.3,0.3493295493558432,0,3.3,0.45020732107224687,0,3.3,0.3660671093925395,0,3.3
2026-02-21,1911,3214,Red,0.5217391304347826,1,-1.0,0.3682737169517885,0,1.0,0.4398599076862452,0,1.0,0.36861400802514704,0,1.0,0.4066789015016025,0,1.0,0.3086971106808569,0,1.0,0.32278895033330185,0,1.0,0.23613016744377224,0,1.0,0.27714888387289915,0,1.0,0.2941003679794706,0,1.0
2026-02-21,3215,3216,Red,0.2637703646237393,0,0.3076923076923077,0.3682737169517885,0,0.3076923076923077,0.2065323307745507,0,0.3076923076923077,0.19950901826323164,0,0.3076923076923077,0.31808624744282793,0,0.3076923076923077,0.17905254168489468,0,0.3076923076923077,0.25412578716092754,0,0.3076923076923077,0.14904443704296602,0,0.3076923076923077,0.23732858409386995,0,0.3076923076923077,0.04616886433544861,0,0.3076923076923077
2026-02-21,1455,3217,Blue,0.5620437956204379,1,0.7142857142857144,0.3682737169517885,0,-1.0,0.4827048796685817,0,-1.0,0.5498002147183456,1,0.7142857142857144,0.5279372890986497,1,0.7142857142857144,0.5340908395726506,1,0.7142857142857144,0.5110814045328033,1,0.7142857142857144,0.5446243021220285,1,0.7142857142857144,0.4321477593257668,0,-1.0,0.5581302998315345,1,0.7142857142857144
2026-02-21,957,505,Blue,0.6636481241914618,1,0.4444444444444444,0.3682737169517885,0,-1.0,0.5904208106516671,1,0.4444444444444444,0.704741977332726,1,0.4444444444444444,0.5161904727479939,1,0.4444444444444444,0.5479029878503557,1,0.4444444444444444,0.6803698459012654,1,0.4444444444444444,0.6935649910995914,1,0.4444444444444444,0.5197591440951219,1,0.4444444444444444,0.5297750418976633,1,0.4444444444444444
2026-02-21,2928,641,Blue,0.7458563535911602,1,0.2777777777777777,0.3682737169517885,0,-1.0,0.6720770592409872,1,0.2777777777777777,0.7632830939368697,1,0.2777777777777777,0.6179185899388018,1,0.2777777777777777,0.5089870598670907,1,0.2777777777777777,0.5152192839630557,1,0.2777777777777777,0.620309592901395,1,0.2777777777777777,0.4620689091832067,0,-1.0,0.37915489498600996,0,-1.0
2026-02-21,1434,1317,Blue,0.36341238065906994,0,-1.0,0.3682737169517885,0,-1.0,0.2850715874205708,0,-1.0,0.38688202090183504,0,-1.0,0.39905883761583105,0,-1.0,0.5333643241290301,1,1.65,0.4769183816331747,0,-1.0,0.5213434186546965,1,1.65,0.48161518757063054,0,-1.0,0.25128026006524623,0,-1.0
2026-02-21,362,1891,Blue,0.5427435387673957,1,0.7692307692307692,0.3682737169517885,0,-1.0,0.46211721698599134,0,-1.0,0.572777277193209,1,0.7692307692307692,0.4983438127753473,0,-1.0,0.4846046660311367,0,-1.0,0.4453146860635742,0,-1.0,0.4649252022126567,0,-1.0,0.5112625783224374,1,0.7692307692307692,0.47639779605405963,0,-1.0
2026-02-21,1740,3091,Blue,0.6507042253521127,1,0.4761904761904763,0.3682737169517885,0,-1.0,0.5769583405613034,1,0.4761904761904763,0.5341236749118418,1,0.4761904761904763,0.5466060745935014,1,0.4761904761904763,0.45305267709873004,0,-1.0,0.4667147598119189,0,-1.0,0.37073311875886733,0,-1.0,0.45789568933077024,0,-1.0,0.471584982833917,0,-1.0
2026-02-21,2945,1562,Blue,0.5911949685534592,1,0.625,0.3682737169517885,0,-1.0,0.5138895159858577,1,0.625,0.36673535878529023,0,-1.0,0.45842903608531405,0,-1.0,0.358130151166916,0,-1.0,0.3933250329667819,0,-1.0,0.4554807883027942,0,-1.0,0.4496070782401342,0,-1.0,0.21613369344957975,0,-1.0
2026-02-28,1643,1394,Red,0.1588785046728972,0,0.1333333333333333,0.3682737169517885,0,0.1333333333333333,0.14246797026580046,0,0.1333333333333333,0.2973797388993547,0,0.1333333333333333,0.39340372154383696,0,0.1333333333333333,0.339977448835421,0,0.1333333333333333,0.37838143525197127,0,0.1333333333333333,0.3546190529954719,0,0.1333333333333333,0.3683133374521585,0,0.1333333333333333,0.21553750384675363,0,0.1333333333333333
2026-02-28,1852,1263,Blue,0.857035364936042,1,0.11764705882352944,0.3682737169517885,0,-1.0,0.7673649817043157,1,0.11764705882352944,0.6155394241349041,1,0.11764705882352944,0.5188829214959637,1,0.11764705882352944,0.4351796626576039,0,-1.0,0.425832899927082,0,-1.0,0.7049539035607695,1,0.11764705882352944,0.5847978733133784,1,0.11764705882352944,0.6297559917262601,1,0.11764705882352944
2026-02-28,1853,3119,Blue,0.6742037442256261,1,0.42553191489361697,0.3682737169517885,0,-1.0,0.6013008271609427,1,0.42553191489361697,0.6222185614791579,1,0.42553191489361697,0.4897168559291038,0,-1.0,0.5397220653443564,1,0.42553191489361697,0.4907306790457481,0,-1.0,0.6713955468219138,1,0.42553191489361697,0.5350313455964129,1,0.42553191489361697,0.40575487341121097,0,-1.0
2026-02-28,1569,462,Red,0.37889039242219225,0,0.5555555555555556,0.3682737169517885,0,0.5555555555555556,0.2987643076505778,0,0.5555555555555556,0.4032308469741407,0,0.5555555555555556,0.4593160106972361,0,0.5555555555555556,0.32223034481858026,0,0.5555555555555556,0.37454403734409125,0,0.5555555555555556,0.32472483411925546,0,0.5555555555555556,0.44974073784889057,0,0.5555555555555556,0.25287874463669174,0,0.5555555555555556
2026-02-28,454,3209,Red,0.27143330023171136,0,0.32258064516129026,0.3682737169517885,0,0.32258064516129026,0.21195938850409612,0,0.32258064516129026,0.4137104651308863,0,0.32258064516129026,0.4074709705671543,0,0.32258064516129026,0.39663814616755794,0,0.32258064516129026,0.4363454167887007,0,0.32258064516129026,0.38758017809571166,0,0.32258064516129026,0.3692059001539517,0,0.32258064516129026,0.3447395498118661,0,0.32258064516129026
2026-02-28,2163,3103,Blue,0.23148148148148148,0,-1.0,0.3682737169517885,0,-1.0,0.18479882408672463,0,-1.0,0.230996377384194,0,-1.0,0.3839752402475495,0,-1.0,0.40738911864995453,0,-1.0,0.3768756559384721,0,-1.0,0.5078683093019848,1,3.1500000000000004,0.4643401713722786,0,-1.0,0.4745870333213327,0,-1.0
2026-02-28,3137,3211,Red,0.15349887133182846,0,0.1333333333333333,0.3682737169517885,0,0.1333333333333333,0.13967779908312541,0,0.1333333333333333,0.21704139852493728,0,0.1333333333333333,0.3495056120256881,0,0.1333333333333333,0.2563337421665595,0,0.1333333333333333,0.33991634993825665,0,0.1333333333333333,0.1594551516163492,0,0.1333333333333333,0.26199829745390874,0,0.1333333333333333,0.0926491425333486,0,0.1333333333333333
2026-02-28,2051,2980,Blue,0.725752508361204,1,0.32258064516129026,0.3682737169517885,0,-1.0,0.6528387153832018,1,0.32258064516129026,0.7291265966974747,1,0.32258064516129026,0.5828883777558437,1,0.32258064516129026,0.6095400617900616,1,0.32258064516129026,0.6214865689531615,1,0.32258064516129026,0.582669373699745,1,0.32258064516129026,0.5985263840910203,1,0.32258064516129026,0.8948110736260823,1,0.32258064516129026
2026-02-28,1385,3102,Blue,0.35527082119976705,0,-1.0,0.3682737169517885,0,-1.0,0.2780225442047455,0,-1.0,0.6340261064046875,1,1.7000000000000002,0.47949525161018336,0,-1.0,0.5499335483058395,1,1.7000000000000002,0.6655116896733098,1,1.7000000000000002,0.49225771357768755,0,-1.0,0.5708077012189041,1,1.7000000000000002,0.9899436798567355,1,1.7000000000000002
2026-02-28,3108,3033,Red,0.3194444444444444,0,0.40816326530612246,0.3682737169517885,0,0.40816326530612246,0.24831017322164303,0,0.40816326530612246,0.2996167611657619,0,0.40816326530612246,0.36842222447119116,0,0.40816326530612246,0.19774146026065256,0,0.40816326530612246,0.23253549454510053,0,0.40816326530612246,0.2759101861257118,0,0.40816326530612246,0.3175192483959664,0,0.40816326530612246,0.26183094799069173,0,0.40816326530612246
2026-02-28,2973,3212,Red,0.16644295302013423,0,0.14814814814814814,0.3682737169517885,0,0.14814814814814814,0.14646975747638297,0,0.14814814814814814,0.19132011685693417,0,0.14814814814814814,0.3221920199262486,0,0.14814814814814814,0.28352219246362353,0,0.14814814814814814,0.2804363240248456,0,0.14814814814814814,0.34270974506742885,0,0.14814814814814814,0.3214015876465878,0,0.14814814814814814,0.1692325470181062,0,0.14814814814814814
2026-02-28,3210,2951,Red,0.2129277566539924,0,0.21739130434782616,0.3682737169517885,0,0.21739130434782616,0.17313273571859375,0,0.21739130434782616,0.4302140614274378,0,0.21739130434782616,0.43002569002947044,0,0.21739130434782616,0.46509690490857913,0,0.21739130434782616,0.47981743848090486,0,0.21739130434782616,0.44673912829220835,0,0.21739130434782616,0.4810230399449463,0,0.21739130434782616,0.4513853307378814,0,0.21739130434782616
2026-02-28,2986,3213,Red,0.5911949685534592,1,-1.0,0.3682737169517885,0,1.35,0.5138895159858577,1,-1.0,0.39729650820589396,0,1.35,0.41134445508292794,0,1.35,0.36051365265944113,0,1.35,0.39393664531036227,0,1.35,0.367650066697133,0,1.35,0.3743495340382116,0,1.35,0.4623277261137927,0,1.35
2026-03-07,2013,3089,Blue,0.6211096075778079,1,0.5555555555555556,0.3682737169517885,0,-1.0,0.5457766532812216,1,0.5555555555555556,0.5016500451088793,1,0.5555555555555556,0.47621650515890035,0,-1.0,0.4726182411006097,0,-1.0,0.5433751735788731,1,0.5555555555555556,0.35710912013208035,0,-1.0,0.40521653806955676,0,-1.0,0.396381468926799,0,-1.0
2026-03-07,749,3012,Red,0.5911949685534592,1,-1.0,0.3682737169517885,0,1.35,0.5138895159858577,1,-1.0,0.7786912427959242,1,-1.0,0.5617713847737184,1,-1.0,0.582050418063189,1,-1.0,0.6118355536948763,1,-1.0,0.55956168656998,1,-1.0,0.5744116728756178,1,-1.0,0.8578837166187703,1,-1.0
2026-03-07,921,1489,Blue,0.35347776510832385,0,-1.0,0.3682737169517885,0,-1.0,0.2764845785188436,0,-1.0,0.11439785414904395,0,-1.0,0.168602429323227,0,-1.0,0.39866644820321295,0,-1.0,0.5134919241987681,1,1.7000000000000002,0.15478691464206062,0,-1.0,0.4625886221725205,0,-1.0,0.01737841284458521,0,-1.0
2026-03-07,1947,156,Red,0.3418803418803419,0,0.4545454545454546,0.3682737169517885,0,0.4545454545454546,0.2666650592881528,0,0.4545454545454546,0.24885301998055687,0,0.4545454545454546,0.3378457510919851,0,0.4545454545454546,0.3622527265762559,0,0.4545454545454546,0.4229438850187194,0,0.4545454545454546,0.38597210856929837,0,0.4545454545454546,0.4211671037045481,0,0.4545454545454546,0.20862021995854477,0,0.4545454545454546
2026-03-07,351,3020,Red,0.337909186906019,0,0.4545454545454546,0.3682737169517885,0,0.4545454545454546,0.26335415750404717,0,0.4545454545454546,0.29289613645256357,0,0.4545454545454546,0.37174932056842297,0,0.4545454545454546,0.3416550399491576,0,0.4545454545454546,0.33076615027770423,0,0.4545454545454546,0.35085803591687337,0,0.4545454545454546,0.4173670083088882,0,0.4545454545454546,0.7526693975701091,1,-1.0
2026-03-07,718,1733,Blue,0.7285666997682886,1,0.32258064516129026,0.3682737169517885,0,-1.0,0.6555637828632753,1,0.32258064516129026,0.4444045544845663,0,-1.0,0.43886075151311166,0,-1.0,0.5128743239331474,1,0.32258064516129026,0.5854925069489044,1,0.32258064516129026,0.6448386151643412,1,0.32258064516129026,0.6031925753724077,1,0.32258064516129026,0.4171741066224059,0,-1.0
2026-03-07,595,1002,Red,0.3510791366906475,0,0.4878048780487805,0.3682737169517885,0,0.4878048780487805,0.2744354325976008,0,0.4878048780487805,0.5493560341837262,1,-1.0,0.6204709012730528,1,-1.0,0.40005381764205294,0,0.4878048780487805,0.4364676486577835,0,0.4878048780487805,0.27005283692972964,0,0.4878048780487805,0.3169412553981878,0,0.4878048780487805,0.13073260808009463,0,0.4878048780487805
2026-03-07,625,3207,Blue,0.6092362344582594,1,0.5714285714285714,0.3682737169517885,0,-1.0,0.5331506197375515,1,0.5714285714285714,0.6834527865251094,1,0.5714285714285714,0.5293520957386764,1,0.5714285714285714,0.5139394477355004,1,0.5714285714285714,0.4859396374697894,0,-1.0,0.5393553387588708,1,0.5714285714285714,0.5112053185992224,1,0.5714285714285714,0.8128703595258767,1,0.5714285714285714
2026-03-07,3038,386,Red,0.14213197969543145,0,0.11834319526627213,0.3682737169517885,0,0.11834319526627213,0.13393281757628894,0,0.11834319526627213,0.11872735823420281,0,0.11834319526627213,0.28735988673548013,0,0.11834319526627213,0.26109733975175153,0,0.11834319526627213,0.31546460643145574,0,0.11834319526627213,0.1471654417923818,0,0.11834319526627213,0.23048161775939038,0,0.11834319526627213,0.20084327043111894,0,0.11834319526627213
2026-03-07,1701,693,Red,0.4088050314465409,0,0.625,0.3682737169517885,0,0.625,0.32626198954654007,0,0.625,0.35320364667639353,0,0.625,0.3771328480438015,0,0.625,0.3323924104218221,0,0.625,0.3524811800378779,0,0.625,0.35316381537046765,0,0.625,0.3902711525828923,0,0.625,0.26665782993476206,0,0.625
2026-03-07,3208,2946,Blue,0.3418803418803419,0,-1.0,0.3682737169517885,0,-1.0,0.2666650592881528,0,-1.0,0.3640467448190755,0,-1.0,0.38131310367316623,0,-1.0,0.30974163466763743,0,-1.0,0.37927631886537705,0,-1.0,0.34128787919009124,0,-1.0,0.45044513550456083,0,-1.0,0.17535223891817364,0,-1.0
2026-03-07,3040,3049,Blue,0.3956834532374101,0,-1.0,0.3682737169517885,0,-1.0,0.3140382615450573,0,-1.0,0.24944027567972857,0,-1.0,0.3453174696563829,0,-1.0,0.2905040518717371,0,-1.0,0.30851027031483397,0,-1.0,0.21248419789021325,0,-1.0,0.26860906835764625,0,-1.0,0.13788488391313886,0,-1.0
2026-03-14,533,2995,Red,0.7144406289535514,1,-1.0,0.3682737169517885,0,2.35,0.6417851358480842,1,-1.0,0.7651788211856085,1,-1.0,0.5587046093625779,1,-1.0,0.5802193288737407,1,-1.0,0.6169573136780141,1,-1.0,0.7560145856465709,1,-1.0,0.6406275046713967,1,-1.0,0.8222491268369113,1,-1.0
2026-03-14,532,2948,Blue,0.7693872936920643,1,0.24390243902439024,0.3682737169517885,0,-1.0,0.6938791027147851,1,0.24390243902439024,0.758952419531766,1,0.24390243902439024,0.6015697190529108,1,0.24390243902439024,0.5727016991722877,1,0.24390243902439024,0.5467088763845115,1,0.24390243902439024,0.6967291699316153,1,0.24390243902439024,0.5053861367471559,1,0.24390243902439024,0.7902218774841864,1,0.24390243902439024
2026-03-14,1711,952,Red,0.42553191489361697,0,0.6666666666666665,0.3682737169517885,0,0.6666666666666665,0.3421918339751657,0,0.6666666666666665,0.4775144418070753,0,0.6666666666666665,0.43280739002957547,0,0.6666666666666665,0.3712565112762481,0,0.6666666666666665,0.3384312530303025,0,0.6666666666666665,0.3646563508028934,0,0.6666666666666665,0.3299653166981681,0,0.6666666666666665,0.2674545530826103,0,0.6666666666666665
2026-03-14,701,2976,Blue,0.7870722433460077,1,0.21739130434782616,0.3682737169517885,0,-1.0,0.7097185189808582,1,0.21739130434782616,0.6911104674292983,1,0.21739130434782616,0.5583121985668603,1,0.21739130434782616,0.6346813107916051,1,0.21739130434782616,0.6290331533529683,1,0.21739130434782616,0.6189829823667501,1,0.21739130434782616,0.5247779267868984,1,0.21739130434782616,0.6842497695374123,1,0.21739130434782616
2026-03-14,3202,3203,Red,0.29780564263322884,0,0.3571428571428572,0.3682737169517885,0,0.3571428571428572,0.2314273388242176,0,0.3571428571428572,0.1876778819879867,0,0.3571428571428572,0.29395210870328825,0,0.3571428571428572,0.34105300255300264,0,0.3571428571428572,0.31807115398660113,0,0.3571428571428572,0.22899842246552862,0,0.3571428571428572,0.32978430684903076,0,0.3571428571428572,0.11572694394242297,0,0.3571428571428572
2026-03-14,3204,3053,Blue,0.7241379310344829,1,0.33333333333333326,0.3682737169517885,0,-1.0,0.6512707234755049,1,0.33333333333333326,0.31148655605223846,0,-1.0,0.3629123543948923,0,-1.0,0.44533327874202533,0,-1.0,0.4490011117717596,0,-1.0,0.36673054611806877,0,-1.0,0.3977523222384229,0,-1.0,0.41929191932062876,0,-1.0
2026-03-14,1968,211,Blue,0.5367573011077543,1,0.7692307692307692,0.3682737169517885,0,-1.0,0.4557545503571692,0,-1.0,0.5774325314912541,1,0.7692307692307692,0.6659222680126193,1,0.7692307692307692,0.43659012893997406,0,-1.0,0.5677534720568553,1,0.7692307692307692,0.5673549848925268,1,0.7692307692307692,0.528625720235991,1,0.7692307692307692,0.6863781813404572,1,0.7692307692307692
2026-03-14,1159,1696,Blue,0.6830357142857143,1,0.392156862745098,0.3682737169517885,0,-1.0,0.6103284561127754,1,0.392156862745098,0.7710014249436065,1,0.392156862745098,0.5870449547059375,1,0.392156862745098,0.5226506332075221,1,0.392156862745098,0.4662272182114896,0,-1.0,0.6828903428629102,1,0.392156862745098,0.521154971723454,1,0.392156862745098,0.6813417614661581,1,0.392156862745098
2026-03-14,654,3200,Blue,0.8088235294117646,1,0.18181818181818188,0.3682737169517885,0,-1.0,0.7285192649888979,1,0.18181818181818188,0.808668143289379,1,0.18181818181818188,0.5503009195862325,1,0.18181818181818188,0.6862034598098838,1,0.18181818181818188,0.6751500780328673,1,0.18181818181818188,0.8079800944549843,1,0.18181818181818188,0.6958782800005494,1,0.18181818181818188,0.9487044390610021,1,0.18181818181818188
2026-03-14,1576,3047,Red,0.35527082119976705,0,0.4878048780487805,0.3682737169517885,0,0.4878048780487805,0.2780225442047455,0,0.4878048780487805,0.3796663534631237,0,0.4878048780487805,0.4160631177721589,0,0.4878048780487805,0.43860348039759817,0,0.4878048780487805,0.38141669318675114,0,0.4878048780487805,0.3706464007348298,0,0.4878048780487805,0.39058421923769276,0,0.4878048780487805,0.3580777885163801,0,0.4878048780487805
2026-03-14,3128,3205,Red,0.15999999999999998,0,0.1428571428571428,0.3682737169517885,0,0.1428571428571428,0.14305546067860475,0,0.1428571428571428,0.24707191777238588,0,0.1428571428571428,0.35792522714691927,0,0.1428571428571428,0.34394099930284133,0,0.1428571428571428,0.4217041172879054,0,0.1428571428571428,0.22194315362573205,0,0.1428571428571428,0.3137534514338118,0,0.1428571428571428,0.17630526211219733,0,0.1428571428571428
2026-03-14,1113,3206,Blue,0.6164383561643836,1,0.5555555555555556,0.3682737169517885,0,-1.0,0.5408154001134118,1,0.5555555555555556,0.4614905658415061,0,-1.0,0.42043824574913974,0,-1.0,0.3983914676800444,0,-1.0,0.4673874704916532,0,-1.0,0.4733228104674158,0,-1.0,0.4950457470260401,0,-1.0,0.5282046001210436,1,0.5555555555555556
2026-03-14,1009,1844,Red,0.4009077155824508,0,0.606060606060606,0.3682737169517885,0,0.606060606060606,0.31887541179245016,0,0.606060606060606,0.17273352905360295,0,0.606060606060606,0.35889722377968986,0,0.606060606060606,0.36769594586699855,0,0.606060606060606,0.3215555675888126,0,0.606060606060606,0.2702872958346229,0,0.606060606060606,0.3936361317553626,0,0.606060606060606,0.4596417061728993,0,0.606060606060606
2026-03-14,2978,3201,Red,0.30654515327257664,0,0.37037037037037024,0.3682737169517885,0,0.37037037037037024,0.23814799276321064,0,0.37037037037037024,0.43905254136477884,0,0.37037037037037024,0.46160535265758074,0,0.37037037037037024,0.2805079644192778,0,0.37037037037037024,0.336831208737998,0,0.37037037037037024,0.3906874608686252,0,0.37037037037037024,0.4663138352585705,0,0.37037037037037024,0.2462158390845971,0,0.37037037037037024
2026-03-21,675,1412,Red,0.315861753261616,0,0.40816326530612246,0.3682737169517885,0,0.40816326530612246,0.2454588165716923,0,0.40816326530612246,0.1604411296375478,0,0.40816326530612246,0.3191402224041711,0,0.40816326530612246,0.33727593240093245,0,0.40816326530612246,0.30395641640971083,0,0.40816326530612246,0.2893560382107963,0,0.40816326530612246,0.4007352419383886,0,0.40816326530612246,0.2438021676771619,0,0.40816326530612246
2026-03-21,600,620,Blue,0.7772173182009248,1,0.2325581395348837,0.3682737169517885,0,-1.0,0.7009516701391,1,0.2325581395348837,0.5632679485116724,1,0.2325581395348837,0.4827762318878624,0,-1.0,0.5958286932509067,1,0.2325581395348837,0.520904367679269,1,0.2325581395348837,0.694514715026678,1,0.2325581395348837,0.5418507630123789,1,0.2325581395348837,0.7471510156095768,1,0.2325581395348837
2026-03-21,2989,1541,Red,0.36989795918367335,0,0.5263157894736841,0.3682737169517885,0,0.5263157894736841,0.2907630874370258,0,0.5263157894736841,0.5258838447590197,1,-1.0,0.4706696308167396,0,0.5263157894736841,0.4611441943133119,0,0.5263157894736841,0.4191543860665901,0,0.5263157894736841,0.4962912932945517,0,0.5263157894736841,0.4862826426768219,0,0.5263157894736841,0.2347282204913429,0,0.5263157894736841
2026-03-21,1015,2988,Red,0.43439716312056736,0,0.6896551724137931,0.3682737169517885,0,0.6896551724137931,0.35078407501923653,0,0.6896551724137931,0.5053022307294464,1,-1.0,0.44290652650562834,0,0.6896551724137931,0.3973833467730524,0,0.6896551724137931,0.3806644475201015,0,0.6896551724137931,0.4843630412953867,0,0.6896551724137931,0.407966169832063,0,0.6896551724137931,0.4422390884613329,0,0.6896551724137931
2026-03-21,2994,3093,Red,0.13698630136986303,0,0.11111111111111116,0.3682737169517885,0,0.11111111111111116,0.13139846707362524,0,0.11111111111111116,0.15089866873176472,0,0.11111111111111116,0.28517819239793873,0,0.11111111111111116,0.19371452702871758,0,0.11111111111111116,0.2138919715042412,0,0.11111111111111116,0.176496258202432,0,0.11111111111111116,0.1944606651837884,0,0.11111111111111116,0.034058303248861915,0,0.11111111111111116
2026-03-21,3051,3167,Blue,0.6742037442256261,1,0.42553191489361697,0.3682737169517885,0,-1.0,0.6013008271609427,1,0.42553191489361697,0.27287365994373697,0,-1.0,0.36358154943208304,0,-1.0,0.3377593865685971,0,-1.0,0.36263323509047946,0,-1.0,0.3302174892060816,0,-1.0,0.3331082872208079,0,-1.0,0.1324795609245947,0,-1.0
2026-03-21,2127,2992,Red,0.7076023391812865,1,-1.0,0.3682737169517885,0,2.3,0.6350282542872314,1,-1.0,0.1282689969352599,0,2.3,0.2969267421156732,0,2.3,0.39484690863831745,0,2.3,0.4913176534718368,0,2.3,0.4340213180993835,0,2.3,0.45396375545699413,0,2.3,0.21540564704528356,0,2.3
2026-03-21,3105,2971,Red,0.3510791366906475,0,0.4878048780487805,0.3682737169517885,0,0.4878048780487805,0.2744354325976008,0,0.4878048780487805,0.41424820791762307,0,0.4878048780487805,0.424535408578286,0,0.4878048780487805,0.3647486859545683,0,0.4878048780487805,0.3892735105468042,0,0.4878048780487805,0.44075575064654243,0,0.4878048780487805,0.4557675492762986,0,0.4878048780487805,0.3078830021870237,0,0.4878048780487805
2026-03-21,3198,3199,Blue,0.4532304725168756,0,-1.0,0.3682737169517885,0,-1.0,0.3693563055532054,0,-1.0,0.4196899493769486,0,-1.0,0.40392192143045513,0,-1.0,0.42385162060162057,0,-1.0,0.421865024364657,0,-1.0,0.39852078228737303,0,-1.0,0.401138262395985,0,-1.0,0.2695087680943107,0,-1.0
2026-03-21,2969,1121,Red,0.15999999999999998,0,0.1428571428571428,0.3682737169517885,0,0.1428571428571428,0.14305546067860475,0,0.1428571428571428,0.23758165432406897,0,0.1428571428571428,0.35716731004040725,0,0.1428571428571428,0.39325989289921187,0,0.1428571428571428,0.3210626041590168,0,0.1428571428571428,0.38581261026684793,0,0.1428571428571428,0.43934465878750123,0,0.1428571428571428,0.306539542541322,0,0.1428571428571428
2026-03-21,3196,3197,Red,0.12429378531073447,0,0.10000000000000009,0.3682737169517885,0,0.10000000000000009,0.12532085239877266,0,0.10000000000000009,0.2627394132306343,0,0.10000000000000009,0.3643797220108359,0,0.10000000000000009,0.30667172339717985,0,0.10000000000000009,0.3062893066552038,0,0.10000000000000009,0.2809399753890033,0,0.10000000000000009,0.2967007614347558,0,0.10000000000000009,0.3238619421342835,0,0.10000000000000009
2026-03-21,3035,2957,Red,0.18293515358361778,0,0.17543859649122817,0.3682737169517885,0,0.17543859649122817,0.15551723274877108,0,0.17543859649122817,0.26482524406795055,0,0.17543859649122817,0.3595349008326333,0,0.17543859649122817,0.29751093109358817,0,0.17543859649122817,0.3063467870730719,0,0.17543859649122817,0.2542282082912849,0,0.17543859649122817,0.3814818146237115,0,0.17543859649122817,0.2514714542689271,0,0.17543859649122817
2026-03-21,2991,3195,Blue,0.299837925445705,0,-1.0,0.3682737169517885,0,-1.0,0.2329782515773198,0,-1.0,0.5061769438858443,1,2.2,0.4860570418529485,0,-1.0,0.4550262920534954,0,-1.0,0.5029801353929351,1,2.2,0.43990622764683435,0,-1.0,0.43429178262013995,0,-1.0,0.589650615308836,1,2.2
2026-03-28,1478,689,Red,0.4675324675324676,0,0.8,0.3682737169517885,0,0.8,0.3837266583299639,0,0.8,0.30056650452589434,0,0.8,0.40989277704289895,0,0.8,0.26382014914909657,0,0.8,0.3065400298317355,0,0.8,0.2822580692028268,0,0.8,0.29533986415698255,0,0.8,0.2662943967597343,0,0.8
2026-03-28,152,1635,Blue,0.43795620437956206,0,-1.0,0.3682737169517885,0,-1.0,0.3542612979004225,0,-1.0,0.47097280655095436,0,-1.0,0.40615820726893637,0,-1.0,0.5119128478733741,1,1.2000000000000002,0.6294195837535487,1,1.2000000000000002,0.6336957119181085,1,1.2000000000000002,0.6020274161247203,1,1.2000000000000002,0.5703776782304106,1,1.2000000000000002
2026-03-28,813,273,Red,0.6233894945490583,1,-1.0,0.3682737169517885,0,1.5499999999999998,0.5481948455858207,1,-1.0,0.7886252214514922,1,-1.0,0.6453855434519675,1,-1.0,0.5518808446928651,1,-1.0,0.5821325805917418,1,-1.0,0.7106277029432633,1,-1.0,0.550643321143431,1,-1.0,0.9756710336163882,1,-1.0
2026-03-28,659,3026,Blue,0.7446808510638299,1,0.2857142857142856,0.3682737169517885,0,-1.0,0.6709671684698175,1,0.2857142857142856,0.6475996917361109,1,0.2857142857142856,0.5786379978922452,1,0.2857142857142856,0.5474878246968028,1,0.2857142857142856,0.5137021171242925,1,0.2857142857142856,0.5298364406093529,1,0.2857142857142856,0.4629770059839287,0,-1.0,0.5587837482384207,1,0.2857142857142856
2026-03-28,463,1625,Red,0.13698630136986303,0,0.11111111111111116,0.3682737169517885,0,0.11111111111111116,0.13139846707362524,0,0.11111111111111116,0.19285941283932528,0,0.11111111111111116,0.4125248102091647,0,0.11111111111111116,0.4272153355903356,0,0.11111111111111116,0.4150051985830331,0,0.11111111111111116,0.24159026030242142,0,0.11111111111111116,0.37151952701713775,0,0.11111111111111116,0.564082650034192,1,-1.0
2026-03-28,263,3063,Blue,0.26867627785058973,0,-1.0,0.3682737169517885,0,-1.0,0.2099948828845131,0,-1.0,0.09047443601853315,0,-1.0,0.23143305430689298,0,-1.0,0.33939268938262757,0,-1.0,0.3191454692727025,0,-1.0,0.12805068182058738,0,-1.0,0.19626278238426592,0,-1.0,0.058793167998876496,0,-1.0
2026-03-28,934,3194,Blue,0.2630773936983787,0,-1.0,0.3682737169517885,0,-1.0,0.2060466570395832,0,-1.0,0.3618416208284197,0,-1.0,0.4733003455795935,0,-1.0,0.3451700540744658,0,-1.0,0.30067316680589384,0,-1.0,0.19650331017539413,0,-1.0,0.24660024098030311,0,-1.0,0.33047190840028673,0,-1.0
2026-03-28,2017,3078,Blue,0.5467695274831245,1,0.7407407407407407,0.3682737169517885,0,-1.0,0.4664034495740591,0,-1.0,0.6830983277115189,1,0.7407407407407407,0.570251757215614,1,0.7407407407407407,0.39927938211026415,0,-1.0,0.4725707848216499,0,-1.0,0.39624201801828296,0,-1.0,0.44878323115254853,0,-1.0,0.32313941200402474,0,-1.0
2026-03-28,3058,3050,Red,0.16401590457256462,0,0.13793103448275867,0.3682737169517885,0,0.13793103448275867,0.14517574099303449,0,0.13793103448275867,0.19419036990684968,0,0.13793103448275867,0.3145298992346007,0,0.13793103448275867,0.3183146150661631,0,0.13793103448275867,0.33894827442141157,0,0.13793103448275867,0.18558662872128306,0,0.13793103448275867,0.27580047377523104,0,0.13793103448275867,0.44136986490813856,0,0.13793103448275867
2026-03-28,3044,365,Red,0.1475409836065574,0,0.125,0.3682737169517885,0,0.125,0.13664128378851975,0,0.125,0.23823131702973427,0,0.125,0.3458594125437603,0,0.125,0.30456455370967744,0,0.125,0.34610115696403015,0,0.125,0.29100938607212756,0,0.125,0.3358255283428939,0,0.125,0.19973916499738575,0,0.125
2026-03-28,1311,1441,Red,0.37206266318537856,0,0.5405405405405406,0.3682737169517885,0,0.5405405405405406,0.29267760498883444,0,0.5405405405405406,0.40229901174786786,0,0.5405405405405406,0.4051584754893398,0,0.5405405405405406,0.3780324743339449,0,0.5405405405405406,0.40941546007185325,0,0.5405405405405406,0.41203664568902865,0,0.5405405405405406,0.2546927072080714,0,0.5405405405405406,0.5064242991246319,1,-1.0
2026-03-28,3036,2981,Blue,0.44362292051756014,0,-1.0,0.3682737169517885,0,-1.0,0.35982955295397395,0,-1.0,0.2748151570044281,0,-1.0,0.3397367954896627,0,-1.0,0.3299289957118905,0,-1.0,0.31693299415792503,0,-1.0,0.1457564829505194,0,-1.0,0.323472122809399,0,-1.0,0.10172007018410552,0,-1.0
2026-04-04,2040,716,Blue,0.3418803418803419,0,-1.0,0.3682737169517885,0,-1.0,0.2666650592881528,0,-1.0,0.6207492738059518,1,1.7999999999999998,0.4592218309934469,0,-1.0,0.5900404290698408,1,1.7999999999999998,0.5232186319071648,1,1.7999999999999998,0.6035945206344918,1,1.7999999999999998,0.4877547665185018,0,-1.0,0.564459000092806,1,1.7999999999999998
2026-04-04,1359,619,Red,0.5656028368794326,1,-1.0,0.3682737169517885,0,1.2000000000000002,0.4865098358666663,0,1.2000000000000002,0.4220220988648171,0,1.2000000000000002,0.47425947498280896,0,1.2000000000000002,0.5054106065503123,1,-1.0,0.5780937402391253,1,-1.0,0.5033880284072295,1,-1.0,0.48708297978640575,0,1.2000000000000002,0.4630216814205924,0,1.2000000000000002
2026-04-04,3101,761,Red,0.4782608695652174,0,0.8333333333333335,0.3682737169517885,0,0.8333333333333335,0.3946428047638027,0,0.8333333333333335,0.570966137202467,1,-1.0,0.5161782644144787,1,-1.0,0.46872256681953206,0,0.8333333333333335,0.5046547939038655,1,-1.0,0.4887892588184445,0,0.8333333333333335,0.5089339923198022,1,-1.0,0.3557658893904357,0,0.8333333333333335
2026-04-04,504,3097,Red,0.22849462365591394,0,0.24390243902439024,0.3682737169517885,0,0.24390243902439024,0.18288052400412955,0,0.24390243902439024,0.3950914346285705,0,0.24390243902439024,0.4203066637847878,0,0.24390243902439024,0.45392295381088094,0,0.24390243902439024,0.4580691729235445,0,0.24390243902439024,0.4860644503019056,0,0.24390243902439024,0.513519569873478,1,-1.0,0.5870410841559127,1,-1.0
2026-04-04,3191,512,Red,0.447405997144217,0,0.7407407407407407,0.3682737169517885,0,0.7407407407407407,0.3635681227782799,0,0.7407407407407407,0.2390703091206957,0,0.7407407407407407,0.3435494266046921,0,0.7407407407407407,0.33083092711382184,0,0.7407407407407407,0.30548517168546707,0,0.7407407407407407,0.2766443627314389,0,0.7407407407407407,0.37689553286502137,0,0.7407407407407407,0.06135755611910856,0,0.7407407407407407
2026-04-04,3192,800,Blue,0.17341040462427745,0,-1.0,0.3682737169517885,0,-1.0,0.15023768198043336,0,-1.0,0.32951675387099283,0,-1.0,0.37280792332090057,0,-1.0,0.34964170388435084,0,-1.0,0.4256588546669338,0,-1.0,0.48473338304357155,0,-1.0,0.38456589991445234,0,-1.0,0.16809664712281613,0,-1.0
2026-04-04,976,1675,Red,0.4675324675324676,0,0.8,0.3682737169517885,0,0.8,0.3837266583299639,0,0.8,0.542015569572034,1,-1.0,0.5188253695354867,1,-1.0,0.516885432750371,1,-1.0,0.47352742305018386,0,0.8,0.6731938935994441,1,-1.0,0.5715715658197738,1,-1.0,0.5654371393702403,1,-1.0
2026-04-04,3188,2950,Red,0.4532304725168756,0,0.7407407407407407,0.3682737169517885,0,0.7407407407407407,0.3693563055532054,0,0.7407407407407407,0.3194540452058481,0,0.7407407407407407,0.41129236114147294,0,0.7407407407407407,0.42576516402986997,0,0.7407407407407407,0.40259291901854205,0,0.7407407407407407,0.5684438661207587,1,-1.0,0.5372656522437276,1,-1.0,0.18674370186711864,0,0.7407407407407407
2026-04-04,3115,3085,Red,0.10638297872340424,0,0.0714285714285714,0.3682737169517885,0,0.0714285714285714,0.11715556205064906,0,0.0714285714285714,0.25274145484581917,0,0.0714285714285714,0.35166107413585135,0,0.0714285714285714,0.2723679196620373,0,0.0714285714285714,0.33123877628490783,0,0.0714285714285714,0.26697633395105075,0,0.0714285714285714,0.31364044800768437,0,0.0714285714285714,0.20552733868130738,0,0.0714285714285714
2026-04-04,3048,3082,Blue,0.5217391304347826,1,0.8333333333333335,0.3682737169517885,0,-1.0,0.4398599076862452,0,-1.0,0.39403536453214166,0,-1.0,0.4488495959654277,0,-1.0,0.39253657644098816,0,-1.0,0.3857704763739289,0,-1.0,0.45235737528117703,0,-1.0,0.4127641056621936,0,-1.0,0.2458789550466038,0,-1.0
2026-04-04,3106,3193,Red,0.4088050314465409,0,0.625,0.3682737169517885,0,0.625,0.32626198954654007,0,0.625,0.2773706461383951,0,0.625,0.365199983578581,0,0.625,0.38781430196302463,0,0.625,0.36191471857972274,0,0.625,0.34610066720051497,0,0.625,0.3361226983207574,0,0.625,0.29593229082152706,0,0.625
2026-04-04,3189,3190,Red,0.299837925445705,0,0.37037037037037024,0.3682737169517885,0,0.37037037037037024,0.2329782515773198,0,0.37037037037037024,0.39116197529248864,0,0.37037037037037024,0.42205271448198756,0,0.37037037037037024,0.33563599175694403,0,0.37037037037037024,0.3659282922385,0,0.37037037037037024,0.30773795147850613,0,0.37037037037037024,0.4091359561379853,0,0.37037037037037024,0.4548219430778051,0,0.37037037037037024
2026-04-04,2977,2926,Red,0.1475409836065574,0,0.125,0.3682737169517885,0,0.125,0.13664128378851975,0,0.125,0.39306424527122263,0,0.125,0.41658973405701666,0,0.125,0.33219633322436937,0,0.125,0.35085222577813374,0,0.125,0.36713016414395927,0,0.125,0.38811214270869393,0,0.125,0.2882126124747588,0,0.125
2026-04-11,1950,1120,Red,0.4831460674157303,0,0.8695652173913042,0.3682737169517885,0,0.8695652173913042,0.3996492627713737,0,0.8695652173913042,0.36363786981238766,0,0.8695652173913042,0.43389886832919344,0,0.8695652173913042,0.5031976125726129,1,-1.0,0.6708023310522309,1,-1.0,0.6073035033228614,1,-1.0,0.6117026287618467,1,-1.0,0.5990930561705909,1,-1.0
2026-04-11,335,3135,Blue,0.49439461883408076,0,-1.0,0.3682737169517885,0,-1.0,0.41125547196499257,0,-1.0,0.2950507680531114,0,-1.0,0.33303983565100137,0,-1.0,0.4052020444725555,0,-1.0,0.37761411770818043,0,-1.0,0.3960107182562375,0,-1.0,0.40899589788345136,0,-1.0,0.014538514725514297,0,-1.0
2026-04-11,2966,3187,Blue,0.700162074554295,1,0.37037037037037024,0.3682737169517885,0,-1.0,0.6276157325005143,1,0.37037037037037024,0.5694163754622167,1,0.37037037037037024,0.49823203560105417,0,-1.0,0.5068279456181933,1,0.37037037037037024,0.49711612295980984,0,-1.0,0.5533077443350749,1,0.37037037037037024,0.5639556967555152,1,0.37037037037037024,0.3981738183201229,0,-1.0
2026-04-11,759,1205,Blue,0.298804780876494,0,-1.0,0.3682737169517885,0,-1.0,0.2321889164348904,0,-1.0,0.3159123106593974,0,-1.0,0.41084359514378554,0,-1.0,0.42077751976552286,0,-1.0,0.5532951667667901,1,2.2,0.32252920864734386,0,-1.0,0.3996712913427469,0,-1.0,0.2895245301346224,0,-1.0
2026-04-11,1943,775,Red,0.4117884537747275,0,0.6451612903225805,0.3682737169517885,0,0.6451612903225805,0.32907532500672126,0,0.6451612903225805,0.5783364452975993,1,-1.0,0.5510557453090084,1,-1.0,0.38966713787302015,0,0.6451612903225805,0.4270179576403273,0,0.6451612903225805,0.41644390404711307,0,0.6451612903225805,0.4354521556870514,0,0.6451612903225805,0.5657788382080937,1,-1.0
2026-04-11,1667,2075,Red,0.4088050314465409,0,0.625,0.3682737169517885,0,0.625,0.32626198954654007,0,0.625,0.3949301356917995,0,0.625,0.41482713738204,0,0.625,0.3536761155511156,0,0.625,0.3537016247821144,0,0.625,0.4612964255649968,0,0.625,0.3884394055429085,0,0.625,0.3584923021628399,0,0.625
2026-04-11,1626,2020,Blue,0.49439461883408076,0,-1.0,0.3682737169517885,0,-1.0,0.41125547196499257,0,-1.0,0.479998599153588,0,-1.0,0.4789116348516013,0,-1.0,0.3793790724526021,0,-1.0,0.3675977953276631,0,-1.0,0.36463944040903645,0,-1.0,0.37573486017974933,0,-1.0,0.5323595368164789,1,0.9523809523809523
2026-04-11,745,1673,Red,0.35437430786268,0,0.4545454545454546,0.3682737169517885,0,0.4545454545454546,0.27725291664923135,0,0.4545454545454546,0.3278914307126465,0,0.4545454545454546,0.4104872424066478,0,0.4545454545454546,0.44316860238145067,0,0.4545454545454546,0.42632022371048506,0,0.4545454545454546,0.4701218029230494,0,0.4545454545454546,0.3640012052811852,0,0.4545454545454546,0.20148989388333588,0,0.4545454545454546
2026-04-11,920,382,Red,0.5,0,0.9090909090909092,0.3682737169517885,0,0.9090909090909092,0.41707702825587434,0,0.9090909090909092,0.21652432162039195,0,0.9090909090909092,0.3707453910465235,0,0.9090909090909092,0.411116780006486,0,0.9090909090909092,0.5223162930661316,1,-1.0,0.31006256870604587,0,0.9090909090909092,0.46340340006838227,0,0.9090909090909092,0.3081948035627869,0,0.9090909090909092
2026-04-11,1415,502,Blue,0.33099297893681046,0,-1.0,0.3682737169517885,0,-1.0,0.25765128023935513,0,-1.0,0.3379400158163732,0,-1.0,0.42372398348813956,0,-1.0,0.45862156396521736,0,-1.0,0.44716824452228576,0,-1.0,0.4619501567464558,0,-1.0,0.4026428899453231,0,-1.0,0.5815230801412041,1,1.9
2026-04-11,2940,1619,Red,0.38356164383561653,0,0.5555555555555556,0.3682737169517885,0,0.5555555555555556,0.3029701498676844,0,0.5555555555555556,0.43894539761425005,0,0.5555555555555556,0.4187985402546808,0,0.5555555555555556,0.490756006520712,0,0.5555555555555556,0.5160425322333001,1,-1.0,0.5352343104977214,1,-1.0,0.47936437332211296,0,0.5555555555555556,0.6624127249865032,1,-1.0
2026-04-18,354,3183,Blue,0.5711159737417943,1,0.6896551724137931,0.3682737169517885,0,-1.0,0.4924068364967874,0,-1.0,0.31398916988786135,0,-1.0,0.38384284147000614,0,-1.0,0.3784076537156899,0,-1.0,0.3741365403736104,0,-1.0,0.3493574275790697,0,-1.0,0.402517424934002,0,-1.0,0.3576958476264377,0,-1.0
2026-04-18,406,3029,Blue,0.758680128047279,1,0.2564102564102564,0.3682737169517885,0,-1.0,0.6840584254696723,1,0.2564102564102564,0.4936185583310943,0,-1.0,0.4751535682216874,0,-1.0,0.4074210387391699,0,-1.0,0.5037422660303529,1,0.2564102564102564,0.45849288486630846,0,-1.0,0.4447679158499365,0,-1.0,0.5634287051689593,1,0.2564102564102564
2026-04-18,176,941,Red,0.6140350877192983,1,-1.0,0.3682737169517885,0,1.5,0.5382597127235074,1,-1.0,0.4695822433682073,0,1.5,0.4495381365999839,0,1.5,0.4673307302289501,0,1.5,0.5628381897734972,1,-1.0,0.4556160430603529,0,1.5,0.49613003726126614,0,1.5,0.3279762560335433,0,1.5
2026-04-18,401,1246,Blue,0.7044334975369458,1,0.36363636363636376,0.3682737169517885,0,-1.0,0.6318788178898025,1,0.36363636363636376,0.5484947271571697,1,0.36363636363636376,0.49782869566193494,0,-1.0,0.6159934145375321,1,0.36363636363636376,0.7062742675954449,1,0.36363636363636376,0.6427574240153048,1,0.36363636363636376,0.5823501717443461,1,0.36363636363636376,0.5517693169562335,1,0.36363636363636376
2026-04-18,1360,3031,Blue,0.5911949685534592,1,0.625,0.3682737169517885,0,-1.0,0.5138895159858577,1,0.625,0.5349222792633758,1,0.625,0.47049171372021126,0,-1.0,0.6558110786415738,1,0.625,0.6511872011404924,1,0.625,0.6685985230183009,1,0.625,0.625696090033013,1,0.625,0.6109704391335237,1,0.625
2026-04-18,1591,1022,Blue,0.55637707948244,1,0.7142857142857144,0.3682737169517885,0,-1.0,0.47665093262231323,0,-1.0,0.1919357844843215,0,-1.0,0.24492898988034975,0,-1.0,0.4158744985234922,0,-1.0,0.42063130222975526,0,-1.0,0.3095438050393636,0,-1.0,0.35470139148521757,0,-1.0,0.4392093530958508,0,-1.0
2026-04-18,981,1851,Red,0.267175572519084,0,0.3125,0.3682737169517885,0,0.3125,0.20893119361123438,0,0.3125,0.5245438483078126,1,-1.0,0.48353585228245,0,0.3125,0.4490399533673526,0,0.3125,0.42554306362704425,0,0.3125,0.3992985953785259,0,0.3125,0.459139145677402,0,0.3125,0.3329938049509948,0,0.3125
2026-04-18,3184,3185,Red,0.44362292051756014,0,0.7142857142857144,0.3682737169517885,0,0.7142857142857144,0.35982955295397395,0,0.7142857142857144,0.45194994397900473,0,0.7142857142857144,0.4380656785527672,0,0.7142857142857144,0.49662667765957197,0,0.7142857142857144,0.4809539234196646,0,0.7142857142857144,0.49254478751519953,0,0.7142857142857144,0.5088467907267986,1,-1.0,0.4068697362642881,0,0.7142857142857144
2026-04-18,3182,3059,Blue,0.6092362344582594,1,0.5714285714285714,0.3682737169517885,0,-1.0,0.5331506197375515,1,0.5714285714285714,0.3317343951199337,0,-1.0,0.35554983370976234,0,-1.0,0.28162216829537806,0,-1.0,0.2839713324717725,0,-1.0,0.23600140728011298,0,-1.0,0.32582091460871676,0,-1.0,0.2693490932451757,0,-1.0
2026-04-18,3181,892,Blue,0.39823008849557523,0,-1.0,0.3682737169517885,0,-1.0,0.31639123314558676,0,-1.0,0.26586517704555024,0,-1.0,0.35786041937173063,0,-1.0,0.4128886629113839,0,-1.0,0.41271063531195046,0,-1.0,0.26521890298418777,0,-1.0,0.4466643141242221,0,-1.0,0.5961020312725905,1,1.4
2026-04-18,3186,3138,Blue,0.3053435114503817,0,-1.0,0.3682737169517885,0,-1.0,0.23721603204302916,0,-1.0,0.3546232347836532,0,-1.0,0.4148661598081265,0,-1.0,0.3026077158135983,0,-1.0,0.3539406742761469,0,-1.0,0.20099560181688886,0,-1.0,0.243335517160883,0,-1.0,0.28690851916286936,0,-1.0
2026-04-25,825,3180,Blue,0.5467695274831245,1,0.7407407407407407,0.3682737169517885,0,-1.0,0.4664034495740591,0,-1.0,0.4541110301658538,0,-1.0,0.41374170586263953,0,-1.0,0.4709606998235006,0,-1.0,0.566374740845841,1,0.7407407407407407,0.4137323796825675,0,-1.0,0.5209747329438366,1,0.7407407407407407,0.273150535942788,0,-1.0
2026-04-25,1927,2159,Red,0.552594002855783,1,-1.0,0.3682737169517885,0,1.15,0.47261304800379783,0,1.15,0.24953783053254827,0,1.15,0.3450004281701301,0,1.15,0.5054644065085241,1,-1.0,0.4995828283443272,0,1.15,0.44644225370899515,0,1.15,0.4838006165540164,0,1.15,0.19695126768081314,0,1.15
2026-04-25,755,896,Red,0.5217391304347826,1,-1.0,0.3682737169517885,0,1.0,0.4398599076862452,0,1.0,0.5440386322006593,1,-1.0,0.49398177835987866,0,1.0,0.445704109959528,0,1.0,0.4092928309019682,0,1.0,0.4387542288374867,0,1.0,0.3846733005838092,0,1.0,0.35244979325464687,0,1.0
2026-04-25,973,276,Blue,0.36989795918367335,0,-1.0,0.3682737169517885,0,-1.0,0.2907630874370258,0,-1.0,0.2335949155960359,0,-1.0,0.33795434685479186,0,-1.0,0.31505560561442925,0,-1.0,0.34747232220473695,0,-1.0,0.1589788416968311,0,-1.0,0.31506123255920826,0,-1.0,0.08396131530975139,0,-1.0
2026-04-25,700,625,Blue,0.16580310880829016,0,-1.0,0.3682737169517885,0,-1.0,0.14612769056091493,0,-1.0,0.37121074912965585,0,-1.0,0.4086610266930675,0,-1.0,0.31656500444000446,0,-1.0,0.3719703858185214,0,-1.0,0.28196791458340464,0,-1.0,0.3685779904386082,0,-1.0,0.39519088027807014,0,-1.0
2026-04-25,811,3176,Red,0.4782608695652174,0,0.8333333333333335,0.3682737169517885,0,0.8333333333333335,0.3946428047638027,0,0.8333333333333335,0.43772838296274746,0,0.8333333333333335,0.42350345472169315,0,0.8333333333333335,0.4604989709006736,0,0.8333333333333335,0.5481853816837345,1,-1.0,0.45403500794021356,0,0.8333333333333335,0.5164138959668125,1,-1.0,0.4801520272587963,0,0.8333333333333335
2026-04-25,618,641,Blue,0.3403141361256544,0,-1.0,0.3682737169517885,0,-1.0,0.26535609627215173,0,-1.0,0.5682114935902813,1,1.7999999999999998,0.5385282613624048,1,1.7999999999999998,0.37731877517906914,0,-1.0,0.29942683746243764,0,-1.0,0.42997645255599437,0,-1.0,0.4297675530670748,0,-1.0,0.13350032693586664,0,-1.0
2026-04-25,2944,3017,Red,0.6704377766847024,1,-1.0,0.3682737169517885,0,1.9,0.5974299927958933,1,-1.0,0.7111695725148144,1,-1.0,0.5992860147186846,1,-1.0,0.5008925369293017,1,-1.0,0.4554063966655074,0,1.9,0.571469663808843,1,-1.0,0.5078781675050517,1,-1.0,0.6101894484459786,1,-1.0
2026-04-25,393,3178,Blue,0.7826086956521738,1,0.22222222222222232,0.3682737169517885,0,-1.0,0.7057666132506918,1,0.22222222222222232,0.5279490236125406,1,0.22222222222222232,0.48844098038791933,0,-1.0,0.4675394142894144,0,-1.0,0.5390626715459251,1,0.22222222222222232,0.5968854927188455,1,0.22222222222222232,0.46156064928373647,0,-1.0,0.7059660236626046,1,0.22222222222222232
2026-04-25,3034,617,Red,0.37889039242219225,0,0.5555555555555556,0.3682737169517885,0,0.5555555555555556,0.2987643076505778,0,0.5555555555555556,0.16696868724446717,0,0.5555555555555556,0.27948831094659404,0,0.5555555555555556,0.3395507129036543,0,0.5555555555555556,0.338513511039002,0,0.5555555555555556,0.3781783203978566,0,0.5555555555555556,0.39631218670741475,0,0.5555555555555556,0.4705916560929032,0,0.5555555555555556
2026-04-25,2061,3039,Blue,0.2630773936983787,0,-1.0,0.3682737169517885,0,-1.0,0.2060466570395832,0,-1.0,0.2458419581016174,0,-1.0,0.3421353966728051,0,-1.0,0.4001817196964258,0,-1.0,0.3718407495203083,0,-1.0,0.3584452425996786,0,-1.0,0.4118026224651992,0,-1.0,0.2862357670983687,0,-1.0
2026-04-25,3177,1905,Blue,0.4201680672268907,0,-1.0,0.3682737169517885,0,-1.0,0.3370425582374103,0,-1.0,0.25013299187927746,0,-1.0,0.35641262194411744,0,-1.0,0.38712855662855666,0,-1.0,0.38127958313412363,0,-1.0,0.38448992989693476,0,-1.0,0.37783322535299313,0,-1.0,0.4817451725113306,0,-1.0
2026-04-25,1263,3179,Red,0.19117647058823528,0,0.18181818181818188,0.3682737169517885,0,0.18181818181818188,0.160206671083403,0,0.18181818181818188,0.35834474539579375,0,0.18181818181818188,0.3985111463999451,0,0.18181818181818188,0.41266994832274373,0,0.18181818181818188,0.4440199673261217,0,0.18181818181818188,0.4312389106353511,0,0.18181818181818188,0.4179881897885742,0,0.18181818181818188,0.32046955443547964,0,0.18181818181818188
2026-05-02,648,658,Blue,0.6164383561643836,1,0.5555555555555556,0.3682737169517885,0,-1.0,0.5408154001134118,1,0.5555555555555556,0.6708179130097245,1,0.5555555555555556,0.5695660403638138,1,0.5555555555555556,0.5172685435479554,1,0.5555555555555556,0.5356329676190502,1,0.5555555555555556,0.669785063687305,1,0.5555555555555556,0.4048886126718485,0,-1.0,0.2704872509687572,0,-1.0
2026-05-02,3171,1379,Red,0.43795620437956206,0,0.7142857142857144,0.3682737169517885,0,0.7142857142857144,0.3542612979004225,0,0.7142857142857144,0.2758929213372676,0,0.7142857142857144,0.3657787991914524,0,0.7142857142857144,0.3792720622457463,0,0.7142857142857144,0.3614725684931518,0,0.7142857142857144,0.21378950369250002,0,0.7142857142857144,0.36525217573603974,0,0.7142857142857144,0.4882371578033487,0,0.7142857142857144
2026-05-02,573,3165,Blue,0.5,0,-1.0,0.3682737169517885,0,-1.0,0.41707702825587434,0,-1.0,0.41752081179885064,0,-1.0,0.44307889824506336,0,-1.0,0.34838191900691895,0,-1.0,0.3726812557560859,0,-1.0,0.2744540985357442,0,-1.0,0.3193232761239891,0,-1.0,0.26166798431652194,0,-1.0
2026-05-02,547,3042,Blue,0.7619047619047619,1,0.25,0.3682737169517885,0,-1.0,0.6870339400898144,1,0.25,0.6601325445282786,1,0.25,0.5470938871278224,1,0.25,0.6418357006913508,1,0.25,0.5323503653731455,1,0.25,0.6125128749214055,1,0.25,0.5248817522379821,1,0.25,0.8995838452709316,1,0.25
2026-05-02,3027,3167,Blue,0.5,0,-1.0,0.3682737169517885,0,-1.0,0.41707702825587434,0,-1.0,0.33834775064862993,0,-1.0,0.35773310336160535,0,-1.0,0.42162743576873996,0,-1.0,0.40051612686241655,0,-1.0,0.39274248794006583,0,-1.0,0.47133773067629764,0,-1.0,0.3172234573746412,0,-1.0
2026-05-02,2009,3051,Blue,0.33635187580853815,0,-1.0,0.3682737169517885,0,-1.0,0.2620630016519996,0,-1.0,0.6278469330730811,1,1.85,0.509273629259078,1,1.85,0.5322034365223727,1,1.85,0.5111961186947042,1,1.85,0.5794628012784897,1,1.85,0.5279341499186739,1,1.85,0.7693265221135425,1,1.85
2026-05-02,1955,3170,Red,0.3418803418803419,0,0.4545454545454546,0.3682737169517885,0,0.4545454545454546,0.2666650592881528,0,0.4545454545454546,0.3865114894466259,0,0.4545454545454546,0.4246235130499714,0,0.4545454545454546,0.3896891063156543,0,0.4545454545454546,0.40326944124929176,0,0.4545454545454546,0.4052251909713513,0,0.4545454545454546,0.5274830566131685,1,-1.0,0.3102863541284389,0,0.4545454545454546
2026-05-02,3168,3169,Red,0.36989795918367335,0,0.5263157894736841,0.3682737169517885,0,0.5263157894736841,0.2907630874370258,0,0.5263157894736841,0.23631313823640074,0,0.5263157894736841,0.35766510552166275,0,0.5263157894736841,0.30910322547822544,0,0.5263157894736841,0.31728083512347005,0,0.5263157894736841,0.21961214851714037,0,0.5263157894736841,0.3093973957112002,0,0.5263157894736841,0.2921942889223069,0,0.5263157894736841
2026-05-02,1245,1320,Red,0.1,0,0.05555555555555558,0.3682737169517885,0,0.05555555555555558,0.11435906019887333,0,0.05555555555555558,0.09629160250396483,0,0.05555555555555558,0.23567872773388396,0,0.05555555555555558,0.29568362193362174,0,0.05555555555555558,0.3179060376737154,0,0.05555555555555558,0.14201491057784052,0,0.05555555555555558,0.21206121972039604,0,0.05555555555555558,0.609578550005178,1,-1.0
2026-05-02,3173,802,Red,0.33635187580853815,0,0.4444444444444444,0.3682737169517885,0,0.4444444444444444,0.2620630016519996,0,0.4444444444444444,0.3733376826115365,0,0.4444444444444444,0.415045805910983,0,0.4444444444444444,0.37001123322542784,0,0.4444444444444444,0.40577151047615995,0,0.4444444444444444,0.3687345589471208,0,0.4444444444444444,0.39879618987134163,0,0.4444444444444444,0.5217290286128704,1,-1.0
2026-05-02,3174,3175,Blue,0.574468085106383,1,0.6666666666666665,0.3682737169517885,0,-1.0,0.4959934837918982,0,-1.0,0.21080192725571445,0,-1.0,0.35270347559778475,0,-1.0,0.3134310243849717,0,-1.0,0.3336268171829178,0,-1.0,0.178712780517215,0,-1.0,0.3111712518243574,0,-1.0,0.057966764065083415,0,-1.0
2026-05-02,2978,3166,Red,0.1588785046728972,0,0.1333333333333333,0.3682737169517885,0,0.1333333333333333,0.14246797026580046,0,0.1333333333333333,0.20703132654163156,0,0.1333333333333333,0.3176685619990187,0,0.1333333333333333,0.2642672308628193,0,0.1333333333333333,0.28696080999114887,0,0.1333333333333333,0.3529069520708492,0,0.1333333333333333,0.36975816184394333,0,0.1333333333333333,0.10318549989396973,0,0.1333333333333333
2026-05-02,3172,3033,Blue,0.42888402625820565,0,-1.0,0.3682737169517885,0,-1.0,0.3454289248931731,0,-1.0,0.370004522093529,0,-1.0,0.4288146140818787,0,-1.0,0.17532677457653742,0,-1.0,0.23502377539939112,0,-1.0,0.2080846437569564,0,-1.0,0.30347375137985033,0,-1.0,0.42983640504404774,0,-1.0
2026-05-09,1336,798,Red,0.6990931574608409,1,-1.0,0.3682737169517885,0,2.2,0.6265457600499117,1,-1.0,0.7388915259814809,1,-1.0,0.6727998040465432,1,-1.0,0.6387868000735647,1,-1.0,0.6966695737486991,1,-1.0,0.617956061674472,1,-1.0,0.6703376908862267,1,-1.0,0.6829286568389007,1,-1.0
2026-05-09,465,1940,Blue,0.2220394736842105,0,-1.0,0.3682737169517885,0,-1.0,0.17878760042839095,0,-1.0,0.041728710819581724,0,-1.0,0.3404799581132823,0,-1.0,0.2838173493173495,0,-1.0,0.3416713214438546,0,-1.0,0.174990961725383,0,-1.0,0.316635419500719,0,-1.0,0.28927666174929373,0,-1.0
2026-05-09,201,3161,Blue,0.6279373368146214,1,0.5405405405405406,0.3682737169517885,0,-1.0,0.553011672960792,1,0.5405405405405406,0.36003062405932584,0,-1.0,0.41961281833275843,0,-1.0,0.36334943379061024,0,-1.0,0.35765770412396847,0,-1.0,0.25276526504177615,0,-1.0,0.33104191009380823,0,-1.0,0.277999165617153,0,-1.0
2026-05-09,436,3164,Blue,0.6067006554989075,1,0.5882352941176472,0.3682737169517885,0,-1.0,0.5304482398940927,1,0.5882352941176472,0.4542746887370264,0,-1.0,0.4390592827358016,0,-1.0,0.5479208896395428,1,0.5882352941176472,0.4735173503962378,0,-1.0,0.4912539715512032,0,-1.0,0.5136522351576589,1,0.5882352941176472,0.42391346697273885,0,-1.0
2026-05-09,2071,2979,Red,0.447405997144217,0,0.7407407407407407,0.3682737169517885,0,0.7407407407407407,0.3635681227782799,0,0.7407407407407407,0.3341716009165141,0,0.7407407407407407,0.4445047918394168,0,0.7407407407407407,0.45314752126671654,0,0.7407407407407407,0.528258869567921,1,-1.0,0.4935046836030519,0,0.7407407407407407,0.5863927797988813,1,-1.0,0.44135196785201913,0,0.7407407407407407
2026-05-09,361,390,Red,0.4088050314465409,0,0.625,0.3682737169517885,0,0.625,0.32626198954654007,0,0.625,0.5132307734326425,1,-1.0,0.5388424975422562,1,-1.0,0.3616333976481036,0,0.625,0.3467297412457045,0,0.625,0.2693106301584799,0,0.625,0.4064212525739456,0,0.625,0.20831600034229503,0,0.625
2026-05-09,1093,3162,Red,0.6211096075778079,1,-1.0,0.3682737169517885,0,1.5499999999999998,0.5457766532812216,1,-1.0,0.5436546657186999,1,-1.0,0.4404272391589472,0,1.5499999999999998,0.6017830205856524,1,-1.0,0.6013291294494532,1,-1.0,0.7031954510158908,1,-1.0,0.6268810991838273,1,-1.0,0.7714470710124618,1,-1.0
2026-05-09,1748,787,Red,0.39823008849557523,0,0.5882352941176472,0.3682737169517885,0,0.5882352941176472,0.31639123314558676,0,0.5882352941176472,0.3712427675876756,0,0.5882352941176472,0.40845758651253716,0,0.5882352941176472,0.3499175358238825,0,0.5882352941176472,0.369689257223793,0,0.5882352941176472,0.33540944302953196,0,0.5882352941176472,0.40898618202880366,0,0.5882352941176472,0.166825953619967,0,0.5882352941176472
2026-05-09,3163,2982,Red,0.15358361774744025,0,0.125,0.3682737169517885,0,0.125,0.13972139613712645,0,0.125,0.25826384133054736,0,0.125,0.36210929176530876,0,0.125,0.3068754671254673,0,0.125,0.3554451322368623,0,0.125,0.3339726111378691,0,0.125,0.28663693542431556,0,0.125,0.18785230404600925,0,0.125
2026-05-09,2037,1957,Red,0.5911949685534592,1,-1.0,0.3682737169517885,0,1.35,0.5138895159858577,1,-1.0,0.15384402508126394,0,1.35,0.31031122555196844,0,1.35,0.41869913971191075,0,1.35,0.401887314804156,0,1.35,0.3674491028927104,0,1.35,0.25530689557566544,0,1.35,0.25725564140855306,0,1.35
2026-05-09,557,1655,Red,0.43439716312056736,0,0.6896551724137931,0.3682737169517885,0,0.6896551724137931,0.35078407501923653,0,0.6896551724137931,0.27812995401941165,0,0.6896551724137931,0.4336334892761345,0,0.6896551724137931,0.3609973792310749,0,0.6896551724137931,0.3433326334328656,0,0.6896551724137931,0.3540785649064689,0,0.6896551724137931,0.3813044942628932,0,0.6896551724137931,0.26409879297620686,0,0.6896551724137931
2026-05-09,3160,2974,Red,0.11016949152542371,0,0.08333333333333326,0.3682737169517885,0,0.08333333333333326,0.11884238983184156,0,0.08333333333333326,0.18768715279422182,0,0.08333333333333326,0.2995736041016422,0,0.08333333333333326,0.3007494495897187,0,0.08333333333333326,0.35657830330388357,0,0.08333333333333326,0.2482220071915446,0,0.08333333333333326,0.338997528961583,0,0.08333333333333326,0.1383775698687707,0,0.08333333333333326
2026-05-09,3103,1926,Red,0.22688356164383558,0,0.2325581395348837,0.3682737169517885,0,0.2325581395348837,0.18185225825101517,0,0.2325581395348837,0.16576609486609784,0,0.2325581395348837,0.30667679113748425,0,0.2325581395348837,0.391852094256506,0,0.2325581395348837,0.4531940568358961,0,0.2325581395348837,0.2559432039214454,0,0.2325581395348837,0.3421528452292569,0,0.2325581395348837,0.8332559967485202,1,-1.0
2026-05-16,466,1791,Red,0.6092362344582594,1,-1.0,0.3682737169517885,0,1.4500000000000002,0.5331506197375515,1,-1.0,0.443889720717029,0,1.4500000000000002,0.41390188164979824,0,1.4500000000000002,0.48243570509011696,0,1.4500000000000002,0.513562572319924,1,-1.0,0.5432871001405533,1,-1.0,0.4348288296651974,0,1.4500000000000002,0.3562196005143817,0,1.4500000000000002
2026-05-16,277,3146,Blue,0.6116504854368932,1,0.5555555555555556,0.3682737169517885,0,-1.0,0.5357218858623317,1,0.5555555555555556,0.46091783587037133,0,-1.0,0.4249507727326222,0,-1.0,0.5352268606150186,1,0.5555555555555556,0.5684639699964407,1,0.5555555555555556,0.5745986604364048,1,0.5555555555555556,0.5568499389502065,1,0.5555555555555556,0.6568470320886177,1,0.5555555555555556
2026-05-16,3155,3156,Blue,0.5859872611464968,1,0.625,0.3682737169517885,0,-1.0,0.5083194755937426,1,0.625,0.317966301380512,0,-1.0,0.381396968277527,0,-1.0,0.4058222455648928,0,-1.0,0.39678650869573145,0,-1.0,0.40799574586323506,0,-1.0,0.38094447249815294,0,-1.0,0.36773345759521436,0,-1.0
2026-05-16,270,3159,Blue,0.6841382467383841,1,0.40816326530612246,0.3682737169517885,0,-1.0,0.6114502610452418,1,0.40816326530612246,0.5659157257809794,1,0.40816326530612246,0.48681877023241976,0,-1.0,0.5324506171216702,1,0.40816326530612246,0.5107380681189986,1,0.40816326530612246,0.5610556197621374,1,0.40816326530612246,0.6034544245038783,1,0.40816326530612246,0.7068536694393567,1,0.40816326530612246
2026-05-16,3152,3153,Blue,0.5278969957081545,1,0.8333333333333335,0.3682737169517885,0,-1.0,0.446364132658856,0,-1.0,0.3627307657555945,0,-1.0,0.40056068488190794,0,-1.0,0.4505547402452265,0,-1.0,0.4796171936661832,0,-1.0,0.41311083793787073,0,-1.0,0.5400742573640744,1,0.8333333333333335,0.301577443760267,0,-1.0
2026-05-16,2060,2929,Red,0.5829926410466066,1,-1.0,0.3682737169517885,0,1.2999999999999998,0.5051154764827089,1,-1.0,0.7364676578665339,1,-1.0,0.6067904096288446,1,-1.0,0.5877217926409105,1,-1.0,0.6034435188851126,1,-1.0,0.6267971317764237,1,-1.0,0.4873649333083927,0,1.2999999999999998,0.7217595460288887,1,-1.0
2026-05-16,3158,2056,Red,0.3766105054509415,0,0.5405405405405406,0.3682737169517885,0,0.5405405405405406,0.2967237866187604,0,0.5405405405405406,0.324741653910184,0,0.5405405405405406,0.44419496394539804,0,0.5405405405405406,0.4041676498882381,0,0.5405405405405406,0.4203726976399918,0,0.5405405405405406,0.3753524089460039,0,0.5405405405405406,0.42274050456248713,0,0.5405405405405406,0.1635491672216183,0,0.5405405405405406
2026-05-16,3149,3150,Blue,0.334855403348554,0,-1.0,0.3682737169517885,0,-1.0,0.2608261393494907,0,-1.0,0.38279358354085896,0,-1.0,0.4031632714719583,0,-1.0,0.33476085787935983,0,-1.0,0.34037506593977235,0,-1.0,0.3726863672201661,0,-1.0,0.3894454674530429,0,-1.0,0.520280997192106,1,1.85
2026-05-16,189,505,Red,0.4675324675324676,0,0.8,0.3682737169517885,0,0.8,0.3837266583299639,0,0.8,0.47572520172655197,0,0.8,0.4790076459807729,0,0.8,0.44629042770954525,0,0.8,0.4292437556399896,0,0.8,0.5916274096499397,1,-1.0,0.48753546385513746,0,0.8,0.6985197355517735,1,-1.0
2026-05-16,395,3151,Red,0.2787456445993032,0,0.33333333333333326,0.3682737169517885,0,0.33333333333333326,0.21723467294714038,0,0.33333333333333326,0.45642453132104044,0,0.33333333333333326,0.4657788631758451,0,0.33333333333333326,0.38578990638990623,0,0.33333333333333326,0.3930118609642739,0,0.33333333333333326,0.42573321501448647,0,0.33333333333333326,0.47896469984080625,0,0.33333333333333326,0.42670689651572447,0,0.33333333333333326
2026-05-16,3154,2114,Blue,0.5056053811659194,1,0.9090909090909092,0.3682737169517885,0,-1.0,0.4229217950040964,0,-1.0,0.37087361284852055,0,-1.0,0.4512897080409192,0,-1.0,0.45247575866113027,0,-1.0,0.51346673536453,1,0.9090909090909092,0.355157507424248,0,-1.0,0.48530646808017325,0,-1.0,0.3623104375308729,0,-1.0
2026-05-16,386,1577,Red,0.574468085106383,1,-1.0,0.3682737169517885,0,1.25,0.4959934837918982,0,1.25,0.6465370049342414,1,-1.0,0.5727640870694984,1,-1.0,0.4776005612035023,0,1.25,0.5171053511938636,1,-1.0,0.45148985534248753,0,1.25,0.4726677825478352,0,1.25,0.5518444630037337,1,-1.0
2026-05-16,2983,3157,Red,0.37206266318537856,0,0.5405405405405406,0.3682737169517885,0,0.5405405405405406,0.29267760498883444,0,0.5405405405405406,0.24838140263849204,0,0.5405405405405406,0.3376709529598193,0,0.5405405405405406,0.25136373584137545,0,0.5405405405405406,0.26075699256566587,0,0.5405405405405406,0.24760208685063434,0,0.5405405405405406,0.2964821697283098,0,0.5405405405405406,0.1667491104853463,0,0.5405405405405406
2026-05-30,3011,3146,Red,0.2553191489361702,0,0.2857142857142856,0.3682737169517885,0,0.2857142857142856,0.20066698163070695,0,0.2857142857142856,0.1779526018339134,0,0.2857142857142856,0.3210594835717275,0,0.2857142857142856,0.33906545136150407,0,0.2857142857142856,0.399425467266139,0,0.2857142857142856,0.30044140505955325,0,0.2857142857142856,0.3775829970320006,0,0.2857142857142856,0.28485236109531237,0,0.2857142857142856
2026-05-30,3004,3142,Red,0.3053435114503817,0,0.3846153846153846,0.3682737169517885,0,0.3846153846153846,0.23721603204302916,0,0.3846153846153846,0.4369103130609808,0,0.3846153846153846,0.4351944477146447,0,0.3846153846153846,0.5061506483282802,1,-1.0,0.5337426628997943,1,-1.0,0.49170123823843503,0,0.3846153846153846,0.45528233430652515,0,0.3846153846153846,0.6733752107941237,1,-1.0
2026-05-30,3140,1328,Blue,0.3146067415730337,0,-1.0,0.3682737169517885,0,-1.0,0.2444652307406781,0,-1.0,0.23585725570385224,0,-1.0,0.3131133746007648,0,-1.0,0.3578836370601078,0,-1.0,0.3252786923756455,0,-1.0,0.3735798074073993,0,-1.0,0.3000578368223165,0,-1.0,0.5213440468287267,1,2.05
2026-05-30,1544,3141,Red,0.17956656346749225,0,0.15999999999999992,0.3682737169517885,0,0.15999999999999992,0.15363293876938044,0,0.15999999999999992,0.4026773359580735,0,0.15999999999999992,0.40298981374246934,0,0.15999999999999992,0.5024153237829709,1,-1.0,0.487487601023503,0,0.15999999999999992,0.47451093090505453,0,0.15999999999999992,0.3925202903573044,0,0.15999999999999992,0.45845172045333277,0,0.15999999999999992
2026-05-30,1285,871,Red,0.2033898305084746,0,0.19999999999999996,0.3682737169517885,0,0.19999999999999996,0.16736583261850096,0,0.19999999999999996,0.3194529151174083,0,0.19999999999999996,0.41935465766707813,0,0.19999999999999996,0.42640914446177597,0,0.19999999999999996,0.5107686239111698,1,-1.0,0.258484536652128,0,0.19999999999999996,0.4029424854879187,0,0.19999999999999996,0.17268767659366543,0,0.19999999999999996
2026-05-30,1193,210,Blue,0.5427435387673957,1,0.7692307692307692,0.3682737169517885,0,-1.0,0.46211721698599134,0,-1.0,0.6324131030076354,1,0.7692307692307692,0.551120856085334,1,0.7692307692307692,0.32907480618510027,0,-1.0,0.3813200931631651,0,-1.0,0.3417221443663496,0,-1.0,0.3255800926068643,0,-1.0,0.2974086286138454,0,-1.0
2026-05-30,225,3145,Blue,0.7609756097560976,1,0.2564102564102564,0.3682737169517885,0,-1.0,0.6861781339393869,1,0.2564102564102564,0.634859091171042,1,0.2564102564102564,0.5451947929782619,1,0.2564102564102564,0.577455068080068,1,0.2564102564102564,0.6000171639762137,1,0.2564102564102564,0.5647518364571122,1,0.2564102564102564,0.6122961762078948,1,0.2564102564102564,0.8386395403054795,1,0.2564102564102564
2026-05-30,911,3016,Red,0.6164383561643836,1,-1.0,0.3682737169517885,0,1.5,0.5408154001134118,1,-1.0,0.5457755686173752,1,-1.0,0.6089492761499097,1,-1.0,0.3575665889121771,0,1.5,0.5588295751920692,1,-1.0,0.3737566478414842,0,1.5,0.5859062625132352,1,-1.0,0.671966191903079,1,-1.0
2026-05-30,1887,697,Red,0.18324607329842935,0,0.16666666666666674,0.3682737169517885,0,0.16666666666666674,0.1556920994789984,0,0.16666666666666674,0.3102286050165457,0,0.16666666666666674,0.26742042024106993,0,0.16666666666666674,0.34762108234902356,0,0.16666666666666674,0.3429496581180068,0,0.16666666666666674,0.2895117852639812,0,0.16666666666666674,0.2643411132197255,0,0.16666666666666674,0.307019596049106,0,0.16666666666666674
2026-05-30,3143,3001,Blue,0.6140350877192983,1,0.5714285714285714,0.3682737169517885,0,-1.0,0.5382597127235074,1,0.5714285714285714,0.31943771953963934,0,-1.0,0.3878085186069378,0,-1.0,0.43110823652471436,0,-1.0,0.4581077476013775,0,-1.0,0.36987107210796305,0,-1.0,0.40843209791390206,0,-1.0,0.423395631322216,0,-1.0
2026-05-30,3018,3144,Blue,0.4782608695652174,0,-1.0,0.3682737169517885,0,-1.0,0.3946428047638027,0,-1.0,0.40410787833636297,0,-1.0,0.41780898604953887,0,-1.0,0.4752447557031264,0,-1.0,0.4953919905776276,0,-1.0,0.3867863193202462,0,-1.0,0.42718657262031784,0,-1.0,0.5689762728297887,1,1.0
2026-05-30,3147,3148,Blue,0.4891657638136511,0,-1.0,0.3682737169517885,0,-1.0,0.4058472334649439,0,-1.0,0.26769056423430776,0,-1.0,0.3492811969665859,0,-1.0,0.33450992345483566,0,-1.0,0.33638007819564875,0,-1.0,0.3322104883215388,0,-1.0,0.36414048166702423,0,-1.0,0.301530983401223,0,-1.0
2026-06-06,1305,3138,Red,0.21882741535920724,0,0.2325581395348837,0.3682737169517885,0,0.2325581395348837,0.17677783095150484,0,0.2325581395348837,0.48749336355357936,0,0.2325581395348837,0.4467297285060904,0,0.2325581395348837,0.49627513145895513,0,0.2325581395348837,0.49056746060228407,0,0.2325581395348837,0.6191362032312772,1,-1.0,0.4950200203514778,0,0.2325581395348837,0.5056814824849157,1,-1.0
2026-06-06,1351,3137,Red,0.4782608695652174,0,0.8333333333333335,0.3682737169517885,0,0.8333333333333335,0.3946428047638027,0,0.8333333333333335,0.5264705467791397,1,-1.0,0.47651287579789225,0,0.8333333333333335,0.4482780492927553,0,0.8333333333333335,0.5449441853618034,1,-1.0,0.5160212327778718,1,-1.0,0.5641743738849818,1,-1.0,0.6431475500146597,1,-1.0
2026-06-06,190,1816,Red,0.37206266318537856,0,0.5405405405405406,0.3682737169517885,0,0.5405405405405406,0.29267760498883444,0,0.5405405405405406,0.6692829731957555,1,-1.0,0.600167434672126,1,-1.0,0.42302811311707184,0,0.5405405405405406,0.526062795430363,1,-1.0,0.5051709932047915,1,-1.0,0.4437549375377652,0,0.5405405405405406,0.1141199028124468,0,0.5405405405405406
2026-06-06,1804,504,Blue,0.78328173374613,1,0.21739130434782616,0.3682737169517885,0,-1.0,0.7063645091317667,1,0.21739130434782616,0.7902646955470327,1,0.21739130434782616,0.6184302174769828,1,0.21739130434782616,0.575380554630555,1,0.21739130434782616,0.5414986502804929,1,0.21739130434782616,0.6223793874596633,1,0.21739130434782616,0.5638269058547964,1,0.21739130434782616,0.8849309209848913,1,0.21739130434782616
2026-06-06,1398,346,Blue,0.4675324675324676,0,-1.0,0.3682737169517885,0,-1.0,0.3837266583299639,0,-1.0,0.5742920983052322,1,1.0499999999999998,0.5236564681194891,1,1.0499999999999998,0.6013762998697206,1,1.0499999999999998,0.6714920284598492,1,1.0499999999999998,0.7305801837353654,1,1.0499999999999998,0.630088329702245,1,1.0499999999999998,0.7580122712981899,1,1.0499999999999998
2026-06-06,2170,3136,Blue,0.27143330023171136,0,-1.0,0.3682737169517885,0,-1.0,0.21195938850409612,0,-1.0,0.3410995562466924,0,-1.0,0.4237729202949245,0,-1.0,0.2667780922780923,0,-1.0,0.35725998802083814,0,-1.0,0.23691103895635474,0,-1.0,0.34360328113454164,0,-1.0,0.3152165924138049,0,-1.0
2026-06-06,1904,434,Red,0.25164113785557984,0,0.2777777777777777,0.3682737169517885,0,0.2777777777777777,0.1981536114076313,0,0.2777777777777777,0.2170889238165438,0,0.2777777777777777,0.29848237113886844,0,0.2777777777777777,0.33380870055870054,0,0.2777777777777777,0.36954684939439164,0,0.2777777777777777,0.24155274589232356,0,0.2777777777777777,0.3133897291015625,0,0.2777777777777777,0.09394184734813367,0,0.2777777777777777
2026-06-06,411,457,Blue,0.552594002855783,1,0.7407407407407407,0.3682737169517885,0,-1.0,0.47261304800379783,0,-1.0,0.8865045783290093,1,0.7407407407407407,0.7304293813412233,1,0.7407407407407407,0.61947053701659,1,0.7407407407407407,0.6294265091824375,1,0.7407407407407407,0.6505449887427339,1,0.7407407407407407,0.6306033193177986,1,0.7407407407407407,0.6643742533659437,1,0.7407407407407407
2026-06-06,1146,375,Blue,0.6017699115044247,1,0.5882352941176472,0.3682737169517885,0,-1.0,0.5251881578486539,1,0.5882352941176472,0.27180636181779844,0,-1.0,0.36952309442838943,0,-1.0,0.41418932265991076,0,-1.0,0.3855945624563616,0,-1.0,0.26533041485896686,0,-1.0,0.3897860370396634,0,-1.0,0.30367023131051973,0,-1.0
2026-06-06,1844,454,Blue,0.5,0,-1.0,0.3682737169517885,0,-1.0,0.41707702825587434,0,-1.0,0.6076713405859256,1,0.9090909090909092,0.4958049903694395,0,-1.0,0.5922381044881045,1,0.9090909090909092,0.6068767482549273,1,0.9090909090909092,0.6251110700886583,1,0.9090909090909092,0.5549037324313917,1,0.9090909090909092,0.5312307005434223,1,0.9090909090909092
2026-06-06,2969,1955,Red,0.21671826625386997,0,0.21739130434782616,0.3682737169517885,0,0.21739130434782616,0.17546782200669359,0,0.21739130434782616,0.38473317909263516,0,0.21739130434782616,0.4250768137386131,0,0.21739130434782616,0.36134029124470307,0,0.21739130434782616,0.3467869526000894,0,0.21739130434782616,0.2724357438674363,0,0.21739130434782616,0.32768319201270685,0,0.21739130434782616,0.4144248330717474,0,0.21739130434782616
2026-06-06,3023,3139,Red,0.3053435114503817,0,0.3846153846153846,0.3682737169517885,0,0.3846153846153846,0.23721603204302916,0,0.3846153846153846,0.3520865627582523,0,0.3846153846153846,0.3965697974064104,0,0.3846153846153846,0.3683045445839566,0,0.3846153846153846,0.39726416233581097,0,0.3846153846153846,0.3650124868935168,0,0.3846153846153846,0.3775464564715205,0,0.3846153846153846,0.18917927286323463,0,0.3846153846153846
2026-06-20,261,3126,Blue,0.7966101694915254,1,0.19999999999999996,0.3682737169517885,0,-1.0,0.718057010495453,1,0.19999999999999996,0.31926105620954764,0,-1.0,0.3534609249611907,0,-1.0,0.39446466017507054,0,-1.0,0.4445569710229719,0,-1.0,0.42736188188007557,0,-1.0,0.47171551469181455,0,-1.0,0.42922858579457607,0,-1.0
2026-06-20,3010,2951,Blue,0.15207131620346095,0,-1.0,0.3682737169517885,0,-1.0,0.13894511727347594,0,-1.0,0.31647664218998034,0,-1.0,0.3700786143913106,0,-1.0,0.36902258063287474,0,-1.0,0.4146036026240289,0,-1.0,0.3858599654873319,0,-1.0,0.39340957866778364,0,-1.0,0.13965264127945962,0,-1.0
2026-06-20,344,2971,Red,0.764596200908985,1,-1.0,0.3682737169517885,0,3.05,0.6895057264068727,1,-1.0,0.5278566388099517,1,-1.0,0.47652887845859354,0,3.05,0.5120985501426683,1,-1.0,0.4827222293902926,0,3.05,0.6139752879670733,1,-1.0,0.5080993586243504,1,-1.0,0.7871030265862171,1,-1.0
2026-06-20,1731,2933,Blue,0.5108342361863489,1,0.8695652173913042,0.3682737169517885,0,-1.0,0.4283935113921339,0,-1.0,0.35861975127163453,0,-1.0,0.44137464716989727,0,-1.0,0.49257137932873224,0,-1.0,0.6072640837277288,1,0.8695652173913042,0.53100078268459,1,0.8695652173913042,0.554773375836459,1,0.8695652173913042,0.5366491306352555,1,0.8695652173913042
2026-06-20,1426,3130,Blue,0.40372670807453415,0,-1.0,0.3682737169517885,0,-1.0,0.32150190915628485,0,-1.0,0.6217824555574859,1,1.4,0.5362502932923621,1,1.4,0.4388557266749987,0,-1.0,0.459045382489871,0,-1.0,0.5677416234844535,1,1.4,0.44421107651779573,0,-1.0,0.7419359484679959,1,1.4
2026-06-20,3125,1712,Blue,0.665144596651446,1,0.4347826086956521,0.3682737169517885,0,-1.0,0.5919689349969549,1,0.4347826086956521,0.7089053707475749,1,0.4347826086956521,0.5649508274494228,1,0.4347826086956521,0.5190834838679266,1,0.4347826086956521,0.4959084037418145,0,-1.0,0.6451249653852829,1,0.4347826086956521,0.4665386149221225,0,-1.0,0.5179522526232306,1,0.4347826086956521
2026-06-20,1040,937,Red,0.4088050314465409,0,0.625,0.3682737169517885,0,0.625,0.32626198954654007,0,0.625,0.2413065480483549,0,0.625,0.3191341611020753,0,0.625,0.29814801048624584,0,0.625,0.2732501528589647,0,0.625,0.30109788724666003,0,0.625,0.26995142980981884,0,0.625,0.10384197247540021,0,0.625
2026-06-20,3127,701,Red,0.29780564263322884,0,0.3571428571428572,0.3682737169517885,0,0.3571428571428572,0.2314273388242176,0,0.3571428571428572,0.2571068407519787,0,0.3571428571428572,0.4718666893830697,0,0.3571428571428572,0.29972310695840115,0,0.3571428571428572,0.3539904460168519,0,0.3571428571428572,0.2634652425685357,0,0.3571428571428572,0.37712489833245183,0,0.3571428571428572,0.45624768964074597,0,0.3571428571428572
2026-06-20,533,3058,Blue,0.7285666997682886,1,0.32258064516129026,0.3682737169517885,0,-1.0,0.6555637828632753,1,0.32258064516129026,0.7306041936345082,1,0.32258064516129026,0.5382300839579723,1,0.32258064516129026,0.5655350786267971,1,0.32258064516129026,0.5570448540993784,1,0.32258064516129026,0.6045117675580488,1,0.32258064516129026,0.5455544577306262,1,0.32258064516129026,0.5900745410659831,1,0.32258064516129026
2026-06-20,3128,3129,Red,0.15349887133182846,0,0.1333333333333333,0.3682737169517885,0,0.1333333333333333,0.13967779908312541,0,0.1333333333333333,0.2364373679673452,0,0.1333333333333333,0.32407446328185086,0,0.1333333333333333,0.28526175132057496,0,0.1333333333333333,0.29549264441552,0,0.1333333333333333,0.23886928056691473,0,0.1333333333333333,0.22719182508810284,0,0.1333333333333333,0.13810580236617528,0,0.1333333333333333
2026-06-20,3131,3132,Blue,0.7566658037794461,1,0.2702702702702702,0.3682737169517885,0,-1.0,0.6821920158582714,1,0.2702702702702702,0.3200287228202718,0,-1.0,0.37838377283917185,0,-1.0,0.23848357710320528,0,-1.0,0.24376620783963215,0,-1.0,0.2726965978342018,0,-1.0,0.3023982592893191,0,-1.0,0.27060045666466553,0,-1.0
2026-06-20,3133,3134,Red,0.34929577464788736,0,0.4761904761904763,0.3682737169517885,0,0.4761904761904763,0.2729180432441444,0,0.4761904761904763,0.3047399179687825,0,0.4761904761904763,0.3695350698554419,0,0.4761904761904763,0.4117722962117012,0,0.4761904761904763,0.39304174889736365,0,0.4761904761904763,0.38622493639683364,0,0.4761904761904763,0.39823027745183454,0,0.4761904761904763,0.34555221174670664,0,0.4761904761904763
2026-06-27,1745,3117,Red,0.3418803418803419,0,0.4545454545454546,0.3682737169517885,0,0.4545454545454546,0.2666650592881528,0,0.4545454545454546,0.5731787671362414,1,-1.0,0.49998044550425963,0,0.4545454545454546,0.47479820286413815,0,0.4545454545454546,0.447725209261134,0,0.4545454545454546,0.635030117280438,1,-1.0,0.5281106538992713,1,-1.0,0.5314384415462698,1,-1.0
2026-06-27,2956,1562,Red,0.23809523809523808,0,0.25,0.3682737169517885,0,0.25,0.18910177324538888,0,0.25,0.3624816746940981,0,0.25,0.4779847725542452,0,0.25,0.378402583742367,0,0.25,0.364038418657127,0,0.25,0.40664144060672663,0,0.25,0.3641247427534405,0,0.25,0.1504363332942679,0,0.25
2026-06-27,1231,1487,Red,0.5217391304347826,1,-1.0,0.3682737169517885,0,1.0,0.4398599076862452,0,1.0,0.7715203409859557,1,-1.0,0.6207477198040112,1,-1.0,0.5225023095955759,1,-1.0,0.5198085226723139,1,-1.0,0.654552108628385,1,-1.0,0.4726194723074587,0,1.0,0.8875297874683641,1,-1.0
2026-06-27,186,693,Red,0.30874785591766724,0,0.3846153846153846,0.3682737169517885,0,0.3846153846153846,0.23986287486965338,0,0.3846153846153846,0.2990191578203065,0,0.3846153846153846,0.3530242400266451,0,0.3846153846153846,0.384583881661281,0,0.3846153846153846,0.3749541675406804,0,0.3846153846153846,0.24167476408239533,0,0.3846153846153846,0.3770934190333999,0,0.3846153846153846,0.2537321767700625,0,0.3846153846153846
2026-06-27,3112,1009,Red,0.27424749163879597,0,0.32258064516129026,0.3682737169517885,0,0.32258064516129026,0.21397845052367068,0,0.32258064516129026,0.5221038880340924,1,-1.0,0.5258919997110186,1,-1.0,0.3485950854700854,0,0.32258064516129026,0.42093691116427034,0,0.32258064516129026,0.3221795765275066,0,0.32258064516129026,0.3862053405461125,0,0.32258064516129026,0.1962385703858646,0,0.32258064516129026
2026-06-27,3121,3122,Blue,0.6279373368146214,1,0.5405405405405406,0.3682737169517885,0,-1.0,0.553011672960792,1,0.5405405405405406,0.5409179239580743,1,0.5405405405405406,0.46948534999052854,0,-1.0,0.581007388895934,1,0.5405405405405406,0.5157055623219797,1,0.5405405405405406,0.6107792921257473,1,0.5405405405405406,0.4871075924362598,0,-1.0,0.8008136104808526,1,0.5405405405405406
2026-06-27,1750,3111,Blue,0.3907637655417407,0,-1.0,0.3682737169517885,0,-1.0,0.3095197320582117,0,-1.0,0.6235902537953542,1,1.4500000000000002,0.5142075362773398,1,1.4500000000000002,0.5016858987961927,1,1.4500000000000002,0.5161082177416877,1,1.4500000000000002,0.5091153257039808,1,1.4500000000000002,0.515475690902136,1,1.4500000000000002,0.6616867537138776,1,1.4500000000000002
2026-06-27,709,2963,Red,0.5,0,0.9090909090909092,0.3682737169517885,0,0.9090909090909092,0.41707702825587434,0,0.9090909090909092,0.5498868317480895,1,-1.0,0.4928463137834175,0,0.9090909090909092,0.5077826011134835,1,-1.0,0.4541161919660863,0,0.9090909090909092,0.4183439843014325,0,0.9090909090909092,0.5364961353090515,1,-1.0,0.7280098046503028,1,-1.0
2026-06-27,3118,3119,Red,0.665144596651446,1,-1.0,0.3682737169517885,0,1.85,0.5919689349969549,1,-1.0,0.4696105018796569,0,1.85,0.4560808841033848,0,1.85,0.3485937295275531,0,1.85,0.37215536771209234,0,1.85,0.3216995321757607,0,1.85,0.3472768926479155,0,1.85,0.4232580659129784,0,1.85
2026-06-27,2990,3120,Red,0.20863836017569548,0,0.2127659574468086,0.3682737169517885,0,0.2127659574468086,0.17052002719625187,0,0.2127659574468086,0.23715614801818705,0,0.2127659574468086,0.34910575388119747,0,0.2127659574468086,0.25175136757775546,0,0.2127659574468086,0.2898281357641776,0,0.2127659574468086,0.22667048039921436,0,0.2127659574468086,0.27851861305830355,0,0.2127659574468086,0.10221328409117697,0,0.2127659574468086
2026-06-27,3115,3116,Red,0.176056338028169,0,0.15384615384615374,0.3682737169517885,0,0.15384615384615374,0.15168934202695544,0,0.15384615384615374,0.2842703187662688,0,0.15384615384615374,0.3683684466859186,0,0.15384615384615374,0.25542834848330215,0,0.15384615384615374,0.2896476398751623,0,0.15384615384615374,0.22939589373586078,0,0.15384615384615374,0.25662237457735126,0,0.15384615384615374,0.22973950205549726,0,0.15384615384615374
2026-06-27,3123,3124,Red,0.5962732919254659,1,-1.0,0.3682737169517885,0,1.4,0.5193178607694983,1,-1.0,0.2556836585819672,0,1.4,0.34563251447115706,0,1.4,0.30559276700093396,0,1.4,0.2978586585521163,0,1.4,0.2785321030122835,0,1.4,0.2989215822098917,0,1.4,0.23267597348707456,0,1.4
2026-06-27,3113,3114,Red,0.4009077155824508,0,0.606060606060606,0.3682737169517885,0,0.606060606060606,0.31887541179245016,0,0.606060606060606,0.4018635752997541,0,0.606060606060606,0.4068949324306882,0,0.606060606060606,0.3044849416800335,0,0.606060606060606,0.2903783731074759,0,0.606060606060606,0.3127073316654608,0,0.606060606060606,0.3124160616369005,0,0.606060606060606,0.2644318747261848,0,0.606060606060606
2026-07-11,1306,921,Blue,0.717453505007153,1,0.3389830508474576,0.3682737169517885,0,-1.0,0.6447445493125692,1,0.3389830508474576,0.01366681224293419,0,-1.0,0.24259883200495982,0,-1.0,0.37889133722028473,0,-1.0,0.3720118032155382,0,-1.0,0.3090501821748527,0,-1.0,0.2611666788890908,0,-1.0,0.9209767517600985,1,0.3389830508474576
2026-07-11,1776,294,Blue,0.43439716312056736,0,-1.0,0.3682737169517885,0,-1.0,0.35078407501923653,0,-1.0,0.24174310555282144,0,-1.0,0.4029673921390332,0,-1.0,0.4154284989463011,0,-1.0,0.461373637842147,0,-1.0,0.4569485226411534,0,-1.0,0.4294916855545683,0,-1.0,0.7423001170498875,1,1.2000000000000002
2026-07-11,498,3107,Blue,0.5324675324675325,1,0.8,0.3682737169517885,0,-1.0,0.45120377572871534,0,-1.0,0.449408284156394,0,-1.0,0.47056037774111303,0,-1.0,0.3298418226653521,0,-1.0,0.3402851577445121,0,-1.0,0.3577200317220173,0,-1.0,0.40010952828171564,0,-1.0,0.49672950984417236,0,-1.0
2026-07-11,1741,3102,Red,0.6465222348916762,1,-1.0,0.3682737169517885,0,1.7000000000000002,0.5725832378846029,1,-1.0,0.45521743279258947,0,1.7000000000000002,0.4897786978020336,0,1.7000000000000002,0.5557958412130237,1,-1.0,0.5677726710502842,1,-1.0,0.5516325643700909,1,-1.0,0.5952138817423026,1,-1.0,0.8525842210946905,1,-1.0
2026-07-11,1100,2104,Blue,0.5217391304347826,1,0.8333333333333335,0.3682737169517885,0,-1.0,0.4398599076862452,0,-1.0,0.17027617260132955,0,-1.0,0.3719681854193386,0,-1.0,0.3423400673400674,0,-1.0,0.37131162733800555,0,-1.0,0.1487119198837707,0,-1.0,0.2969481667412123,0,-1.0,0.49808973703004505,0,-1.0
2026-07-11,1755,1599,Blue,0.43243243243243246,0,-1.0,0.3682737169517885,0,-1.0,0.34887124940695335,0,-1.0,0.21117583902379286,0,-1.0,0.3187183896787271,0,-1.0,0.35937131577572773,0,-1.0,0.37018214688804885,0,-1.0,0.3677946637240752,0,-1.0,0.3174498480397182,0,-1.0,0.6492392745596922,1,1.25
2026-07-11,291,3110,Red,0.15999999999999998,0,0.1428571428571428,0.3682737169517885,0,0.1428571428571428,0.14305546067860475,0,0.1428571428571428,0.12195388292213641,0,0.1428571428571428,0.2752383730884469,0,0.1428571428571428,0.290975326263857,0,0.1428571428571428,0.30807937697069065,0,0.1428571428571428,0.2792307015910052,0,0.1428571428571428,0.3525716773477154,0,0.1428571428571428,0.12162946304269778,0,0.1428571428571428
2026-07-11,2973,2945,Red,0.447405997144217,0,0.7407407407407407,0.3682737169517885,0,0.7407407407407407,0.3635681227782799,0,0.7407407407407407,0.3784104239776436,0,0.7407407407407407,0.40851941953814147,0,0.7407407407407407,0.30634095017183255,0,0.7407407407407407,0.3443498931902551,0,0.7407407407407407,0.28850880375167004,0,0.7407407407407407,0.33836953582621526,0,0.7407407407407407,0.3836813847327789,0,0.7407407407407407
2026-07-11,3108,3109,Red,0.3133966011917899,0,0.392156862745098,0.3682737169517885,0,0.392156862745098,0.24350974901038006,0,0.392156862745098,0.1336550645493402,0,0.392156862745098,0.286440900245981,0,0.392156862745098,0.28252623195231547,0,0.392156862745098,0.2791740168045457,0,0.392156862745098,0.13785617679023285,0,0.392156862745098,0.26789843791668133,0,0.392156862745098,0.2810736866659495,0,0.392156862745098
2026-07-11,749,2145,Blue,0.7576981322564361,1,0.26315789473684204,0.3682737169517885,0,-1.0,0.6831492753119108,1,0.26315789473684204,0.7926989849470504,1,0.26315789473684204,0.5998585976271966,1,0.26315789473684204,0.5419358598917422,1,0.26315789473684204,0.5350739140946335,1,0.26315789473684204,0.5885908505379335,1,0.26315789473684204,0.5704577542204731,1,0.26315789473684204,0.8984876103481384,1,0.26315789473684204
2026-07-11,3105,3106,Red,0.30423004792665137,0,0.37735849056603765,0.3682737169517885,0,0.37735849056603765,0.23635470576792184,0,0.37735849056603765,0.2926521811764505,0,0.37735849056603765,0.36313746876095965,0,0.37735849056603765,0.3983148852781206,0,0.37735849056603765,0.37668151705517317,0,0.37735849056603765,0.34774360589430736,0,0.37735849056603765,0.40319060340746615,0,0.37735849056603765,0.4086489376733178,0,0.37735849056603765
2026-07-11,3103,1311,Red,0.4782608695652174,0,0.8333333333333335,0.3682737169517885,0,0.8333333333333335,0.3946428047638027,0,0.8333333333333335,0.31177478906950307,0,0.8333333333333335,0.3677964976823108,0,0.8333333333333335,0.4049429274429274,0,0.8333333333333335,0.4012734419514291,0,0.8333333333333335,0.47101427049775246,0,0.8333333333333335,0.3781786349869878,0,0.8333333333333335,0.25866131662414743,0,0.8333333333333335
2026-07-11,504,625,Red,0.34929577464788736,0,0.4761904761904763,0.3682737169517885,0,0.4761904761904763,0.2729180432441444,0,0.4761904761904763,0.41694228950201945,0,0.4761904761904763,0.4113346398754669,0,0.4761904761904763,0.370223285973286,0,0.4761904761904763,0.3841947787456227,0,0.4761904761904763,0.29334376034519255,0,0.4761904761904763,0.3200732976941571,0,0.4761904761904763,0.36726425278216007,0,0.4761904761904763
2026-07-11,2967,3104,Red,0.10027855153203341,0,0.05882352941176472,0.3682737169517885,0,0.05882352941176472,0.11447987608059479,0,0.05882352941176472,0.3228276474697971,0,0.05882352941176472,0.3793615991241378,0,0.05882352941176472,0.2229670513582278,0,0.05882352941176472,0.2662528362287369,0,0.05882352941176472,0.2607325247596832,0,0.05882352941176472,0.3388969008799638,0,0.05882352941176472,0.25164168308398777,0,0.05882352941176472
2026-07-18,3090,2976,Blue,0.43795620437956206,0,-1.0,0.3682737169517885,0,-1.0,0.3542612979004225,0,-1.0,0.4529751633779608,0,-1.0,0.4675122021259412,0,-1.0,0.44297259684759693,0,-1.0,0.4285973742248967,0,-1.0,0.5190591014068958,1,1.2000000000000002,0.4952964564313128,0,-1.0,0.5368815991670516,1,1.2000000000000002
2026-07-18,611,2028,Red,0.35347776510832385,0,0.4761904761904763,0.3682737169517885,0,0.4761904761904763,0.2764845785188436,0,0.4761904761904763,0.2631690620015035,0,0.4761904761904763,0.5026277436862615,1,-1.0,0.32707360830890253,0,0.4761904761904763,0.39380028625784624,0,0.4761904761904763,0.27503514103193577,0,0.4761904761904763,0.22275201636788283,0,0.4761904761904763,0.21080207548986887,0,0.4761904761904763
2026-07-18,424,620,Blue,0.7395517867958814,1,0.303030303030303,0.3682737169517885,0,-1.0,0.666102145750805,1,0.303030303030303,0.8252435490544725,1,0.303030303030303,0.6285307393331266,1,0.303030303030303,0.6017898040069098,1,0.303030303030303,0.7101848780470079,1,0.303030303030303,0.7099847304955536,1,0.303030303030303,0.6481739486988539,1,0.303030303030303,0.9379571893938753,1,0.303030303030303
2026-07-18,3096,3097,Red,0.10810810810810811,0,0.06666666666666665,0.3682737169517885,0,0.06666666666666665,0.11792148808464682,0,0.06666666666666665,0.3588971640105806,0,0.06666666666666665,0.4386534135607516,0,0.06666666666666665,0.3021741115638176,0,0.06666666666666665,0.306997160419767,0,0.06666666666666665,0.2557720025904906,0,0.06666666666666665,0.34015329215025736,0,0.06666666666666665,0.399437614169563,0,0.06666666666666665
2026-07-18,3091,3092,Red,0.6164383561643836,1,-1.0,0.3682737169517885,0,1.5,0.5408154001134118,1,-1.0,0.3334534151721754,0,1.5,0.3973998621664288,0,1.5,0.3134917024982815,0,1.5,0.2876063152524693,0,1.5,0.31919390373704454,0,1.5,0.24730913327463136,0,1.5,0.3033505614862053,0,1.5
2026-07-18,934,3087,Red,0.23809523809523808,0,0.25,0.3682737169517885,0,0.25,0.18910177324538888,0,0.25,0.3060287552880213,0,0.25,0.4243249142262463,0,0.25,0.3210390957082134,0,0.25,0.33717523474614164,0,0.25,0.2101784584171899,0,0.25,0.2429299954154952,0,0.25,0.17577444647627935,0,0.25
2026-07-18,1675,3088,Blue,0.8027415580073554,1,0.20408163265306123,0.3682737169517885,0,-1.0,0.7233398381953963,1,0.20408163265306123,0.7692648211294336,1,0.20408163265306123,0.5928374927915049,1,0.20408163265306123,0.6768658292315415,1,0.20408163265306123,0.6781473041524677,1,0.20408163265306123,0.6400508268277374,1,0.20408163265306123,0.6420321650938197,1,0.20408163265306123,0.770452695330773,1,0.20408163265306123
2026-07-18,2977,3089,Red,0.35956380783966996,0,0.4878048780487805,0.3682737169517885,0,0.4878048780487805,0.2817260802371368,0,0.4878048780487805,0.29589076190773966,0,0.4878048780487805,0.3601772686784616,0,0.4878048780487805,0.2531494630097572,0,0.4878048780487805,0.3052790935131808,0,0.4878048780487805,0.27681607099274896,0,0.4878048780487805,0.28205103936694187,0,0.4878048780487805,0.2644629172691523,0,0.4878048780487805
2026-07-18,3094,3095,Red,0.5217391304347826,1,-1.0,0.3682737169517885,0,1.0,0.4398599076862452,0,1.0,0.2990274301183046,0,1.0,0.36828396431887506,0,1.0,0.36949714022799396,0,1.0,0.37218059087281097,0,1.0,0.3322104883215388,0,1.0,0.36675657032084025,0,1.0,0.3078309203076641,0,1.0
2026-07-18,3100,3101,Blue,0.8422090729783038,1,0.1428571428571428,0.3682737169517885,0,-1.0,0.7558441405716319,1,0.1428571428571428,0.3865722217734368,0,-1.0,0.42577281786772975,0,-1.0,0.3423595065798526,0,-1.0,0.39432308657079496,0,-1.0,0.3649069779436891,0,-1.0,0.3768659884515221,0,-1.0,0.4985058533054447,0,-1.0
2026-07-18,3006,3093,Blue,0.4117884537747275,0,-1.0,0.3682737169517885,0,-1.0,0.32907532500672126,0,-1.0,0.2991463621066957,0,-1.0,0.35288179618483356,0,-1.0,0.298660215388186,0,-1.0,0.2566556436874098,0,-1.0,0.24244558311982664,0,-1.0,0.3162978041597232,0,-1.0,0.1260629078025877,0,-1.0
2026-07-18,3098,3099,Red,0.5,0,0.9090909090909092,0.3682737169517885,0,0.9090909090909092,0.41707702825587434,0,0.9090909090909092,0.2329065725147444,0,0.9090909090909092,0.35816314459473786,0,0.9090909090909092,0.2421854371952099,0,0.9090909090909092,0.2852668163591257,0,0.9090909090909092,0.30070372286556757,0,0.9090909090909092,0.328968900633081,0,0.9090909090909092,0.13555397423588134,0,0.9090909090909092
2026-07-25,1609,1541,Blue,0.8118668596237336,1,0.18181818181818188,0.3682737169517885,0,-1.0,0.7310880195634905,1,0.18181818181818188,0.6875198345469169,1,0.18181818181818188,0.5343819803021975,1,0.18181818181818188,0.5716261123494093,1,0.18181818181818188,0.5973323401719685,1,0.18181818181818188,0.8096180011832046,1,0.18181818181818188,0.656331913706467,1,0.18181818181818188,0.43505390093210655,0,-1.0
2026-07-25,221,2923,Red,0.19117647058823528,0,0.18181818181818188,0.3682737169517885,0,0.18181818181818188,0.160206671083403,0,0.18181818181818188,0.22234260066604666,0,0.18181818181818188,0.3097408162833919,0,0.18181818181818188,0.34086172141125726,0,0.18181818181818188,0.34560807401066007,0,0.18181818181818188,0.29140850727561035,0,0.18181818181818188,0.20066271280916748,0,0.18181818181818188,0.579203661845616,1,-1.0
2026-07-25,766,3086,Blue,0.8335570469798658,1,0.14814814814814814,0.3682737169517885,0,-1.0,0.7489450437817886,1,0.14814814814814814,0.5973431115491113,1,0.14814814814814814,0.5223323366973871,1,0.14814814814814814,0.4362727087727087,0,-1.0,0.4577946827489627,0,-1.0,0.461550139297712,0,-1.0,0.4728975851025551,0,-1.0,0.6234405637467387,1,0.14814814814814814
2026-07-25,3081,3082,Red,0.37889039242219225,0,0.5555555555555556,0.3682737169517885,0,0.5555555555555556,0.2987643076505778,0,0.5555555555555556,0.3324500732268152,0,0.5555555555555556,0.40797401050997395,0,0.5555555555555556,0.40181716894216907,0,0.5555555555555556,0.4019239331679157,0,0.5555555555555556,0.2174450634979865,0,0.5555555555555556,0.32056917728970585,0,0.5555555555555556,0.3093365170761516,0,0.5555555555555556
2026-07-25,347,2988,Blue,0.644729178800233,1,0.4878048780487805,0.3682737169517885,0,-1.0,0.5707038585142735,1,0.4878048780487805,0.4451993756839845,0,-1.0,0.42173801329461363,0,-1.0,0.5116110639016983,1,0.4878048780487805,0.4621406284770429,0,-1.0,0.5613590529185407,1,0.4878048780487805,0.5061055009565438,1,0.4878048780487805,0.6341319418088845,1,0.4878048780487805
2026-07-25,185,555,Red,0.33099297893681046,0,0.4347826086956521,0.3682737169517885,0,0.4347826086956521,0.25765128023935513,0,0.4347826086956521,0.26062982371763826,0,0.4347826086956521,0.3437670142932845,0,0.4347826086956521,0.28712354448383853,0,0.4347826086956521,0.3187621636695515,0,0.4347826086956521,0.18935441612555248,0,0.4347826086956521,0.366881074935003,0,0.4347826086956521,0.19934686455020653,0,0.4347826086956521
2026-07-25,3077,3078,Red,0.2522172949002217,0,0.2816901408450705,0.3682737169517885,0,0.2816901408450705,0.19854575738978755,0,0.2816901408450705,0.1967102731528235,0,0.2816901408450705,0.3263692278165561,0,0.2816901408450705,0.38426048026048026,0,0.2816901408450705,0.3640774033103451,0,0.2816901408450705,0.3799296338436317,0,0.2816901408450705,0.4550889582923786,0,0.2816901408450705,0.28146710364924415,0,0.2816901408450705
2026-07-25,975,3083,Blue,0.36989795918367335,0,-1.0,0.3682737169517885,0,-1.0,0.2907630874370258,0,-1.0,0.343823412495485,0,-1.0,0.4238876265086494,0,-1.0,0.517048841858624,1,1.6,0.488601273277138,0,-1.0,0.5013669987396359,1,1.6,0.510314015515397,1,1.6,0.6041370832102605,1,1.6
2026-07-25,658,3074,Blue,0.48427672955974843,0,-1.0,0.3682737169517885,0,-1.0,0.400811025852277,0,-1.0,0.40680548069195627,0,-1.0,0.44375690001688894,0,-1.0,0.4759665710106886,0,-1.0,0.48084727823503687,0,-1.0,0.46234006869719796,0,-1.0,0.4403445241854135,0,-1.0,0.21817852881263297,0,-1.0
2026-07-25,3075,3076,Red,0.31111111111111106,0,0.3999999999999999,0.3682737169517885,0,0.3999999999999999,0.241712129716833,0,0.3999999999999999,0.34037664943052154,0,0.3999999999999999,0.3888532817542805,0,0.3999999999999999,0.41227158480493326,0,0.3999999999999999,0.412257143573916,0,0.3999999999999999,0.3602674713093648,0,0.3999999999999999,0.4100537922705995,0,0.3999999999999999,0.4027707423133492,0,0.3999999999999999
2026-07-25,3084,3085,Red,0.13698630136986303,0,0.11111111111111116,0.3682737169517885,0,0.11111111111111116,0.13139846707362524,0,0.11111111111111116,0.32293296397636345,0,0.11111111111111116,0.3778604452660027,0,0.11111111111111116,0.2590647410876313,0,0.11111111111111116,0.3600882439201213,0,0.11111111111111116,0.36076823117352314,0,0.11111111111111116,0.36859206988905907,0,0.11111111111111116,0.5764430712968944,1,-1.0
2026-07-25,3079,3080,Red,0.32579625577437393,0,0.42553191489361697,0.3682737169517885,0,0.42553191489361697,0.25341965091211066,0,0.42553191489361697,0.2700860123718655,0,0.42553191489361697,0.3578759917371555,0,0.42553191489361697,0.2466745647705469,0,0.42553191489361697,0.26651213848145205,0,0.42553191489361697,0.27689550505055865,0,0.42553191489361697,0.34526574368918433,0,0.42553191489361697,0.4833367379044805,0,0.42553191489361697
2026-08-01,1987,3059,Blue,0.5962732919254659,1,0.625,0.3682737169517885,0,-1.0,0.5193178607694983,1,0.625,0.43433788031328263,0,-1.0,0.39624317254721175,0,-1.0,0.30121726367314605,0,-1.0,0.30351680995407415,0,-1.0,0.2871047971044452,0,-1.0,0.358315159726791,0,-1.0,0.3699527032026205,0,-1.0
2026-08-01,1647,2017,Red,0.22559652928416485,0,0.23809523809523814,0.3682737169517885,0,0.23809523809523814,0.18103404066911358,0,0.23809523809523814,0.1696231762864336,0,0.23809523809523814,0.33746741214350456,0,0.23809523809523814,0.33314345784934024,0,0.23809523809523814,0.3832299173614655,0,0.23809523809523814,0.22891011588241442,0,0.23809523809523814,0.38671805137288706,0,0.23809523809523814,0.2789722007597382,0,0.23809523809523814
2026-08-01,1084,3063,Blue,0.3133966011917899,0,-1.0,0.3682737169517885,0,-1.0,0.24350974901038006,0,-1.0,0.21266427957502815,0,-1.0,0.3412417883168925,0,-1.0,0.3122217382054338,0,-1.0,0.30760411420291245,0,-1.0,0.232701815232591,0,-1.0,0.19185438311971562,0,-1.0,0.38162771145260016,0,-1.0
2026-08-01,329,3058,Blue,0.7415045018878884,1,0.28985507246376807,0.3682737169517885,0,-1.0,0.6679585767123203,1,0.28985507246376807,0.8071438241869678,1,0.28985507246376807,0.628590309825634,1,0.28985507246376807,0.6354742161433335,1,0.28985507246376807,0.6913430739206698,1,0.28985507246376807,0.6755167804683129,1,0.28985507246376807,0.6278024821243534,1,0.28985507246376807,0.9854240583049407,1,0.28985507246376807
2026-08-01,3064,3065,Blue,0.7764402407566638,1,0.23809523809523814,0.3682737169517885,0,-1.0,0.7002539612251455,1,0.23809523809523814,0.3857087299073985,0,-1.0,0.4221308860121125,0,-1.0,0.371950289993863,0,-1.0,0.39168375940059547,0,-1.0,0.3621303142380682,0,-1.0,0.42697304090610255,0,-1.0,0.4686412581999425,0,-1.0
2026-08-01,1317,1706,Red,0.23809523809523808,0,0.25,0.3682737169517885,0,0.25,0.18910177324538888,0,0.25,0.3491452943855039,0,0.25,0.5032647151994336,1,-1.0,0.4110620841576723,0,0.25,0.4695892601796452,0,0.25,0.41738106242420875,0,0.25,0.4710976455130783,0,0.25,0.2283015238794075,0,0.25
2026-08-01,406,3068,Blue,0.662090813093981,1,0.4545454545454546,0.3682737169517885,0,-1.0,0.5888078429056399,1,0.4545454545454546,0.5150993505098366,1,0.4545454545454546,0.4757657248970921,0,-1.0,0.4897780207265503,0,-1.0,0.4750980084965888,0,-1.0,0.47041350675307686,0,-1.0,0.424322806072163,0,-1.0,0.7968150789871745,1,0.4545454545454546
2026-08-01,1655,1624,Red,0.12552301255230125,0,0.09090909090909083,0.3682737169517885,0,0.09090909090909083,0.12589874993154807,0,0.09090909090909083,0.3769411204046277,0,0.09090909090909083,0.4095333221350565,0,0.09090909090909083,0.317871908592497,0,0.09090909090909083,0.33045953493775276,0,0.09090909090909083,0.3353210171968396,0,0.09090909090909083,0.3878126126011052,0,0.09090909090909083,0.09750057250460054,0,0.09090909090909083
2026-08-01,3061,3062,Blue,0.5,0,-1.0,0.3682737169517885,0,-1.0,0.41707702825587434,0,-1.0,0.3125980007543656,0,-1.0,0.37200521823860627,0,-1.0,0.3997393248443531,0,-1.0,0.3949185401239722,0,-1.0,0.35497091836237216,0,-1.0,0.3631791452738138,0,-1.0,0.33908084581943587,0,-1.0
2026-08-01,3070,3071,Red,0.26174895895300415,0,0.2941176470588236,0.3682737169517885,0,0.2941176470588236,0.20511797976699805,0,0.2941176470588236,0.2314814710779725,0,0.2941176470588236,0.3331758426567036,0,0.2941176470588236,0.28142762941253746,0,0.2941176470588236,0.31182106412857663,0,0.2941176470588236,0.3307176933163578,0,0.2941176470588236,0.3441211525383794,0,0.2941176470588236,0.16625916971426571,0,0.2941176470588236
2026-08-01,3066,3067,Red,0.3510791366906475,0,0.4878048780487805,0.3682737169517885,0,0.4878048780487805,0.2744354325976008,0,0.4878048780487805,0.2855919543272732,0,0.4878048780487805,0.3575562694638482,0,0.4878048780487805,0.3034599537385417,0,0.4878048780487805,0.3442942862310569,0,0.4878048780487805,0.39270143484251196,0,0.4878048780487805,0.41951406857878315,0,0.4878048780487805,0.24869855850841752,0,0.4878048780487805
2026-08-01,3069,512,Red,0.1962045673850112,0,0.196078431372549,0.3682737169517885,0,0.196078431372549,0.16312354764131928,0,0.196078431372549,0.170818651811297,0,0.196078431372549,0.3034943830654425,0,0.196078431372549,0.24931556356828685,0,0.196078431372549,0.3050223298963834,0,0.196078431372549,0.3993874081424433,0,0.196078431372549,0.32894582347448187,0,0.196078431372549,0.19267417088884256,0,0.196078431372549
2026-08-01,3072,3073,Blue,0.7553516819571866,1,0.26315789473684204,0.3682737169517885,0,-1.0,0.6809712236364196,1,0.26315789473684204,0.46363107550700866,0,-1.0,0.4376034005953824,0,-1.0,0.4451181856287485,0,-1.0,0.42129447396154907,0,-1.0,0.3987426023924919,0,-1.0,0.42837374343505225,0,-1.0,0.6941973051916128,1,0.26315789473684204
2026-08-01,3060,2026,Blue,0.267175572519084,0,-1.0,0.3682737169517885,0,-1.0,0.20893119361123438,0,-1.0,0.2710762272039422,0,-1.0,0.34180732703107697,0,-1.0,0.2808306988302452,0,-1.0,0.21965922696916734,0,-1.0,0.3773324933874605,0,-1.0,0.41046529480503047,0,-1.0,0.14572431768013291,0,-1.0
2026-08-08,645,3043,Blue,0.8677165354330708,1,0.10526315789473673,0.3682737169517885,0,-1.0,0.7754268383872434,1,0.10526315789473673,0.7697914758833004,1,0.10526315789473673,0.6369807715526207,1,0.10526315789473673,0.4994517647385293,0,-1.0,0.500170837863271,1,0.10526315789473673,0.5886715134747623,1,0.10526315789473673,0.6515908839917791,1,0.10526315789473673,0.6944797002961777,1,0.10526315789473673
2026-08-08,3045,3046,Blue,0.7974902639549979,1,0.2061855670103092,0.3682737169517885,0,-1.0,0.718819059530649,1,0.2061855670103092,0.5324663462060185,1,0.2061855670103092,0.4726831738886231,0,-1.0,0.4193818160969866,0,-1.0,0.48762499308072327,0,-1.0,0.639894247614002,1,0.2061855670103092,0.5296015052862576,1,0.2061855670103092,0.6368187384825572,1,0.2061855670103092
2026-08-08,691,1638,Red,0.37889039242219225,0,0.5555555555555556,0.3682737169517885,0,0.5555555555555556,0.2987643076505778,0,0.5555555555555556,0.7009434646803582,1,-1.0,0.6587557230713319,1,-1.0,0.46772315355210103,0,0.5555555555555556,0.49180441618824566,0,0.5555555555555556,0.5848564489750028,1,-1.0,0.5014850922578873,1,-1.0,0.6406361527410818,1,-1.0
2026-08-08,996,3055,Red,0.34929577464788736,0,0.4761904761904763,0.3682737169517885,0,0.4761904761904763,0.2729180432441444,0,0.4761904761904763,0.3656272388814307,0,0.4761904761904763,0.42758243366695303,0,0.4761904761904763,0.43013258119875747,0,0.4761904761904763,0.37323991474070667,0,0.4761904761904763,0.37136651519985714,0,0.4761904761904763,0.36351645349245554,0,0.4761904761904763,0.3815869386504187,0,0.4761904761904763
2026-08-08,1339,2957,Red,0.2451612903225807,0,0.2666666666666666,0.3682737169517885,0,0.2666666666666666,0.1937834246683802,0,0.2666666666666666,0.41587454047811034,0,0.2666666666666666,0.411743700727972,0,0.2666666666666666,0.4331720377193803,0,0.2666666666666666,0.39411141842542496,0,0.2666666666666666,0.32215756521930144,0,0.2666666666666666,0.39884376121678244,0,0.2666666666666666,0.526554145015573,1,-1.0
2026-08-08,3049,3050,Red,0.4088050314465409,0,0.625,0.3682737169517885,0,0.625,0.32626198954654007,0,0.625,0.2581957991256018,0,0.625,0.33136530977249457,0,0.625,0.3367037434243318,0,0.625,0.3154693010172102,0,0.625,0.24565840557762195,0,0.625,0.42404807092914487,0,0.625,0.242219712980733,0,0.625
2026-08-08,1159,3044,Blue,0.7272727272727274,1,0.3125,0.3682737169517885,0,-1.0,0.6543120473052394,1,0.3125,0.8217609481979881,1,0.3125,0.6690933819182016,1,0.3125,0.6196136137827314,1,0.3125,0.5628481836806646,1,0.3125,0.7448311334472192,1,0.3125,0.6144801585700821,1,0.3125,0.831774705720536,1,0.3125
2026-08-08,3047,3048,Red,0.299837925445705,0,0.37037037037037024,0.3682737169517885,0,0.37037037037037024,0.2329782515773198,0,0.37037037037037024,0.23049491684474163,0,0.37037037037037024,0.3398795481374181,0,0.37037037037037024,0.36320913837624363,0,0.37037037037037024,0.4396187693716212,0,0.37037037037037024,0.43104408964994523,0,0.37037037037037024,0.42142982940017176,0,0.37037037037037024,0.40992088781574365,0,0.37037037037037024
2026-08-08,3053,3054,Red,0.25164113785557984,0,0.2777777777777777,0.3682737169517885,0,0.2777777777777777,0.1981536114076313,0,0.2777777777777777,0.4037445825687734,0,0.2777777777777777,0.41990095216495277,0,0.2777777777777777,0.334669178044178,0,0.2777777777777777,0.3665055237361142,0,0.2777777777777777,0.3769414551810231,0,0.2777777777777777,0.3757153161940796,0,0.2777777777777777,0.234928009606312,0,0.2777777777777777
2026-08-08,745,3042,Blue,0.5620437956204379,1,0.7142857142857144,0.3682737169517885,0,-1.0,0.4827048796685817,0,-1.0,0.593342909347229,1,0.7142857142857144,0.5167424993604584,1,0.7142857142857144,0.4693702618187912,0,-1.0,0.4706242639350365,0,-1.0,0.5506678783723334,1,0.7142857142857144,0.5604041466164236,1,0.7142857142857144,0.6932795704430166,1,0.7142857142857144
2026-08-08,3051,3052,Blue,0.337909186906019,0,-1.0,0.3682737169517885,0,-1.0,0.26335415750404717,0,-1.0,0.3030097284039843,0,-1.0,0.36046490792499647,0,-1.0,0.24580206795469342,0,-1.0,0.2648524152949889,0,-1.0,0.2559224437808136,0,-1.0,0.27144966916683844,0,-1.0,0.15006445655733583,0,-1.0
2026-08-08,3056,3057,Blue,0.6564885496183206,1,0.4651162790697674,0.3682737169517885,0,-1.0,0.5829897924238037,1,0.4651162790697674,0.2588176720065275,0,-1.0,0.3484687859835372,0,-1.0,0.30256802906452285,0,-1.0,0.2945868218407994,0,-1.0,0.34904137248190453,0,-1.0,0.367143879277034,0,-1.0,0.26785212564170413,0,-1.0
2026-08-15,579,1696,Red,0.3452115812917595,0,0.4761904761904763,0.3682737169517885,0,0.4761904761904763,0.2694627832774161,0,0.4761904761904763,0.6388121836559818,1,-1.0,0.4897736069473687,0,0.4761904761904763,0.5470584737473289,1,-1.0,0.5605923019327854,1,-1.0,0.6426341134815355,1,-1.0,0.5607095541831423,1,-1.0,0.7026205918637292,1,-1.0
2026-08-15,2094,2948,Red,0.9039548022598869,1,-1.0,0.3682737169517885,0,9.0,0.8012823768519024,1,-1.0,0.64087861442821,1,-1.0,0.5409579825512234,1,-1.0,0.4369628954207128,0,9.0,0.4300240716090325,0,9.0,0.6037789333570649,1,-1.0,0.5284069801608459,1,-1.0,0.7725608651075883,1,-1.0
2026-08-15,1240,757,Red,0.2553191489361702,0,0.2857142857142856,0.3682737169517885,0,0.2857142857142856,0.20066698163070695,0,0.2857142857142856,0.43680915175158513,0,0.2857142857142856,0.5299230110453441,1,-1.0,0.3770206177265,0,0.2857142857142856,0.3251963044665998,0,0.2857142857142856,0.37968337852331824,0,0.2857142857142856,0.3282356324785271,0,0.2857142857142856,0.5955702042080371,1,-1.0
2026-08-15,275,1673,Blue,0.841688654353562,1,0.13793103448275867,0.3682737169517885,0,-1.0,0.7554328107793673,1,0.13793103448275867,0.8645211637579998,1,0.13793103448275867,0.6390760770786507,1,0.13793103448275867,0.5870821928616043,1,0.13793103448275867,0.6803632515911026,1,0.13793103448275867,0.65964556199839,1,0.13793103448275867,0.659143407959446,1,0.13793103448275867,0.7761346612397084,1,0.13793103448275867
2026-08-15,2016,2954,Red,0.4675324675324676,0,0.8,0.3682737169517885,0,0.8,0.3837266583299639,0,0.8,0.343433756912612,0,0.8,0.37550559471998074,0,0.8,0.4532499931985228,0,0.8,0.49276993973201516,0,0.8,0.475710984041678,0,0.8,0.4631486445975731,0,0.8,0.29900438227671583,0,0.8
2026-08-15,1228,362,Red,0.5798319327731092,1,-1.0,0.3682737169517885,0,1.2999999999999998,0.5017333260469528,1,-1.0,0.6580603808411524,1,-1.0,0.6540927378171383,1,-1.0,0.5086680814169203,1,-1.0,0.5982387998545533,1,-1.0,0.5020842037880449,1,-1.0,0.5866146122256802,1,-1.0,0.09346068026283481,0,1.2999999999999998
2026-08-15,1455,201,Red,0.7537728355837967,1,-1.0,0.3682737169517885,0,2.9,0.6795012185161451,1,-1.0,0.6077787735993619,1,-1.0,0.5487461956700661,1,-1.0,0.45620263995263977,0,2.9,0.4691848101237724,0,2.9,0.5482788872068185,1,-1.0,0.46157496570867734,0,2.9,0.7171076688894378,1,-1.0
2026-08-15,3038,3039,Red,0.24734982332155478,0,0.2816901408450705,0.3682737169517885,0,0.2816901408450705,0.1952511892533639,0,0.2816901408450705,0.11689485147371458,0,0.2816901408450705,0.2803686470678052,0,0.2816901408450705,0.3023033725533726,0,0.2816901408450705,0.35828673941733025,0,0.2816901408450705,0.25802841486151346,0,0.2816901408450705,0.3180400732054902,0,0.2816901408450705,0.1529285301821862,0,0.2816901408450705
2026-08-15,3040,3041,Blue,0.7135512302607419,1,0.3448275862068966,0.3682737169517885,0,-1.0,0.640909438099085,1,0.3448275862068966,0.35358803971079555,0,-1.0,0.39167301929285087,0,-1.0,0.3865221121471123,0,-1.0,0.42177354559826347,0,-1.0,0.3623248916193711,0,-1.0,0.3517931179652195,0,-1.0,0.5350565016902281,1,0.3448275862068966
2026-08-15,3036,1933,Blue,0.16580310880829016,0,-1.0,0.3682737169517885,0,-1.0,0.14612769056091493,0,-1.0,0.3002547459796289,0,-1.0,0.40140951944402153,0,-1.0,0.39042359144776523,0,-1.0,0.35254715547622434,0,-1.0,0.2832892246630681,0,-1.0,0.3419043360149344,0,-1.0,0.7100821504998653,1,4.75
2026-08-15,1205,800,Blue,0.5108342361863489,1,0.8695652173913042,0.3682737169517885,0,-1.0,0.4283935113921339,0,-1.0,0.5496393709061579,1,0.8695652173913042,0.49187989600842336,0,-1.0,0.5110199373496587,1,0.8695652173913042,0.6147195624354769,1,0.8695652173913042,0.5500668030709275,1,0.8695652173913042,0.6003893731513682,1,0.8695652173913042,0.42410392439220324,0,-1.0
2026-08-15,1009,3037,Red,0.4831460674157303,0,0.8695652173913042,0.3682737169517885,0,0.8695652173913042,0.3996492627713737,0,0.8695652173913042,0.21725590930488695,0,0.8695652173913042,0.35861676252009494,0,0.8695652173913042,0.5070037662142924,1,-1.0,0.5082153288797441,1,-1.0,0.3523771467767299,0,0.8695652173913042,0.46230456479056786,0,0.8695652173913042,0.2550860663932595,0,0.8695652173913042
2026-08-22,653,3026,Red,0.7553516819571866,1,-1.0,0.3682737169517885,0,2.9,0.6809712236364196,1,-1.0,0.5425696106866991,1,-1.0,0.4564547628924747,0,2.9,0.4968396102807869,0,2.9,0.4822369765361408,0,2.9,0.5718979963102585,1,-1.0,0.4568620827138133,0,2.9,0.5828308996626224,1,-1.0
2026-08-22,1474,3027,Blue,0.5427435387673957,1,0.7692307692307692,0.3682737169517885,0,-1.0,0.46211721698599134,0,-1.0,0.602500929613093,1,0.7692307692307692,0.5278970779272943,1,0.7692307692307692,0.4390029619073736,0,-1.0,0.44443209884573814,0,-1.0,0.6394796428355994,1,0.7692307692307692,0.38547909607247727,0,-1.0,0.4590970724054788,0,-1.0
2026-08-22,897,1701,Blue,0.34351145038167935,0,-1.0,0.3682737169517885,0,-1.0,0.2680326249839843,0,-1.0,0.4091678226577065,0,-1.0,0.40392176193802704,0,-1.0,0.319533900467724,0,-1.0,0.34950811421651135,0,-1.0,0.2809291046782642,0,-1.0,0.38183377193647394,0,-1.0,0.48131611616737,0,-1.0
2026-08-22,1911,1576,Blue,0.5711159737417943,1,0.6896551724137931,0.3682737169517885,0,-1.0,0.4924068364967874,0,-1.0,0.5197753799718361,1,0.6896551724137931,0.46203003676634796,0,-1.0,0.4844083537864497,0,-1.0,0.49364049682878025,0,-1.0,0.6053929038029074,1,0.6896551724137931,0.5611663611114486,1,0.6896551724137931,0.3429282315801714,0,-1.0
2026-08-22,3022,3023,Red,0.18181818181818185,0,0.16666666666666674,0.3682737169517885,0,0.16666666666666674,0.15489034973514199,0,0.16666666666666674,0.3305569296479522,0,0.16666666666666674,0.3938381781771672,0,0.16666666666666674,0.4366220228573172,0,0.16666666666666674,0.4099309815468052,0,0.16666666666666674,0.4714525173845099,0,0.16666666666666674,0.4653136117819503,0,0.16666666666666674,0.4957154621808927,0,0.16666666666666674
2026-08-22,3020,600,Red,0.23148148148148148,0,0.25,0.3682737169517885,0,0.25,0.18479882408672463,0,0.25,0.17768058314353471,0,0.25,0.33304564902372147,0,0.25,0.37852200549994675,0,0.25,0.41489676296596684,0,0.25,0.2839321946318675,0,0.25,0.4500883907986713,0,0.25,0.7647506563309129,1,-1.0
2026-08-22,3035,1659,Red,0.14503263234227703,0,0.11111111111111116,0.3682737169517885,0,0.11111111111111116,0.13537958147313703,0,0.11111111111111116,0.12643551535964362,0,0.11111111111111116,0.2731178646244527,0,0.11111111111111116,0.2767762798203975,0,0.11111111111111116,0.3300793333268363,0,0.11111111111111116,0.1236271976438994,0,0.11111111111111116,0.32679435658866424,0,0.11111111111111116,0.0829892711709073,0,0.11111111111111116
2026-08-22,3028,862,Red,0.47368421052631576,0,0.8,0.3682737169517885,0,0.8,0.38997249511352783,0,0.8,0.29004662464577924,0,0.8,0.36033296840137585,0,0.8,0.4023797039017628,0,0.8,0.4351811110110772,0,0.8,0.3729572090074908,0,0.8,0.38060516917398785,0,0.8,0.028635553318171147,0,0.8
2026-08-22,3021,1015,Red,0.7566658037794461,1,-1.0,0.3682737169517885,0,2.95,0.6821920158582714,1,-1.0,0.664340971258454,1,-1.0,0.6178740438071462,1,-1.0,0.4181084329613742,0,2.95,0.4286714637280249,0,2.95,0.5106235577996117,1,-1.0,0.4705986260047911,0,2.95,0.7636300119457842,1,-1.0
2026-08-22,3031,3032,Blue,0.37206266318537856,0,-1.0,0.3682737169517885,0,-1.0,0.29267760498883444,0,-1.0,0.33073806273457035,0,-1.0,0.4083236367806579,0,-1.0,0.3240169675720993,0,-1.0,0.40202310413620873,0,-1.0,0.3483706762580777,0,-1.0,0.4051589486403153,0,-1.0,0.24555519680534688,0,-1.0
2026-08-22,3029,3030,Red,0.14679611650485436,0,0.11834319526627213,0.3682737169517885,0,0.11834319526627213,0.13626558541490208,0,0.11834319526627213,0.29008274361864406,0,0.11834319526627213,0.36801849239405277,0,0.11834319526627213,0.3950061047913216,0,0.11834319526627213,0.40194170323930256,0,0.11834319526627213,0.3393607361616731,0,0.11834319526627213,0.4026954599791732,0,0.11834319526627213,0.19341051913182541,0,0.11834319526627213
2026-08-22,3033,3034,Blue,0.6187175043327556,1,0.5714285714285714,0.3682737169517885,0,-1.0,0.5432371155586627,1,0.5714285714285714,0.5339118781753498,1,0.5714285714285714,0.46332311327219244,0,-1.0,0.3583346732243793,0,-1.0,0.3847717981504053,0,-1.0,0.37982463527548505,0,-1.0,0.42700670807954305,0,-1.0,0.3914874808210206,0,-1.0
2026-08-22,3024,3025,Red,0.1301775147928994,0,0.10000000000000009,0.3682737169517885,0,0.10000000000000009,0.12810767782397342,0,0.10000000000000009,0.19786646957482681,0,0.10000000000000009,0.31427119281192667,0,0.10000000000000009,0.1774763588206827,0,0.10000000000000009,0.22664278714879016,0,0.10000000000000009,0.2613797520309503,0,0.10000000000000009,0.29034474649876796,0,0.10000000000000009,0.11736225335584688,0,0.10000000000000009
2026-08-29,3016,3017,Blue,0.6636481241914618,1,0.4444444444444444,0.3682737169517885,0,-1.0,0.5904208106516671,1,0.4444444444444444,0.6540064257913619,1,0.4444444444444444,0.5843670272006452,1,0.4444444444444444,0.5631207389625077,1,0.4444444444444444,0.5451471991021923,1,0.4444444444444444,0.8021987080252813,1,0.4444444444444444,0.6071433233622703,1,0.4444444444444444,0.8790392631404329,1,0.4444444444444444
2026-08-29,2141,779,Blue,0.42888402625820565,0,-1.0,0.3682737169517885,0,-1.0,0.3454289248931731,0,-1.0,0.8333846411939833,1,1.25,0.6710638293487805,1,1.25,0.5005570618322166,1,1.25,0.6187660795232431,1,1.25,0.7526261949174947,1,1.25,0.5859216581732329,1,1.25,0.7532477795521729,1,1.25
2026-08-29,987,2130,Blue,0.5711159737417943,1,0.6896551724137931,0.3682737169517885,0,-1.0,0.4924068364967874,0,-1.0,0.5791422681578128,1,0.6896551724137931,0.5298891103626094,1,0.6896551724137931,0.34764002500767205,0,-1.0,0.39152990160027407,0,-1.0,0.2314995761869267,0,-1.0,0.39306531555680696,0,-1.0,0.5446031264214822,1,0.6896551724137931
2026-08-29,1473,1887,Blue,0.17956656346749225,0,-1.0,0.3682737169517885,0,-1.0,0.15363293876938044,0,-1.0,0.3722099082068031,0,-1.0,0.41691191194481425,0,-1.0,0.3089594471862273,0,-1.0,0.3225462293041401,0,-1.0,0.3446822134100866,0,-1.0,0.3164817807395295,0,-1.0,0.24855051890097812,0,-1.0
2026-08-29,3014,3015,Blue,0.2657601977750309,0,-1.0,0.3682737169517885,0,-1.0,0.20793162406715326,0,-1.0,0.26907269772582904,0,-1.0,0.3523932254097072,0,-1.0,0.2608687891629069,0,-1.0,0.3088547539993902,0,-1.0,0.2428232731770176,0,-1.0,0.34101589188646536,0,-1.0,0.2194081216611004,0,-1.0
2026-08-29,3012,3013,Blue,0.3932993445010925,0,-1.0,0.3682737169517885,0,-1.0,0.3118440834386769,0,-1.0,0.5285448166866522,1,1.4500000000000002,0.4668892821305469,0,-1.0,0.417684059765436,0,-1.0,0.45466360408524353,0,-1.0,0.42392652696692246,0,-1.0,0.4482500406064389,0,-1.0,0.5020825052857499,1,1.4500000000000002
2026-08-29,1567,1947,Blue,0.6524137931034484,1,0.4651162790697674,0.3682737169517885,0,-1.0,0.5787434218217876,1,0.4651162790697674,0.6521936790316111,1,0.4651162790697674,0.5026177756062232,1,0.4651162790697674,0.4970556758056757,0,-1.0,0.45783316801913243,0,-1.0,0.5915241606248999,1,0.4651162790697674,0.5911242486078664,1,0.4651162790697674,0.20925863103905193,0,-1.0
2026-08-29,3018,3019,Blue,0.43795620437956206,0,-1.0,0.3682737169517885,0,-1.0,0.3542612979004225,0,-1.0,0.4875582559389172,0,-1.0,0.43202677244717,0,-1.0,0.32412408813155175,0,-1.0,0.334292986106898,0,-1.0,0.34006150380521943,0,-1.0,0.3711250514209834,0,-1.0,0.46798271302016786,0,-1.0
2026-08-29,225,3004,Blue,0.7883211678832118,1,0.20833333333333326,0.3682737169517885,0,-1.0,0.7108186502865138,1,0.20833333333333326,0.4229971240692081,0,-1.0,0.453313228044923,0,-1.0,0.3656782577444341,0,-1.0,0.3906602753314882,0,-1.0,0.2800663007464967,0,-1.0,0.3434910666267603,0,-1.0,0.5063627269377545,1,0.20833333333333326
2026-08-29,3011,2951,Red,0.15151515151515152,0,0.125,0.3682737169517885,0,0.125,0.13866054359830002,0,0.125,0.263340476172847,0,0.125,0.3519200793275167,0,0.125,0.38783499393143717,0,0.125,0.37922017734429486,0,0.125,0.31007651971577815,0,0.125,0.36589349866004056,0,0.125,0.36545419365386683,0,0.125
2026-08-29,3007,3008,Red,0.14563106796116504,0,0.125,0.3682737169517885,0,0.125,0.13567969958190565,0,0.125,0.2317286270772474,0,0.125,0.3334838597455891,0,0.125,0.35426746122162345,0,0.125,0.3373620857802502,0,0.125,0.3255175672746603,0,0.125,0.36038577311293746,0,0.125,0.27786584963966515,0,0.125
2026-08-29,3009,3010,Blue,0.7085889570552146,1,0.3571428571428572,0.3682737169517885,0,-1.0,0.6360064901248422,1,0.3571428571428572,0.5025794557986736,1,0.3571428571428572,0.44365134151099733,0,-1.0,0.4549011889434174,0,-1.0,0.4610543927830688,0,-1.0,0.4989473270557376,0,-1.0,0.45474386176262965,0,-1.0,0.703939936802945,1,0.3571428571428572
2026-08-29,3005,3006,Red,0.39823008849557523,0,0.5882352941176472,0.3682737169517885,0,0.5882352941176472,0.31639123314558676,0,0.5882352941176472,0.2672640690002751,0,0.5882352941176472,0.34648969813964947,0,0.5882352941176472,0.2648362395999312,0,0.5882352941176472,0.2528292503482384,0,0.5882352941176472,0.2384135501478897,0,0.5882352941176472,0.25652181263499124,0,0.5882352941176472,0.1693426099958027,0,0.5882352941176472
2026-09-05,2925,2993,Blue,0.6507042253521127,1,0.4761904761904763,0.3682737169517885,0,-1.0,0.5769583405613034,1,0.4761904761904763,0.5553319635450665,1,0.4761904761904763,0.4816769043485756,0,-1.0,0.4662093729570509,0,-1.0,0.49550688849402774,0,-1.0,0.4646062931309666,0,-1.0,0.49643368071335453,0,-1.0,0.596025200271597,1,0.4761904761904763
2026-09-05,933,2987,Blue,0.8128898128898129,1,0.17391304347826075,0.3682737169517885,0,-1.0,0.7319479953407388,1,0.17391304347826075,0.5178945138750086,1,0.17391304347826075,0.47388750766054666,0,-1.0,0.38505171217671225,0,-1.0,0.5309615973304371,1,0.17391304347826075,0.3153459020404229,0,-1.0,0.4867317290628745,0,-1.0,0.7500870567578521,1,0.17391304347826075
2026-09-05,2928,2999,Red,0.5427435387673957,1,-1.0,0.3682737169517885,0,1.1,0.46211721698599134,0,1.1,0.8025638645271799,1,-1.0,0.6380405467457397,1,-1.0,0.5384255583168122,1,-1.0,0.5376304296628488,1,-1.0,0.5554189909517484,1,-1.0,0.5521509790450275,1,-1.0,0.7222298434433166,1,-1.0
2026-09-05,2995,395,Blue,0.31222896790980054,0,-1.0,0.3682737169517885,0,-1.0,0.24259023278942402,0,-1.0,0.22604197462408038,0,-1.0,0.37773345034074396,0,-1.0,0.3592014255294551,0,-1.0,0.37683986570405587,0,-1.0,0.19229798533564393,0,-1.0,0.3938877937865814,0,-1.0,0.44992152080508035,0,-1.0
2026-09-05,2989,1745,Red,0.34929577464788736,0,0.4761904761904763,0.3682737169517885,0,0.4761904761904763,0.2729180432441444,0,0.4761904761904763,0.32897229843011677,0,0.4761904761904763,0.4124123564970731,0,0.4761904761904763,0.4208330718068114,0,0.4761904761904763,0.45138544692391486,0,0.4761904761904763,0.27583196157320994,0,0.4761904761904763,0.3984094426146291,0,0.4761904761904763,0.21024682250116372,0,0.4761904761904763
2026-09-05,2991,1550,Red,0.23809523809523808,0,0.25,0.3682737169517885,0,0.25,0.18910177324538888,0,0.25,0.3681465614968019,0,0.25,0.43453367436548296,0,0.25,0.31657520326250993,0,0.25,0.3395425214161448,0,0.25,0.3250307151821758,0,0.25,0.3553302946914388,0,0.25,0.3790879006318806,0,0.25
2026-09-05,2127,2996,Blue,0.28343023255813954,0,-1.0,0.3682737169517885,0,-1.0,0.22066375202304095,0,-1.0,0.07482866752723283,0,-1.0,0.23630436802941376,0,-1.0,0.4039397343855551,0,-1.0,0.5272117487892085,1,2.4,0.42224935906224453,0,-1.0,0.4205146235339487,0,-1.0,0.1657629077998271,0,-1.0
2026-09-05,2992,1419,Red,0.24131987195272098,0,0.2564102564102564,0.3682737169517885,0,0.2564102564102564,0.19122743257459157,0,0.2564102564102564,0.29843652929612535,0,0.2564102564102564,0.38263378494802125,0,0.2564102564102564,0.3760189089233206,0,0.2564102564102564,0.35806829956802383,0,0.2564102564102564,0.32987955435009925,0,0.2564102564102564,0.3078214219110056,0,0.2564102564102564,0.3237212588233462,0,0.2564102564102564
2026-09-05,2994,1905,Red,0.2578796561604584,0,0.2857142857142856,0.3682737169517885,0,0.2857142857142856,0.20243075584506415,0,0.2857142857142856,0.11648146090061715,0,0.2857142857142856,0.27011666649234906,0,0.2857142857142856,0.3062628196966433,0,0.2857142857142856,0.3329579862215082,0,0.2857142857142856,0.221048739595227,0,0.2857142857142856,0.28065090840454016,0,0.2857142857142856,0.17866182611391943,0,0.2857142857142856
2026-09-05,2170,2988,Blue,0.41700735895339325,0,-1.0,0.3682737169517885,0,-1.0,0.33402620438123604,0,-1.0,0.33837858806528004,0,-1.0,0.4241953858941803,0,-1.0,0.2654014658372245,0,-1.0,0.3701468678529215,0,-1.0,0.2650468903540407,0,-1.0,0.3240099509399853,0,-1.0,0.3004928173807991,0,-1.0
2026-09-05,2990,1891,Red,0.3295622233152976,0,0.42553191489361697,0.3682737169517885,0,0.42553191489361697,0.25648164406232865,0,0.42553191489361697,0.34038828975472124,0,0.42553191489361697,0.392410436831521,0,0.42553191489361697,0.3672370644061823,0,0.42553191489361697,0.35060421414020965,0,0.42553191489361697,0.3037909021276941,0,0.42553191489361697,0.3025772526551749,0,0.42553191489361697,0.2734426710744117,0,0.42553191489361697
2026-09-05,2997,2998,Blue,0.46324269889224573,0,-1.0,0.3682737169517885,0,-1.0,0.37939373175816554,0,-1.0,0.28198939568433473,0,-1.0,0.3560871073809081,0,-1.0,0.4070802390485825,0,-1.0,0.3606301630624918,0,-1.0,0.3959096544417328,0,-1.0,0.38944556790066054,0,-1.0,0.3267317289131114,0,-1.0
2026-09-05,3002,3003,Red,0.447405997144217,0,0.7407407407407407,0.3682737169517885,0,0.7407407407407407,0.3635681227782799,0,0.7407407407407407,0.34372424469451873,0,0.7407407407407407,0.3913914426482712,0,0.7407407407407407,0.36573531444677804,0,0.7407407407407407,0.3683123820270518,0,0.7407407407407407,0.40495128466268343,0,0.7407407407407407,0.4150792100113399,0,0.7407407407407407,0.2923492557918399,0,0.7407407407407407
2026-09-05,3000,3001,Red,0.4782608695652174,0,0.8333333333333335,0.3682737169517885,0,0.8333333333333335,0.3946428047638027,0,0.8333333333333335,0.4126343073157839,0,0.8333333333333335,0.4288658226401968,0,0.8333333333333335,0.2981904387415005,0,0.8333333333333335,0.30264792566469007,0,0.8333333333333335,0.2621558628016194,0,0.8333333333333335,0.3019308571748503,0,0.8333333333333335,0.3241805124062059,0,0.8333333333333335
2026-09-12,1085,2983,Blue,0.7576981322564361,1,0.26315789473684204,0.3682737169517885,0,-1.0,0.6831492753119108,1,0.26315789473684204,0.5172672287320661,1,0.26315789473684204,0.5000319046151959,1,0.26315789473684204,0.5306448700078731,1,0.26315789473684204,0.5012235722093458,1,0.26315789473684204,0.7146536466136739,1,0.26315789473684204,0.6507336408878154,1,0.26315789473684204,0.695950899651321,1,0.26315789473684204
2026-09-12,705,813,Blue,0.2855593710464486,0,-1.0,0.3682737169517885,0,-1.0,0.2222350347221852,0,-1.0,0.3203408545158094,0,-1.0,0.3315408719184058,0,-1.0,0.356496216130504,0,-1.0,0.36260545268754846,0,-1.0,0.4543884588131037,0,-1.0,0.5334158120371509,1,2.35,0.35289628918957516,0,-1.0
2026-09-12,2975,2976,Red,0.22316684378320936,0,0.23529411764705888,0.3682737169517885,0,0.23529411764705888,0.17949721544042418,0,0.23529411764705888,0.49783962655454883,0,0.23529411764705888,0.47616427838985553,0,0.23529411764705888,0.47265959945913494,0,0.23529411764705888,0.4789025512642119,0,0.23529411764705888,0.4679868170366461,0,0.23529411764705888,0.5382227427630177,1,-1.0,0.5345060294944295,1,-1.0
2026-09-12,1385,1378,Red,0.5108342361863489,1,-1.0,0.3682737169517885,0,0.9523809523809523,0.4283935113921339,0,0.9523809523809523,0.5712055340099601,1,-1.0,0.45003838364326526,0,0.9523809523809523,0.45664597362275383,0,0.9523809523809523,0.5518908119377047,1,-1.0,0.3597918573463342,0,0.9523809523809523,0.49043627259862693,0,0.9523809523809523,0.9786733309142857,1,-1.0
2026-09-12,2980,957,Red,0.2358490566037736,0,0.25,0.3682737169517885,0,0.25,0.18763183958526033,0,0.25,0.3981902086755584,0,0.25,0.4626487884364188,0,0.25,0.3126270627520627,0,0.25,0.4113116086866361,0,0.25,0.3632866833357699,0,0.25,0.35590156712270965,0,0.25,0.5171449531725124,1,-1.0
2026-09-12,2981,2982,Red,0.14044943820224723,0,0.11111111111111116,0.3682737169517885,0,0.11111111111111116,0.13309961703631792,0,0.11111111111111116,0.2907666675337536,0,0.11111111111111116,0.3869534927355843,0,0.11111111111111116,0.36227691609502743,0,0.11111111111111116,0.42355196780214865,0,0.11111111111111116,0.32428657485740414,0,0.11111111111111116,0.4221765647714439,0,0.11111111111111116,0.0598852743261565,0,0.11111111111111116
2026-09-12,263,1763,Red,0.19117647058823528,0,0.18181818181818188,0.3682737169517885,0,0.18181818181818188,0.160206671083403,0,0.18181818181818188,0.26396586941785194,0,0.18181818181818188,0.3987822018083466,0,0.18181818181818188,0.28487986040733704,0,0.18181818181818188,0.2994435804055159,0,0.18181818181818188,0.3139050926765692,0,0.18181818181818188,0.32590338609383385,0,0.18181818181818188,0.13445953139977312,0,0.18181818181818188
2026-09-12,176,2986,Blue,0.700162074554295,1,0.37037037037037024,0.3682737169517885,0,-1.0,0.6276157325005143,1,0.37037037037037024,0.5043878380604763,1,0.37037037037037024,0.437977482645294,0,-1.0,0.5738430120074857,1,0.37037037037037024,0.6684355912604918,1,0.37037037037037024,0.7799993375482684,1,0.37037037037037024,0.6750570977459792,1,0.37037037037037024,0.7654426732763964,1,0.37037037037037024
2026-09-12,755,1726,Blue,0.5911949685534592,1,0.625,0.3682737169517885,0,-1.0,0.5138895159858577,1,0.625,0.47741011101392694,0,-1.0,0.46337862399246027,0,-1.0,0.5091054834541676,1,0.625,0.5616029340651538,1,0.625,0.5621365005579669,1,0.625,0.6073966580918106,1,0.625,0.6543626180344931,1,0.625
2026-09-12,648,454,Red,0.6321695760598504,1,-1.0,0.3682737169517885,0,1.6,0.5574853278067007,1,-1.0,0.6070204284684922,1,-1.0,0.5173851738159749,1,-1.0,0.5255544904441962,1,-1.0,0.5948898664556325,1,-1.0,0.5928418339531056,1,-1.0,0.40868276418087784,0,1.6,0.1976368967354481,0,1.6
2026-09-12,2979,335,Blue,0.36989795918367335,0,-1.0,0.3682737169517885,0,-1.0,0.2907630874370258,0,-1.0,0.6202121173491045,1,1.6,0.5688665775881315,1,1.6,0.4009608493358495,0,-1.0,0.3652168486884081,0,-1.0,0.3931103990504464,0,-1.0,0.32215649385281775,0,-1.0,0.3105664736022717,0,-1.0
2026-09-12,2977,2978,Red,0.4088050314465409,0,0.625,0.3682737169517885,0,0.625,0.32626198954654007,0,0.625,0.4466791225049351,0,0.625,0.4301074544282484,0,0.625,0.4352821995256207,0,0.625,0.4564921003355702,0,0.625,0.38500597595104824,0,0.625,0.47593656855571376,0,0.625,0.3247717186410533,0,0.625
2026-09-12,2984,2985,Red,0.33635187580853815,0,0.4444444444444444,0.3682737169517885,0,0.4444444444444444,0.2620630016519996,0,0.4444444444444444,0.3051515720648281,0,0.4444444444444444,0.3732452565704424,0,0.4444444444444444,0.30023407632367305,0,0.4444444444444444,0.3158439213999802,0,0.4444444444444444,0.31603303157368434,0,0.4444444444444444,0.3645153751181228,0,0.4444444444444444,0.30067214480544885,0,0.4444444444444444
2026-09-19,2967,2968,Blue,0.07387862796833773,0,-1.0,0.3682737169517885,0,-1.0,0.1035136138221202,0,-1.0,0.2544331351004353,0,-1.0,0.3315680074986019,0,-1.0,0.30076830576830593,0,-1.0,0.33098703927833806,0,-1.0,0.2305411302954164,0,-1.0,0.3001205735633726,0,-1.0,0.3951851633046576,0,-1.0
2026-09-19,2973,2974,Red,0.19834710743801653,0,0.19999999999999996,0.3682737169517885,0,0.19999999999999996,0.16437939907179877,0,0.19999999999999996,0.375135993251882,0,0.19999999999999996,0.3982558816080154,0,0.19999999999999996,0.29063356672567214,0,0.19999999999999996,0.3349763049688089,0,0.19999999999999996,0.2509053418029915,0,0.19999999999999996,0.3546046908901045,0,0.19999999999999996,0.3350329200765287,0,0.19999999999999996
2026-09-19,2004,2965,Red,0.27143330023171136,0,0.32258064516129026,0.3682737169517885,0,0.32258064516129026,0.21195938850409612,0,0.32258064516129026,0.3784568346133223,0,0.32258064516129026,0.3968739601295084,0,0.32258064516129026,0.2782537462537464,0,0.32258064516129026,0.3532643804897211,0,0.32258064516129026,0.34168718964783995,0,0.32258064516129026,0.35343302592077075,0,0.32258064516129026,0.3090140832409067,0,0.32258064516129026
2026-09-19,464,375,Blue,0.7693872936920643,1,0.24390243902439024,0.3682737169517885,0,-1.0,0.6938791027147851,1,0.24390243902439024,0.41813872444479344,0,-1.0,0.4094833991818344,0,-1.0,0.530021529396529,1,0.24390243902439024,0.43969786746999756,0,-1.0,0.48031904130399194,0,-1.0,0.418818647386614,0,-1.0,0.34760219375308693,0,-1.0
2026-09-19,2051,1022,Red,0.6489208633093525,1,-1.0,0.3682737169517885,0,1.75,0.5750940622872547,1,-1.0,0.5857098316423128,1,-1.0,0.47715869032579156,0,1.75,0.5294899068796125,1,-1.0,0.6342619434176835,1,-1.0,0.5673397700707237,1,-1.0,0.5923012796398356,1,-1.0,0.6997735269154178,1,-1.0
2026-09-19,1478,2953,Red,0.3418803418803419,0,0.4545454545454546,0.3682737169517885,0,0.4545454545454546,0.2666650592881528,0,0.4545454545454546,0.27789250079042976,0,0.4545454545454546,0.3692320917045667,0,0.4545454545454546,0.29886949955714276,0,0.4545454545454546,0.29653773652559906,0,0.4545454545454546,0.25039192690802053,0,0.4545454545454546,0.25888220098047887,0,0.4545454545454546,0.31054746263831606,0,0.4545454545454546
2026-09-19,2966,466,Red,0.6946564885496184,1,-1.0,0.3682737169517885,0,2.15,0.6220915610247295,1,-1.0,0.6249473287629254,1,-1.0,0.45356740325304806,0,2.15,0.5163192368633545,1,-1.0,0.5684950933416254,1,-1.0,0.644047187418164,1,-1.0,0.6200556790196252,1,-1.0,0.7203497829937958,1,-1.0
2026-09-19,2009,2970,Blue,0.8016528925619835,1,0.19999999999999996,0.3682737169517885,0,-1.0,0.7224063143364512,1,0.19999999999999996,0.6162866027579145,1,0.19999999999999996,0.5193087392706504,1,0.19999999999999996,0.4629304089872979,0,-1.0,0.47372294981780905,0,-1.0,0.4401881073934381,0,-1.0,0.5292244273914349,1,0.19999999999999996,0.8502250938860533,1,0.19999999999999996
2026-09-19,2037,1523,Red,0.42888402625820565,0,0.6896551724137931,0.3682737169517885,0,0.6896551724137931,0.3454289248931731,0,0.6896551724137931,0.06996476237003091,0,0.6896551724137931,0.23991910148005716,0,0.6896551724137931,0.38835817913023796,0,0.6896551724137931,0.37698046238153965,0,0.6896551724137931,0.2349726758432574,0,0.6896551724137931,0.22105306828959417,0,0.6896551724137931,0.4564004467379862,0,0.6896551724137931
2026-09-19,1328,2969,Red,0.6742037442256261,1,-1.0,0.3682737169517885,0,1.9500000000000002,0.6013008271609427,1,-1.0,0.7497149839541473,1,-1.0,0.5373915821015192,1,-1.0,0.6282301665482778,1,-1.0,0.5435780863421061,1,-1.0,0.6607266255508989,1,-1.0,0.500197255869002,1,-1.0,0.8005071609391801,1,-1.0
2026-09-19,1816,693,Red,0.3766105054509415,0,0.5405405405405406,0.3682737169517885,0,0.5405405405405406,0.2967237866187604,0,0.5405405405405406,0.31536111760494306,0,0.5405405405405406,0.37047060597469184,0,0.5405405405405406,0.31586425040101507,0,0.5405405405405406,0.35855123461911254,0,0.5405405405405406,0.27164166116008465,0,0.5405405405405406,0.34214591401288696,0,0.5405405405405406,0.2130787687931736,0,0.5405405405405406
2026-09-19,2971,2972,Red,0.6211096075778079,1,-1.0,0.3682737169517885,0,1.5499999999999998,0.5457766532812216,1,-1.0,0.33668601653002656,0,1.5499999999999998,0.3511079883370891,0,1.5499999999999998,0.41896359250771026,0,1.5499999999999998,0.41605199226019135,0,1.5499999999999998,0.26683856608125733,0,1.5499999999999998,0.26138832825558356,0,1.5499999999999998,0.5637563100358158,1,-1.0
